사고번호,사고일시,요일,시군구,사고내용,사망자수,중상자수,경상자수,부상신고자수,사고유형,법규위반,노면상태,기상상태,도로형태,가해운전자 차종,가해운전자 성별,가해운전자 연령,가해운전자 상해정도,피해운전자 차종,피해운전자 성별,피해운전자 연령,피해운전자 상해정도
2018010800100129,2018년 1월 8일 08시,월요일,경상북도 영양군 영양읍,중상사고,0,1,0,0,차대사람 - 횡단중,안전운전불이행,젖음/습기,비,교차로 - 교차로안,승용,남,34세,상해없음,보행자,여,25세,중상
2018010800100130,2018년 1월 8일 08시,월요일,경상북도 구미시 산동면,중상사고,0,1,2,0,차대차 - 측면충돌,안전운전불이행,서리/결빙,비,단일로 - 기타,화물,남,42세,경상,승합,남,57세,중상
2018010800100157,2018년 1월 8일 09시,월요일,경상북도 경산시 옥곡동,경상사고,0,0,1,0,차대차 - 기타,교차로운행방법위반,젖음/습기,비,교차로 - 교차로안,승용,여,46세,상해없음,이륜,남,41세,경상
2018010800100158,2018년 1월 8일 09시,월요일,경상북도 구미시 옥계동,경상사고,0,0,3,0,차대차 - 측면충돌,안전운전불이행,서리/결빙,비,단일로 - 기타,승용,남,44세,경상,승용,여,51세,경상
2018010800100178,2018년 1월 8일 10시,월요일,경상북도 포항시 북구 송라면,중상사고,0,3,1,0,차대차 - 추돌,안전운전불이행,젖음/습기,비,교차로 - 교차로부근,특수,남,40세,상해없음,승용,남,61세,경상
2018010800100179,2018년 1월 8일 10시,월요일,경상북도 성주군 성주읍,중상사고,0,1,0,0,차량단독 - 전도전복 - 전도,안전운전불이행,서리/결빙,눈,단일로 - 기타,승용,여,60세,중상,미분류,미분류,미분류,미분류
2018010800100205,2018년 1월 8일 11시,월요일,경상북도 포항시 북구 죽도동,경상사고,0,0,3,0,차대차 - 측면충돌,교차로운행방법위반,젖음/습기,비,교차로 - 교차로부근,승용,남,73세,상해없음,승용,남,32세,경상
2018010800100206,2018년 1월 8일 11시,월요일,경상북도 구미시 시미동,경상사고,0,0,2,0,차대차 - 측면충돌,교차로운행방법위반,건조,맑음,교차로 - 교차로안,승용,여,32세,경상,승용,남,29세,경상
2018010800100267,2018년 1월 8일 13시,월요일,경상북도 문경시 점촌동,경상사고,0,0,2,0,차대차 - 측면충돌,교차로운행방법위반,건조,맑음,교차로 - 교차로안,승합,남,53세,상해없음,승용,남,62세,경상
2018010800100268,2018년 1월 8일 13시,월요일,경상북도 고령군 다산면,경상사고,0,0,1,0,차대차 - 측면충돌,중앙선침범,건조,맑음,단일로 - 지하차도(도로)내,화물,남,58세,상해없음,화물,남,51세,경상
2018010800100301,2018년 1월 8일 14시,월요일,경상북도 포항시 북구 죽도동,경상사고,0,0,2,0,차대차 - 추돌,안전운전불이행,건조,맑음,단일로 - 기타,승용,여,51세,상해없음,승용,남,39세,경상
2018010800100302,2018년 1월 8일 14시,월요일,경상북도 상주시 청리면,중상사고,0,2,0,0,차대차 - 정면충돌,교차로운행방법위반,건조,맑음,교차로 - 교차로안,화물,남,58세,중상,승용,남,54세,중상
2018010800100332,2018년 1월 8일 15시,월요일,경상북도 영천시 오수동,경상사고,0,0,1,0,차대차 - 측면충돌,안전운전불이행,건조,맑음,단일로 - 기타,화물,남,79세,상해없음,승용,여,62세,경상
2018010800100359,2018년 1월 8일 16시,월요일,경상북도 경주시 황성동,경상사고,0,0,1,0,차대차 - 측면충돌,안전운전불이행,건조,맑음,단일로 - 기타,원동기,남,69세,경상,승용,남,33세,기타불명
2018010800100360,2018년 1월 8일 16시,월요일,경상북도 안동시 임하면,중상사고,0,1,0,0,차량단독 - 공작물충돌,안전운전불이행,건조,맑음,단일로 - 기타,승용,여,37세,중상,,,,
2018010800100361,2018년 1월 8일 16시,월요일,경상북도 김천시 율곡동,경상사고,0,0,2,0,차대차 - 측면충돌,신호위반,건조,맑음,교차로 - 교차로안,승용,남,40세,상해없음,화물,남,58세,경상
2018010800100362,2018년 1월 8일 16시,월요일,경상북도 포항시 남구 오천읍,경상사고,0,0,1,0,차대차 - 측면충돌,교차로운행방법위반,젖음/습기,흐림,교차로 - 교차로안,승용,여,48세,상해없음,승용,여,39세,경상
2018010800100390,2018년 1월 8일 17시,월요일,경상북도 안동시 수상동,중상사고,0,2,2,0,차대차 - 정면충돌,안전운전불이행,건조,맑음,교차로 - 교차로안,승합,남,57세,중상,승용,남,24세,중상
2018010800100391,2018년 1월 8일 17시,월요일,경상북도 의성군 의성읍,중상사고,0,1,1,0,차대차 - 측면충돌,신호위반,건조,맑음,교차로 - 교차로안,승용,여,64세,중상,화물,남,58세,경상
2018010800100443,2018년 1월 8일 18시,월요일,경상북도 영주시 영주동,중상사고,0,1,0,0,차량단독 - 공작물충돌,안전운전불이행,건조,맑음,교차로 - 교차로안,승용,남,64세,기타불명,,,,
2018010800100444,2018년 1월 8일 18시,월요일,경상북도 포항시 남구 상도동,중상사고,0,1,0,0,차대차 - 추돌,안전거리미확보,건조,맑음,단일로 - 기타,이륜,남,34세,중상,화물,남,34세,상해없음
2018010800100494,2018년 1월 8일 19시,월요일,경상북도 칠곡군 북삼읍,중상사고,0,1,0,0,차대사람 - 횡단중,안전운전불이행,젖음/습기,흐림,단일로 - 기타,승용,남,40세,상해없음,보행자,남,46세,중상
2018010800100495,2018년 1월 8일 19시,월요일,경상북도 경산시 평산동,경상사고,0,0,2,0,차대차 - 기타,안전운전불이행,건조,맑음,교차로 - 교차로안,승용,여,49세,상해없음,승용,남,35세,경상
2018010800100496,2018년 1월 8일 19시,월요일,경상북도 경산시 하양읍,부상신고사고,0,0,0,3,차대차 - 기타,안전운전불이행,건조,맑음,단일로 - 기타,승용,남,42세,상해없음,승용,남,24세,부상신고
2018010800100497,2018년 1월 8일 19시,월요일,경상북도 구미시 봉곡동,경상사고,0,0,1,0,차대차 - 기타,신호위반,건조,맑음,교차로 - 교차로안,승용,남,55세,상해없음,승용,여,30세,경상
2018010800100529,2018년 1월 8일 20시,월요일,경상북도 상주시 서성동,중상사고,0,1,1,0,차대차 - 측면충돌,안전운전불이행,건조,맑음,교차로 - 교차로안,이륜,남,29세,경상,이륜,남,26세,중상
2018010800100566,2018년 1월 8일 21시,월요일,경상북도 김천시 성내동,중상사고,0,1,0,0,차대사람 - 차도통행중,안전운전불이행,건조,맑음,교차로 - 교차로안,승용,남,70세,상해없음,보행자,남,75세,중상
2018010800100567,2018년 1월 8일 21시,월요일,경상북도 김천시 어모면,경상사고,0,0,2,0,차대차 - 측면충돌,안전운전불이행,건조,맑음,단일로 - 기타,승용,여,56세,경상,승용,남,27세,경상
2018010800100568,2018년 1월 8일 21시,월요일,경상북도 영천시 야사동,중상사고,0,1,0,0,차대사람 - 횡단중,보행자보호의무위반,건조,맑음,교차로 - 교차로횡단보도내,승용,남,27세,상해없음,보행자,남,23세,중상
2018010800100569,2018년 1월 8일 21시,월요일,경상북도 구미시 황상동,경상사고,0,0,1,0,차대차 - 기타,안전거리미확보,건조,맑음,교차로 - 교차로부근,승용,여,26세,상해없음,승용,남,38세,경상
2018010800100570,2018년 1월 8일 21시,월요일,경상북도 구미시 형곡동,경상사고,0,0,2,0,차대차 - 기타,신호위반,건조,맑음,교차로 - 교차로부근,승용,남,48세,상해없음,승용,남,21세,경상
2018010800100571,2018년 1월 8일 21시,월요일,경상북도 구미시 임은동,경상사고,0,0,1,0,차대차 - 기타,안전운전불이행,건조,맑음,단일로 - 기타,승용,여,24세,상해없음,화물,남,64세,경상
2018010800100592,2018년 1월 8일 22시,월요일,경상북도 구미시 공단동,중상사고,0,1,0,0,차대차 - 추돌,안전운전불이행,젖음/습기,비,교차로 - 교차로부근,화물,남,40세,상해없음,승용,남,41세,중상
2018010800100616,2018년 1월 8일 23시,월요일,경상북도 구미시 형곡동,경상사고,0,0,1,0,차대차 - 측면충돌,신호위반,기타,눈,교차로 - 교차로안,승용,남,25세,상해없음,이륜,남,20세,경상
2018010900100048,2018년 1월 9일 03시,화요일,경상북도 영천시 금노동,중상사고,0,1,0,0,차대차 - 추돌,안전운전불이행,적설,눈,단일로 - 기타,화물,남,31세,상해없음,승용,여,56세,중상
2018010900100057,2018년 1월 9일 04시,화요일,경상북도 경주시 충효동,경상사고,0,0,1,0,차대차 - 측면충돌,중앙선침범,적설,눈,교차로 - 교차로안,승용,남,33세,상해없음,승용,남,57세,경상
2018010900100058,2018년 1월 9일 04시,화요일,경상북도 구미시 황상동,경상사고,0,0,2,0,차대차 - 기타,안전운전불이행,서리/결빙,눈,교차로 - 교차로부근,승용,남,39세,상해없음,승용,남,67세,경상
2018010900100080,2018년 1월 9일 06시,화요일,경상북도 경주시 외동읍,중상사고,0,1,0,0,차대차 - 측면충돌,중앙선침범,서리/결빙,눈,교차로 - 교차로부근,승용,남,28세,상해없음,승용,남,60세,중상
2018010900100081,2018년 1월 9일 06시,화요일,경상북도 김천시 교동,중상사고,0,1,0,0,차대사람 - 차도통행중,중앙선침범,적설,눈,단일로 - 기타,승용,남,39세,상해없음,보행자,남,57세,중상
2018010900100082,2018년 1월 9일 06시,화요일,경상북도 포항시 남구 인덕동,중상사고,0,1,1,0,차대차 - 측면충돌,신호위반,건조,맑음,교차로 - 교차로횡단보도내,자전거,남,62세,경상,이륜,남,35세,중상
2018010900100105,2018년 1월 9일 07시,화요일,경상북도 경주시 외동읍,경상사고,0,0,1,0,차대사람 - 길가장자리구역통행중,안전운전불이행,젖음/습기,흐림,단일로 - 지하차도(도로)내,승합,남,53세,상해없음,보행자,남,24세,경상
2018010900100147,2018년 1월 9일 08시,화요일,경상북도 김천시 구성면,경상사고,0,0,1,0,차대차 - 추돌,안전운전불이행,서리/결빙,흐림,단일로 - 기타,화물,남,47세,상해없음,화물,남,67세,경상
2018010900100148,2018년 1월 9일 08시,화요일,경상북도 김천시 농소면,경상사고,0,0,1,0,차대차 - 측면충돌,안전운전불이행,서리/결빙,맑음,단일로 - 기타,승용,남,37세,상해없음,승용,남,43세,경상
2018010900100149,2018년 1월 9일 08시,화요일,경상북도 문경시 농암면,중상사고,0,1,1,0,차대차 - 기타,안전운전불이행,서리/결빙,눈,단일로 - 기타,승용,남,54세,경상,화물,남,40세,중상
2018010900100150,2018년 1월 9일 08시,화요일,경상북도 구미시 공단동,경상사고,0,0,2,0,차대차 - 추돌,안전거리미확보,서리/결빙,흐림,단일로 - 기타,승용,여,33세,경상,승용,남,34세,경상
2018010900100190,2018년 1월 9일 09시,화요일,경상북도 청도군 매전면,경상사고,0,0,1,0,차대차 - 추돌,안전운전불이행,적설,눈,단일로 - 기타,승용,남,27세,상해없음,승용,여,51세,경상
2018010900100223,2018년 1월 9일 10시,화요일,경상북도 경주시 안강읍,경상사고,0,0,1,0,차대사람 - 길가장자리구역통행중,안전운전불이행,젖음/습기,흐림,교차로 - 교차로부근,승용,남,61세,상해없음,보행자,여,82세,경상
2018010900100253,2018년 1월 9일 11시,화요일,경상북도 상주시 은척면,중상사고,0,1,1,0,차량단독 - 공작물충돌,안전운전불이행,적설,맑음,단일로 - 기타,승합,남,53세,상해없음,,,,
2018010900100280,2018년 1월 9일 12시,화요일,경상북도 경주시 사정동,중상사고,0,1,1,0,차대차 - 측면충돌,안전운전불이행,건조,맑음,교차로 - 교차로부근,승용,남,69세,상해없음,승용,여,77세,경상
2018010900100281,2018년 1월 9일 12시,화요일,경상북도 영주시 부석면,사망사고,1,0,0,0,차량단독 - 전도전복 - 전복,안전운전불이행,건조,맑음,단일로 - 기타,승용,남,37세,사망,미분류,미분류,미분류,미분류
2018010900100282,2018년 1월 9일 12시,화요일,경상북도 영덕군 강구면,경상사고,0,0,2,0,차대차 - 추돌,안전거리미확보,건조,맑음,교차로 - 교차로부근,화물,남,42세,상해없음,승용,남,65세,경상
2018010900100336,2018년 1월 9일 14시,화요일,경상북도 칠곡군 북삼읍,경상사고,0,0,1,1,차대차 - 측면충돌,안전운전불이행,건조,맑음,단일로 - 고가도로위,승용,여,61세,부상신고,화물,남,27세,경상
2018010900100337,2018년 1월 9일 14시,화요일,경상북도 영천시 언하동,경상사고,0,0,2,0,차대차 - 측면충돌,교차로운행방법위반,건조,맑음,교차로 - 교차로안,화물,남,59세,상해없음,화물,남,50세,경상
2018010900100338,2018년 1월 9일 14시,화요일,경상북도 구미시 상모동,경상사고,0,0,1,0,차대사람 - 횡단중,안전운전불이행,건조,맑음,교차로 - 교차로안,승용,남,47세,기타불명,보행자,여,13세,경상
2018010900100365,2018년 1월 9일 15시,화요일,경상북도 영덕군 영덕읍,경상사고,0,0,2,0,차대차 - 측면충돌,직진우회전진행방해,건조,맑음,교차로 - 교차로안,화물,남,57세,경상,승용,여,33세,경상
2018010900100402,2018년 1월 9일 16시,화요일,경상북도 포항시 북구 우현동,중상사고,0,1,0,0,차대차 - 측면충돌,안전거리미확보,건조,맑음,단일로 - 기타,승용,남,56세,상해없음,화물,여,49세,중상
2018010900100403,2018년 1월 9일 16시,화요일,경상북도 포항시 남구 오천읍,경상사고,0,0,1,0,차대차 - 기타,직진우회전진행방해,건조,맑음,교차로 - 교차로안,승합,남,61세,상해없음,이륜,남,24세,경상
2018010900100449,2018년 1월 9일 17시,화요일,경상북도 영주시 문수면,경상사고,0,0,2,0,차대차 - 측면충돌,안전운전불이행,건조,맑음,교차로 - 교차로안,화물,여,65세,경상,화물,남,59세,경상
2018010900100450,2018년 1월 9일 17시,화요일,경상북도 문경시 모전동,경상사고,0,0,1,0,차대차 - 측면충돌,직진우회전진행방해,건조,맑음,교차로 - 교차로안,승용,남,67세,상해없음,승용,남,65세,경상
2018010900100499,2018년 1월 9일 18시,화요일,경상북도 영주시 휴천동,경상사고,0,0,1,0,차대차 - 측면충돌,안전운전불이행,건조,맑음,교차로 - 교차로부근,승용,남,41세,상해없음,이륜,남,58세,경상
2018010900100500,2018년 1월 9일 18시,화요일,경상북도 고령군 대가야읍,경상사고,0,0,1,0,차대차 - 측면충돌,교차로운행방법위반,건조,맑음,교차로 - 교차로안,승용,여,54세,상해없음,승용,여,29세,경상
2018010900100501,2018년 1월 9일 18시,화요일,경상북도 영양군 영양읍,경상사고,0,0,1,0,차대차 - 측면충돌,안전운전불이행,서리/결빙,맑음,교차로 - 교차로안,승용,남,55세,상해없음,이륜,남,36세,경상
2018010900100563,2018년 1월 9일 20시,화요일,경상북도 성주군 선남면,중상사고,0,1,0,0,차대차 - 측면충돌,안전운전불이행,건조,맑음,교차로 - 교차로안,승용,남,72세,상해없음,승합,남,56세,중상
2018010900100588,2018년 1월 9일 21시,화요일,경상북도 구미시 원평동,경상사고,0,0,2,0,차대차 - 측면충돌,신호위반,건조,흐림,교차로 - 교차로안,승용,남,57세,상해없음,승용,남,45세,상해없음
2018011000100066,2018년 1월 10일 06시,수요일,경상북도 영주시 가흥동,경상사고,0,0,1,0,차대차 - 측면충돌,신호위반,젖음/습기,눈,교차로 - 교차로안,승용,남,67세,상해없음,승용,남,65세,경상
2018011000100067,2018년 1월 10일 06시,수요일,경상북도 포항시 남구 오천읍,중상사고,0,1,1,0,차대차 - 기타,중앙선침범,건조,맑음,단일로 - 기타,승용,남,27세,경상,화물,남,46세,기타불명
2018011000100117,2018년 1월 10일 08시,수요일,경상북도 경산시 진량읍,경상사고,0,0,1,0,차대차 - 측면충돌,안전운전불이행,젖음/습기,눈,교차로 - 교차로안,승용,남,22세,상해없음,승용,남,56세,경상
2018011000100118,2018년 1월 10일 08시,수요일,경상북도 경산시 진량읍,경상사고,0,0,1,0,차대차 - 측면충돌,안전운전불이행,적설,눈,단일로 - 기타,승용,남,58세,상해없음,승용,여,49세,경상
2018011000100170,2018년 1월 10일 09시,수요일,경상북도 문경시 영순면,중상사고,0,1,2,1,차량단독 - 도로외이탈 - 기타,안전운전불이행,적설,맑음,단일로 - 기타,승용,여,31세,부상신고,,,,
2018011000100171,2018년 1월 10일 09시,수요일,경상북도 영덕군 영덕읍,경상사고,0,0,1,0,차량단독 - 기타,안전운전불이행,서리/결빙,맑음,단일로 - 기타,화물,남,60세,상해없음,,,,
2018011000100172,2018년 1월 10일 09시,수요일,경상북도 영덕군 영해면,중상사고,0,1,1,0,차대차 - 측면충돌,중앙선침범,서리/결빙,눈,단일로 - 기타,화물,남,51세,상해없음,승용,여,56세,중상
2018011000100173,2018년 1월 10일 09시,수요일,경상북도 봉화군 봉성면,경상사고,0,0,1,0,차량단독 - 공작물충돌,안전운전불이행,서리/결빙,눈,단일로 - 기타,승용,남,56세,경상,,,,
2018011000100174,2018년 1월 10일 09시,수요일,경상북도 구미시 광평동,경상사고,0,0,1,0,차대차 - 기타,신호위반,젖음/습기,맑음,교차로 - 교차로안,화물,남,81세,상해없음,화물,남,56세,경상
2018011000100201,2018년 1월 10일 10시,수요일,경상북도 포항시 북구 장성동,경상사고,0,0,1,0,차대차 - 측면충돌,안전운전불이행,건조,맑음,교차로 - 교차로안,승용,남,66세,상해없음,기타불명,남,50세,경상
2018011000100202,2018년 1월 10일 10시,수요일,경상북도 성주군 월항면,중상사고,0,1,0,0,차대차 - 기타,안전운전불이행,건조,맑음,교차로 - 교차로안,자전거,여,68세,중상,승용,여,54세,상해없음
2018011000100234,2018년 1월 10일 11시,수요일,경상북도 경산시 진량읍,경상사고,0,0,1,0,차대차 - 측면충돌,교차로운행방법위반,건조,맑음,교차로 - 교차로안,이륜,남,73세,경상,승용,여,52세,상해없음
2018011000100264,2018년 1월 10일 12시,수요일,경상북도 경주시 용강동,경상사고,0,0,1,0,차대차 - 측면충돌,안전운전불이행,건조,맑음,교차로 - 교차로안,승용,여,45세,상해없음,자전거,여,63세,경상
2018011000100265,2018년 1월 10일 12시,수요일,경상북도 경주시 성동동,중상사고,0,1,2,0,차대차 - 측면충돌,안전운전불이행,건조,맑음,교차로 - 교차로부근,승용,여,80세,중상,화물,남,46세,경상
2018011000100266,2018년 1월 10일 12시,수요일,경상북도 영덕군 강구면,중상사고,0,1,2,0,차대차 - 추돌,안전거리미확보,젖음/습기,맑음,교차로 - 교차로부근,화물,남,39세,상해없음,승용,여,40세,경상
2018011000100267,2018년 1월 10일 12시,수요일,경상북도 고령군 대가야읍,경상사고,0,0,3,0,차대차 - 측면충돌,교차로운행방법위반,건조,맑음,교차로 - 교차로안,화물,남,50세,경상,승용,남,64세,경상
2018011000100268,2018년 1월 10일 12시,수요일,경상북도 구미시 비산동,중상사고,0,1,0,0,차대차 - 기타,직진우회전진행방해,건조,맑음,교차로 - 교차로안,승용,여,26세,기타불명,자전거,남,28세,중상
2018011000100334,2018년 1월 10일 14시,수요일,경상북도 안동시 송천동,경상사고,0,0,1,0,차대사람 - 보도통행중,안전운전불이행,서리/결빙,맑음,단일로 - 기타,승용,여,21세,상해없음,보행자,남,26세,경상
2018011000100376,2018년 1월 10일 15시,수요일,경상북도 포항시 북구 장성동,경상사고,0,0,1,0,차대차 - 측면충돌,안전운전불이행,건조,맑음,단일로 - 기타,승용,여,35세,상해없음,승용,남,45세,경상
2018011000100377,2018년 1월 10일 15시,수요일,경상북도 상주시 남장동,경상사고,0,0,2,0,차대차 - 측면충돌,안전운전불이행,서리/결빙,눈,교차로 - 교차로안,화물,남,43세,상해없음,승용,여,53세,경상
2018011000100408,2018년 1월 10일 16시,수요일,경상북도 경주시 성건동,중상사고,0,1,0,0,차대차 - 추돌,안전운전불이행,건조,맑음,교차로 - 교차로부근,승용,남,55세,상해없음,승용,남,56세,중상
2018011000100409,2018년 1월 10일 16시,수요일,경상북도 상주시 남성동,경상사고,0,0,1,0,차대차 - 측면충돌,교차로운행방법위반,건조,맑음,교차로 - 교차로부근,승용,여,42세,상해없음,화물,남,70세,경상
2018011000100459,2018년 1월 10일 17시,수요일,경상북도 안동시 옥동,경상사고,0,0,4,0,차대차 - 정면충돌,안전운전불이행,건조,맑음,교차로 - 교차로안,승용,여,46세,경상,승용,남,28세,경상
2018011000100460,2018년 1월 10일 17시,수요일,경상북도 구미시 도량동,부상신고사고,0,0,0,1,차대차 - 기타,안전운전불이행,건조,맑음,교차로 - 교차로부근,이륜,남,19세,부상신고,승용,남,55세,상해없음
2018011000100461,2018년 1월 10일 17시,수요일,경상북도 구미시 상모동,경상사고,0,0,1,0,차대차 - 후진중충돌,안전운전불이행,적설,맑음,교차로 - 교차로안,승용,남,28세,상해없음,이륜,남,38세,경상
2018011000100503,2018년 1월 10일 18시,수요일,경상북도 안동시 옥동,중상사고,0,1,0,0,차대사람 - 횡단중,신호위반,건조,맑음,단일로 - 기타,승용,남,65세,상해없음,보행자,남,12세,중상
2018011000100504,2018년 1월 10일 18시,수요일,경상북도 경산시 계양동,중상사고,0,1,0,0,차대차 - 측면충돌,안전운전불이행,건조,맑음,교차로 - 교차로안,화물,남,56세,상해없음,이륜,남,49세,중상
2018011000100505,2018년 1월 10일 18시,수요일,경상북도 경산시 진량읍,중상사고,0,1,0,0,차대차 - 추돌,안전거리미확보,젖음/습기,맑음,단일로 - 기타,승용,남,50세,상해없음,승용,남,45세,중상
2018011000100506,2018년 1월 10일 18시,수요일,경상북도 구미시 황상동,경상사고,0,0,1,0,차대차 - 기타,안전거리미확보,건조,맑음,단일로 - 기타,승용,남,24세,상해없음,승용,남,42세,경상
2018011000100507,2018년 1월 10일 18시,수요일,경상북도 포항시 남구 상도동,중상사고,0,1,0,0,차대차 - 기타,중앙선침범,건조,맑음,단일로 - 기타,자전거,여,64세,중상,승용,남,26세,상해없음
2018011000100508,2018년 1월 10일 18시,수요일,경상북도 포항시 남구 대잠동,경상사고,0,0,1,0,차대사람 - 기타,안전운전불이행,건조,맑음,교차로 - 교차로안,승용,남,65세,상해없음,보행자,남,47세,경상
2018011000100547,2018년 1월 10일 19시,수요일,경상북도 경산시 사동,경상사고,0,0,1,0,차대차 - 측면충돌,중앙선침범,건조,맑음,단일로 - 기타,승용,남,63세,상해없음,이륜,남,53세,경상
2018011000100604,2018년 1월 10일 20시,수요일,경상북도 경산시 계양동,경상사고,0,0,1,0,차대차 - 추돌,안전운전불이행,건조,맑음,단일로 - 기타,승용,남,46세,상해없음,승용,남,21세,경상
2018011000100644,2018년 1월 10일 21시,수요일,경상북도 포항시 북구 죽도동,경상사고,0,0,2,0,차대차 - 측면충돌,차로위반,건조,맑음,단일로 - 기타,승용,남,24세,상해없음,승용,남,54세,경상
2018011000100645,2018년 1월 10일 21시,수요일,경상북도 안동시 송현동,중상사고,0,2,1,0,차대차 - 추돌,안전거리미확보,건조,맑음,단일로 - 기타,승용,남,58세,상해없음,승용,여,55세,중상
2018011000100690,2018년 1월 10일 22시,수요일,경상북도 경주시 동천동,경상사고,0,0,1,0,차대사람 - 길가장자리구역통행중,안전운전불이행,건조,맑음,단일로 - 지하차도(도로)내,승용,남,63세,상해없음,보행자,남,60세,경상
2018011000100691,2018년 1월 10일 22시,수요일,경상북도 포항시 북구 창포동,경상사고,0,0,1,0,차대차 - 측면충돌,안전운전불이행,건조,맑음,단일로 - 기타,승용,남,59세,상해없음,승용,남,49세,경상
2018011000100692,2018년 1월 10일 22시,수요일,경상북도 포항시 북구 용흥동,경상사고,0,0,1,0,차대차 - 측면충돌,직진우회전진행방해,건조,맑음,단일로 - 기타,승용,여,54세,상해없음,이륜,남,16세,경상
2018011000100729,2018년 1월 10일 23시,수요일,경상북도 의성군 의성읍,경상사고,0,0,1,0,차량단독 - 공작물충돌,안전운전불이행,건조,맑음,교차로 - 교차로안,승용,남,43세,경상,,,,
2018011000100730,2018년 1월 10일 23시,수요일,경상북도 영주시 가흥동,경상사고,0,0,1,0,차대차 - 측면충돌,신호위반,건조,맑음,교차로 - 교차로안,승용,남,41세,상해없음,승용,남,34세,경상
2018011000100731,2018년 1월 10일 23시,수요일,경상북도 구미시 사곡동,경상사고,0,0,1,0,차대차 - 기타,안전운전불이행,건조,맑음,교차로 - 교차로부근,승용,남,43세,상해없음,승용,여,29세,경상
2018011100100041,2018년 1월 11일 01시,목요일,경상북도 포항시 북구 죽도동,사망사고,1,0,1,0,차대사람 - 횡단중,안전운전불이행,건조,맑음,교차로 - 교차로횡단보도내,승용,남,38세,상해없음,보행자,남,63세,사망
2018011100100059,2018년 1월 11일 03시,목요일,경상북도 경산시 남천면,경상사고,0,0,1,0,차량단독 - 도로외이탈 - 추락,안전운전불이행,젖음/습기,맑음,단일로 - 기타,화물,남,41세,경상,,,,
2018011100100065,2018년 1월 11일 04시,목요일,경상북도 포항시 북구 환호동,경상사고,0,0,1,0,차대사람 - 횡단중,안전운전불이행,건조,맑음,단일로 - 기타,승용,남,55세,상해없음,보행자,남,39세,경상
2018011100100092,2018년 1월 11일 06시,목요일,경상북도 상주시 무양동,경상사고,0,0,2,0,차대차 - 측면충돌,안전운전불이행,건조,맑음,단일로 - 기타,승용,남,67세,경상,화물,남,65세,경상
2018011100100093,2018년 1월 11일 06시,목요일,경상북도 경산시 계양동,중상사고,0,2,0,0,차대차 - 기타,교차로운행방법위반,건조,맑음,교차로 - 교차로안,승용,여,28세,상해없음,화물,남,63세,중상
2018011100100137,2018년 1월 11일 08시,목요일,경상북도 구미시 공단동,중상사고,0,1,0,0,차대사람 - 기타,보행자보호의무위반,건조,맑음,교차로 - 교차로안,승용,남,30세,상해없음,보행자,남,18세,중상
2018011100100173,2018년 1월 11일 09시,목요일,경상북도 경주시 성건동,경상사고,0,0,1,0,차대차 - 측면충돌,신호위반,건조,맑음,교차로 - 교차로안,승용,여,45세,상해없음,자전거,여,69세,경상
2018011100100174,2018년 1월 11일 09시,목요일,경상북도 경주시 덕동,사망사고,1,0,0,0,차량단독 - 도로외이탈 - 추락,안전운전불이행,젖음/습기,맑음,교차로 - 교차로부근,승용,남,60세,사망,,,,
2018011100100175,2018년 1월 11일 09시,목요일,경상북도 영덕군 창수면,중상사고,0,6,0,0,차대차 - 정면충돌,중앙선침범,서리/결빙,맑음,단일로 - 기타,승용,남,49세,중상,건설기계,남,59세,상해없음
2018011100100176,2018년 1월 11일 09시,목요일,경상북도 고령군 다산면,중상사고,0,1,0,0,차대사람 - 길가장자리구역통행중,교차로운행방법위반,건조,맑음,교차로 - 교차로부근,승용,남,41세,상해없음,보행자,여,83세,중상
2018011100100177,2018년 1월 11일 09시,목요일,경상북도 포항시 남구 오천읍,경상사고,0,0,2,0,차대차 - 기타,안전운전불이행,건조,맑음,교차로 - 교차로부근,승용,남,62세,상해없음,승합,남,62세,경상
2018011100100237,2018년 1월 11일 11시,목요일,경상북도 경주시 황오동,경상사고,0,0,1,0,차대차 - 추돌,신호위반,건조,맑음,교차로 - 교차로안,화물,남,71세,상해없음,승용,여,46세,상해없음
2018011100100238,2018년 1월 11일 11시,목요일,경상북도 성주군 벽진면,중상사고,0,1,0,0,차량단독 - 도로외이탈 - 추락,안전운전불이행,적설,눈,단일로 - 기타,승용,남,31세,중상,,,,
2018011100100270,2018년 1월 11일 12시,목요일,경상북도 영천시 야사동,경상사고,0,0,1,0,차대차 - 측면충돌,안전운전불이행,건조,맑음,교차로 - 교차로안,승용,남,58세,상해없음,승용,남,37세,경상
2018011100100307,2018년 1월 11일 13시,목요일,경상북도 구미시 지산동,경상사고,0,0,1,0,차대차 - 기타,안전거리미확보,건조,맑음,단일로 - 기타,이륜,남,23세,경상,화물,남,57세,상해없음
2018011100100329,2018년 1월 11일 14시,목요일,경상북도 영천시 청통면,경상사고,0,0,2,0,차대차 - 정면충돌,안전운전불이행,서리/결빙,맑음,단일로 - 기타,승용,여,56세,경상,승합,남,65세,경상
2018011100100330,2018년 1월 11일 14시,목요일,경상북도 구미시 임은동,경상사고,0,0,1,0,차대차 - 정면충돌,중앙선침범,건조,맑음,교차로 - 교차로안,자전거,여,50세,경상,승용,여,32세,상해없음
2018011100100355,2018년 1월 11일 15시,목요일,경상북도 경주시 외동읍,중상사고,0,1,0,0,차대차 - 측면충돌,중앙선침범,건조,맑음,단일로 - 기타,특수,남,51세,상해없음,화물,남,53세,중상