사고번호,사고일시,요일,시군구,사고내용,사망자수,중상자수,경상자수,부상신고자수,사고유형,법규위반,노면상태,기상상태,도로형태,가해운전자 차종,가해운전자 성별,가해운전자 연령,가해운전자 상해정도,피해운전자 차종,피해운전자 성별,피해운전자 연령,피해운전자 상해정도
2018011500100412,2018년 1월 15일 16시,월요일,경상북도 포항시 북구 장성동,경상사고,0,0,1,0,차대차 - 측면충돌,직진우회전진행방해,건조,맑음,교차로 - 교차로안,이륜,남,37세,상해없음,승용,여,53세,경상
2018011500100413,2018년 1월 15일 16시,월요일,경상북도 포항시 북구 장성동,경상사고,0,0,1,0,차대차 - 측면충돌,안전거리미확보,건조,맑음,단일로 - 기타,승용,남,66세,상해없음,승용,남,51세,경상
2018011500100414,2018년 1월 15일 16시,월요일,경상북도 상주시 공성면,부상신고사고,0,0,0,1,차량단독 - 전도전복 - 전도,안전운전불이행,건조,맑음,단일로 - 기타,원동기,남,55세,부상신고,미분류,미분류,미분류,미분류
2018011500100415,2018년 1월 15일 16시,월요일,경상북도 칠곡군 석적읍,부상신고사고,0,0,0,1,차대차 - 추돌,차로위반,건조,맑음,단일로 - 기타,승용,남,35세,부상신고,승용,남,38세,상해없음
2018011500100455,2018년 1월 15일 17시,월요일,경상북도 구미시 산동면,경상사고,0,0,2,1,차대차 - 기타,교차로운행방법위반,건조,맑음,교차로 - 교차로안,승용,남,31세,부상신고,승합,남,29세,상해없음
2018011500100456,2018년 1월 15일 17시,월요일,경상북도 포항시 남구 대도동,경상사고,0,0,1,0,차대차 - 기타,안전운전불이행,건조,맑음,교차로 - 교차로안,승용,남,29세,상해없음,자전거,여,42세,경상
2018011500100503,2018년 1월 15일 18시,월요일,경상북도 포항시 북구 장성동,중상사고,0,2,0,0,차대사람 - 횡단중,보행자보호의무위반,건조,맑음,단일로 - 기타,승용,남,36세,상해없음,보행자,여,74세,중상
2018011500100504,2018년 1월 15일 18시,월요일,경상북도 영천시 임고면,경상사고,0,0,1,0,차대차 - 추돌,안전운전불이행,건조,맑음,교차로 - 교차로부근,화물,남,65세,상해없음,승용,남,37세,경상
2018011500100505,2018년 1월 15일 18시,월요일,경상북도 구미시 공단동,경상사고,0,0,1,0,차대사람 - 횡단중,보행자보호의무위반,건조,맑음,교차로 - 교차로횡단보도내,승용,남,36세,상해없음,보행자,남,31세,경상
2018011500100506,2018년 1월 15일 18시,월요일,경상북도 포항시 남구 오천읍,경상사고,0,0,2,0,차대차 - 측면충돌,직진우회전진행방해,건조,맑음,교차로 - 교차로안,승용,여,55세,경상,화물,남,54세,경상
2018011500100610,2018년 1월 15일 21시,월요일,경상북도 청도군 각남면,부상신고사고,0,0,0,1,차량단독 - 전도전복 - 전복,안전운전불이행,건조,맑음,단일로 - 기타,화물,남,28세,부상신고,미분류,미분류,미분류,미분류
2018011500100611,2018년 1월 15일 21시,월요일,경상북도 포항시 남구 상도동,경상사고,0,0,2,1,차대차 - 기타,안전거리미확보,건조,맑음,단일로 - 기타,승용,남,52세,상해없음,승용,남,19세,경상
2018011500100634,2018년 1월 15일 22시,월요일,경상북도 영천시 망정동,경상사고,0,0,2,0,차대차 - 측면충돌,안전운전불이행,건조,맑음,교차로 - 교차로안,승용,남,31세,경상,승용,남,57세,경상
2018011500100635,2018년 1월 15일 22시,월요일,경상북도 포항시 남구 송도동,중상사고,0,1,0,0,차대사람 - 횡단중,보행자보호의무위반,건조,맑음,교차로 - 교차로횡단보도내,승용,남,52세,상해없음,보행자,남,65세,중상
2018011600100030,2018년 1월 16일 01시,화요일,경상북도 경산시 압량면,중상사고,0,1,0,0,차대차 - 추돌,안전운전불이행,건조,맑음,단일로 - 기타,승용,남,35세,상해없음,승용,남,31세,중상
2018011600100031,2018년 1월 16일 01시,화요일,경상북도 경산시 하양읍,경상사고,0,0,1,0,차량단독 - 공작물충돌,안전운전불이행,건조,흐림,교차로 - 교차로부근,승용,남,38세,경상,,,,
2018011600100043,2018년 1월 16일 02시,화요일,경상북도 포항시 북구 장성동,경상사고,0,0,2,0,차대차 - 추돌,안전운전불이행,건조,맑음,교차로 - 교차로부근,승용,남,51세,상해없음,승용,남,46세,경상
2018011600100053,2018년 1월 16일 03시,화요일,경상북도 구미시 인의동,경상사고,0,0,1,0,차량단독 - 전도전복 - 전도,안전운전불이행,건조,맑음,단일로 - 기타,승용,남,59세,상해없음,미분류,미분류,미분류,미분류
2018011600100064,2018년 1월 16일 05시,화요일,경상북도 문경시 점촌동,경상사고,0,0,1,0,차대차 - 측면충돌,신호위반,건조,맑음,교차로 - 교차로안,승용,남,23세,상해없음,승용,남,40세,경상
2018011600100081,2018년 1월 16일 06시,화요일,경상북도 경주시 용강동,사망사고,1,0,0,0,차대차 - 측면충돌,안전운전불이행,건조,맑음,단일로 - 기타,이륜,남,58세,사망,승용,여,41세,상해없음
2018011600100106,2018년 1월 16일 07시,화요일,경상북도 경주시 동천동,중상사고,0,1,1,0,차대차 - 측면충돌,안전운전불이행,건조,맑음,교차로 - 교차로안,승용,여,54세,경상,승용,남,60세,중상
2018011600100107,2018년 1월 16일 07시,화요일,경상북도 포항시 북구 용흥동,경상사고,0,0,1,0,차대차 - 기타,안전운전불이행,건조,맑음,단일로 - 기타,승용,남,24세,상해없음,승용,남,64세,경상
2018011600100108,2018년 1월 16일 07시,화요일,경상북도 구미시 봉곡동,부상신고사고,0,0,0,1,차량단독 - 공작물충돌,안전운전불이행,건조,맑음,단일로 - 기타,승용,남,22세,부상신고,,,,
2018011600100137,2018년 1월 16일 08시,화요일,경상북도 포항시 남구 오천읍,경상사고,0,0,4,0,차대차 - 측면충돌,안전운전불이행,건조,맑음,교차로 - 교차로안,승용,남,64세,경상,승용,여,32세,경상
2018011600100162,2018년 1월 16일 09시,화요일,경상북도 포항시 남구 대잠동,경상사고,0,0,1,0,차대차 - 측면충돌,교차로운행방법위반,건조,흐림,교차로 - 교차로안,특수,남,65세,상해없음,승용,여,56세,경상
2018011600100187,2018년 1월 16일 10시,화요일,경상북도 포항시 북구 흥해읍,경상사고,0,0,2,0,차대차 - 측면충돌,중앙선침범,건조,맑음,단일로 - 기타,승용,여,74세,경상,화물,남,62세,경상
2018011600100216,2018년 1월 16일 11시,화요일,경상북도 안동시 정하동,경상사고,0,0,1,0,차대차 - 측면충돌,안전운전불이행,건조,맑음,기타 - 기타,승용,남,46세,상해없음,이륜,남,31세,경상
2018011600100217,2018년 1월 16일 11시,화요일,경상북도 경산시 하양읍,사망사고,1,1,0,0,차대차 - 기타,교차로운행방법위반,젖음/습기,비,교차로 - 교차로안,승용,여,51세,상해없음,승용,여,51세,상해없음
2018011600100237,2018년 1월 16일 12시,화요일,경상북도 포항시 남구 대도동,중상사고,0,1,0,0,차대사람 - 차도통행중,안전운전불이행,건조,맑음,단일로 - 기타,기타불명,기타불명,미분류,기타불명,보행자,여,87세,중상
2018011600100259,2018년 1월 16일 13시,화요일,경상북도 영주시 하망동,경상사고,0,0,3,0,차대차 - 추돌,안전운전불이행,건조,맑음,단일로 - 기타,승용,남,62세,상해없음,승용,여,53세,경상
2018011600100260,2018년 1월 16일 13시,화요일,경상북도 영양군 수비면,중상사고,0,1,1,0,차량단독 - 전도전복 - 전도,안전운전불이행,서리/결빙,맑음,단일로 - 기타,화물,남,55세,상해없음,미분류,미분류,미분류,미분류
2018011600100282,2018년 1월 16일 14시,화요일,경상북도 구미시 구포동,중상사고,0,1,0,0,차량단독 - 전도전복 - 전도,안전운전불이행,건조,맑음,교차로 - 교차로안,이륜,남,17세,상해없음,미분류,미분류,미분류,미분류
2018011600100327,2018년 1월 16일 16시,화요일,경상북도 경주시 황성동,중상사고,0,1,2,0,차대차 - 측면충돌,신호위반,젖음/습기,비,교차로 - 교차로안,화물,남,69세,상해없음,승용,여,39세,경상
2018011600100351,2018년 1월 16일 17시,화요일,경상북도 경주시 용강동,경상사고,0,0,1,0,차대차 - 측면충돌,안전운전불이행,젖음/습기,비,교차로 - 교차로부근,화물,남,54세,상해없음,화물,남,43세,경상
2018011600100352,2018년 1월 16일 17시,화요일,경상북도 포항시 북구 흥해읍,경상사고,0,0,1,0,차대차 - 추돌,안전운전불이행,젖음/습기,비,단일로 - 기타,승용,남,64세,상해없음,화물,여,59세,경상
2018011600100353,2018년 1월 16일 17시,화요일,경상북도 의성군 안계면,경상사고,0,0,1,0,차대차 - 정면충돌,신호위반,젖음/습기,비,교차로 - 교차로안,화물,남,70세,상해없음,승용,여,72세,경상
2018011600100354,2018년 1월 16일 17시,화요일,경상북도 구미시 황상동,경상사고,0,0,1,0,차대사람 - 기타,안전운전불이행,젖음/습기,비,교차로 - 교차로안,승용,남,32세,상해없음,보행자,여,18세,경상
2018011600100397,2018년 1월 16일 18시,화요일,경상북도 봉화군 물야면,중상사고,0,1,0,0,차대사람 - 기타,안전운전불이행,젖음/습기,비,교차로 - 교차로안,화물,여,48세,상해없음,보행자,여,75세,중상
2018011600100398,2018년 1월 16일 18시,화요일,경상북도 포항시 남구 해도동,경상사고,0,0,1,0,차대차 - 기타,안전운전불이행,젖음/습기,비,교차로 - 교차로안,승용,남,57세,상해없음,승용,남,33세,경상
2018011600100443,2018년 1월 16일 19시,화요일,경상북도 경주시 용강동,경상사고,0,0,2,0,차대차 - 추돌,안전운전불이행,젖음/습기,비,단일로 - 기타,승용,남,54세,상해없음,승용,남,27세,경상
2018011600100444,2018년 1월 16일 19시,화요일,경상북도 포항시 북구 죽도동,경상사고,0,0,1,0,차대차 - 정면충돌,안전운전불이행,젖음/습기,흐림,단일로 - 기타,화물,남,55세,상해없음,승용,여,45세,경상
2018011600100445,2018년 1월 16일 19시,화요일,경상북도 구미시 공단동,중상사고,0,1,0,0,차대차 - 정면충돌,안전운전불이행,젖음/습기,비,교차로 - 교차로부근,승용,여,29세,상해없음,승용,여,30세,중상
2018011600100483,2018년 1월 16일 20시,화요일,경상북도 경주시 안강읍,경상사고,0,0,1,0,차대사람 - 길가장자리구역통행중,안전운전불이행,젖음/습기,비,교차로 - 교차로안,승용,남,44세,상해없음,보행자,여,64세,경상
2018011600100484,2018년 1월 16일 20시,화요일,경상북도 구미시 도량동,경상사고,0,0,3,0,차대차 - 추돌,안전운전불이행,젖음/습기,비,교차로 - 교차로부근,화물,남,63세,상해없음,승용,남,48세,경상
2018011600100515,2018년 1월 16일 21시,화요일,경상북도 칠곡군 동명면,경상사고,0,0,2,0,차대차 - 정면충돌,중앙선침범,젖음/습기,비,단일로 - 기타,승용,남,58세,상해없음,승용,남,59세,경상
2018011600100516,2018년 1월 16일 21시,화요일,경상북도 경산시 옥산동,경상사고,0,0,1,0,차대차 - 기타,안전운전불이행,젖음/습기,비,단일로 - 기타,승용,여,60세,상해없음,이륜,남,17세,경상
2018011600100517,2018년 1월 16일 21시,화요일,경상북도 구미시 황상동,중상사고,0,1,0,0,차대사람 - 기타,보행자보호의무위반,젖음/습기,비,교차로 - 교차로안,승용,남,27세,상해없음,보행자,남,50세,중상
2018011600100518,2018년 1월 16일 21시,화요일,경상북도 포항시 남구 오천읍,경상사고,0,0,1,0,차대사람 - 횡단중,신호위반,젖음/습기,비,교차로 - 교차로횡단보도내,승용,여,28세,상해없음,보행자,여,54세,경상
2018011600100538,2018년 1월 16일 22시,화요일,경상북도 포항시 북구 장성동,중상사고,0,2,0,0,차대차 - 측면충돌,신호위반,건조,맑음,교차로 - 교차로안,승용,남,53세,상해없음,승합,남,61세,중상
2018011600100539,2018년 1월 16일 22시,화요일,경상북도 경산시 하양읍,경상사고,0,0,1,0,차대사람 - 차도통행중,안전운전불이행,젖음/습기,비,교차로 - 교차로안,승용,남,29세,상해없음,보행자,남,27세,경상
2018011600100540,2018년 1월 16일 22시,화요일,경상북도 구미시 황상동,경상사고,0,0,1,0,차대차 - 기타,안전운전불이행,젖음/습기,비,단일로 - 기타,승용,남,48세,상해없음,승용,남,33세,경상
2018011600100566,2018년 1월 16일 23시,화요일,경상북도 포항시 남구 상도동,경상사고,0,0,1,0,차대사람 - 기타,안전운전불이행,젖음/습기,비,단일로 - 기타,승합,남,54세,상해없음,보행자,남,46세,경상
2018011700100069,2018년 1월 17일 03시,수요일,경상북도 영천시 완산동,중상사고,0,1,0,0,차대사람 - 차도통행중,안전운전불이행,젖음/습기,비,단일로 - 기타,승용,남,48세,상해없음,보행자,여,63세,중상
2018011700100088,2018년 1월 17일 05시,수요일,경상북도 포항시 남구 대잠동,경상사고,0,0,2,0,차대차 - 측면충돌,안전운전불이행,젖음/습기,비,교차로 - 교차로안,승용,남,59세,경상,승용,남,35세,경상
2018011700100109,2018년 1월 17일 06시,수요일,경상북도 포항시 남구 일월동,사망사고,1,0,0,0,차대사람 - 횡단중,안전운전불이행,젖음/습기,비,단일로 - 기타,화물,남,36세,상해없음,보행자,여,80세,사망
2018011700100139,2018년 1월 17일 07시,수요일,경상북도 포항시 북구 용흥동,경상사고,0,0,2,0,차대차 - 추돌,안전운전불이행,젖음/습기,비,단일로 - 기타,승합,남,64세,상해없음,승용,여,46세,경상
2018011700100140,2018년 1월 17일 07시,수요일,경상북도 경산시 사정동,경상사고,0,0,1,0,차대차 - 추돌,신호위반,젖음/습기,비,교차로 - 교차로안,승용,여,56세,상해없음,화물,남,54세,경상
2018011700100141,2018년 1월 17일 07시,수요일,경상북도 울진군 금강송면,경상사고,0,0,1,0,차대차 - 정면충돌,교차로운행방법위반,적설,눈,교차로 - 교차로안,승합,남,49세,상해없음,승용,남,30세,경상
2018011700100142,2018년 1월 17일 07시,수요일,경상북도 구미시 공단동,중상사고,0,1,0,0,차대차 - 기타,신호위반,젖음/습기,비,교차로 - 교차로안,승용,여,45세,상해없음,승용,남,34세,중상
2018011700100169,2018년 1월 17일 08시,수요일,경상북도 안동시 정상동,경상사고,0,0,1,0,차대차 - 측면충돌,안전운전불이행,건조,맑음,단일로 - 기타,승용,남,41세,상해없음,승용,여,33세,경상
2018011700100170,2018년 1월 17일 08시,수요일,경상북도 칠곡군 석적읍,경상사고,0,0,1,0,차대차 - 측면충돌,안전운전불이행,젖음/습기,비,교차로 - 교차로안,승용,남,29세,기타불명,이륜,남,37세,경상
2018011700100171,2018년 1월 17일 08시,수요일,경상북도 영천시 청통면,경상사고,0,0,1,0,차량단독 - 공작물충돌,안전운전불이행,젖음/습기,흐림,교차로 - 교차로안,승용,남,53세,경상,,,,
2018011700100206,2018년 1월 17일 09시,수요일,경상북도 영천시 조교동,중상사고,0,2,1,0,차대차 - 측면충돌,신호위반,건조,맑음,교차로 - 교차로안,승용,남,57세,상해없음,승용,남,58세,경상
2018011700100231,2018년 1월 17일 10시,수요일,경상북도 구미시 황상동,중상사고,0,1,0,0,차대사람 - 기타,안전운전불이행,젖음/습기,비,단일로 - 기타,승용,남,67세,상해없음,보행자,남,85세,중상
2018011700100253,2018년 1월 17일 11시,수요일,경상북도 영주시 안정면,경상사고,0,0,1,0,차대차 - 기타,안전운전불이행,젖음/습기,비,단일로 - 기타,이륜,남,86세,경상,승합,남,59세,상해없음
2018011700100254,2018년 1월 17일 11시,수요일,경상북도 칠곡군 왜관읍,중상사고,0,1,0,0,차대사람 - 길가장자리구역통행중,안전운전불이행,건조,맑음,단일로 - 기타,화물,남,50세,상해없음,보행자,남,55세,중상
2018011700100255,2018년 1월 17일 11시,수요일,경상북도 포항시 남구 이동,경상사고,0,0,1,0,차대차 - 측면충돌,교차로운행방법위반,젖음/습기,흐림,교차로 - 교차로안,승용,남,59세,상해없음,승용,남,47세,경상
2018011700100279,2018년 1월 17일 12시,수요일,경상북도 영주시 조암동,경상사고,0,0,1,0,차대차 - 측면충돌,안전운전불이행,건조,맑음,주차장 - 주차장,화물,남,23세,상해없음,승용,여,63세,경상
2018011700100280,2018년 1월 17일 12시,수요일,경상북도 경산시 계양동,중상사고,0,1,0,0,차량단독 - 공작물충돌,안전운전불이행,젖음/습기,비,교차로 - 교차로안,승합,남,50세,상해없음,,,,
2018011700100311,2018년 1월 17일 13시,수요일,경상북도 경주시 용강동,중상사고,0,1,0,0,차대차 - 측면충돌,안전운전불이행,젖음/습기,비,단일로 - 기타,자전거,남,70세,중상,승용,여,51세,상해없음
2018011700100312,2018년 1월 17일 13시,수요일,경상북도 포항시 남구 상도동,경상사고,0,0,1,0,차대사람 - 횡단중,안전운전불이행,건조,맑음,단일로 - 기타,기타불명,기타불명,미분류,기타불명,보행자,남,24세,경상
2018011700100343,2018년 1월 17일 14시,수요일,경상북도 김천시 부곡동,경상사고,0,0,1,0,차대차 - 측면충돌,신호위반,건조,맑음,교차로 - 교차로안,승용,여,52세,상해없음,승용,남,63세,경상
2018011700100355,2018년 1월 17일 15시,수요일,경상북도 문경시 점촌동,경상사고,0,0,1,0,차대사람 - 횡단중,안전운전불이행,건조,맑음,단일로 - 기타,승용,남,67세,상해없음,보행자,여,84세,경상
2018011700100392,2018년 1월 17일 16시,수요일,경상북도 상주시 무양동,경상사고,0,0,1,0,차대차 - 측면충돌,안전운전불이행,건조,맑음,단일로 - 기타,승용,여,48세,상해없음,승용,여,55세,경상
2018011700100393,2018년 1월 17일 16시,수요일,경상북도 영덕군 영덕읍,경상사고,0,0,3,1,차대차 - 측면충돌,신호위반,건조,맑음,교차로 - 교차로안,화물,남,69세,부상신고,승용,여,36세,경상
2018011700100394,2018년 1월 17일 16시,수요일,경상북도 포항시 남구 오천읍,중상사고,0,2,0,0,차대차 - 측면충돌,차로위반,건조,흐림,단일로 - 기타,승용,남,64세,상해없음,승용,여,57세,중상
2018011700100428,2018년 1월 17일 17시,수요일,경상북도 구미시 원평동,경상사고,0,0,1,0,차대차 - 기타,안전운전불이행,건조,맑음,교차로 - 교차로부근,승용,여,48세,상해없음,승용,남,35세,경상
2018011700100468,2018년 1월 17일 18시,수요일,경상북도 포항시 북구 송라면,중상사고,0,1,0,0,차대사람 - 횡단중,안전운전불이행,건조,맑음,단일로 - 기타,승용,남,57세,상해없음,보행자,여,79세,중상
2018011700100523,2018년 1월 17일 19시,수요일,경상북도 포항시 북구 장성동,경상사고,0,0,1,0,차대차 - 측면충돌,교차로운행방법위반,건조,맑음,교차로 - 교차로안,승용,남,51세,상해없음,승용,남,67세,경상
2018011700100524,2018년 1월 17일 19시,수요일,경상북도 구미시 상모동,부상신고사고,0,0,0,1,차대차 - 기타,안전운전불이행,건조,맑음,단일로 - 기타,자전거,남,17세,부상신고,승용,여,40세,상해없음
2018011700100560,2018년 1월 17일 20시,수요일,경상북도 포항시 북구 창포동,중상사고,0,1,0,0,차대사람 - 길가장자리구역통행중,안전운전불이행,건조,맑음,교차로 - 교차로안,승합,남,52세,상해없음,보행자,여,57세,중상
2018011700100596,2018년 1월 17일 21시,수요일,경상북도 문경시 동로면,사망사고,1,0,0,0,차대사람 - 길가장자리구역통행중,안전운전불이행,건조,흐림,단일로 - 기타,승용,남,35세,상해없음,보행자,남,82세,사망
2018011700100644,2018년 1월 17일 23시,수요일,경상북도 경산시 중방동,중상사고,0,2,0,0,차대차 - 정면충돌,중앙선침범,건조,맑음,단일로 - 터널,승용,남,29세,상해없음,승합,남,45세,중상
2018011800100015,2018년 1월 18일 00시,목요일,경상북도 구미시 임은동,부상신고사고,0,0,0,1,차량단독 - 기타,안전운전불이행,건조,맑음,단일로 - 기타,승용,남,30세,부상신고,,,,
2018011800100166,2018년 1월 18일 09시,목요일,경상북도 의성군 의성읍,중상사고,0,1,1,0,차대차 - 측면충돌,신호위반,건조,맑음,교차로 - 교차로안,화물,남,87세,경상,승용,여,54세,중상
2018011800100167,2018년 1월 18일 09시,목요일,경상북도 영천시 청통면,경상사고,0,0,4,0,차대차 - 측면충돌,안전운전불이행,건조,맑음,교차로 - 교차로안,승용,여,39세,경상,승용,남,52세,경상
2018011800100202,2018년 1월 18일 10시,목요일,경상북도 김천시 신음동,경상사고,0,0,2,0,차대차 - 측면충돌,교차로운행방법위반,건조,맑음,교차로 - 교차로안,승용,여,30세,경상,승용,남,27세,경상
2018011800100203,2018년 1월 18일 10시,목요일,경상북도 영주시 휴천동,경상사고,0,0,1,0,차대사람 - 횡단중,안전운전불이행,건조,맑음,교차로 - 교차로부근,승용,여,56세,상해없음,보행자,남,84세,경상
2018011800100204,2018년 1월 18일 10시,목요일,경상북도 청도군 금천면,경상사고,0,0,2,0,차대차 - 측면충돌,안전운전불이행,건조,맑음,기타 - 기타,화물,남,68세,상해없음,승용,남,54세,경상
2018011800100227,2018년 1월 18일 11시,목요일,경상북도 칠곡군 왜관읍,부상신고사고,0,0,0,1,차대차 - 측면충돌,신호위반,건조,맑음,교차로 - 교차로안,이륜,남,85세,부상신고,승합,남,43세,상해없음
2018011800100228,2018년 1월 18일 11시,목요일,경상북도 경산시 정평동,중상사고,0,1,0,0,차대차 - 추돌,안전운전불이행,건조,맑음,교차로 - 교차로부근,승용,남,20세,상해없음,승용,여,41세,중상
2018011800100229,2018년 1월 18일 11시,목요일,경상북도 울진군 북면,경상사고,0,0,1,0,차량단독 - 공작물충돌,안전운전불이행,건조,맑음,단일로 - 기타,이륜,남,73세,경상,,,,
2018011800100248,2018년 1월 18일 12시,목요일,경상북도 안동시 옥동,경상사고,0,0,1,0,차대차 - 측면충돌,신호위반,건조,맑음,교차로 - 교차로안,화물,남,71세,상해없음,승용,여,49세,상해없음
2018011800100272,2018년 1월 18일 13시,목요일,경상북도 상주시 내서면,중상사고,0,1,0,0,차량단독 - 공작물충돌,안전운전불이행,건조,맑음,단일로 - 기타,화물,남,70세,중상,,,,
2018011800100273,2018년 1월 18일 13시,목요일,경상북도 의성군 의성읍,경상사고,0,0,1,0,차대차 - 측면충돌,안전운전불이행,건조,맑음,단일로 - 기타,화물,남,28세,상해없음,승용,남,60세,경상
2018011800100274,2018년 1월 18일 13시,목요일,경상북도 성주군 대가면,경상사고,0,0,1,0,차대차 - 정면충돌,안전운전불이행,건조,맑음,기타 - 기타,화물,남,42세,상해없음,화물,남,59세,경상
2018011800100292,2018년 1월 18일 14시,목요일,경상북도 경주시 용강동,중상사고,0,1,0,0,차대차 - 측면충돌,안전운전불이행,건조,맑음,교차로 - 교차로부근,승용,여,50세,상해없음,승용,남,54세,상해없음
2018011800100293,2018년 1월 18일 14시,목요일,경상북도 청도군 풍각면,경상사고,0,0,1,0,차량단독 - 기타,안전운전불이행,건조,맑음,단일로 - 기타,사륜오토바이(ATV),여,79세,경상,,,,
2018011800100370,2018년 1월 18일 17시,목요일,경상북도 경주시 현곡면,중상사고,0,1,0,0,차대차 - 측면충돌,안전운전불이행,건조,맑음,주차장 - 주차장,승용,남,60세,중상,승용,남,42세,상해없음
2018011800100371,2018년 1월 18일 17시,목요일,경상북도 경산시 사동,중상사고,0,1,0,0,차대차 - 추돌,안전운전불이행,건조,맑음,단일로 - 기타,기타불명,기타불명,미분류,기타불명,승합,남,59세,중상
2018011800100372,2018년 1월 18일 17시,목요일,경상북도 구미시 공단동,부상신고사고,0,0,0,1,차대차 - 기타,안전운전불이행,건조,맑음,교차로 - 교차로부근,승용,여,43세,부상신고,화물,남,56세,상해없음
2018011800100413,2018년 1월 18일 18시,목요일,경상북도 경주시 감포읍,중상사고,0,1,0,0,차대차 - 후진중충돌,안전운전불이행,건조,맑음,단일로 - 기타,화물,남,51세,상해없음,승용,여,65세,상해없음
2018011800100414,2018년 1월 18일 18시,목요일,경상북도 경주시 외동읍,중상사고,0,1,0,1,차대차 - 추돌,안전운전불이행,건조,맑음,단일로 - 기타,승용,남,57세,부상신고,농기계,남,54세,중상
2018011800100415,2018년 1월 18일 18시,목요일,경상북도 경주시 성건동,경상사고,0,0,1,0,차대차 - 측면충돌,안전운전불이행,건조,맑음,단일로 - 기타,승용,여,31세,상해없음,승용,여,54세,경상
2018011800100416,2018년 1월 18일 18시,목요일,경상북도 구미시 인의동,중상사고,0,2,3,0,차대차 - 측면충돌,교차로운행방법위반,건조,맑음,교차로 - 교차로안,승용,남,35세,중상,승용,여,30세,경상
2018011800100417,2018년 1월 18일 18시,목요일,경상북도 포항시 남구 오천읍,경상사고,0,0,1,0,차대차 - 측면충돌,차로위반,건조,맑음,교차로 - 교차로부근,승용,남,49세,상해없음,승용,남,62세,경상
2018011800100458,2018년 1월 18일 19시,목요일,경상북도 경주시 성동동,경상사고,0,0,1,0,차대차 - 측면충돌,안전운전불이행,건조,맑음,교차로 - 교차로안,이륜,남,57세,경상,승용,여,48세,상해없음
2018011800100459,2018년 1월 18일 19시,목요일,경상북도 안동시 금곡동,경상사고,0,0,1,0,차대차 - 측면충돌,안전운전불이행,건조,맑음,단일로 - 기타,승용,남,75세,상해없음,이륜,남,43세,경상
2018011800100475,2018년 1월 18일 20시,목요일,경상북도 포항시 남구 오천읍,중상사고,0,1,0,0,차대차 - 기타,안전거리미확보,건조,맑음,단일로 - 기타,승용,남,46세,상해없음,승용,여,32세,상해없음
2018011800100542,2018년 1월 18일 23시,목요일,경상북도 구미시 구포동,중상사고,0,1,1,0,차대차 - 추돌,안전운전불이행,건조,맑음,교차로 - 교차로부근,승용,남,57세,상해없음,승용,남,29세,경상
2018011900100018,2018년 1월 19일 00시,금요일,경상북도 안동시 옥동,중상사고,0,1,0,0,차대사람 - 횡단중,보행자보호의무위반,건조,맑음,단일로 - 기타,승용,남,52세,상해없음,보행자,남,54세,중상
2018011900100019,2018년 1월 19일 00시,금요일,경상북도 칠곡군 북삼읍,부상신고사고,0,0,0,1,차대사람 - 보도통행중,안전운전불이행,건조,맑음,단일로 - 기타,이륜,남,20세,부상신고,보행자,여,55세,상해없음
2018011900100020,2018년 1월 19일 00시,금요일,경상북도 구미시 진평동,중상사고,0,1,0,0,차대차 - 측면충돌,직진우회전진행방해,건조,맑음,교차로 - 교차로안,승용,남,45세,상해없음,승용,남,28세,중상
2018011900100057,2018년 1월 19일 04시,금요일,경상북도 안동시 태화동,경상사고,0,0,1,0,차대차 - 측면충돌,교차로운행방법위반,건조,맑음,교차로 - 교차로안,승용,남,59세,상해없음,승용,남,67세,경상
2018011900100067,2018년 1월 19일 05시,금요일,경상북도 안동시 옥동,경상사고,0,0,1,0,차대차 - 측면충돌,안전운전불이행,건조,맑음,교차로 - 교차로안,승용,남,20세,상해없음,화물,남,56세,경상
2018011900100108,2018년 1월 19일 07시,금요일,경상북도 청도군 각남면,경상사고,0,0,1,0,차대차 - 측면충돌,신호위반,건조,맑음,교차로 - 교차로안,이륜,남,60세,상해없음,승합,남,65세,상해없음
2018011900100126,2018년 1월 19일 08시,금요일,경상북도 경산시 중방동,경상사고,0,0,1,0,차대차 - 측면충돌,안전운전불이행,건조,맑음,교차로 - 교차로안,건설기계,남,62세,기타불명,화물,남,46세,경상
2018011900100150,2018년 1월 19일 09시,금요일,경상북도 영주시 안정면,중상사고,0,1,0,0,차대차 - 추돌,안전운전불이행,건조,맑음,교차로 - 교차로부근,화물,남,54세,상해없음,이륜,남,68세,중상
2018011900100175,2018년 1월 19일 10시,금요일,경상북도 성주군 성주읍,중상사고,0,1,0,0,차대차 - 측면충돌,안전운전불이행,건조,맑음,교차로 - 교차로안,이륜,남,76세,중상,승용,남,60세,상해없음
2018011900100199,2018년 1월 19일 11시,금요일,경상북도 구미시 임수동,중상사고,0,1,4,0,차대차 - 기타,중앙선침범,건조,맑음,단일로 - 기타,승용,여,39세,상해없음,승용,여,53세,중상
2018011900100217,2018년 1월 19일 12시,금요일,경상북도 예천군 호명면,중상사고,0,1,1,0,차대차 - 측면충돌,신호위반,건조,맑음,교차로 - 교차로안,이륜,남,79세,중상,승용,여,41세,경상
2018011900100218,2018년 1월 19일 12시,금요일,경상북도 포항시 남구 오천읍,중상사고,0,1,0,0,차대사람 - 횡단중,안전운전불이행,건조,맑음,단일로 - 기타,화물,남,53세,상해없음,보행자,여,8세,중상