사고번호,사고일시,요일,시군구,사고내용,사망자수,중상자수,경상자수,부상신고자수,사고유형,법규위반,노면상태,기상상태,도로형태,가해운전자 차종,가해운전자 성별,가해운전자 연령,가해운전자 상해정도,피해운전자 차종,피해운전자 성별,피해운전자 연령,피해운전자 상해정도
2018012300100213,2018년 1월 23일 11시,화요일,경상북도 문경시 모전동,중상사고,0,1,0,0,차대차 - 추돌,안전운전불이행,건조,맑음,단일로 - 기타,승용,남,37세,상해없음,승용,여,41세,중상
2018012300100214,2018년 1월 23일 11시,화요일,경상북도 문경시 농암면,경상사고,0,0,2,0,차대차 - 측면충돌,기타,건조,맑음,교차로 - 교차로안,승합,남,65세,경상,승용,여,50세,경상
2018012300100215,2018년 1월 23일 11시,화요일,경상북도 경산시 계양동,경상사고,0,0,2,0,차대차 - 측면충돌,안전거리미확보,건조,맑음,단일로 - 기타,승합,남,51세,상해없음,승용,남,37세,경상
2018012300100216,2018년 1월 23일 11시,화요일,경상북도 성주군 수륜면,경상사고,0,0,2,0,차대차 - 측면충돌,안전운전불이행,건조,맑음,단일로 - 기타,화물,남,58세,상해없음,화물,남,52세,경상
2018012300100217,2018년 1월 23일 11시,화요일,경상북도 울진군 울진읍,경상사고,0,0,1,0,차대차 - 기타,안전운전불이행,건조,맑음,단일로 - 기타,화물,남,31세,상해없음,승용,남,65세,경상
2018012300100239,2018년 1월 23일 12시,화요일,경상북도 경주시 성건동,경상사고,0,0,4,0,차대차 - 측면충돌,안전운전불이행,건조,맑음,단일로 - 기타,승용,남,62세,상해없음,승용,여,60세,경상
2018012300100303,2018년 1월 23일 14시,화요일,경상북도 포항시 북구 우현동,경상사고,0,0,3,0,차대차 - 추돌,안전운전불이행,건조,맑음,단일로 - 기타,화물,남,58세,상해없음,승용,여,52세,경상
2018012300100304,2018년 1월 23일 14시,화요일,경상북도 포항시 남구 오천읍,경상사고,0,0,1,0,차량단독 - 공작물충돌,안전운전불이행,건조,맑음,단일로 - 기타,승용,남,43세,경상,,,,
2018012300100362,2018년 1월 23일 16시,화요일,경상북도 경주시 외동읍,경상사고,0,0,1,0,차대차 - 측면충돌,안전운전불이행,건조,맑음,단일로 - 기타,승용,남,59세,상해없음,화물,남,29세,경상
2018012300100363,2018년 1월 23일 16시,화요일,경상북도 경산시 중방동,경상사고,0,0,1,0,차대사람 - 기타,안전운전불이행,건조,맑음,교차로 - 교차로안,승용,남,51세,상해없음,보행자,여,76세,경상
2018012300100364,2018년 1월 23일 16시,화요일,경상북도 영덕군 강구면,중상사고,0,1,1,0,차대사람 - 횡단중,안전운전불이행,건조,맑음,교차로 - 교차로안,승용,여,50세,상해없음,보행자,여,22세,중상
2018012300100365,2018년 1월 23일 16시,화요일,경상북도 포항시 남구 상도동,경상사고,0,0,2,0,차대차 - 측면충돌,신호위반,건조,맑음,교차로 - 교차로안,화물,남,65세,상해없음,승용,여,28세,경상
2018012300100397,2018년 1월 23일 17시,화요일,경상북도 경주시 인왕동,중상사고,0,1,0,0,차대차 - 측면충돌,신호위반,건조,맑음,교차로 - 교차로안,승용,여,34세,상해없음,승용,여,43세,중상
2018012300100398,2018년 1월 23일 17시,화요일,경상북도 포항시 북구 항구동,경상사고,0,0,2,0,차대차 - 정면충돌,직진우회전진행방해,건조,맑음,교차로 - 교차로부근,승용,남,50세,경상,화물,남,47세,경상
2018012300100399,2018년 1월 23일 17시,화요일,경상북도 예천군 지보면,경상사고,0,0,1,0,차대차 - 측면충돌,안전운전불이행,건조,맑음,교차로 - 교차로안,화물,여,61세,상해없음,이륜,남,79세,경상
2018012300100400,2018년 1월 23일 17시,화요일,경상북도 성주군 용암면,중상사고,0,1,0,0,차대차 - 측면충돌,안전운전불이행,건조,맑음,교차로 - 교차로부근,화물,남,51세,상해없음,자전거,남,75세,중상
2018012300100401,2018년 1월 23일 17시,화요일,경상북도 포항시 남구 대도동,경상사고,0,0,3,0,차대차 - 측면충돌,직진우회전진행방해,건조,맑음,교차로 - 교차로안,승용,남,33세,경상,승용,남,76세,경상
2018012300100432,2018년 1월 23일 18시,화요일,경상북도 경주시 탑동,경상사고,0,0,1,0,차대차 - 측면충돌,안전운전불이행,건조,맑음,교차로 - 교차로안,특수,남,61세,상해없음,승용,남,31세,경상
2018012300100433,2018년 1월 23일 18시,화요일,경상북도 포항시 북구 장성동,경상사고,0,0,1,0,차대차 - 기타,안전거리미확보,건조,맑음,단일로 - 기타,화물,남,41세,상해없음,이륜,남,23세,경상
2018012300100434,2018년 1월 23일 18시,화요일,경상북도 의성군 의성읍,중상사고,0,1,0,0,차대차 - 추돌,안전운전불이행,건조,맑음,단일로 - 기타,승용,남,54세,상해없음,자전거,남,62세,중상
2018012300100460,2018년 1월 23일 19시,화요일,경상북도 영천시 금호읍,경상사고,0,0,1,0,차대차 - 측면충돌,안전운전불이행,건조,맑음,교차로 - 교차로안,승용,남,34세,상해없음,승용,남,38세,상해없음
2018012300100492,2018년 1월 23일 20시,화요일,경상북도 영천시 오수동,중상사고,0,1,4,0,차대차 - 추돌,안전운전불이행,건조,맑음,교차로 - 교차로부근,화물,남,53세,경상,화물,남,42세,중상
2018012300100493,2018년 1월 23일 20시,화요일,경상북도 구미시 원평동,경상사고,0,0,1,0,차대차 - 측면충돌,안전운전불이행,건조,맑음,교차로 - 교차로안,승용,여,57세,상해없음,승용,남,72세,경상
2018012300100530,2018년 1월 23일 21시,화요일,경상북도 경주시 황성동,경상사고,0,0,1,0,차대차 - 측면충돌,안전운전불이행,건조,맑음,교차로 - 교차로안,승용,남,60세,상해없음,이륜,남,26세,경상
2018012300100573,2018년 1월 23일 23시,화요일,경상북도 안동시 태화동,경상사고,0,0,1,0,차대차 - 정면충돌,중앙선침범,건조,맑음,단일로 - 기타,승용,남,53세,상해없음,승용,남,59세,경상
2018012400100017,2018년 1월 24일 01시,수요일,경상북도 경주시 황오동,경상사고,0,0,1,0,차대차 - 추돌,안전운전불이행,건조,맑음,단일로 - 기타,승용,남,54세,상해없음,승용,남,36세,경상
2018012400100057,2018년 1월 24일 05시,수요일,경상북도 포항시 남구 오천읍,경상사고,0,0,1,0,차대차 - 측면충돌,안전운전불이행,건조,맑음,교차로 - 교차로안,이륜,남,53세,경상,승용,남,49세,상해없음
2018012400100080,2018년 1월 24일 07시,수요일,경상북도 고령군 대가야읍,경상사고,0,0,1,0,차대차 - 측면충돌,교차로운행방법위반,건조,맑음,교차로 - 교차로부근,화물,남,63세,상해없음,승용,남,42세,경상
2018012400100109,2018년 1월 24일 08시,수요일,경상북도 구미시 원평동,경상사고,0,0,1,0,차대차 - 기타,안전운전불이행,건조,맑음,기타 - 기타,승용,남,49세,상해없음,자전거,여,39세,경상
2018012400100110,2018년 1월 24일 08시,수요일,경상북도 구미시 공단동,경상사고,0,0,1,0,차대차 - 기타,교차로운행방법위반,건조,맑음,교차로 - 교차로안,화물,남,41세,기타불명,승용,남,31세,경상
2018012400100131,2018년 1월 24일 09시,수요일,경상북도 포항시 북구 동빈1가,경상사고,0,0,1,0,차대사람 - 기타,안전운전불이행,건조,맑음,단일로 - 기타,승용,여,33세,상해없음,보행자,여,31세,경상
2018012400100168,2018년 1월 24일 10시,수요일,경상북도 구미시 봉곡동,경상사고,0,0,1,0,차량단독 - 기타,안전운전불이행,건조,맑음,교차로 - 교차로부근,승용,남,56세,상해없음,,,,
2018012400100193,2018년 1월 24일 11시,수요일,경상북도 포항시 북구 흥해읍,경상사고,0,0,1,0,차대차 - 측면충돌,신호위반,건조,맑음,교차로 - 교차로안,승용,남,35세,상해없음,승용,여,36세,경상
2018012400100194,2018년 1월 24일 11시,수요일,경상북도 경산시 옥산동,경상사고,0,0,1,0,차대사람 - 횡단중,안전운전불이행,건조,맑음,단일로 - 기타,화물,남,61세,상해없음,보행자,여,48세,경상
2018012400100195,2018년 1월 24일 11시,수요일,경상북도 고령군 대가야읍,중상사고,0,1,0,0,차대사람 - 횡단중,안전운전불이행,건조,맑음,단일로 - 지하차도(도로)내,승용,남,79세,상해없음,보행자,여,54세,중상
2018012400100216,2018년 1월 24일 12시,수요일,경상북도 경주시 황성동,중상사고,0,1,0,0,차대차 - 측면충돌,안전운전불이행,건조,맑음,교차로 - 교차로안,승용,남,43세,상해없음,승용,남,36세,중상
2018012400100251,2018년 1월 24일 13시,수요일,경상북도 포항시 북구 송라면,경상사고,0,0,1,0,차대차 - 기타,안전운전불이행,건조,맑음,교차로 - 교차로안,화물,남,28세,상해없음,승용,남,51세,상해없음
2018012400100280,2018년 1월 24일 14시,수요일,경상북도 경주시 양남면,경상사고,0,0,1,0,차대차 - 측면충돌,안전운전불이행,건조,흐림,교차로 - 교차로안,승용,여,42세,상해없음,승용,남,63세,상해없음
2018012400100281,2018년 1월 24일 14시,수요일,경상북도 안동시 운흥동,중상사고,0,1,2,0,차대차 - 정면충돌,안전운전불이행,건조,맑음,교차로 - 교차로안,승용,남,66세,경상,승용,남,40세,중상
2018012400100282,2018년 1월 24일 14시,수요일,경상북도 경산시 계양동,경상사고,0,0,1,0,차대차 - 기타,안전운전불이행,건조,맑음,단일로 - 기타,승용,여,31세,상해없음,화물,남,54세,경상
2018012400100311,2018년 1월 24일 15시,수요일,경상북도 영주시 가흥동,경상사고,0,0,1,0,차대차 - 정면충돌,안전운전불이행,건조,맑음,단일로 - 기타,승용,남,54세,상해없음,이륜,남,23세,경상
2018012400100344,2018년 1월 24일 16시,수요일,경상북도 안동시 풍천면,경상사고,0,0,1,0,차대차 - 추돌,안전운전불이행,건조,맑음,교차로 - 교차로부근,승용,여,49세,상해없음,승용,여,28세,경상
2018012400100386,2018년 1월 24일 17시,수요일,경상북도 칠곡군 북삼읍,경상사고,0,0,1,0,차대차 - 측면충돌,안전운전불이행,건조,흐림,교차로 - 교차로안,승용,남,22세,상해없음,화물,남,48세,상해없음
2018012400100424,2018년 1월 24일 18시,수요일,경상북도 경주시 강동면,경상사고,0,0,1,0,차대차 - 측면충돌,중앙선침범,건조,맑음,단일로 - 기타,승용,남,56세,상해없음,승용,남,50세,경상
2018012400100425,2018년 1월 24일 18시,수요일,경상북도 안동시 풍산읍,경상사고,0,0,1,0,차대차 - 측면충돌,안전운전불이행,건조,맑음,교차로 - 교차로안,승용,여,25세,상해없음,승용,여,46세,경상
2018012400100426,2018년 1월 24일 18시,수요일,경상북도 경산시 진량읍,경상사고,0,0,1,0,차대차 - 측면충돌,중앙선침범,건조,맑음,교차로 - 교차로부근,승용,여,45세,상해없음,승용,남,26세,경상
2018012400100427,2018년 1월 24일 18시,수요일,경상북도 포항시 남구 연일읍,경상사고,0,0,1,0,차대차 - 추돌,안전운전불이행,건조,맑음,교차로 - 교차로안,승용,남,48세,상해없음,승용,여,26세,경상
2018012400100467,2018년 1월 24일 19시,수요일,경상북도 김천시 다수동,중상사고,0,1,0,1,차대차 - 측면충돌,안전운전불이행,건조,맑음,교차로 - 교차로안,화물,남,63세,부상신고,승용,남,33세,중상
2018012400100502,2018년 1월 24일 20시,수요일,경상북도 칠곡군 약목면,중상사고,0,1,0,0,차대차 - 측면충돌,교차로운행방법위반,건조,맑음,교차로 - 교차로안,승용,여,59세,상해없음,승용,남,32세,중상
2018012400100503,2018년 1월 24일 20시,수요일,경상북도 구미시 공단동,경상사고,0,0,2,0,차대차 - 측면충돌,신호위반,건조,맑음,교차로 - 교차로안,승용,여,56세,경상,승용,남,39세,경상
2018012400100527,2018년 1월 24일 21시,수요일,경상북도 경주시 천북면,경상사고,0,0,1,0,차대차 - 추돌,안전운전불이행,건조,맑음,단일로 - 기타,화물,남,47세,상해없음,승용,여,48세,경상
2018012400100528,2018년 1월 24일 21시,수요일,경상북도 포항시 북구 장성동,경상사고,0,0,1,0,차대사람 - 기타,보행자보호의무위반,건조,맑음,교차로 - 교차로안,승용,남,54세,상해없음,보행자,여,27세,경상
2018012400100529,2018년 1월 24일 21시,수요일,경상북도 구미시 인의동,경상사고,0,0,1,0,차대차 - 측면충돌,중앙선침범,건조,맑음,단일로 - 기타,승용,남,30세,상해없음,자전거,남,13세,경상
2018012400100553,2018년 1월 24일 22시,수요일,경상북도 포항시 북구 항구동,중상사고,0,1,0,0,차대사람 - 보도통행중,안전운전불이행,건조,맑음,교차로 - 교차로안,승용,여,54세,상해없음,보행자,남,37세,중상
2018012400100554,2018년 1월 24일 22시,수요일,경상북도 영천시 금노동,경상사고,0,0,2,0,차대차 - 측면충돌,신호위반,건조,맑음,교차로 - 교차로안,승용,남,57세,경상,승용,여,26세,경상
2018012400100577,2018년 1월 24일 23시,수요일,경상북도 영주시 하망동,경상사고,0,0,2,0,차대차 - 측면충돌,안전운전불이행,건조,맑음,교차로 - 교차로안,승용,남,53세,상해없음,승용,남,28세,경상
2018012500100007,2018년 1월 25일 00시,목요일,경상북도 경주시 성동동,경상사고,0,0,1,0,차대차 - 측면충돌,신호위반,건조,맑음,교차로 - 교차로안,승용,남,25세,상해없음,승용,남,46세,경상
2018012500100046,2018년 1월 25일 06시,목요일,경상북도 포항시 남구 송내동,경상사고,0,0,1,0,차대차 - 측면충돌,신호위반,건조,맑음,교차로 - 교차로안,이륜,남,49세,상해없음,자전거,남,62세,경상
2018012500100088,2018년 1월 25일 08시,목요일,경상북도 포항시 북구 흥해읍,중상사고,0,1,0,0,차대차 - 기타,중앙선침범,서리/결빙,맑음,단일로 - 기타,승용,여,35세,상해없음,승용,남,61세,중상
2018012500100089,2018년 1월 25일 08시,목요일,경상북도 구미시 임수동,중상사고,0,1,2,0,차대차 - 기타,안전운전불이행,건조,맑음,단일로 - 기타,승용,남,27세,상해없음,승용,여,45세,중상
2018012500100113,2018년 1월 25일 09시,목요일,경상북도 경주시 건천읍,중상사고,0,1,6,0,차대차 - 추돌,안전운전불이행,건조,맑음,단일로 - 기타,화물,남,48세,상해없음,승합,남,65세,상해없음
2018012500100149,2018년 1월 25일 10시,목요일,경상북도 포항시 북구 덕수동,경상사고,0,0,1,0,차대차 - 측면충돌,안전운전불이행,건조,맑음,단일로 - 기타,승용,남,59세,상해없음,승용,남,50세,경상
2018012500100150,2018년 1월 25일 10시,목요일,경상북도 상주시 성하동,경상사고,0,0,1,0,차대사람 - 횡단중,보행자보호의무위반,건조,맑음,교차로 - 교차로횡단보도내,화물,남,58세,상해없음,보행자,여,86세,경상
2018012500100151,2018년 1월 25일 10시,목요일,경상북도 구미시 옥계동,중상사고,0,1,0,0,차대사람 - 횡단중,안전운전불이행,건조,맑음,단일로 - 기타,승용,남,56세,상해없음,보행자,남,62세,중상
2018012500100178,2018년 1월 25일 11시,목요일,경상북도 포항시 북구 대신동,경상사고,0,0,1,0,차대사람 - 기타,보행자보호의무위반,건조,맑음,교차로 - 교차로부근,화물,남,51세,상해없음,보행자,여,60세,경상
2018012500100179,2018년 1월 25일 11시,목요일,경상북도 안동시 옥동,중상사고,0,1,0,0,차대사람 - 횡단중,보행자보호의무위반,건조,맑음,단일로 - 기타,화물,남,72세,상해없음,보행자,여,62세,중상
2018012500100180,2018년 1월 25일 11시,목요일,경상북도 포항시 남구 효자동,경상사고,0,0,1,0,차대사람 - 기타,안전운전불이행,건조,맑음,단일로 - 기타,승용,여,59세,상해없음,보행자,남,9세,경상
2018012500100206,2018년 1월 25일 12시,목요일,경상북도 경주시 천군동,중상사고,0,1,2,0,차대차 - 후진중충돌,안전운전불이행,건조,맑음,주차장 - 주차장,승용,남,65세,상해없음,승용,남,54세,경상
2018012500100207,2018년 1월 25일 12시,목요일,경상북도 안동시 남문동,경상사고,0,0,1,1,차대차 - 정면충돌,안전운전불이행,건조,맑음,교차로 - 교차로안,화물,남,65세,부상신고,승용,남,65세,상해없음
2018012500100208,2018년 1월 25일 12시,목요일,경상북도 포항시 남구 장흥동,경상사고,0,0,1,0,차대차 - 측면충돌,신호위반,건조,맑음,교차로 - 교차로안,화물,남,69세,상해없음,특수,남,50세,경상
2018012500100231,2018년 1월 25일 13시,목요일,경상북도 김천시 감호동,경상사고,0,0,1,0,차대사람 - 차도통행중,안전운전불이행,건조,맑음,단일로 - 기타,승용,남,68세,상해없음,보행자,남,76세,경상
2018012500100265,2018년 1월 25일 14시,목요일,경상북도 경산시 대동,중상사고,0,1,0,0,차대사람 - 길가장자리구역통행중,안전운전불이행,건조,맑음,단일로 - 기타,승용,여,21세,상해없음,보행자,여,76세,중상
2018012500100300,2018년 1월 25일 15시,목요일,경상북도 경주시 산내면,경상사고,0,0,2,0,차량단독 - 공작물충돌,안전운전불이행,건조,맑음,단일로 - 기타,승합,남,45세,상해없음,,,,
2018012500100301,2018년 1월 25일 15시,목요일,경상북도 경산시 압량면,경상사고,0,0,1,0,차량단독 - 공작물충돌,안전운전불이행,건조,맑음,단일로 - 기타,화물,남,45세,경상,,,,
2018012500100331,2018년 1월 25일 16시,목요일,경상북도 포항시 북구 죽도동,경상사고,0,0,2,0,차대차 - 추돌,안전거리미확보,건조,맑음,단일로 - 기타,승용,남,42세,상해없음,화물,남,44세,경상
2018012500100332,2018년 1월 25일 16시,목요일,경상북도 경산시 하양읍,중상사고,0,1,1,0,차대차 - 추돌,안전운전불이행,건조,맑음,단일로 - 기타,승용,여,48세,상해없음,승용,여,41세,중상
2018012500100333,2018년 1월 25일 16시,목요일,경상북도 포항시 북구 죽도동,중상사고,0,1,0,0,차대차 - 추돌,교차로운행방법위반,건조,맑음,단일로 - 기타,승용,남,64세,상해없음,승합,여,41세,중상
2018012500100404,2018년 1월 25일 18시,목요일,경상북도 경주시 서면,중상사고,0,1,0,0,차량단독 - 공작물충돌,안전운전불이행,건조,맑음,단일로 - 교량,승용,남,68세,중상,,,,
2018012500100405,2018년 1월 25일 18시,목요일,경상북도 포항시 북구 죽도동,경상사고,0,0,1,0,차대차 - 측면충돌,교차로운행방법위반,건조,맑음,교차로 - 교차로안,화물,남,48세,상해없음,자전거,남,66세,경상
2018012500100406,2018년 1월 25일 18시,목요일,경상북도 안동시 당북동,중상사고,0,1,0,0,차대사람 - 보도통행중,보행자보호의무위반,건조,맑음,단일로 - 기타,이륜,남,42세,상해없음,보행자,여,7세,중상
2018012500100407,2018년 1월 25일 18시,목요일,경상북도 포항시 남구 효자동,경상사고,0,0,1,0,차대차 - 추돌,안전운전불이행,건조,맑음,교차로 - 교차로부근,승용,남,51세,상해없음,승용,남,30세,경상
2018012500100444,2018년 1월 25일 19시,목요일,경상북도 경주시 서면,중상사고,0,1,0,0,차대사람 - 차도통행중,안전운전불이행,건조,맑음,단일로 - 기타,승용,남,31세,상해없음,보행자,남,62세,중상
2018012500100445,2018년 1월 25일 19시,목요일,경상북도 칠곡군 석적읍,중상사고,0,1,0,0,차대차 - 추돌,안전운전불이행,건조,맑음,단일로 - 기타,승용,남,43세,상해없음,승용,여,45세,중상
2018012500100446,2018년 1월 25일 19시,목요일,경상북도 구미시 도량동,경상사고,0,0,1,0,차대차 - 기타,안전운전불이행,건조,맑음,교차로 - 교차로부근,이륜,남,28세,경상,특수,남,47세,상해없음
2018012500100447,2018년 1월 25일 19시,목요일,경상북도 포항시 남구 연일읍,경상사고,0,0,1,0,차대사람 - 횡단중,안전운전불이행,건조,맑음,단일로 - 기타,화물,남,61세,상해없음,보행자,여,62세,경상
2018012500100471,2018년 1월 25일 20시,목요일,경상북도 포항시 북구 용흥동,중상사고,0,1,0,0,차대차 - 추돌,안전운전불이행,건조,맑음,단일로 - 기타,승용,남,36세,상해없음,승용,남,29세,중상
2018012500100501,2018년 1월 25일 21시,목요일,경상북도 포항시 북구 남빈동,경상사고,0,0,1,0,차대차 - 측면충돌,직진우회전진행방해,건조,맑음,교차로 - 교차로안,승용,남,52세,상해없음,승합,남,57세,경상
2018012500100502,2018년 1월 25일 21시,목요일,경상북도 김천시 신음동,경상사고,0,0,1,0,차대차 - 측면충돌,교차로운행방법위반,건조,맑음,교차로 - 교차로안,승용,여,20세,상해없음,이륜,남,16세,경상
2018012500100503,2018년 1월 25일 21시,목요일,경상북도 구미시 산동면,중상사고,0,1,0,0,차대차 - 기타,안전운전불이행,건조,맑음,기타 - 기타,승용,남,37세,상해없음,승용,여,63세,중상
2018012500100504,2018년 1월 25일 21시,목요일,경상북도 포항시 남구 오천읍,중상사고,0,1,2,0,차대차 - 측면충돌,안전거리미확보,건조,맑음,단일로 - 기타,승용,남,29세,상해없음,승용,남,62세,상해없음
2018012500100526,2018년 1월 25일 22시,목요일,경상북도 포항시 남구 이동,중상사고,0,1,1,0,차대차 - 측면충돌,안전운전불이행,건조,맑음,교차로 - 교차로안,승용,여,51세,중상,승용,여,48세,경상
2018012600100045,2018년 1월 26일 04시,금요일,경상북도 칠곡군 석적읍,경상사고,0,0,1,0,차대차 - 측면충돌,교차로운행방법위반,건조,맑음,교차로 - 교차로안,승합,남,36세,상해없음,승용,남,51세,경상
2018012600100060,2018년 1월 26일 06시,금요일,경상북도 구미시 공단동,중상사고,0,1,1,0,차대차 - 기타,안전운전불이행,건조,맑음,교차로 - 교차로안,승용,여,26세,경상,승용,남,42세,중상
2018012600100072,2018년 1월 26일 07시,금요일,경상북도 칠곡군 왜관읍,경상사고,0,0,1,0,차대차 - 정면충돌,안전운전불이행,건조,맑음,교차로 - 교차로안,승용,남,58세,상해없음,승용,남,53세,경상
2018012600100089,2018년 1월 26일 08시,금요일,경상북도 경주시 성건동,중상사고,0,1,2,0,차대차 - 측면충돌,신호위반,건조,맑음,교차로 - 교차로안,승용,남,60세,경상,승용,남,44세,중상
2018012600100090,2018년 1월 26일 08시,금요일,경상북도 영천시 금호읍,경상사고,0,0,1,0,차대차 - 추돌,안전운전불이행,건조,맑음,단일로 - 기타,화물,남,61세,상해없음,승용,남,38세,경상
2018012600100091,2018년 1월 26일 08시,금요일,경상북도 고령군 개진면,경상사고,0,0,3,0,차대차 - 측면충돌,교차로운행방법위반,건조,맑음,교차로 - 교차로안,승용,여,48세,상해없음,승합,여,49세,경상
2018012600100122,2018년 1월 26일 09시,금요일,경상북도 포항시 북구 장성동,경상사고,0,0,2,0,차대차 - 측면충돌,직진우회전진행방해,건조,맑음,교차로 - 교차로안,승용,남,65세,경상,승용,남,64세,경상
2018012600100123,2018년 1월 26일 09시,금요일,경상북도 포항시 북구 양덕동,경상사고,0,0,1,0,차대차 - 측면충돌,안전운전불이행,건조,맑음,교차로 - 교차로안,승용,여,53세,상해없음,승용,여,57세,경상
2018012600100155,2018년 1월 26일 10시,금요일,경상북도 봉화군 소천면,사망사고,1,0,1,0,차대차 - 정면충돌,중앙선침범,서리/결빙,맑음,단일로 - 기타,승용,여,43세,사망,승합,남,60세,경상
2018012600100184,2018년 1월 26일 11시,금요일,경상북도 포항시 북구 죽도동,경상사고,0,0,1,0,차대차 - 측면충돌,안전운전불이행,건조,맑음,단일로 - 기타,화물,남,60세,상해없음,승용,남,38세,경상
2018012600100185,2018년 1월 26일 11시,금요일,경상북도 칠곡군 왜관읍,경상사고,0,0,1,3,차대차 - 측면충돌,안전운전불이행,건조,맑음,교차로 - 교차로안,승용,남,41세,상해없음,승용,남,34세,경상
2018012600100186,2018년 1월 26일 11시,금요일,경상북도 구미시 광평동,경상사고,0,0,1,0,차대차 - 기타,안전운전불이행,건조,맑음,단일로 - 기타,승용,남,50세,상해없음,승용,여,37세,경상
2018012600100213,2018년 1월 26일 12시,금요일,경상북도 안동시 옥동,경상사고,0,0,1,0,차대차 - 추돌,신호위반,건조,맑음,단일로 - 기타,승용,남,60세,상해없음,자전거,남,11세,경상
2018012600100214,2018년 1월 26일 12시,금요일,경상북도 상주시 복룡동,경상사고,0,0,1,0,차대차 - 측면충돌,안전운전불이행,건조,맑음,교차로 - 교차로안,승용,남,44세,상해없음,자전거,여,23세,경상
2018012600100252,2018년 1월 26일 13시,금요일,경상북도 경주시 동천동,중상사고,0,1,3,0,차대차 - 추돌,안전운전불이행,건조,맑음,교차로 - 교차로부근,승용,남,74세,경상,승용,남,67세,중상
2018012600100253,2018년 1월 26일 13시,금요일,경상북도 청도군 각북면,경상사고,0,0,2,0,차대차 - 측면충돌,안전운전불이행,건조,맑음,단일로 - 기타,이륜,남,46세,경상,승용,여,61세,경상
2018012600100284,2018년 1월 26일 14시,금요일,경상북도 포항시 북구 죽도동,경상사고,0,0,1,0,차대사람 - 횡단중,안전운전불이행,건조,맑음,단일로 - 기타,승용,남,64세,상해없음,보행자,남,65세,경상
2018012600100319,2018년 1월 26일 15시,금요일,경상북도 경주시 양남면,경상사고,0,0,1,0,차대차 - 추돌,안전운전불이행,건조,맑음,단일로 - 기타,건설기계,남,58세,상해없음,농기계,남,60세,경상
2018012600100320,2018년 1월 26일 15시,금요일,경상북도 경주시 탑동,중상사고,0,1,0,0,차대차 - 측면충돌,안전운전불이행,건조,맑음,단일로 - 기타,화물,남,43세,상해없음,승용,남,33세,중상
2018012600100321,2018년 1월 26일 15시,금요일,경상북도 포항시 북구 양덕동,중상사고,0,1,0,0,차대사람 - 기타,안전운전불이행,건조,맑음,단일로 - 기타,승용,여,45세,상해없음,보행자,여,14세,중상
2018012600100322,2018년 1월 26일 15시,금요일,경상북도 안동시 옥동,경상사고,0,0,2,0,차대차 - 측면충돌,안전운전불이행,건조,맑음,교차로 - 교차로부근,승용,여,21세,경상,승용,남,44세,경상
2018012600100323,2018년 1월 26일 15시,금요일,경상북도 문경시 모전동,중상사고,0,1,0,0,차대사람 - 횡단중,보행자보호의무위반,건조,맑음,교차로 - 교차로안,승용,남,33세,상해없음,보행자,여,68세,중상
2018012600100362,2018년 1월 26일 16시,금요일,경상북도 성주군 대가면,중상사고,0,1,0,0,차량단독 - 공작물충돌,안전운전불이행,건조,맑음,단일로 - 기타,승용,남,81세,중상,,,,
2018012600100363,2018년 1월 26일 16시,금요일,경상북도 울릉군 울릉읍,경상사고,0,0,1,0,차대사람 - 횡단중,안전운전불이행,적설,눈,단일로 - 기타,승용,남,42세,상해없음,보행자,남,60세,경상
2018012600100390,2018년 1월 26일 17시,금요일,경상북도 구미시 인의동,경상사고,0,0,1,0,차대차 - 측면충돌,신호위반,건조,맑음,교차로 - 교차로안,승용,남,48세,상해없음,승용,남,43세,경상
2018012600100441,2018년 1월 26일 18시,금요일,경상북도 경주시 산내면,중상사고,0,1,0,0,차대사람 - 횡단중,안전운전불이행,건조,맑음,단일로 - 기타,승용,남,54세,상해없음,보행자,남,73세,중상
2018012600100442,2018년 1월 26일 18시,금요일,경상북도 봉화군 봉화읍,경상사고,0,0,5,0,차대차 - 기타,안전운전불이행,건조,맑음,단일로 - 기타,승용,여,40세,상해없음,화물,남,70세,경상
2018012600100443,2018년 1월 26일 18시,금요일,경상북도 포항시 남구 해도동,경상사고,0,0,1,0,차대차 - 측면충돌,안전운전불이행,건조,맑음,교차로 - 교차로부근,승용,남,58세,상해없음,이륜,남,52세,경상
2018012600100500,2018년 1월 26일 19시,금요일,경상북도 경주시 강동면,중상사고,0,1,0,0,차대사람 - 횡단중,안전운전불이행,건조,맑음,단일로 - 기타,승용,남,32세,상해없음,보행자,여,58세,중상
2018012600100501,2018년 1월 26일 19시,금요일,경상북도 김천시 덕곡동,경상사고,0,0,1,0,차대차 - 측면충돌,안전운전불이행,건조,맑음,단일로 - 기타,승용,남,46세,상해없음,승용,남,26세,경상
2018012600100533,2018년 1월 26일 20시,금요일,경상북도 경주시 천북면,경상사고,0,0,1,0,차대차 - 추돌,안전운전불이행,건조,맑음,단일로 - 기타,승용,남,61세,상해없음,화물,남,50세,상해없음