사고번호,사고일시,요일,시군구,사고내용,사망자수,중상자수,경상자수,부상신고자수,사고유형,법규위반,노면상태,기상상태,도로형태,가해운전자 차종,가해운전자 성별,가해운전자 연령,가해운전자 상해정도,피해운전자 차종,피해운전자 성별,피해운전자 연령,피해운전자 상해정도
2018012600100534,2018년 1월 26일 20시,금요일,경상북도 구미시 진평동,경상사고,0,0,1,0,차대차 - 측면충돌,신호위반,건조,맑음,교차로 - 교차로안,승용,여,61세,상해없음,승용,남,56세,경상
2018012600100565,2018년 1월 26일 21시,금요일,경상북도 군위군 산성면,중상사고,0,1,0,0,차량단독 - 기타,안전운전불이행,건조,맑음,단일로 - 기타,승용,남,26세,중상,,,,
2018012600100600,2018년 1월 26일 22시,금요일,경상북도 포항시 남구 오천읍,경상사고,0,0,1,0,차대차 - 측면충돌,직진우회전진행방해,건조,맑음,교차로 - 교차로안,승용,여,52세,상해없음,승용,남,61세,경상
2018012700100016,2018년 1월 27일 00시,토요일,경상북도 포항시 남구 해도동,경상사고,0,0,1,0,차대차 - 측면충돌,안전운전불이행,건조,맑음,단일로 - 교량,승용,남,27세,상해없음,승용,남,54세,경상
2018012700100034,2018년 1월 27일 01시,토요일,경상북도 포항시 북구 항구동,중상사고,0,1,1,0,차대차 - 측면충돌,안전운전불이행,건조,맑음,교차로 - 교차로안,승용,남,26세,상해없음,승용,여,58세,중상
2018012700100035,2018년 1월 27일 01시,토요일,경상북도 구미시 황상동,중상사고,0,1,0,0,차대사람 - 기타,안전운전불이행,건조,맑음,교차로 - 교차로안,승합,남,23세,상해없음,보행자,남,42세,중상
2018012700100069,2018년 1월 27일 04시,토요일,경상북도 영천시 청통면,중상사고,0,1,0,0,차량단독 - 공작물충돌,안전운전불이행,건조,맑음,단일로 - 기타,화물,남,23세,중상,,,,
2018012700100077,2018년 1월 27일 05시,토요일,경상북도 경주시 동천동,중상사고,0,1,0,0,차대사람 - 길가장자리구역통행중,안전운전불이행,건조,맑음,단일로 - 기타,승용,여,49세,상해없음,보행자,여,82세,중상
2018012700100102,2018년 1월 27일 07시,토요일,경상북도 포항시 북구 흥해읍,중상사고,0,2,0,0,차량단독 - 공작물충돌,안전운전불이행,건조,맑음,교차로 - 교차로안,승용,남,18세,상해없음,,,,
2018012700100103,2018년 1월 27일 07시,토요일,경상북도 상주시 냉림동,경상사고,0,0,1,0,차대차 - 측면충돌,불법유턴,건조,맑음,교차로 - 교차로안,자전거,여,65세,경상,승용,여,48세,상해없음
2018012700100145,2018년 1월 27일 09시,토요일,경상북도 의성군 봉양면,경상사고,0,0,1,0,차대차 - 정면충돌,중앙선침범,건조,맑음,단일로 - 기타,승용,남,75세,상해없음,승용,남,53세,경상
2018012700100146,2018년 1월 27일 09시,토요일,경상북도 고령군 대가야읍,중상사고,0,2,0,0,차대차 - 측면충돌,안전운전불이행,건조,맑음,단일로 - 기타,화물,남,47세,상해없음,원동기,남,73세,중상
2018012700100147,2018년 1월 27일 09시,토요일,경상북도 구미시 인의동,경상사고,0,0,1,0,차대차 - 추돌,안전거리미확보,건조,맑음,교차로 - 교차로부근,승용,남,44세,상해없음,승용,남,28세,경상
2018012700100167,2018년 1월 27일 10시,토요일,경상북도 경주시 노서동,중상사고,0,1,0,0,차대차 - 측면충돌,교차로운행방법위반,건조,맑음,교차로 - 교차로안,승용,남,59세,상해없음,승용,여,46세,중상
2018012700100200,2018년 1월 27일 11시,토요일,경상북도 영주시 가흥동,경상사고,0,0,3,0,차대차 - 측면충돌,신호위반,건조,맑음,교차로 - 교차로안,승용,남,56세,경상,승용,여,31세,경상
2018012700100233,2018년 1월 27일 12시,토요일,경상북도 경주시 황성동,중상사고,0,1,0,0,차대차 - 측면충돌,안전운전불이행,건조,맑음,교차로 - 교차로안,승용,여,45세,상해없음,이륜,남,72세,중상
2018012700100234,2018년 1월 27일 12시,토요일,경상북도 상주시 인봉동,경상사고,0,0,2,0,차대차 - 추돌,안전거리미확보,건조,맑음,단일로 - 기타,승용,남,30세,상해없음,승용,남,72세,경상
2018012700100267,2018년 1월 27일 13시,토요일,경상북도 포항시 북구 흥해읍,중상사고,0,1,1,0,차대차 - 측면충돌,직진우회전진행방해,건조,맑음,교차로 - 교차로안,승용,남,68세,상해없음,승용,남,64세,경상
2018012700100268,2018년 1월 27일 13시,토요일,경상북도 김천시 율곡동,중상사고,0,1,0,0,차대차 - 정면충돌,교차로운행방법위반,건조,맑음,교차로 - 교차로안,승용,남,34세,상해없음,이륜,남,51세,중상
2018012700100296,2018년 1월 27일 14시,토요일,경상북도 김천시 평화동,경상사고,0,0,1,0,차대차 - 측면충돌,교차로운행방법위반,건조,맑음,교차로 - 교차로안,승용,남,60세,상해없음,이륜,남,45세,경상
2018012700100323,2018년 1월 27일 15시,토요일,경상북도 청도군 운문면,경상사고,0,0,1,0,차대차 - 기타,중앙선침범,건조,맑음,단일로 - 기타,화물,남,67세,상해없음,승용,남,36세,경상
2018012700100324,2018년 1월 27일 15시,토요일,경상북도 구미시 고아읍,중상사고,0,3,0,0,차대차 - 추돌,안전운전불이행,건조,맑음,교차로 - 교차로부근,승용,남,60세,상해없음,승용,남,40세,중상
2018012700100347,2018년 1월 27일 16시,토요일,경상북도 문경시 호계면,중상사고,0,5,0,0,차대차 - 정면충돌,중앙선침범,건조,맑음,단일로 - 기타,승용,남,50세,중상,승용,남,39세,중상
2018012700100375,2018년 1월 27일 17시,토요일,경상북도 영덕군 강구면,경상사고,0,0,1,0,차대사람 - 차도통행중,안전운전불이행,건조,맑음,단일로 - 기타,승용,여,59세,상해없음,보행자,남,36세,경상
2018012700100376,2018년 1월 27일 17시,토요일,경상북도 성주군 초전면,경상사고,0,0,1,0,차대차 - 측면충돌,안전운전불이행,건조,맑음,교차로 - 교차로부근,이륜,남,53세,경상,승용,남,47세,상해없음
2018012700100377,2018년 1월 27일 17시,토요일,경상북도 구미시 거의동,경상사고,0,0,2,1,차대차 - 추돌,안전운전불이행,건조,맑음,교차로 - 교차로부근,승용,남,40세,상해없음,승용,여,47세,경상
2018012700100378,2018년 1월 27일 17시,토요일,경상북도 구미시 도량동,경상사고,0,0,1,0,차대차 - 측면충돌,기타,건조,맑음,교차로 - 교차로안,이륜,남,19세,경상,승용,여,48세,상해없음
2018012700100379,2018년 1월 27일 17시,토요일,경상북도 포항시 남구 대도동,경상사고,0,0,3,0,차대차 - 측면충돌,안전운전불이행,건조,맑음,교차로 - 교차로안,승용,남,23세,경상,승용,남,63세,경상
2018012700100400,2018년 1월 27일 18시,토요일,경상북도 상주시 무양동,경상사고,0,0,1,0,차대차 - 측면충돌,교차로운행방법위반,건조,맑음,교차로 - 교차로안,승용,남,57세,상해없음,이륜,남,23세,경상
2018012700100401,2018년 1월 27일 18시,토요일,경상북도 영덕군 강구면,중상사고,0,2,0,0,차대차 - 추돌,안전운전불이행,건조,맑음,교차로 - 교차로부근,승용,여,40세,상해없음,승용,남,64세,중상
2018012700100402,2018년 1월 27일 18시,토요일,경상북도 구미시 도량동,중상사고,0,1,0,0,차대차 - 측면충돌,신호위반,건조,맑음,교차로 - 교차로안,승용,남,45세,상해없음,이륜,남,20세,중상
2018012700100403,2018년 1월 27일 18시,토요일,경상북도 구미시 도량동,경상사고,0,0,1,0,차대차 - 기타,안전운전불이행,건조,맑음,교차로 - 교차로안,화물,남,57세,상해없음,이륜,남,21세,경상
2018012700100437,2018년 1월 27일 19시,토요일,경상북도 포항시 북구 흥해읍,중상사고,0,1,0,0,차대사람 - 횡단중,신호위반,건조,맑음,교차로 - 교차로부근,승용,남,63세,상해없음,보행자,여,70세,중상
2018012700100438,2018년 1월 27일 19시,토요일,경상북도 안동시 당북동,중상사고,0,2,1,0,차대차 - 정면충돌,신호위반,건조,맑음,교차로 - 교차로안,승용,남,30세,상해없음,화물,남,62세,중상
2018012700100439,2018년 1월 27일 19시,토요일,경상북도 칠곡군 가산면,경상사고,0,0,1,6,차대차 - 측면충돌,교차로운행방법위반,건조,맑음,교차로 - 교차로안,승용,남,62세,경상,승합,남,66세,부상신고
2018012700100440,2018년 1월 27일 19시,토요일,경상북도 칠곡군 약목면,중상사고,0,1,1,0,차대차 - 추돌,안전운전불이행,건조,맑음,교차로 - 교차로안,승용,남,54세,상해없음,승용,남,57세,중상
2018012700100441,2018년 1월 27일 19시,토요일,경상북도 구미시 선기동,경상사고,0,0,1,0,차대차 - 추돌,안전운전불이행,건조,맑음,교차로 - 교차로안,승용,남,37세,경상,건설기계,남,64세,기타불명
2018012700100475,2018년 1월 27일 20시,토요일,경상북도 김천시 평화동,경상사고,0,0,4,0,차대차 - 측면충돌,안전운전불이행,건조,맑음,교차로 - 교차로부근,승용,남,43세,상해없음,승용,남,50세,경상
2018012700100489,2018년 1월 27일 21시,토요일,경상북도 경산시 진량읍,중상사고,0,2,0,0,차대차 - 측면충돌,중앙선침범,건조,맑음,단일로 - 기타,승용,남,48세,상해없음,승용,여,45세,중상
2018012700100515,2018년 1월 27일 22시,토요일,경상북도 포항시 남구 해도동,경상사고,0,0,1,0,차대차 - 기타,안전운전불이행,건조,맑음,단일로 - 기타,화물,남,66세,상해없음,승용,남,42세,경상
2018012700100516,2018년 1월 27일 22시,토요일,경상북도 포항시 남구 연일읍,중상사고,0,1,0,0,차대사람 - 횡단중,신호위반,건조,맑음,교차로 - 교차로횡단보도내,승용,남,58세,상해없음,보행자,여,53세,중상
2018012700100537,2018년 1월 27일 23시,토요일,경상북도 경산시 압량면,중상사고,0,1,2,0,차대차 - 기타,안전운전불이행,건조,맑음,교차로 - 교차로안,승용,남,23세,경상,승용,남,41세,경상
2018012700100538,2018년 1월 27일 23시,토요일,경상북도 포항시 남구 상도동,경상사고,0,0,6,0,차대차 - 측면충돌,안전운전불이행,건조,맑음,단일로 - 기타,승용,남,45세,경상,승용,남,46세,경상
2018012800100009,2018년 1월 28일 00시,일요일,경상북도 안동시 금곡동,경상사고,0,0,2,0,차대차 - 측면충돌,안전운전불이행,건조,맑음,단일로 - 기타,승용,남,29세,상해없음,승용,남,26세,경상
2018012800100041,2018년 1월 28일 02시,일요일,경상북도 영천시 금호읍,경상사고,0,0,3,0,차대차 - 측면충돌,직진우회전진행방해,건조,맑음,교차로 - 교차로안,승용,남,57세,경상,승용,여,45세,경상
2018012800100056,2018년 1월 28일 03시,일요일,경상북도 경산시 옥산동,부상신고사고,0,0,0,1,차대사람 - 기타,교차로운행방법위반,건조,맑음,교차로 - 교차로안,승용,남,18세,상해없음,보행자,여,46세,부상신고
2018012800100070,2018년 1월 28일 05시,일요일,경상북도 경산시 옥곡동,사망사고,1,0,0,0,차량단독 - 공작물충돌,안전운전불이행,건조,맑음,교차로 - 교차로부근,화물,남,54세,사망,,,,
2018012800100071,2018년 1월 28일 05시,일요일,경상북도 구미시 장천면,중상사고,0,1,0,0,차대사람 - 기타,안전운전불이행,건조,맑음,단일로 - 기타,승용,남,43세,상해없음,보행자,여,48세,중상
2018012800100084,2018년 1월 28일 07시,일요일,경상북도 경산시 중방동,중상사고,0,1,1,0,차대차 - 측면충돌,안전운전불이행,건조,맑음,단일로 - 기타,승용,남,31세,상해없음,승용,남,53세,중상
2018012800100089,2018년 1월 28일 08시,일요일,경상북도 안동시 풍산읍,중상사고,0,1,0,0,차량단독 - 공작물충돌,안전운전불이행,건조,맑음,단일로 - 기타,화물,남,36세,중상,,,,
2018012800100120,2018년 1월 28일 10시,일요일,경상북도 경주시 황오동,경상사고,0,0,1,0,차대차 - 측면충돌,안전운전불이행,건조,맑음,단일로 - 기타,승용,남,69세,상해없음,승용,남,25세,경상
2018012800100121,2018년 1월 28일 10시,일요일,경상북도 경산시 옥산동,경상사고,0,0,2,0,차대차 - 추돌,신호위반,건조,맑음,교차로 - 교차로부근,승용,남,56세,상해없음,승용,남,34세,경상
2018012800100122,2018년 1월 28일 10시,일요일,경상북도 영덕군 영해면,경상사고,0,0,1,0,차대차 - 측면충돌,직진우회전진행방해,건조,맑음,교차로 - 교차로안,화물,남,75세,상해없음,자전거,남,17세,경상
2018012800100144,2018년 1월 28일 11시,일요일,경상북도 문경시 신기동,중상사고,0,3,5,0,차대차 - 측면충돌,직진우회전진행방해,건조,맑음,교차로 - 교차로안,승용,여,49세,상해없음,승용,남,33세,경상
2018012800100186,2018년 1월 28일 13시,일요일,경상북도 문경시 마성면,경상사고,0,0,2,0,차대차 - 추돌,안전거리미확보,건조,맑음,교차로 - 교차로부근,승합,남,48세,상해없음,승용,남,70세,상해없음
2018012800100214,2018년 1월 28일 14시,일요일,경상북도 구미시 공단동,경상사고,0,0,2,0,차대차 - 추돌,안전운전불이행,건조,맑음,교차로 - 교차로부근,승용,남,59세,상해없음,승용,남,32세,경상
2018012800100229,2018년 1월 28일 15시,일요일,경상북도 포항시 남구 효자동,경상사고,0,0,3,0,차대차 - 추돌,안전운전불이행,건조,맑음,단일로 - 기타,승용,남,68세,경상,승용,남,42세,경상
2018012800100246,2018년 1월 28일 16시,일요일,경상북도 영주시 하망동,경상사고,0,0,2,0,차대차 - 측면충돌,안전운전불이행,건조,맑음,단일로 - 기타,승용,여,59세,상해없음,승용,여,62세,상해없음
2018012800100247,2018년 1월 28일 16시,일요일,경상북도 경산시 자인면,중상사고,0,1,0,0,차대차 - 측면충돌,직진우회전진행방해,건조,맑음,교차로 - 교차로안,이륜,남,80세,중상,승용,여,58세,상해없음
2018012800100248,2018년 1월 28일 16시,일요일,경상북도 고령군 성산면,경상사고,0,0,3,0,차량단독 - 공작물충돌,안전운전불이행,건조,맑음,단일로 - 기타,승합,남,46세,상해없음,,,,
2018012800100269,2018년 1월 28일 17시,일요일,경상북도 경주시 외동읍,경상사고,0,0,1,0,차대차 - 측면충돌,안전운전불이행,건조,맑음,단일로 - 기타,승용,남,61세,상해없음,승용,남,30세,경상
2018012800100300,2018년 1월 28일 18시,일요일,경상북도 경주시 강동면,중상사고,0,1,0,0,차대사람 - 횡단중,안전운전불이행,건조,맑음,교차로 - 교차로안,승용,남,66세,상해없음,보행자,여,56세,중상
2018012800100301,2018년 1월 28일 18시,일요일,경상북도 포항시 북구 환호동,경상사고,0,0,4,0,차대차 - 측면충돌,교차로운행방법위반,건조,맑음,교차로 - 교차로안,화물,남,27세,상해없음,승용,남,47세,경상
2018012800100302,2018년 1월 28일 18시,일요일,경상북도 김천시 부곡동,경상사고,0,0,2,0,차대차 - 정면충돌,신호위반,건조,맑음,교차로 - 교차로안,승용,여,52세,경상,승용,여,47세,경상
2018012800100303,2018년 1월 28일 18시,일요일,경상북도 영주시 영주동,경상사고,0,0,3,0,차대차 - 측면충돌,안전운전불이행,건조,맑음,단일로 - 기타,승용,남,64세,상해없음,승용,여,58세,경상
2018012800100304,2018년 1월 28일 18시,일요일,경상북도 영주시 가흥동,중상사고,0,1,0,0,차대차 - 측면충돌,안전운전불이행,건조,맑음,단일로 - 기타,승용,남,74세,중상,승용,여,43세,상해없음
2018012800100305,2018년 1월 28일 18시,일요일,경상북도 문경시 모전동,경상사고,0,0,1,0,차대차 - 측면충돌,안전거리미확보,건조,맑음,교차로 - 교차로부근,승용,남,75세,상해없음,화물,남,20세,경상
2018012800100306,2018년 1월 28일 18시,일요일,경상북도 구미시 광평동,중상사고,0,1,0,0,차대차 - 기타,안전운전불이행,건조,맑음,교차로 - 교차로부근,승용,여,51세,상해없음,이륜,남,37세,중상
2018012800100326,2018년 1월 28일 19시,일요일,경상북도 상주시 무양동,경상사고,0,0,3,0,차대차 - 측면충돌,교차로운행방법위반,건조,맑음,교차로 - 교차로안,승용,남,64세,경상,승용,남,44세,경상
2018012800100399,2018년 1월 28일 23시,일요일,경상북도 봉화군 소천면,부상신고사고,0,0,0,1,차량단독 - 공작물충돌,안전운전불이행,서리/결빙,맑음,단일로 - 기타,승용,남,51세,부상신고,,,,
2018012900100019,2018년 1월 29일 01시,월요일,경상북도 영천시 서산동,경상사고,0,0,1,0,차량단독 - 공작물충돌,안전운전불이행,건조,맑음,단일로 - 기타,승합,남,21세,경상,,,,
2018012900100020,2018년 1월 29일 01시,월요일,경상북도 구미시 원평동,경상사고,0,0,1,0,차대차 - 기타,안전운전불이행,건조,맑음,단일로 - 기타,승용,남,26세,상해없음,화물,남,44세,경상
2018012900100021,2018년 1월 29일 01시,월요일,경상북도 안동시 일직면,경상사고,0,0,1,0,차대차 - 추돌,안전운전불이행,건조,맑음,단일로 - 기타,승용,남,31세,상해없음,특수,남,49세,경상
2018012900100036,2018년 1월 29일 04시,월요일,경상북도 구미시 신평동,중상사고,0,1,0,0,차대차 - 기타,안전운전불이행,건조,맑음,단일로 - 기타,승용,남,69세,중상,특수,남,43세,상해없음
2018012900100075,2018년 1월 29일 07시,월요일,경상북도 포항시 남구 인덕동,경상사고,0,0,1,0,차대차 - 측면충돌,신호위반,건조,맑음,교차로 - 교차로안,승용,남,24세,상해없음,승용,남,46세,경상
2018012900100106,2018년 1월 29일 08시,월요일,경상북도 의성군 의성읍,부상신고사고,0,0,0,1,차대차 - 정면충돌,안전운전불이행,건조,맑음,교차로 - 교차로안,승용,남,51세,상해없음,승용,남,44세,부상신고
2018012900100107,2018년 1월 29일 08시,월요일,경상북도 칠곡군 왜관읍,부상신고사고,0,0,0,1,차량단독 - 공작물충돌,안전운전불이행,건조,맑음,단일로 - 기타,승용,남,47세,부상신고,,,,
2018012900100134,2018년 1월 29일 09시,월요일,경상북도 영천시 봉동,경상사고,0,0,2,0,차대차 - 측면충돌,차로위반,건조,맑음,단일로 - 기타,특수,남,60세,상해없음,승용,여,71세,경상
2018012900100135,2018년 1월 29일 09시,월요일,경상북도 칠곡군 가산면,경상사고,0,0,1,0,차대차 - 기타,안전운전불이행,건조,맑음,단일로 - 교량,승용,남,43세,상해없음,승용,남,56세,경상
2018012900100163,2018년 1월 29일 10시,월요일,경상북도 안동시 금곡동,경상사고,0,0,1,0,차대차 - 측면충돌,안전운전불이행,건조,맑음,단일로 - 기타,승용,남,79세,경상,승용,여,52세,기타불명
2018012900100164,2018년 1월 29일 10시,월요일,경상북도 포항시 남구 연일읍,중상사고,0,1,0,0,차대차 - 측면충돌,안전운전불이행,건조,맑음,교차로 - 교차로부근,승용,남,47세,상해없음,자전거,여,75세,중상
2018012900100193,2018년 1월 29일 11시,월요일,경상북도 안동시 송현동,중상사고,0,1,2,0,차대차 - 추돌,안전거리미확보,건조,맑음,교차로 - 교차로부근,승용,남,73세,상해없음,승용,남,50세,중상
2018012900100194,2018년 1월 29일 11시,월요일,경상북도 안동시 서후면,경상사고,0,0,2,0,차대차 - 정면충돌,중앙선침범,건조,맑음,단일로 - 기타,화물,남,45세,상해없음,승용,남,37세,경상
2018012900100195,2018년 1월 29일 11시,월요일,경상북도 의성군 단북면,중상사고,0,2,0,0,차대차 - 정면충돌,안전운전불이행,건조,맑음,단일로 - 기타,화물,남,63세,중상,승합,남,65세,상해없음
2018012900100225,2018년 1월 29일 12시,월요일,경상북도 경주시 성동동,경상사고,0,0,1,0,차대사람 - 길가장자리구역통행중,안전운전불이행,건조,맑음,단일로 - 기타,승용,남,36세,상해없음,보행자,남,54세,경상
2018012900100226,2018년 1월 29일 12시,월요일,경상북도 구미시 산동면,경상사고,0,0,1,0,차대차 - 기타,교차로운행방법위반,건조,맑음,교차로 - 교차로안,화물,남,69세,상해없음,승용,여,51세,경상
2018012900100227,2018년 1월 29일 12시,월요일,경상북도 포항시 남구 대송면,경상사고,0,0,1,0,차대차 - 측면충돌,안전거리미확보,건조,맑음,단일로 - 기타,승용,남,30세,상해없음,승합,남,42세,상해없음
2018012900100255,2018년 1월 29일 13시,월요일,경상북도 포항시 북구 죽도동,경상사고,0,0,2,0,차대차 - 측면충돌,안전운전불이행,건조,맑음,교차로 - 교차로안,승용,여,39세,상해없음,승용,남,31세,경상
2018012900100256,2018년 1월 29일 13시,월요일,경상북도 김천시 신음동,경상사고,0,0,1,0,차대차 - 추돌,안전운전불이행,건조,맑음,단일로 - 기타,승용,남,46세,상해없음,이륜,남,67세,경상
2018012900100257,2018년 1월 29일 13시,월요일,경상북도 청도군 이서면,중상사고,0,1,2,0,차대차 - 측면충돌,신호위반,건조,맑음,교차로 - 교차로안,화물,남,67세,경상,승용,여,52세,경상
2018012900100258,2018년 1월 29일 13시,월요일,경상북도 포항시 남구 대도동,경상사고,0,0,2,0,차대차 - 측면충돌,교차로운행방법위반,건조,맑음,교차로 - 교차로안,승용,남,54세,경상,승용,여,46세,경상
2018012900100292,2018년 1월 29일 14시,월요일,경상북도 포항시 북구 환호동,중상사고,0,2,1,1,차대차 - 측면충돌,직진우회전진행방해,건조,맑음,교차로 - 교차로안,승용,여,49세,중상,승용,남,27세,경상
2018012900100293,2018년 1월 29일 14시,월요일,경상북도 포항시 북구 흥해읍,경상사고,0,0,2,0,차대차 - 측면충돌,교차로운행방법위반,건조,맑음,교차로 - 교차로안,화물,여,45세,경상,승용,여,54세,경상
2018012900100294,2018년 1월 29일 14시,월요일,경상북도 김천시 감문면,중상사고,0,1,2,0,차대차 - 측면충돌,교차로운행방법위반,건조,맑음,교차로 - 교차로안,건설기계,남,52세,경상,승용,여,62세,중상
2018012900100295,2018년 1월 29일 14시,월요일,경상북도 의성군 의성읍,사망사고,1,0,0,0,차대차 - 측면충돌,안전운전불이행,건조,맑음,교차로 - 교차로부근,이륜,남,76세,사망,화물,여,62세,상해없음
2018012900100329,2018년 1월 29일 15시,월요일,경상북도 경주시 외동읍,중상사고,0,1,2,0,차대차 - 추돌,안전운전불이행,건조,맑음,단일로 - 기타,승용,남,61세,상해없음,승용,여,54세,중상
2018012900100330,2018년 1월 29일 15시,월요일,경상북도 고령군 운수면,중상사고,0,2,0,0,차대차 - 측면충돌,신호위반,건조,맑음,교차로 - 교차로안,화물,남,67세,중상,승용,남,65세,중상
2018012900100354,2018년 1월 29일 16시,월요일,경상북도 경주시 양북면,경상사고,0,0,2,0,차대차 - 측면충돌,안전운전불이행,건조,맑음,교차로 - 교차로안,승용,남,44세,상해없음,화물,남,33세,경상
2018012900100382,2018년 1월 29일 17시,월요일,경상북도 김천시 신음동,경상사고,0,0,1,0,차대차 - 측면충돌,안전운전불이행,건조,맑음,교차로 - 교차로부근,승용,남,79세,상해없음,화물,남,32세,경상
2018012900100383,2018년 1월 29일 17시,월요일,경상북도 문경시 점촌동,경상사고,0,0,1,0,차대차 - 측면충돌,안전운전불이행,건조,맑음,단일로 - 기타,승용,여,38세,상해없음,승용,여,43세,경상
2018012900100415,2018년 1월 29일 18시,월요일,경상북도 칠곡군 석적읍,부상신고사고,0,0,0,1,차대차 - 측면충돌,교차로운행방법위반,건조,맑음,교차로 - 교차로안,승용,여,40세,상해없음,이륜,여,33세,부상신고
2018012900100416,2018년 1월 29일 18시,월요일,경상북도 구미시 형곡동,중상사고,0,1,0,0,차대차 - 기타,안전운전불이행,건조,맑음,단일로 - 기타,승용,여,39세,상해없음,화물,남,45세,중상
2018012900100417,2018년 1월 29일 18시,월요일,경상북도 구미시 고아읍,중상사고,0,1,0,0,차대차 - 측면충돌,중앙선침범,건조,맑음,단일로 - 기타,승용,남,60세,상해없음,화물,남,60세,중상
2018012900100418,2018년 1월 29일 18시,월요일,경상북도 포항시 남구 상도동,경상사고,0,0,2,0,차대사람 - 횡단중,안전운전불이행,건조,맑음,교차로 - 교차로안,승합,남,58세,상해없음,보행자,남,44세,경상
2018012900100457,2018년 1월 29일 19시,월요일,경상북도 경주시 진현동,중상사고,0,1,1,0,차대차 - 측면충돌,안전운전불이행,건조,맑음,교차로 - 교차로부근,승용,여,56세,상해없음,승용,남,62세,경상
2018012900100458,2018년 1월 29일 19시,월요일,경상북도 김천시 모암동,중상사고,0,1,0,0,차대사람 - 보도통행중,안전운전불이행,건조,맑음,단일로 - 기타,승용,남,26세,상해없음,보행자,여,57세,중상
2018012900100459,2018년 1월 29일 19시,월요일,경상북도 영주시 하망동,중상사고,0,1,0,0,차대차 - 측면충돌,신호위반,건조,맑음,교차로 - 교차로안,승용,남,61세,상해없음,이륜,남,46세,중상
2018012900100460,2018년 1월 29일 19시,월요일,경상북도 구미시 도개면,중상사고,0,1,0,1,차대차 - 기타,안전운전불이행,건조,맑음,단일로 - 기타,승합,남,58세,부상신고,화물,남,69세,중상
2018012900100485,2018년 1월 29일 20시,월요일,경상북도 경주시 천북면,경상사고,0,0,5,0,차대차 - 추돌,안전운전불이행,건조,맑음,단일로 - 기타,화물,여,45세,경상,승용,여,51세,경상
2018012900100501,2018년 1월 29일 21시,월요일,경상북도 포항시 북구 두호동,중상사고,0,1,0,0,차대차 - 추돌,안전운전불이행,건조,맑음,단일로 - 기타,승용,남,62세,상해없음,이륜,남,23세,중상
2018012900100502,2018년 1월 29일 21시,월요일,경상북도 김천시 평화동,경상사고,0,0,1,0,차대차 - 추돌,안전운전불이행,건조,맑음,교차로 - 교차로부근,승용,남,35세,상해없음,승용,남,51세,경상
2018012900100503,2018년 1월 29일 21시,월요일,경상북도 포항시 남구 연일읍,중상사고,0,2,0,1,차대차 - 추돌,안전운전불이행,건조,맑음,단일로 - 교량,승용,남,35세,중상,화물,남,30세,중상
2018012900100519,2018년 1월 29일 22시,월요일,경상북도 영주시 휴천동,중상사고,0,1,1,0,차대사람 - 횡단중,보행자보호의무위반,건조,맑음,단일로 - 기타,승용,여,34세,상해없음,보행자,남,45세,중상
2018013000100033,2018년 1월 30일 02시,화요일,경상북도 영덕군 영해면,중상사고,0,1,0,0,차대사람 - 길가장자리구역통행중,안전운전불이행,건조,맑음,단일로 - 기타,승용,남,32세,기타불명,보행자,남,49세,중상
2018013000100056,2018년 1월 30일 05시,화요일,경상북도 영천시 성내동,중상사고,0,3,0,0,차량단독 - 공작물충돌,안전운전불이행,건조,맑음,교차로 - 교차로부근,승용,남,21세,중상,,,,
2018013000100129,2018년 1월 30일 08시,화요일,경상북도 포항시 북구 죽도동,경상사고,0,0,1,0,차대차 - 측면충돌,교차로운행방법위반,건조,맑음,교차로 - 교차로안,승용,남,63세,상해없음,승용,남,43세,경상
2018013000100130,2018년 1월 30일 08시,화요일,경상북도 칠곡군 왜관읍,사망사고,1,0,1,0,차대차 - 추돌,안전운전불이행,건조,맑음,단일로 - 기타,승용,남,48세,사망,건설기계,남,49세,경상
2018013000100131,2018년 1월 30일 08시,화요일,경상북도 칠곡군 약목면,경상사고,0,0,1,0,차대차 - 측면충돌,안전운전불이행,건조,맑음,단일로 - 기타,승용,여,66세,상해없음,승용,여,53세,경상
2018013000100132,2018년 1월 30일 08시,화요일,경상북도 예천군 은풍면,경상사고,0,0,1,0,차대차 - 측면충돌,안전운전불이행,서리/결빙,맑음,교차로 - 교차로안,승용,남,23세,상해없음,승용,여,58세,경상
2018013000100162,2018년 1월 30일 09시,화요일,경상북도 영주시 하망동,중상사고,0,1,0,0,차대사람 - 기타,안전운전불이행,건조,맑음,교차로 - 교차로안,승용,남,46세,상해없음,보행자,여,90세 이상,중상
2018013000100163,2018년 1월 30일 09시,화요일,경상북도 경산시 진량읍,경상사고,0,0,1,0,차대사람 - 횡단중,보행자보호의무위반,건조,맑음,교차로 - 교차로횡단보도내,화물,남,47세,상해없음,보행자,여,26세,경상
2018013000100187,2018년 1월 30일 10시,화요일,경상북도 경주시 용강동,경상사고,0,0,1,0,차대차 - 측면충돌,안전운전불이행,건조,맑음,단일로 - 기타,승용,남,54세,상해없음,승용,남,63세,경상
2018013000100188,2018년 1월 30일 10시,화요일,경상북도 포항시 북구 양덕동,경상사고,0,0,1,0,차대차 - 측면충돌,안전운전불이행,건조,맑음,교차로 - 교차로부근,승용,여,58세,상해없음,승용,여,58세,경상