사고번호,사고일시,요일,시군구,사고내용,사망자수,중상자수,경상자수,부상신고자수,사고유형,법규위반,노면상태,기상상태,도로형태,가해운전자 차종,가해운전자 성별,가해운전자 연령,가해운전자 상해정도,피해운전자 차종,피해운전자 성별,피해운전자 연령,피해운전자 상해정도
2018013000100189,2018년 1월 30일 10시,화요일,경상북도 청도군 이서면,경상사고,0,0,2,0,차대차 - 추돌,신호위반,건조,맑음,교차로 - 교차로안,승용,남,36세,경상,화물,남,55세,상해없음
2018013000100215,2018년 1월 30일 11시,화요일,경상북도 영덕군 병곡면,중상사고,0,1,0,0,차량단독 - 공작물충돌,안전운전불이행,건조,맑음,단일로 - 기타,승용,남,39세,중상,,,,
2018013000100216,2018년 1월 30일 11시,화요일,경상북도 구미시 공단동,경상사고,0,0,1,0,차대차 - 추돌,안전운전불이행,건조,맑음,단일로 - 기타,승용,남,59세,상해없음,화물,남,64세,경상
2018013000100277,2018년 1월 30일 13시,화요일,경상북도 김천시 평화동,경상사고,0,0,1,0,차대사람 - 차도통행중,안전운전불이행,건조,맑음,단일로 - 기타,승용,여,36세,상해없음,보행자,여,80세,경상
2018013000100314,2018년 1월 30일 14시,화요일,경상북도 구미시 공단동,중상사고,0,1,0,0,차대차 - 기타,교차로운행방법위반,건조,맑음,교차로 - 교차로안,승합,남,55세,상해없음,이륜,남,37세,중상
2018013000100335,2018년 1월 30일 15시,화요일,경상북도 경산시 옥산동,중상사고,0,2,0,0,차대사람 - 보도통행중,기타,건조,맑음,교차로 - 교차로부근,승용,여,32세,상해없음,보행자,여,56세,중상
2018013000100336,2018년 1월 30일 15시,화요일,경상북도 청송군 안덕면,경상사고,0,0,1,0,차대차 - 후진중충돌,안전운전불이행,건조,맑음,단일로 - 지하차도(도로)내,화물,남,30세,상해없음,승용,남,59세,경상
2018013000100337,2018년 1월 30일 15시,화요일,경상북도 영양군 입암면,경상사고,0,0,1,0,차량단독 - 전도전복 - 전도,안전운전불이행,건조,맑음,단일로 - 기타,승용,여,57세,경상,미분류,미분류,미분류,미분류
2018013000100374,2018년 1월 30일 16시,화요일,경상북도 포항시 북구 양덕동,경상사고,0,0,1,0,차대차 - 측면충돌,안전운전불이행,건조,맑음,단일로 - 기타,승용,남,25세,상해없음,화물,남,45세,경상
2018013000100408,2018년 1월 30일 17시,화요일,경상북도 상주시 무양동,중상사고,0,1,0,0,차대사람 - 길가장자리구역통행중,안전운전불이행,건조,맑음,단일로 - 기타,승용,남,57세,상해없음,보행자,남,69세,중상
2018013000100409,2018년 1월 30일 17시,화요일,경상북도 구미시 송정동,경상사고,0,0,2,1,차대차 - 기타,안전운전불이행,건조,맑음,단일로 - 기타,승용,여,49세,부상신고,승용,남,56세,경상
2018013000100410,2018년 1월 30일 17시,화요일,경상북도 포항시 남구 오천읍,경상사고,0,0,2,0,차대차 - 측면충돌,안전운전불이행,건조,맑음,교차로 - 교차로안,승용,남,74세,경상,승용,남,36세,경상
2018013000100461,2018년 1월 30일 18시,화요일,경상북도 경주시 서면,중상사고,0,1,0,0,차대사람 - 길가장자리구역통행중,안전운전불이행,건조,맑음,단일로 - 기타,승용,여,35세,상해없음,보행자,남,4세,중상
2018013000100462,2018년 1월 30일 18시,화요일,경상북도 포항시 북구 죽도동,경상사고,0,0,1,0,차대차 - 측면충돌,차로위반,건조,맑음,단일로 - 기타,승용,남,39세,상해없음,승용,여,30세,경상
2018013000100463,2018년 1월 30일 18시,화요일,경상북도 안동시 용상동,중상사고,0,1,0,0,차대사람 - 횡단중,보행자보호의무위반,건조,맑음,단일로 - 기타,승용,남,44세,상해없음,보행자,남,8세,중상
2018013000100593,2018년 1월 30일 21시,화요일,경상북도 영천시 망정동,중상사고,0,1,0,0,차대차 - 추돌,안전운전불이행,건조,맑음,교차로 - 교차로부근,승용,남,53세,상해없음,승용,여,57세,중상
2018013000100643,2018년 1월 30일 23시,화요일,경상북도 영주시 가흥동,경상사고,0,0,1,0,차대차 - 측면충돌,안전운전불이행,건조,맑음,교차로 - 교차로안,승용,남,53세,상해없음,승용,여,23세,경상
2018013100100011,2018년 1월 31일 00시,수요일,경상북도 영덕군 영덕읍,중상사고,0,1,0,0,차량단독 - 도로외이탈 - 추락,안전운전불이행,건조,맑음,교차로 - 교차로부근,승용,여,47세,중상,,,,
2018013100100012,2018년 1월 31일 00시,수요일,경상북도 구미시 원평동,경상사고,0,0,1,0,차대차 - 추돌,안전운전불이행,건조,맑음,교차로 - 교차로부근,승용,남,37세,상해없음,승용,여,39세,경상
2018013100100101,2018년 1월 31일 07시,수요일,경상북도 안동시 와룡면,경상사고,0,0,3,0,차대차 - 정면충돌,중앙선침범,건조,맑음,단일로 - 기타,화물,남,60세,경상,승용,남,31세,경상
2018013100100102,2018년 1월 31일 07시,수요일,경상북도 구미시 공단동,중상사고,0,1,0,1,차대차 - 측면충돌,안전운전불이행,건조,맑음,교차로 - 교차로안,승용,여,50세,부상신고,승용,남,43세,중상
2018013100100150,2018년 1월 31일 08시,수요일,경상북도 문경시 모전동,경상사고,0,0,1,0,차대차 - 측면충돌,직진우회전진행방해,건조,맑음,교차로 - 교차로안,승용,여,46세,상해없음,승용,여,67세,경상
2018013100100184,2018년 1월 31일 09시,수요일,경상북도 안동시 용상동,중상사고,0,1,2,0,차대차 - 측면충돌,중앙선침범,건조,맑음,단일로 - 기타,승용,여,55세,상해없음,승용,남,75세,경상
2018013100100214,2018년 1월 31일 10시,수요일,경상북도 영주시 가흥동,경상사고,0,0,1,0,차대차 - 측면충돌,신호위반,건조,맑음,교차로 - 교차로안,화물,남,65세,상해없음,화물,남,60세,경상
2018013100100233,2018년 1월 31일 11시,수요일,경상북도 영덕군 영해면,경상사고,0,0,1,0,차량단독 - 공작물충돌,안전운전불이행,건조,맑음,기타 - 기타,승용,남,66세,상해없음,,,,
2018013100100258,2018년 1월 31일 12시,수요일,경상북도 경주시 배반동,경상사고,0,0,2,0,차대차 - 추돌,안전운전불이행,건조,맑음,교차로 - 교차로부근,화물,남,61세,경상,승용,남,34세,경상
2018013100100259,2018년 1월 31일 12시,수요일,경상북도 의성군 봉양면,경상사고,0,0,1,0,차대차 - 측면충돌,안전거리미확보,건조,맑음,단일로 - 기타,이륜,남,86세,경상,승용,남,48세,상해없음
2018013100100329,2018년 1월 31일 15시,수요일,경상북도 청도군 화양읍,중상사고,0,1,0,0,차대차 - 측면충돌,안전운전불이행,건조,맑음,단일로 - 기타,화물,여,62세,상해없음,이륜,남,73세,중상
2018013100100359,2018년 1월 31일 16시,수요일,경상북도 문경시 흥덕동,경상사고,0,0,3,0,차대차 - 측면충돌,안전운전불이행,건조,맑음,교차로 - 교차로안,승용,여,46세,경상,승용,여,61세,경상
2018013100100360,2018년 1월 31일 16시,수요일,경상북도 영덕군 강구면,중상사고,0,2,0,0,차대차 - 측면충돌,안전운전불이행,건조,맑음,단일로 - 기타,승용,남,39세,상해없음,승용,여,45세,중상
2018013100100361,2018년 1월 31일 16시,수요일,경상북도 성주군 용암면,경상사고,0,0,1,0,차대차 - 측면충돌,안전운전불이행,건조,맑음,단일로 - 기타,승합,여,43세,상해없음,이륜,남,75세,경상
2018013100100362,2018년 1월 31일 16시,수요일,경상북도 칠곡군 지천면,사망사고,1,0,0,0,차대차 - 기타,안전운전불이행,건조,맑음,단일로 - 기타,화물,남,29세,상해없음,승용,남,61세,사망
2018013100100391,2018년 1월 31일 17시,수요일,경상북도 영주시 영주동,부상신고사고,0,0,0,1,차대차 - 측면충돌,안전운전불이행,건조,맑음,교차로 - 교차로안,화물,남,61세,상해없음,승용,남,67세,부상신고
2018013100100435,2018년 1월 31일 18시,수요일,경상북도 구미시 봉곡동,중상사고,0,1,0,0,차대차 - 기타,중앙선침범,건조,맑음,단일로 - 기타,승용,남,62세,상해없음,승용,여,30세,중상
2018013100100436,2018년 1월 31일 18시,수요일,경상북도 구미시 도량동,경상사고,0,0,2,0,차대차 - 기타,교차로운행방법위반,건조,맑음,교차로 - 교차로안,승용,남,74세,상해없음,승용,남,37세,경상
2018013100100489,2018년 1월 31일 19시,수요일,경상북도 김천시 대항면,경상사고,0,0,2,0,차대차 - 측면충돌,안전운전불이행,건조,흐림,단일로 - 기타,승용,남,25세,경상,화물,남,55세,경상
2018013100100525,2018년 1월 31일 20시,수요일,경상북도 포항시 남구 대도동,경상사고,0,0,1,0,차대차 - 측면충돌,안전운전불이행,건조,맑음,교차로 - 교차로안,승용,남,36세,상해없음,승용,여,62세,경상
2018013100100569,2018년 1월 31일 22시,수요일,경상북도 영천시 화산면,부상신고사고,0,0,0,1,차대차 - 기타,안전운전불이행,건조,맑음,단일로 - 기타,승용,남,52세,상해없음,승용,남,41세,상해없음
2018013100100602,2018년 1월 31일 23시,수요일,경상북도 경산시 하양읍,중상사고,0,1,0,0,차대차 - 측면충돌,신호위반,건조,맑음,단일로 - 기타,화물,남,53세,상해없음,승용,남,53세,중상
2018013100100603,2018년 1월 31일 23시,수요일,경상북도 구미시 지산동,경상사고,0,0,1,0,차대차 - 기타,안전운전불이행,건조,맑음,교차로 - 교차로부근,화물,남,48세,상해없음,승용,남,51세,상해없음
2018013100100604,2018년 1월 31일 23시,수요일,경상북도 포항시 남구 오천읍,경상사고,0,0,1,0,차대차 - 측면충돌,안전운전불이행,건조,맑음,교차로 - 교차로부근,승용,남,31세,상해없음,이륜,남,44세,경상
2018020100100020,2018년 2월 1일 00시,목요일,경상북도 안동시 동부동,경상사고,0,0,2,0,차대차 - 측면충돌,직진우회전진행방해,건조,맑음,교차로 - 교차로안,승용,남,25세,상해없음,승용,남,61세,경상
2018020100100077,2018년 2월 1일 06시,목요일,경상북도 칠곡군 석적읍,경상사고,0,0,2,0,차대차 - 기타,안전운전불이행,건조,흐림,교차로 - 교차로부근,승용,남,51세,상해없음,승용,남,36세,경상
2018020100100078,2018년 2월 1일 06시,목요일,경상북도 칠곡군 가산면,중상사고,0,1,0,0,차대사람 - 길가장자리구역통행중,안전운전불이행,건조,맑음,단일로 - 기타,승용,남,33세,상해없음,보행자,여,57세,중상
2018020100100098,2018년 2월 1일 07시,목요일,경상북도 포항시 북구 죽도동,중상사고,0,1,0,0,차대사람 - 횡단중,안전운전불이행,건조,맑음,교차로 - 교차로부근,승용,여,66세,상해없음,보행자,여,74세,중상
2018020100100099,2018년 2월 1일 07시,목요일,경상북도 구미시 봉곡동,중상사고,0,3,0,0,차대차 - 측면충돌,신호위반,건조,맑음,교차로 - 교차로안,승용,남,46세,상해없음,화물,남,61세,중상
2018020100100134,2018년 2월 1일 08시,목요일,경상북도 봉화군 봉화읍,경상사고,0,0,2,0,차대차 - 추돌,안전운전불이행,건조,맑음,단일로 - 기타,승용,여,18세,상해없음,승용,남,73세,경상
2018020100100181,2018년 2월 1일 09시,목요일,경상북도 포항시 남구 이동,중상사고,0,1,0,0,차대사람 - 길가장자리구역통행중,안전운전불이행,건조,맑음,단일로 - 기타,화물,남,54세,상해없음,보행자,남,59세,중상
2018020100100211,2018년 2월 1일 10시,목요일,경상북도 경주시 외동읍,경상사고,0,0,2,0,차대차 - 측면충돌,안전운전불이행,건조,맑음,단일로 - 지하차도(도로)내,승용,남,69세,상해없음,화물,남,51세,상해없음
2018020100100212,2018년 2월 1일 10시,목요일,경상북도 영천시 완산동,경상사고,0,0,1,0,차대차 - 측면충돌,차로위반,건조,맑음,단일로 - 기타,건설기계,남,63세,상해없음,승용,남,49세,경상
2018020100100248,2018년 2월 1일 11시,목요일,경상북도 울진군 매화면,중상사고,0,1,0,0,차대차 - 추돌,안전운전불이행,건조,맑음,교차로 - 교차로부근,화물,남,50세,상해없음,승용,남,67세,중상
2018020100100278,2018년 2월 1일 12시,목요일,경상북도 칠곡군 왜관읍,경상사고,0,0,1,0,차대사람 - 길가장자리구역통행중,안전운전불이행,건조,맑음,기타 - 기타,승용,남,52세,상해없음,보행자,남,29세,경상
2018020100100279,2018년 2월 1일 12시,목요일,경상북도 문경시 점촌동,경상사고,0,0,2,0,차대차 - 측면충돌,교차로운행방법위반,건조,맑음,교차로 - 교차로안,화물,남,61세,경상,승용,남,72세,상해없음
2018020100100280,2018년 2월 1일 12시,목요일,경상북도 경산시 중방동,경상사고,0,0,1,0,차대사람 - 차도통행중,안전운전불이행,건조,맑음,단일로 - 기타,승용,남,86세,상해없음,보행자,여,65세,경상
2018020100100320,2018년 2월 1일 13시,목요일,경상북도 안동시 송현동,경상사고,0,0,1,0,차대차 - 측면충돌,안전운전불이행,건조,맑음,단일로 - 기타,화물,남,56세,상해없음,이륜,여,56세,경상
2018020100100321,2018년 2월 1일 13시,목요일,경상북도 의성군 사곡면,중상사고,0,1,0,0,차량단독 - 도로외이탈 - 추락,안전운전불이행,건조,맑음,단일로 - 기타,화물,남,66세,중상,,,,
2018020100100322,2018년 2월 1일 13시,목요일,경상북도 영천시 서산동,경상사고,0,0,1,0,차대차 - 측면충돌,안전거리미확보,건조,맑음,단일로 - 기타,승용,여,69세,상해없음,화물,남,53세,경상
2018020100100323,2018년 2월 1일 13시,목요일,경상북도 영양군 영양읍,중상사고,0,1,0,0,차대사람 - 횡단중,안전운전불이행,건조,맑음,교차로 - 교차로안,승용,남,64세,상해없음,보행자,여,77세,중상
2018020100100351,2018년 2월 1일 14시,목요일,경상북도 경주시 외동읍,경상사고,0,0,1,0,차대차 - 측면충돌,신호위반,건조,맑음,교차로 - 교차로안,이륜,남,27세,경상,승합,남,40세,상해없음
2018020100100415,2018년 2월 1일 16시,목요일,경상북도 예천군 예천읍,중상사고,0,1,0,0,차대사람 - 차도통행중,안전운전불이행,건조,맑음,교차로 - 교차로안,승용,남,54세,상해없음,보행자,남,70세,중상
2018020100100442,2018년 2월 1일 17시,목요일,경상북도 경산시 상방동,중상사고,0,1,0,0,차대차 - 측면충돌,안전운전불이행,건조,맑음,교차로 - 교차로안,승용,남,48세,상해없음,승용,여,43세,중상
2018020100100443,2018년 2월 1일 17시,목요일,경상북도 봉화군 봉화읍,중상사고,0,3,2,0,차대차 - 정면충돌,중앙선침범,건조,맑음,교차로 - 교차로안,화물,남,20세,중상,화물,남,61세,경상
2018020100100489,2018년 2월 1일 18시,목요일,경상북도 칠곡군 북삼읍,부상신고사고,0,0,0,1,차대차 - 측면충돌,교차로운행방법위반,건조,맑음,교차로 - 교차로안,승용,여,41세,기타불명,이륜,남,23세,부상신고
2018020100100490,2018년 2월 1일 18시,목요일,경상북도 예천군 지보면,중상사고,0,1,0,0,차대차 - 측면충돌,안전운전불이행,건조,맑음,단일로 - 기타,이륜,남,85세,중상,화물,남,55세,기타불명
2018020100100491,2018년 2월 1일 18시,목요일,경상북도 구미시 산동면,경상사고,0,0,1,0,차대차 - 기타,교차로운행방법위반,건조,맑음,교차로 - 교차로안,승용,남,55세,상해없음,승용,남,63세,상해없음
2018020100100547,2018년 2월 1일 19시,목요일,경상북도 포항시 북구 양덕동,경상사고,0,0,2,0,차대차 - 정면충돌,직진우회전진행방해,건조,맑음,교차로 - 교차로안,승용,남,38세,경상,화물,여,43세,경상
2018020100100548,2018년 2월 1일 19시,목요일,경상북도 안동시 용상동,경상사고,0,0,1,0,차대차 - 측면충돌,안전운전불이행,건조,맑음,교차로 - 교차로안,승용,남,44세,경상,승용,남,47세,상해없음
2018020100100549,2018년 2월 1일 19시,목요일,경상북도 상주시 화서면,경상사고,0,0,1,0,차대차 - 측면충돌,교차로운행방법위반,건조,맑음,교차로 - 교차로안,화물,남,54세,상해없음,화물,남,62세,경상
2018020100100550,2018년 2월 1일 19시,목요일,경상북도 성주군 초전면,중상사고,0,1,0,0,차대차 - 측면충돌,신호위반,건조,맑음,교차로 - 교차로안,승용,남,56세,상해없음,이륜,남,47세,중상
2018020100100583,2018년 2월 1일 20시,목요일,경상북도 경주시 충효동,중상사고,0,1,0,0,차대차 - 측면충돌,안전운전불이행,건조,맑음,교차로 - 교차로안,승용,여,27세,상해없음,이륜,남,21세,중상
2018020100100584,2018년 2월 1일 20시,목요일,경상북도 안동시 당북동,경상사고,0,0,1,0,차대사람 - 횡단중,안전운전불이행,건조,맑음,교차로 - 교차로안,화물,남,52세,상해없음,보행자,남,65세,경상
2018020100100585,2018년 2월 1일 20시,목요일,경상북도 경산시 옥산동,중상사고,0,1,0,0,차대사람 - 횡단중,보행자보호의무위반,건조,맑음,교차로 - 교차로횡단보도내,이륜,남,18세,상해없음,보행자,여,52세,중상
2018020100100586,2018년 2월 1일 20시,목요일,경상북도 경산시 조영동,중상사고,0,1,0,0,차대차 - 측면충돌,교차로운행방법위반,건조,맑음,교차로 - 교차로안,승용,남,28세,상해없음,화물,남,36세,중상
2018020100100587,2018년 2월 1일 20시,목요일,경상북도 구미시 옥계동,중상사고,0,2,0,1,차대차 - 측면충돌,신호위반,건조,맑음,교차로 - 교차로안,승용,남,52세,부상신고,승용,남,28세,중상
2018020100100614,2018년 2월 1일 21시,목요일,경상북도 김천시 신음동,경상사고,0,0,2,0,차대사람 - 횡단중,안전운전불이행,건조,맑음,단일로 - 기타,승용,여,51세,상해없음,보행자,남,55세,경상
2018020100100649,2018년 2월 1일 22시,목요일,경상북도 울진군 북면,사망사고,3,1,0,0,차대차 - 정면충돌,중앙선침범,건조,맑음,단일로 - 기타,승용,남,35세,사망,승용,남,45세,사망
2018020100100650,2018년 2월 1일 22시,목요일,경상북도 영양군 영양읍,중상사고,0,1,0,0,차량단독 - 전도전복 - 전도,안전운전불이행,건조,맑음,교차로 - 교차로안,이륜,남,36세,중상,미분류,미분류,미분류,미분류
2018020100100680,2018년 2월 1일 23시,목요일,경상북도 구미시 임수동,경상사고,0,0,2,0,차대차 - 추돌,안전운전불이행,건조,맑음,단일로 - 기타,승용,남,48세,상해없음,승용,여,36세,경상
2018020100100681,2018년 2월 1일 23시,목요일,경상북도 포항시 남구 오천읍,중상사고,0,1,0,0,차대사람 - 횡단중,안전운전불이행,건조,맑음,단일로 - 기타,승용,남,59세,상해없음,보행자,남,45세,중상
2018020200100026,2018년 2월 2일 01시,금요일,경상북도 구미시 송정동,부상신고사고,0,0,0,1,차대차 - 추돌,안전운전불이행,건조,맑음,단일로 - 기타,승용,남,29세,부상신고,화물,남,43세,상해없음
2018020200100027,2018년 2월 2일 01시,금요일,경상북도 구미시 송정동,중상사고,0,1,0,0,차대사람 - 기타,보행자보호의무위반,건조,맑음,교차로 - 교차로횡단보도내,승용,남,46세,상해없음,보행자,남,54세,중상
2018020200100071,2018년 2월 2일 06시,금요일,경상북도 칠곡군 석적읍,경상사고,0,0,1,0,차대차 - 측면충돌,직진우회전진행방해,건조,맑음,교차로 - 교차로안,승용,남,29세,상해없음,승용,남,24세,경상
2018020200100094,2018년 2월 2일 07시,금요일,경상북도 포항시 북구 동빈2가,경상사고,0,0,2,0,차대차 - 측면충돌,신호위반,건조,맑음,교차로 - 교차로안,승용,남,71세,경상,승용,남,33세,경상
2018020200100095,2018년 2월 2일 07시,금요일,경상북도 칠곡군 석적읍,경상사고,0,0,1,0,차대차 - 측면충돌,안전운전불이행,건조,맑음,교차로 - 교차로안,승용,여,48세,상해없음,승용,남,27세,경상
2018020200100096,2018년 2월 2일 07시,금요일,경상북도 경산시 대동,경상사고,0,0,1,0,차대사람 - 차도통행중,기타,건조,맑음,단일로 - 기타,승합,남,31세,상해없음,보행자,여,62세,경상
2018020200100097,2018년 2월 2일 07시,금요일,경상북도 성주군 성주읍,경상사고,0,0,1,0,차대차 - 측면충돌,안전운전불이행,건조,맑음,교차로 - 교차로안,승용,남,56세,상해없음,승용,남,24세,경상
2018020200100142,2018년 2월 2일 08시,금요일,경상북도 포항시 북구 죽도동,중상사고,0,1,0,0,차대차 - 측면충돌,안전운전불이행,건조,맑음,단일로 - 기타,자전거,여,64세,중상,승용,남,49세,상해없음
2018020200100143,2018년 2월 2일 08시,금요일,경상북도 포항시 북구 흥해읍,중상사고,0,2,0,0,차대차 - 측면충돌,중앙선침범,건조,맑음,단일로 - 기타,건설기계,남,62세,상해없음,승용,여,51세,중상
2018020200100144,2018년 2월 2일 08시,금요일,경상북도 구미시 구포동,경상사고,0,0,2,0,차대차 - 측면충돌,안전운전불이행,건조,맑음,교차로 - 교차로부근,승용,남,22세,상해없음,화물,남,44세,경상
2018020200100145,2018년 2월 2일 08시,금요일,경상북도 포항시 남구 동해면,경상사고,0,0,1,0,차대사람 - 기타,안전운전불이행,건조,맑음,단일로 - 기타,승용,남,74세,상해없음,보행자,여,43세,경상
2018020200100179,2018년 2월 2일 09시,금요일,경상북도 안동시 서부동,경상사고,0,0,1,0,차대사람 - 보도통행중,보행자보호의무위반,건조,맑음,단일로 - 기타,승용,여,55세,상해없음,보행자,여,62세,경상
2018020200100206,2018년 2월 2일 10시,금요일,경상북도 경주시 황오동,경상사고,0,0,2,0,차대차 - 추돌,안전운전불이행,건조,맑음,교차로 - 교차로부근,화물,남,65세,상해없음,승용,남,58세,경상
2018020200100207,2018년 2월 2일 10시,금요일,경상북도 포항시 북구 장성동,경상사고,0,0,2,0,차대차 - 측면충돌,신호위반,건조,맑음,교차로 - 교차로안,승용,여,56세,상해없음,승용,남,53세,경상
2018020200100208,2018년 2월 2일 10시,금요일,경상북도 포항시 남구 효자동,경상사고,0,0,1,0,차대사람 - 보도통행중,안전운전불이행,건조,맑음,단일로 - 기타,승용,여,69세,상해없음,보행자,남,67세,경상
2018020200100235,2018년 2월 2일 11시,금요일,경상북도 영주시 가흥동,경상사고,0,0,1,0,차대차 - 측면충돌,신호위반,건조,맑음,교차로 - 교차로안,승용,여,57세,상해없음,승용,남,47세,경상
2018020200100236,2018년 2월 2일 11시,금요일,경상북도 경산시 사동,경상사고,0,0,1,0,차대사람 - 횡단중,신호위반,건조,맑음,교차로 - 교차로안,승용,여,48세,상해없음,보행자,남,72세,경상
2018020200100257,2018년 2월 2일 12시,금요일,경상북도 구미시 신평동,부상신고사고,0,0,0,1,차대차 - 측면충돌,안전운전불이행,건조,맑음,단일로 - 기타,이륜,남,39세,부상신고,승용,남,61세,상해없음
2018020200100259,2018년 2월 2일 12시,금요일,경상북도 구미시 신평동,중상사고,0,1,0,0,차대차 - 기타,안전운전불이행,건조,맑음,교차로 - 교차로부근,승용,여,34세,상해없음,자전거,남,69세,중상
2018020200100285,2018년 2월 2일 13시,금요일,경상북도 구미시 공단동,경상사고,0,0,1,2,차대차 - 기타,안전운전불이행,건조,맑음,교차로 - 교차로안,승용,남,28세,상해없음,승용,남,33세,경상
2018020200100286,2018년 2월 2일 13시,금요일,경상북도 포항시 남구 장기면,경상사고,0,0,1,0,차대차 - 기타,중앙선침범,건조,맑음,단일로 - 기타,화물,남,68세,경상,승용,남,51세,상해없음
2018020200100318,2018년 2월 2일 14시,금요일,경상북도 포항시 북구 용흥동,경상사고,0,0,1,0,차대차 - 기타,차로위반,건조,맑음,교차로 - 교차로부근,이륜,남,73세,경상,화물,남,62세,상해없음
2018020200100319,2018년 2월 2일 14시,금요일,경상북도 경산시 중방동,중상사고,0,1,0,0,차대차 - 측면충돌,안전운전불이행,건조,맑음,교차로 - 교차로부근,승용,남,74세,상해없음,자전거,남,87세,중상
2018020200100320,2018년 2월 2일 14시,금요일,경상북도 영덕군 영해면,경상사고,0,0,3,0,차대차 - 측면충돌,안전운전불이행,건조,맑음,교차로 - 교차로부근,승용,여,61세,상해없음,승용,남,35세,경상
2018020200100321,2018년 2월 2일 14시,금요일,경상북도 구미시 도량동,중상사고,0,1,0,0,차대사람 - 횡단중,보행자보호의무위반,건조,맑음,단일로 - 기타,승용,남,38세,상해없음,보행자,여,9세,중상
2018020200100322,2018년 2월 2일 14시,금요일,경상북도 포항시 남구 상도동,경상사고,0,0,1,0,차대차 - 측면충돌,차로위반,건조,맑음,교차로 - 교차로부근,승용,남,63세,상해없음,승용,여,65세,경상
2018020200100362,2018년 2월 2일 15시,금요일,경상북도 구미시 원평동,경상사고,0,0,1,0,차대차 - 기타,안전운전불이행,건조,맑음,교차로 - 교차로부근,승용,여,53세,상해없음,이륜,남,31세,경상
2018020200100363,2018년 2월 2일 15시,금요일,경상북도 구미시 원평동,경상사고,0,0,1,0,차대차 - 측면충돌,안전거리미확보,건조,맑음,단일로 - 기타,승용,여,52세,상해없음,승용,여,66세,경상
2018020200100364,2018년 2월 2일 15시,금요일,경상북도 고령군 성산면,경상사고,0,0,3,0,차대차 - 추돌,안전운전불이행,건조,맑음,단일로 - 기타,승용,남,50세,상해없음,승용,여,54세,경상
2018020200100392,2018년 2월 2일 16시,금요일,경상북도 칠곡군 석적읍,경상사고,0,0,2,2,차대차 - 측면충돌,안전운전불이행,건조,맑음,교차로 - 교차로안,승용,남,28세,상해없음,승용,남,36세,경상
2018020200100393,2018년 2월 2일 16시,금요일,경상북도 구미시 원평동,중상사고,0,1,0,0,차대사람 - 횡단중,보행자보호의무위반,건조,맑음,단일로 - 기타,승용,여,67세,상해없음,보행자,남,9세,중상
2018020200100394,2018년 2월 2일 16시,금요일,경상북도 구미시 봉곡동,경상사고,0,0,1,0,차대차 - 기타,안전운전불이행,건조,맑음,교차로 - 교차로부근,승용,남,59세,상해없음,승용,여,33세,경상
2018020200100423,2018년 2월 2일 17시,금요일,경상북도 상주시 외답동,경상사고,0,0,1,0,차대차 - 측면충돌,안전거리미확보,건조,맑음,단일로 - 기타,이륜,여,66세,경상,화물,남,50세,상해없음
2018020200100466,2018년 2월 2일 18시,금요일,경상북도 상주시 지천동,중상사고,0,1,0,0,차량단독 - 공작물충돌,안전운전불이행,건조,맑음,단일로 - 고가도로위,승용,여,32세,중상,,,,
2018020200100467,2018년 2월 2일 18시,금요일,경상북도 문경시 점촌동,경상사고,0,0,1,0,차대차 - 측면충돌,교차로운행방법위반,건조,맑음,교차로 - 교차로안,승용,여,34세,상해없음,승용,남,42세,상해없음
2018020200100513,2018년 2월 2일 19시,금요일,경상북도 경산시 진량읍,경상사고,0,0,2,0,차대차 - 추돌,안전거리미확보,건조,맑음,단일로 - 교량,승용,남,59세,상해없음,승용,남,32세,경상
2018020200100514,2018년 2월 2일 19시,금요일,경상북도 포항시 남구 대잠동,경상사고,0,0,1,0,차대차 - 추돌,안전운전불이행,건조,맑음,교차로 - 교차로부근,승용,남,28세,상해없음,승용,남,34세,경상
2018020200100515,2018년 2월 2일 19시,금요일,경상북도 포항시 남구 대잠동,경상사고,0,0,1,0,차대차 - 측면충돌,신호위반,건조,맑음,교차로 - 교차로안,이륜,남,33세,경상,승용,여,51세,상해없음
2018020200100580,2018년 2월 2일 21시,금요일,경상북도 영주시 가흥동,경상사고,0,0,5,0,차대차 - 측면충돌,교차로운행방법위반,건조,맑음,교차로 - 교차로안,승용,남,19세,상해없음,승용,여,40세,경상
2018020200100614,2018년 2월 2일 22시,금요일,경상북도 포항시 북구 득량동,경상사고,0,0,1,0,차대사람 - 횡단중,보행자보호의무위반,건조,맑음,교차로 - 교차로안,기타불명,기타불명,미분류,기타불명,보행자,남,58세,경상
2018020200100615,2018년 2월 2일 22시,금요일,경상북도 구미시 진평동,경상사고,0,0,5,0,차대차 - 추돌,안전운전불이행,건조,맑음,교차로 - 교차로부근,승용,남,38세,상해없음,승용,남,63세,경상
2018020200100616,2018년 2월 2일 22시,금요일,경상북도 포항시 남구 오천읍,중상사고,0,1,0,0,차대사람 - 길가장자리구역통행중,안전운전불이행,건조,맑음,교차로 - 교차로안,승용,남,26세,상해없음,보행자,남,59세,중상
2018020200100657,2018년 2월 2일 23시,금요일,경상북도 포항시 북구 환호동,경상사고,0,0,1,0,차대차 - 기타,안전운전불이행,건조,맑음,단일로 - 기타,승용,남,68세,상해없음,이륜,남,45세,경상
2018020300100081,2018년 2월 3일 03시,토요일,경상북도 울진군 죽변면,중상사고,0,1,0,0,차량단독 - 공작물충돌,안전운전불이행,건조,맑음,단일로 - 기타,승용,여,35세,중상,,,,