사고번호,사고일시,요일,시군구,사고내용,사망자수,중상자수,경상자수,부상신고자수,사고유형,법규위반,노면상태,기상상태,도로형태,가해운전자 차종,가해운전자 성별,가해운전자 연령,가해운전자 상해정도,피해운전자 차종,피해운전자 성별,피해운전자 연령,피해운전자 상해정도
2018020300100090,2018년 2월 3일 04시,토요일,경상북도 경주시 사정동,부상신고사고,0,0,0,1,차대차 - 측면충돌,중앙선침범,건조,맑음,단일로 - 기타,승용,남,38세,부상신고,화물,남,57세,상해없음
2018020300100104,2018년 2월 3일 05시,토요일,경상북도 영주시 봉현면,중상사고,0,1,0,0,차량단독 - 공작물충돌,안전운전불이행,건조,맑음,교차로 - 교차로안,승용,여,60세,중상,,,,
2018020300100105,2018년 2월 3일 05시,토요일,경상북도 구미시 공단동,경상사고,0,0,1,0,차대차 - 기타,안전운전불이행,건조,맑음,단일로 - 기타,승용,남,33세,경상,승용,여,47세,상해없음
2018020300100121,2018년 2월 3일 06시,토요일,경상북도 경주시 양북면,중상사고,0,1,0,0,차량단독 - 도로외이탈 - 추락,안전운전불이행,건조,맑음,교차로 - 교차로부근,승합,남,65세,중상,,,,
2018020300100122,2018년 2월 3일 06시,토요일,경상북도 성주군 선남면,경상사고,0,0,1,0,차대차 - 측면충돌,신호위반,건조,맑음,교차로 - 교차로안,승용,여,43세,경상,화물,남,58세,상해없음
2018020300100123,2018년 2월 3일 06시,토요일,경상북도 포항시 남구 오천읍,경상사고,0,0,2,0,차대차 - 측면충돌,과속,건조,맑음,단일로 - 기타,승용,남,24세,상해없음,승용,남,44세,경상
2018020300100210,2018년 2월 3일 10시,토요일,경상북도 칠곡군 동명면,중상사고,0,1,1,0,차대차 - 정면충돌,중앙선침범,서리/결빙,맑음,단일로 - 기타,승용,남,65세,중상,승용,남,54세,경상
2018020300100255,2018년 2월 3일 11시,토요일,경상북도 포항시 남구 대잠동,경상사고,0,0,2,0,차대차 - 추돌,안전운전불이행,건조,맑음,단일로 - 기타,승용,여,65세,상해없음,승용,남,61세,경상
2018020300100256,2018년 2월 3일 11시,토요일,경상북도 구미시 광평동,경상사고,0,0,4,0,차대차 - 추돌,안전거리미확보,건조,맑음,단일로 - 기타,화물,남,42세,경상,승용,여,43세,상해없음
2018020300100304,2018년 2월 3일 12시,토요일,경상북도 영주시 영주동,경상사고,0,0,1,0,차대사람 - 횡단중,보행자보호의무위반,건조,맑음,단일로 - 기타,승용,남,60세,상해없음,보행자,남,7세,경상
2018020300100305,2018년 2월 3일 12시,토요일,경상북도 경산시 대동,중상사고,0,1,0,0,차대사람 - 횡단중,신호위반,건조,맑음,교차로 - 교차로횡단보도내,이륜,여,61세,상해없음,보행자,여,32세,중상
2018020300100400,2018년 2월 3일 14시,토요일,경상북도 경주시 구황동,경상사고,0,0,1,0,차대차 - 측면충돌,안전운전불이행,건조,맑음,주차장 - 주차장,승용,남,75세,상해없음,승용,여,44세,경상
2018020300100401,2018년 2월 3일 14시,토요일,경상북도 포항시 북구 두호동,경상사고,0,0,1,0,차대차 - 후진중충돌,불법유턴,건조,맑음,단일로 - 기타,승용,남,71세,상해없음,승용,남,37세,경상
2018020300100402,2018년 2월 3일 14시,토요일,경상북도 안동시 일직면,중상사고,0,2,2,0,차대차 - 정면충돌,안전운전불이행,건조,맑음,단일로 - 기타,화물,남,64세,상해없음,승합,남,68세,상해없음
2018020300100403,2018년 2월 3일 14시,토요일,경상북도 구미시 원평동,경상사고,0,0,1,0,차대사람 - 횡단중,안전운전불이행,건조,맑음,교차로 - 교차로부근,승용,남,44세,상해없음,보행자,남,58세,경상
2018020300100437,2018년 2월 3일 15시,토요일,경상북도 칠곡군 동명면,경상사고,0,0,2,0,차대차 - 측면충돌,안전운전불이행,서리/결빙,맑음,교차로 - 교차로부근,화물,남,74세,상해없음,이륜,남,44세,경상
2018020300100438,2018년 2월 3일 15시,토요일,경상북도 구미시 진평동,경상사고,0,0,1,0,차대차 - 기타,교차로운행방법위반,건조,맑음,교차로 - 교차로안,승용,남,31세,상해없음,이륜,남,27세,경상
2018020300100467,2018년 2월 3일 16시,토요일,경상북도 포항시 남구 대잠동,경상사고,0,0,1,0,차대차 - 측면충돌,교차로운행방법위반,건조,맑음,교차로 - 교차로안,이륜,남,42세,경상,승용,여,45세,상해없음
2018020300100493,2018년 2월 3일 17시,토요일,경상북도 경주시 성건동,경상사고,0,0,1,0,차대사람 - 길가장자리구역통행중,안전운전불이행,건조,맑음,단일로 - 기타,승용,여,51세,상해없음,보행자,남,50세,경상
2018020300100494,2018년 2월 3일 17시,토요일,경상북도 포항시 북구 대흥동,부상신고사고,0,0,0,1,차대차 - 측면충돌,안전운전불이행,건조,맑음,단일로 - 기타,기타불명,기타불명,미분류,기타불명,이륜,남,20세,부상신고
2018020300100495,2018년 2월 3일 17시,토요일,경상북도 영천시 대창면,경상사고,0,0,1,0,차대차 - 측면충돌,안전운전불이행,건조,맑음,단일로 - 기타,승용,남,32세,경상,화물,남,53세,상해없음
2018020300100540,2018년 2월 3일 18시,토요일,경상북도 안동시 송천동,중상사고,0,2,2,0,차대차 - 정면충돌,안전운전불이행,건조,맑음,교차로 - 교차로안,화물,남,59세,중상,승용,남,51세,중상
2018020300100541,2018년 2월 3일 18시,토요일,경상북도 영주시 가흥동,경상사고,0,0,3,0,차대차 - 측면충돌,안전운전불이행,건조,맑음,단일로 - 기타,승용,남,65세,상해없음,승용,남,44세,경상
2018020300100542,2018년 2월 3일 18시,토요일,경상북도 포항시 남구 지곡동,중상사고,0,1,0,0,차대차 - 기타,직진우회전진행방해,건조,맑음,교차로 - 교차로안,승용,남,55세,상해없음,이륜,남,34세,중상
2018020300100586,2018년 2월 3일 19시,토요일,경상북도 경주시 구황동,경상사고,0,0,2,0,차대차 - 측면충돌,안전운전불이행,건조,맑음,단일로 - 기타,승용,남,49세,상해없음,승용,남,66세,경상
2018020300100587,2018년 2월 3일 19시,토요일,경상북도 포항시 북구 용흥동,경상사고,0,0,1,0,차대차 - 측면충돌,안전운전불이행,건조,맑음,단일로 - 기타,승용,남,39세,기타불명,승용,남,68세,경상
2018020300100588,2018년 2월 3일 19시,토요일,경상북도 칠곡군 석적읍,부상신고사고,0,0,0,2,차대차 - 후진중충돌,안전운전불이행,건조,맑음,교차로 - 교차로부근,승용,남,41세,상해없음,화물,남,42세,부상신고
2018020300100632,2018년 2월 3일 20시,토요일,경상북도 고령군 다산면,경상사고,0,0,1,0,차대차 - 측면충돌,안전운전불이행,건조,맑음,단일로 - 기타,승용,남,61세,경상,승용,남,29세,기타불명
2018020300100669,2018년 2월 3일 21시,토요일,경상북도 성주군 월항면,경상사고,0,0,1,0,차대차 - 기타,안전운전불이행,건조,맑음,단일로 - 기타,화물,남,54세,상해없음,승용,남,26세,경상
2018020300100670,2018년 2월 3일 21시,토요일,경상북도 구미시 옥계동,부상신고사고,0,0,0,1,차대차 - 기타,안전운전불이행,건조,맑음,교차로 - 교차로안,이륜,남,50세,부상신고,승용,남,32세,상해없음
2018020300100708,2018년 2월 3일 22시,토요일,경상북도 경주시 성건동,경상사고,0,0,1,0,차대차 - 측면충돌,안전운전불이행,건조,맑음,단일로 - 기타,승용,남,51세,상해없음,이륜,남,27세,경상
2018020300100709,2018년 2월 3일 22시,토요일,경상북도 경주시 성건동,경상사고,0,0,1,0,차대차 - 추돌,안전운전불이행,건조,맑음,교차로 - 교차로부근,승용,남,68세,상해없음,승용,남,63세,경상
2018020300100710,2018년 2월 3일 22시,토요일,경상북도 봉화군 석포면,경상사고,0,0,1,0,차대차 - 측면충돌,직진우회전진행방해,건조,맑음,교차로 - 교차로안,자전거,남,48세,경상,승용,남,67세,상해없음
2018020300100711,2018년 2월 3일 22시,토요일,경상북도 구미시 임은동,경상사고,0,0,1,0,차대차 - 추돌,안전운전불이행,건조,맑음,교차로 - 교차로부근,승용,남,54세,상해없음,승용,여,45세,경상
2018020300100738,2018년 2월 3일 23시,토요일,경상북도 안동시 용상동,사망사고,1,0,0,0,차대사람 - 횡단중,안전운전불이행,건조,맑음,단일로 - 기타,승용,남,51세,상해없음,보행자,남,47세,사망
2018020400100017,2018년 2월 4일 00시,일요일,경상북도 안동시 태화동,경상사고,0,0,2,0,차대차 - 추돌,안전운전불이행,건조,맑음,교차로 - 교차로부근,승용,남,25세,상해없음,승용,남,57세,상해없음
2018020400100066,2018년 2월 4일 03시,일요일,경상북도 포항시 북구 죽도동,경상사고,0,0,2,0,차대차 - 측면충돌,안전운전불이행,건조,맑음,교차로 - 교차로부근,승용,여,45세,상해없음,승용,남,69세,경상
2018020400100082,2018년 2월 4일 04시,일요일,경상북도 경산시 남산면,사망사고,1,0,0,0,차량단독 - 전도전복 - 전복,안전운전불이행,건조,맑음,교차로 - 교차로안,승용,남,41세,사망,미분류,미분류,미분류,미분류
2018020400100155,2018년 2월 4일 09시,일요일,경상북도 예천군 감천면,경상사고,0,0,1,0,차대사람 - 차도통행중,안전운전불이행,건조,맑음,주차장 - 주차장,승용,남,72세,상해없음,보행자,남,50세,경상
2018020400100202,2018년 2월 4일 11시,일요일,경상북도 영천시 교촌동,경상사고,0,0,2,0,차대차 - 측면충돌,신호위반,건조,맑음,교차로 - 교차로안,승용,여,24세,상해없음,승용,남,54세,경상
2018020400100203,2018년 2월 4일 11시,일요일,경상북도 고령군 대가야읍,경상사고,0,0,1,0,차대사람 - 차도통행중,중앙선침범,건조,맑음,단일로 - 지하차도(도로)내,화물,남,64세,상해없음,보행자,여,69세,경상
2018020400100204,2018년 2월 4일 11시,일요일,경상북도 구미시 봉곡동,부상신고사고,0,0,0,1,차량단독 - 기타,안전운전불이행,건조,맑음,단일로 - 기타,원동기,남,20세,부상신고,,,,
2018020400100223,2018년 2월 4일 12시,일요일,경상북도 안동시 풍산읍,경상사고,0,0,1,0,차대사람 - 횡단중,안전운전불이행,건조,맑음,단일로 - 기타,승용,남,41세,상해없음,보행자,남,7세,경상
2018020400100276,2018년 2월 4일 14시,일요일,경상북도 경주시 탑동,사망사고,1,1,0,0,차량단독 - 공작물충돌,중앙선침범,건조,맑음,단일로 - 기타,승용,남,79세,사망,,,,
2018020400100277,2018년 2월 4일 14시,일요일,경상북도 문경시 문경읍,경상사고,0,0,1,0,차대차 - 측면충돌,교차로운행방법위반,건조,맑음,교차로 - 교차로부근,이륜,여,79세,경상,승용,여,51세,상해없음
2018020400100294,2018년 2월 4일 15시,일요일,경상북도 안동시 옥동,경상사고,0,0,2,0,차대차 - 추돌,안전운전불이행,건조,맑음,단일로 - 기타,승용,남,26세,상해없음,승용,남,30세,경상
2018020400100295,2018년 2월 4일 15시,일요일,경상북도 구미시 사곡동,경상사고,0,0,1,1,차대차 - 기타,안전운전불이행,건조,맑음,단일로 - 기타,승용,여,22세,부상신고,승용,여,51세,경상
2018020400100392,2018년 2월 4일 18시,일요일,경상북도 칠곡군 왜관읍,중상사고,0,1,0,0,차대사람 - 길가장자리구역통행중,안전운전불이행,건조,맑음,단일로 - 기타,승용,남,70세,상해없음,보행자,남,78세,중상
2018020400100393,2018년 2월 4일 18시,일요일,경상북도 청도군 풍각면,중상사고,0,1,1,1,차대차 - 측면충돌,안전운전불이행,건조,맑음,교차로 - 교차로안,화물,남,69세,중상,승용,여,54세,부상신고
2018020400100394,2018년 2월 4일 18시,일요일,경상북도 포항시 남구 대도동,중상사고,0,1,1,0,차대사람 - 횡단중,안전운전불이행,건조,맑음,교차로 - 교차로부근,이륜,남,20세,경상,보행자,여,67세,중상
2018020400100422,2018년 2월 4일 19시,일요일,경상북도 김천시 신음동,중상사고,0,1,0,0,차대사람 - 횡단중,안전운전불이행,건조,맑음,교차로 - 교차로부근,승용,남,44세,상해없음,보행자,여,36세,중상
2018020400100423,2018년 2월 4일 19시,일요일,경상북도 상주시 낙양동,중상사고,0,1,2,0,차대차 - 추돌,교차로운행방법위반,건조,맑음,교차로 - 교차로안,승용,남,61세,경상,승용,남,68세,경상
2018020400100424,2018년 2월 4일 19시,일요일,경상북도 영천시 완산동,경상사고,0,0,2,0,차대차 - 측면충돌,교차로운행방법위반,건조,맑음,교차로 - 교차로안,승합,남,58세,경상,승용,남,39세,경상
2018020400100449,2018년 2월 4일 20시,일요일,경상북도 경주시 용강동,경상사고,0,0,1,0,차대차 - 정면충돌,안전운전불이행,건조,맑음,단일로 - 기타,승용,남,60세,상해없음,승용,남,22세,경상
2018020400100478,2018년 2월 4일 21시,일요일,경상북도 영주시 영주동,중상사고,0,1,0,0,차대사람 - 횡단중,보행자보호의무위반,건조,맑음,단일로 - 기타,승용,남,23세,상해없음,보행자,남,68세,중상
2018020400100479,2018년 2월 4일 21시,일요일,경상북도 영천시 오미동,부상신고사고,0,0,0,1,차량단독 - 공작물충돌,안전운전불이행,건조,맑음,단일로 - 기타,승용,남,58세,부상신고,,,,
2018020500100044,2018년 2월 5일 04시,월요일,경상북도 문경시 유곡동,중상사고,0,1,0,0,차대차 - 기타,안전운전불이행,건조,맑음,단일로 - 기타,화물,남,69세,중상,승용,남,36세,상해없음
2018020500100091,2018년 2월 5일 07시,월요일,경상북도 경주시 외동읍,경상사고,0,0,2,0,차대차 - 측면충돌,신호위반,건조,맑음,교차로 - 교차로안,승용,남,58세,상해없음,승용,남,57세,경상
2018020500100092,2018년 2월 5일 07시,월요일,경상북도 구미시 진평동,중상사고,0,1,0,0,차대차 - 기타,안전운전불이행,건조,맑음,단일로 - 기타,승용,남,41세,상해없음,자전거,여,32세,중상
2018020500100127,2018년 2월 5일 08시,월요일,경상북도 안동시 옥동,경상사고,0,0,1,0,차대차 - 측면충돌,안전운전불이행,건조,맑음,단일로 - 기타,승용,남,26세,상해없음,승용,여,40세,경상
2018020500100128,2018년 2월 5일 08시,월요일,경상북도 김천시 봉산면,경상사고,0,0,2,0,차대차 - 측면충돌,교차로운행방법위반,건조,맑음,교차로 - 교차로안,화물,남,68세,상해없음,농기계,남,78세,경상
2018020500100129,2018년 2월 5일 08시,월요일,경상북도 상주시 신봉동,중상사고,0,2,0,0,차대차 - 추돌,안전운전불이행,건조,맑음,단일로 - 기타,승용,남,76세,중상,승합,남,47세,기타불명
2018020500100130,2018년 2월 5일 08시,월요일,경상북도 영천시 금호읍,경상사고,0,0,2,0,차대차 - 측면충돌,차로위반,건조,맑음,단일로 - 기타,승용,남,48세,경상,승용,여,26세,경상
2018020500100131,2018년 2월 5일 08시,월요일,경상북도 문경시 점촌동,중상사고,0,1,0,0,차대차 - 측면충돌,안전운전불이행,건조,맑음,단일로 - 기타,승용,여,59세,상해없음,승용,여,24세,중상
2018020500100132,2018년 2월 5일 08시,월요일,경상북도 청도군 풍각면,부상신고사고,0,0,0,1,차대차 - 측면충돌,교차로운행방법위반,건조,맑음,교차로 - 교차로안,화물,남,62세,상해없음,승용,여,49세,부상신고
2018020500100133,2018년 2월 5일 08시,월요일,경상북도 포항시 남구 괴동동,경상사고,0,0,1,0,차대차 - 측면충돌,안전거리미확보,건조,맑음,단일로 - 기타,승용,남,31세,상해없음,승용,여,39세,경상
2018020500100183,2018년 2월 5일 09시,월요일,경상북도 포항시 북구 장성동,경상사고,0,0,1,0,차대차 - 측면충돌,교차로운행방법위반,건조,맑음,교차로 - 교차로안,승용,남,68세,상해없음,승용,여,58세,경상
2018020500100184,2018년 2월 5일 09시,월요일,경상북도 안동시 운흥동,경상사고,0,0,1,0,차대차 - 측면충돌,교차로운행방법위반,건조,맑음,교차로 - 교차로안,승용,여,47세,상해없음,승용,남,58세,경상
2018020500100185,2018년 2월 5일 09시,월요일,경상북도 칠곡군 석적읍,경상사고,0,0,2,0,차대차 - 측면충돌,교차로운행방법위반,건조,맑음,교차로 - 교차로안,승용,남,24세,상해없음,승용,남,45세,경상
2018020500100186,2018년 2월 5일 09시,월요일,경상북도 성주군 선남면,경상사고,0,0,2,0,차대차 - 측면충돌,안전운전불이행,건조,맑음,교차로 - 교차로안,승용,남,64세,경상,승용,여,38세,경상
2018020500100225,2018년 2월 5일 10시,월요일,경상북도 경주시 도지동,경상사고,0,0,1,0,차대차 - 측면충돌,안전운전불이행,건조,맑음,교차로 - 교차로안,화물,남,63세,상해없음,승용,여,57세,경상
2018020500100226,2018년 2월 5일 10시,월요일,경상북도 영덕군 축산면,경상사고,0,0,1,0,차대차 - 측면충돌,직진우회전진행방해,건조,맑음,교차로 - 교차로안,이륜,남,77세,경상,승용,남,24세,상해없음
2018020500100227,2018년 2월 5일 10시,월요일,경상북도 포항시 남구 연일읍,경상사고,0,0,2,0,차대차 - 측면충돌,직진우회전진행방해,건조,맑음,교차로 - 교차로안,화물,남,57세,경상,화물,남,30세,경상
2018020500100289,2018년 2월 5일 12시,월요일,경상북도 청도군 청도읍,경상사고,0,0,1,0,차대차 - 측면충돌,교차로운행방법위반,건조,맑음,교차로 - 교차로안,화물,남,56세,상해없음,승용,남,38세,경상
2018020500100290,2018년 2월 5일 12시,월요일,경상북도 포항시 남구 대도동,경상사고,0,0,1,0,차대차 - 측면충돌,안전운전불이행,건조,맑음,교차로 - 교차로안,승용,남,59세,상해없음,승용,남,28세,경상
2018020500100316,2018년 2월 5일 13시,월요일,경상북도 영주시 휴천동,경상사고,0,0,1,0,차대차 - 측면충돌,안전운전불이행,건조,맑음,교차로 - 교차로안,승용,남,61세,상해없음,이륜,남,70세,경상
2018020500100317,2018년 2월 5일 13시,월요일,경상북도 경산시 사정동,경상사고,0,0,1,0,차대사람 - 길가장자리구역통행중,안전운전불이행,건조,맑음,교차로 - 교차로안,자전거,여,42세,상해없음,보행자,여,67세,경상
2018020500100354,2018년 2월 5일 14시,월요일,경상북도 상주시 냉림동,경상사고,0,0,1,0,차대차 - 측면충돌,안전운전불이행,건조,맑음,교차로 - 교차로안,특수,남,31세,상해없음,승용,남,48세,경상
2018020500100355,2018년 2월 5일 14시,월요일,경상북도 영주시 상망동,중상사고,0,2,1,0,차대차 - 추돌,안전운전불이행,건조,맑음,단일로 - 기타,화물,남,49세,상해없음,승용,여,63세,중상
2018020500100389,2018년 2월 5일 15시,월요일,경상북도 안동시 와룡면,중상사고,0,1,2,0,차대차 - 측면충돌,중앙선침범,건조,맑음,단일로 - 기타,화물,남,56세,중상,승용,남,66세,경상
2018020500100390,2018년 2월 5일 15시,월요일,경상북도 칠곡군 북삼읍,경상사고,0,0,1,0,차대차 - 측면충돌,교차로운행방법위반,건조,맑음,교차로 - 교차로안,승용,여,68세,상해없음,승용,남,37세,경상
2018020500100427,2018년 2월 5일 16시,월요일,경상북도 성주군 성주읍,경상사고,0,0,3,0,차대차 - 측면충돌,안전운전불이행,건조,맑음,교차로 - 교차로안,승용,여,23세,경상,승용,여,35세,경상
2018020500100428,2018년 2월 5일 16시,월요일,경상북도 구미시 장천면,경상사고,0,0,1,1,차대차 - 측면충돌,직진우회전진행방해,건조,맑음,교차로 - 교차로안,승용,남,76세,부상신고,화물,남,80세,경상
2018020500100498,2018년 2월 5일 18시,월요일,경상북도 경주시 동천동,경상사고,0,0,1,0,차대사람 - 길가장자리구역통행중,안전운전불이행,건조,맑음,단일로 - 기타,승용,여,55세,상해없음,보행자,여,38세,경상
2018020500100499,2018년 2월 5일 18시,월요일,경상북도 칠곡군 왜관읍,부상신고사고,0,0,0,1,차대차 - 정면충돌,신호위반,건조,맑음,교차로 - 교차로안,승용,남,44세,부상신고,승용,남,47세,상해없음
2018020500100535,2018년 2월 5일 19시,월요일,경상북도 포항시 북구 죽도동,경상사고,0,0,1,0,차대사람 - 횡단중,안전운전불이행,건조,맑음,교차로 - 교차로안,승용,여,46세,상해없음,보행자,여,46세,경상
2018020500100565,2018년 2월 5일 20시,월요일,경상북도 포항시 북구 두호동,경상사고,0,0,1,0,차대차 - 측면충돌,신호위반,건조,맑음,교차로 - 교차로횡단보도내,승용,여,29세,상해없음,자전거,남,51세,경상
2018020500100591,2018년 2월 5일 21시,월요일,경상북도 경주시 성건동,경상사고,0,0,2,0,차대차 - 측면충돌,안전운전불이행,건조,맑음,교차로 - 교차로부근,화물,남,64세,상해없음,승합,남,59세,경상
2018020500100592,2018년 2월 5일 21시,월요일,경상북도 영주시 가흥동,경상사고,0,0,1,0,차대차 - 추돌,안전운전불이행,건조,맑음,단일로 - 기타,화물,남,59세,상해없음,승용,남,37세,경상
2018020500100619,2018년 2월 5일 22시,월요일,경상북도 포항시 남구 해도동,중상사고,0,1,1,1,차대차 - 측면충돌,안전운전불이행,건조,맑음,단일로 - 기타,승용,남,40세,부상신고,승용,남,35세,중상
2018020500100633,2018년 2월 5일 23시,월요일,경상북도 구미시 공단동,경상사고,0,0,1,0,차대차 - 기타,신호위반,건조,맑음,교차로 - 교차로안,승용,남,35세,상해없음,승용,남,50세,경상
2018020500100634,2018년 2월 5일 23시,월요일,경상북도 포항시 남구 오천읍,중상사고,0,1,0,0,차대차 - 측면충돌,차로위반,건조,맑음,단일로 - 기타,승용,여,42세,상해없음,화물,남,25세,중상
2018020600100013,2018년 2월 6일 00시,화요일,경상북도 경주시 용강동,경상사고,0,0,1,0,차대사람 - 길가장자리구역통행중,안전운전불이행,건조,맑음,교차로 - 교차로부근,승합,남,46세,상해없음,보행자,남,26세,경상
2018020600100039,2018년 2월 6일 03시,화요일,경상북도 포항시 남구 대잠동,중상사고,0,1,0,0,차대차 - 측면충돌,교차로운행방법위반,건조,맑음,교차로 - 교차로안,승용,남,38세,상해없음,승용,남,70세,중상
2018020600100044,2018년 2월 6일 04시,화요일,경상북도 청도군 각남면,중상사고,0,1,0,0,차량단독 - 공작물충돌,안전운전불이행,건조,맑음,단일로 - 기타,화물,남,61세,중상,,,,
2018020600100096,2018년 2월 6일 07시,화요일,경상북도 김천시 아포읍,사망사고,1,0,0,0,차량단독 - 공작물충돌,안전운전불이행,건조,맑음,단일로 - 기타,화물,남,54세,사망,,,,
2018020600100134,2018년 2월 6일 08시,화요일,경상북도 경주시 외동읍,부상신고사고,0,0,0,1,차대차 - 측면충돌,안전운전불이행,건조,맑음,단일로 - 기타,사륜오토바이(ATV),남,75세,부상신고,승용,남,55세,기타불명
2018020600100135,2018년 2월 6일 08시,화요일,경상북도 포항시 북구 두호동,경상사고,0,0,1,0,차대사람 - 횡단중,보행자보호의무위반,건조,흐림,교차로 - 교차로안,승용,여,30세,상해없음,보행자,남,10세,경상
2018020600100136,2018년 2월 6일 08시,화요일,경상북도 영천시 성내동,중상사고,0,1,1,0,차대차 - 측면충돌,직진우회전진행방해,건조,맑음,교차로 - 교차로안,화물,남,58세,경상,승용,여,38세,중상
2018020600100178,2018년 2월 6일 09시,화요일,경상북도 안동시 남문동,경상사고,0,0,1,0,차대사람 - 보도통행중,보행자보호의무위반,건조,맑음,단일로 - 기타,특수,남,41세,상해없음,보행자,남,80세,경상
2018020600100179,2018년 2월 6일 09시,화요일,경상북도 경산시 대동,경상사고,0,0,1,0,차대사람 - 기타,안전운전불이행,건조,맑음,단일로 - 기타,승용,남,32세,상해없음,보행자,남,27세,경상
2018020600100180,2018년 2월 6일 09시,화요일,경상북도 구미시 송정동,중상사고,0,1,0,0,차대사람 - 기타,보행자보호의무위반,건조,맑음,교차로 - 교차로부근,화물,남,37세,상해없음,보행자,여,60세,중상
2018020600100206,2018년 2월 6일 10시,화요일,경상북도 경주시 성동동,경상사고,0,0,1,0,차대차 - 측면충돌,안전운전불이행,건조,맑음,단일로 - 기타,승용,남,80세,상해없음,자전거,남,74세,경상
2018020600100207,2018년 2월 6일 10시,화요일,경상북도 구미시 인의동,중상사고,0,1,0,0,차대사람 - 횡단중,보행자보호의무위반,건조,맑음,교차로 - 교차로횡단보도내,화물,남,61세,상해없음,보행자,남,73세,중상
2018020600100234,2018년 2월 6일 11시,화요일,경상북도 경주시 시래동,중상사고,0,1,1,0,차대차 - 측면충돌,신호위반,건조,맑음,교차로 - 교차로안,승용,남,61세,상해없음,승용,남,54세,경상
2018020600100275,2018년 2월 6일 12시,화요일,경상북도 포항시 북구 우현동,경상사고,0,0,1,0,차대사람 - 횡단중,보행자보호의무위반,건조,맑음,교차로 - 교차로횡단보도내,승용,여,39세,상해없음,보행자,남,12세,경상
2018020600100276,2018년 2월 6일 12시,화요일,경상북도 경산시 옥곡동,중상사고,0,1,0,0,차대차 - 측면충돌,교차로운행방법위반,건조,맑음,교차로 - 교차로안,화물,남,61세,상해없음,이륜,남,43세,중상
2018020600100306,2018년 2월 6일 13시,화요일,경상북도 구미시 광평동,중상사고,0,1,0,0,차대차 - 기타,안전운전불이행,건조,맑음,교차로 - 교차로부근,승용,남,59세,상해없음,자전거,남,56세,중상
2018020600100345,2018년 2월 6일 14시,화요일,경상북도 의성군 금성면,중상사고,0,2,0,0,차대차 - 추돌,안전운전불이행,건조,맑음,단일로 - 기타,특수,남,53세,상해없음,화물,남,67세,중상
2018020600100346,2018년 2월 6일 14시,화요일,경상북도 구미시 도량동,경상사고,0,0,1,0,차대차 - 측면충돌,안전거리미확보,건조,맑음,단일로 - 기타,승용,남,57세,상해없음,승용,여,39세,경상
2018020600100374,2018년 2월 6일 15시,화요일,경상북도 포항시 북구 죽도동,경상사고,0,0,2,1,차대차 - 측면충돌,신호위반,건조,맑음,교차로 - 교차로안,화물,남,58세,상해없음,화물,남,25세,경상
2018020600100406,2018년 2월 6일 16시,화요일,경상북도 경주시 천북면,중상사고,0,1,2,0,차대차 - 측면충돌,안전운전불이행,건조,맑음,단일로 - 기타,승용,남,34세,경상,화물,남,32세,중상
2018020600100407,2018년 2월 6일 16시,화요일,경상북도 포항시 남구 오천읍,경상사고,0,0,1,0,차대사람 - 횡단중,안전운전불이행,건조,맑음,단일로 - 기타,승용,여,37세,상해없음,보행자,남,48세,경상
2018020600100438,2018년 2월 6일 17시,화요일,경상북도 김천시 지좌동,중상사고,0,1,0,0,차대차 - 추돌,안전운전불이행,건조,맑음,단일로 - 기타,화물,여,60세,상해없음,자전거,남,37세,중상
2018020600100439,2018년 2월 6일 17시,화요일,경상북도 영주시 영주동,경상사고,0,0,1,0,차대사람 - 길가장자리구역통행중,안전운전불이행,건조,맑음,교차로 - 교차로부근,승용,남,48세,상해없음,보행자,여,78세,경상
2018020600100440,2018년 2월 6일 17시,화요일,경상북도 포항시 남구 대도동,경상사고,0,0,1,0,차대사람 - 차도통행중,안전운전불이행,건조,맑음,단일로 - 기타,승용,여,30세,상해없음,보행자,여,30세,경상
2018020600100441,2018년 2월 6일 17시,화요일,경상북도 포항시 남구 오천읍,경상사고,0,0,2,0,차대차 - 기타,안전운전불이행,건조,맑음,교차로 - 교차로안,승용,여,54세,상해없음,승용,남,38세,경상
2018020600100485,2018년 2월 6일 18시,화요일,경상북도 경산시 옥산동,경상사고,0,0,1,0,차대사람 - 횡단중,보행자보호의무위반,건조,맑음,교차로 - 교차로횡단보도내,승용,여,40세,상해없음,보행자,여,42세,경상
2018020600100486,2018년 2월 6일 18시,화요일,경상북도 구미시 도량동,경상사고,0,0,1,0,차대차 - 측면충돌,안전운전불이행,건조,맑음,단일로 - 기타,승용,남,68세,상해없음,이륜,남,23세,경상
2018020600100487,2018년 2월 6일 18시,화요일,경상북도 포항시 남구 연일읍,경상사고,0,0,1,0,차대차 - 측면충돌,안전운전불이행,건조,맑음,교차로 - 교차로부근,화물,남,56세,상해없음,승용,여,58세,경상
2018020600100521,2018년 2월 6일 19시,화요일,경상북도 영주시 가흥동,중상사고,0,1,0,0,차대차 - 측면충돌,직진우회전진행방해,건조,맑음,교차로 - 교차로안,화물,남,38세,상해없음,승용,남,31세,중상
2018020600100522,2018년 2월 6일 19시,화요일,경상북도 영주시 문수면,중상사고,0,1,0,0,차대사람 - 길가장자리구역통행중,안전운전불이행,건조,맑음,단일로 - 기타,승용,남,52세,상해없음,보행자,남,64세,중상
2018020600100523,2018년 2월 6일 19시,화요일,경상북도 문경시 흥덕동,경상사고,0,0,1,0,차대차 - 후진중충돌,안전운전불이행,건조,맑음,주차장 - 주차장,승용,남,59세,상해없음,원동기,남,45세,경상