사고번호,사고일시,요일,시군구,사고내용,사망자수,중상자수,경상자수,부상신고자수,사고유형,법규위반,노면상태,기상상태,도로형태,가해운전자 차종,가해운전자 성별,가해운전자 연령,가해운전자 상해정도,피해운전자 차종,피해운전자 성별,피해운전자 연령,피해운전자 상해정도
2018020600100558,2018년 2월 6일 20시,화요일,경상북도 성주군 선남면,중상사고,0,1,1,0,차대차 - 추돌,안전운전불이행,건조,맑음,교차로 - 교차로부근,화물,남,57세,상해없음,승용,남,59세,중상
2018020600100587,2018년 2월 6일 21시,화요일,경상북도 포항시 북구 용흥동,경상사고,0,0,1,0,차대사람 - 횡단중,보행자보호의무위반,건조,맑음,교차로 - 교차로안,승용,여,62세,상해없음,보행자,여,59세,경상
2018020600100588,2018년 2월 6일 21시,화요일,경상북도 경산시 압량면,중상사고,0,1,0,0,차대차 - 기타,안전운전불이행,건조,맑음,단일로 - 기타,화물,남,40세,상해없음,승용,남,36세,중상
2018020600100589,2018년 2월 6일 21시,화요일,경상북도 포항시 남구 오천읍,경상사고,0,0,2,0,차대차 - 측면충돌,신호위반,건조,맑음,교차로 - 교차로안,이륜,남,40세,경상,승용,남,26세,경상
2018020600100621,2018년 2월 6일 22시,화요일,경상북도 고령군 대가야읍,경상사고,0,0,1,0,차량단독 - 공작물충돌,안전운전불이행,건조,맑음,단일로 - 교량,이륜,남,57세,경상,,,,
2018020600100622,2018년 2월 6일 22시,화요일,경상북도 구미시 임수동,부상신고사고,0,0,0,1,차대차 - 기타,안전운전불이행,건조,맑음,교차로 - 교차로안,이륜,남,22세,부상신고,승용,남,25세,상해없음
2018020700100154,2018년 2월 7일 08시,수요일,경상북도 경주시 안강읍,경상사고,0,0,1,0,차대차 - 측면충돌,안전운전불이행,건조,맑음,교차로 - 교차로안,건설기계,남,61세,상해없음,승용,여,52세,경상
2018020700100155,2018년 2월 7일 08시,수요일,경상북도 상주시 화산동,중상사고,0,1,1,0,차대차 - 측면충돌,신호위반,건조,맑음,교차로 - 교차로안,승용,여,52세,상해없음,화물,남,54세,경상
2018020700100196,2018년 2월 7일 09시,수요일,경상북도 경주시 충효동,중상사고,0,1,2,0,차대차 - 측면충돌,신호위반,건조,맑음,교차로 - 교차로안,승용,여,60세,중상,승용,남,62세,경상
2018020700100218,2018년 2월 7일 10시,수요일,경상북도 경주시 안강읍,경상사고,0,0,2,0,차대차 - 측면충돌,안전거리미확보,건조,맑음,단일로 - 기타,승용,여,54세,상해없음,승용,남,35세,경상
2018020700100219,2018년 2월 7일 10시,수요일,경상북도 포항시 남구 대잠동,경상사고,0,0,1,0,차대차 - 추돌,안전운전불이행,건조,맑음,단일로 - 기타,승용,여,73세,상해없음,승용,남,40세,경상
2018020700100253,2018년 2월 7일 11시,수요일,경상북도 상주시 복룡동,중상사고,0,1,1,0,차대차 - 측면충돌,중앙선침범,건조,맑음,교차로 - 교차로안,화물,남,60세,경상,승용,남,51세,중상
2018020700100282,2018년 2월 7일 12시,수요일,경상북도 경산시 중방동,경상사고,0,0,1,0,차대사람 - 보도통행중,기타,건조,맑음,단일로 - 기타,승용,남,60세,상해없음,보행자,남,39세,경상
2018020700100283,2018년 2월 7일 12시,수요일,경상북도 고령군 대가야읍,경상사고,0,0,1,0,차대사람 - 길가장자리구역통행중,안전운전불이행,건조,맑음,단일로 - 기타,승용,여,43세,상해없음,보행자,여,62세,경상
2018020700100284,2018년 2월 7일 12시,수요일,경상북도 포항시 남구 오천읍,경상사고,0,0,3,0,차대차 - 측면충돌,안전운전불이행,건조,맑음,단일로 - 기타,승용,남,70세,경상,승용,남,35세,경상
2018020700100308,2018년 2월 7일 13시,수요일,경상북도 경주시 용강동,경상사고,0,0,1,0,차대차 - 추돌,안전운전불이행,건조,맑음,교차로 - 교차로부근,화물,남,50세,상해없음,승용,남,43세,경상
2018020700100309,2018년 2월 7일 13시,수요일,경상북도 성주군 성주읍,경상사고,0,0,1,0,차대차 - 측면충돌,안전운전불이행,건조,맑음,교차로 - 교차로부근,승용,남,70세,상해없음,화물,남,47세,경상
2018020700100340,2018년 2월 7일 14시,수요일,경상북도 포항시 북구 남빈동,경상사고,0,0,2,0,차대차 - 측면충돌,안전운전불이행,건조,맑음,교차로 - 교차로부근,승용,남,21세,상해없음,승합,남,49세,경상
2018020700100341,2018년 2월 7일 14시,수요일,경상북도 안동시 남문동,경상사고,0,0,1,0,차대사람 - 차도통행중,안전운전불이행,건조,맑음,단일로 - 기타,승용,남,43세,상해없음,보행자,여,70세,경상
2018020700100342,2018년 2월 7일 14시,수요일,경상북도 칠곡군 왜관읍,중상사고,0,1,0,0,차대차 - 후진중충돌,중앙선침범,건조,맑음,교차로 - 교차로부근,화물,남,59세,상해없음,승용,남,66세,중상
2018020700100343,2018년 2월 7일 14시,수요일,경상북도 영천시 봉동,경상사고,0,0,1,0,차대차 - 후진중충돌,안전운전불이행,건조,맑음,단일로 - 기타,승용,여,32세,상해없음,승용,여,43세,경상
2018020700100344,2018년 2월 7일 14시,수요일,경상북도 성주군 벽진면,중상사고,0,1,0,0,차대차 - 측면충돌,직진우회전진행방해,건조,맑음,교차로 - 교차로안,화물,남,20세,상해없음,승용,여,57세,중상
2018020700100374,2018년 2월 7일 15시,수요일,경상북도 영주시 영주동,중상사고,0,1,0,0,차대사람 - 횡단중,안전운전불이행,건조,맑음,교차로 - 교차로안,화물,남,69세,상해없음,보행자,여,69세,중상
2018020700100375,2018년 2월 7일 15시,수요일,경상북도 영천시 야사동,경상사고,0,0,1,0,차대사람 - 길가장자리구역통행중,안전운전불이행,건조,맑음,단일로 - 기타,승용,남,66세,상해없음,보행자,여,57세,경상
2018020700100412,2018년 2월 7일 16시,수요일,경상북도 상주시 사벌면,경상사고,0,0,1,0,차대차 - 측면충돌,중앙선침범,건조,맑음,단일로 - 기타,건설기계,남,55세,상해없음,특수,남,53세,경상
2018020700100413,2018년 2월 7일 16시,수요일,경상북도 포항시 남구 송도동,경상사고,0,0,1,0,차대차 - 측면충돌,신호위반,건조,맑음,교차로 - 교차로안,자전거,남,78세,경상,승용,남,61세,상해없음
2018020700100450,2018년 2월 7일 17시,수요일,경상북도 경주시 성동동,경상사고,0,0,1,0,차대차 - 추돌,안전운전불이행,건조,맑음,단일로 - 기타,화물,남,70세,상해없음,승용,남,50세,경상
2018020700100451,2018년 2월 7일 17시,수요일,경상북도 안동시 송현동,경상사고,0,0,1,0,차대사람 - 차도통행중,안전운전불이행,건조,맑음,단일로 - 기타,승용,남,59세,상해없음,보행자,여,17세,경상
2018020700100452,2018년 2월 7일 17시,수요일,경상북도 경산시 중산동,경상사고,0,0,2,0,차대차 - 기타,안전운전불이행,건조,맑음,교차로 - 교차로안,승용,여,47세,상해없음,승용,남,27세,경상
2018020700100453,2018년 2월 7일 17시,수요일,경상북도 구미시 공단동,경상사고,0,0,1,0,차대차 - 추돌,안전거리미확보,건조,맑음,교차로 - 교차로안,승용,남,43세,상해없음,승용,남,37세,경상
2018020700100454,2018년 2월 7일 17시,수요일,경상북도 포항시 남구 호미곶면,경상사고,0,0,1,0,차대차 - 측면충돌,중앙선침범,건조,맑음,단일로 - 기타,승용,여,53세,상해없음,이륜,남,72세,경상
2018020700100507,2018년 2월 7일 18시,수요일,경상북도 경주시 구정동,경상사고,0,0,1,0,차대사람 - 차도통행중,안전운전불이행,건조,맑음,교차로 - 교차로안,승용,남,58세,상해없음,보행자,여,82세,경상
2018020700100508,2018년 2월 7일 18시,수요일,경상북도 의성군 사곡면,중상사고,0,1,0,0,차량단독 - 도로외이탈 - 추락,기타,건조,맑음,단일로 - 기타,승용,남,57세,중상,,,,
2018020700100509,2018년 2월 7일 18시,수요일,경상북도 구미시 고아읍,중상사고,0,1,0,1,차대차 - 정면충돌,중앙선침범,건조,맑음,교차로 - 교차로부근,승용,남,20세,부상신고,승용,여,42세,중상
2018020700100510,2018년 2월 7일 18시,수요일,경상북도 구미시 지산동,중상사고,0,2,0,0,차대차 - 추돌,안전거리미확보,건조,맑음,단일로 - 기타,승용,여,43세,상해없음,승용,여,44세,중상
2018020700100559,2018년 2월 7일 19시,수요일,경상북도 경주시 황성동,중상사고,0,1,0,0,차대차 - 측면충돌,안전운전불이행,건조,맑음,단일로 - 기타,승합,남,66세,상해없음,이륜,여,62세,중상
2018020700100560,2018년 2월 7일 19시,수요일,경상북도 영천시 임고면,경상사고,0,0,1,0,차대차 - 측면충돌,직진우회전진행방해,건조,맑음,교차로 - 교차로부근,승용,여,56세,상해없음,화물,남,40세,경상
2018020700100561,2018년 2월 7일 19시,수요일,경상북도 포항시 남구 오천읍,경상사고,0,0,1,0,차대차 - 측면충돌,신호위반,건조,맑음,교차로 - 교차로안,승용,여,23세,상해없음,화물,남,44세,경상
2018020700100605,2018년 2월 7일 20시,수요일,경상북도 영덕군 병곡면,경상사고,0,0,1,0,차대차 - 측면충돌,직진우회전진행방해,건조,맑음,교차로 - 교차로부근,승합,남,48세,상해없음,승용,남,61세,상해없음
2018020700100639,2018년 2월 7일 21시,수요일,경상북도 안동시 남부동,중상사고,0,1,1,0,차대차 - 측면충돌,안전운전불이행,건조,맑음,단일로 - 기타,승용,여,60세,상해없음,승용,여,34세,중상
2018020800100031,2018년 2월 8일 01시,목요일,경상북도 경주시 동천동,경상사고,0,0,1,0,차대차 - 추돌,안전운전불이행,건조,맑음,단일로 - 기타,승용,여,42세,상해없음,승용,남,51세,경상
2018020800100032,2018년 2월 8일 01시,목요일,경상북도 포항시 북구 용흥동,경상사고,0,0,1,0,차량단독 - 공작물충돌,안전운전불이행,건조,맑음,단일로 - 기타,승용,남,18세,경상,,,,
2018020800100043,2018년 2월 8일 02시,목요일,경상북도 상주시 이안면,사망사고,1,1,1,0,차대차 - 추돌,안전운전불이행,건조,맑음,단일로 - 기타,화물,남,58세,사망,화물,남,49세,경상
2018020800100083,2018년 2월 8일 06시,목요일,경상북도 포항시 북구 장성동,중상사고,0,1,0,0,차대차 - 측면충돌,안전운전불이행,건조,맑음,단일로 - 기타,승용,남,69세,상해없음,승용,남,27세,중상
2018020800100111,2018년 2월 8일 07시,목요일,경상북도 영천시 오미동,경상사고,0,0,1,0,차대차 - 정면충돌,안전운전불이행,건조,맑음,단일로 - 기타,승용,남,36세,상해없음,화물,남,58세,경상
2018020800100152,2018년 2월 8일 08시,목요일,경상북도 영천시 고경면,경상사고,0,0,1,0,차대차 - 추돌,안전운전불이행,건조,맑음,교차로 - 교차로부근,특수,남,53세,상해없음,승용,남,32세,경상
2018020800100199,2018년 2월 8일 09시,목요일,경상북도 포항시 북구 죽도동,중상사고,0,2,1,0,차대차 - 기타,신호위반,건조,맑음,단일로 - 기타,승용,여,56세,상해없음,승용,남,21세,중상
2018020800100200,2018년 2월 8일 09시,목요일,경상북도 경산시 사동,경상사고,0,0,1,0,차대차 - 추돌,안전거리미확보,건조,맑음,교차로 - 교차로부근,승용,남,65세,상해없음,승용,여,42세,경상
2018020800100201,2018년 2월 8일 09시,목요일,경상북도 울진군 죽변면,경상사고,0,0,1,0,차대사람 - 횡단중,보행자보호의무위반,건조,맑음,교차로 - 교차로부근,승용,남,59세,상해없음,보행자,여,58세,경상
2018020800100238,2018년 2월 8일 10시,목요일,경상북도 김천시 지좌동,부상신고사고,0,0,0,1,차대차 - 추돌,안전운전불이행,건조,맑음,단일로 - 기타,승용,남,44세,상해없음,승용,남,44세,상해없음
2018020800100239,2018년 2월 8일 10시,목요일,경상북도 봉화군 봉화읍,경상사고,0,0,3,0,차대차 - 기타,신호위반,건조,맑음,교차로 - 교차로안,승용,여,47세,경상,승용,남,71세,상해없음
2018020800100267,2018년 2월 8일 11시,목요일,경상북도 구미시 산동면,경상사고,0,0,1,0,차대차 - 기타,안전운전불이행,건조,맑음,단일로 - 기타,승용,여,35세,상해없음,승용,남,79세,경상
2018020800100304,2018년 2월 8일 12시,목요일,경상북도 포항시 북구 흥해읍,중상사고,0,1,0,0,차대사람 - 기타,안전운전불이행,건조,맑음,단일로 - 기타,승용,여,52세,상해없음,보행자,여,83세,중상
2018020800100305,2018년 2월 8일 12시,목요일,경상북도 포항시 북구 덕산동,경상사고,0,0,1,0,차대차 - 추돌,안전운전불이행,건조,맑음,교차로 - 교차로부근,승용,남,42세,상해없음,승용,남,56세,경상
2018020800100306,2018년 2월 8일 12시,목요일,경상북도 포항시 남구 이동,경상사고,0,0,2,0,차대차 - 추돌,안전운전불이행,건조,맑음,단일로 - 기타,승합,남,56세,상해없음,승용,남,41세,경상
2018020800100335,2018년 2월 8일 13시,목요일,경상북도 안동시 북문동,경상사고,0,0,1,0,차대사람 - 보도통행중,보행자보호의무위반,건조,맑음,단일로 - 기타,승용,남,76세,상해없음,보행자,여,12세,경상
2018020800100336,2018년 2월 8일 13시,목요일,경상북도 구미시 원평동,경상사고,0,0,2,0,차대차 - 측면충돌,안전운전불이행,건조,맑음,단일로 - 기타,승용,여,36세,상해없음,승용,남,23세,경상
2018020800100337,2018년 2월 8일 13시,목요일,경상북도 포항시 남구 연일읍,경상사고,0,0,1,0,차대차 - 측면충돌,안전운전불이행,건조,맑음,교차로 - 교차로횡단보도내,승용,남,40세,상해없음,자전거,남,60세,경상
2018020800100369,2018년 2월 8일 14시,목요일,경상북도 영주시 풍기읍,경상사고,0,0,1,0,차대사람 - 횡단중,중앙선침범,건조,맑음,단일로 - 기타,이륜,남,52세,상해없음,보행자,남,14세,경상
2018020800100370,2018년 2월 8일 14시,목요일,경상북도 문경시 점촌동,경상사고,0,0,1,0,차대차 - 기타,안전운전불이행,건조,맑음,단일로 - 기타,화물,남,77세,상해없음,승용,남,44세,경상
2018020800100468,2018년 2월 8일 16시,목요일,경상북도 상주시 신봉동,중상사고,0,3,3,0,차대차 - 추돌,안전운전불이행,건조,맑음,교차로 - 교차로부근,승용,남,56세,중상,화물,남,51세,경상
2018020800100469,2018년 2월 8일 16시,목요일,경상북도 포항시 남구 상도동,경상사고,0,0,1,0,차대사람 - 횡단중,중앙선침범,건조,맑음,교차로 - 교차로부근,승용,남,73세,상해없음,보행자,남,16세,경상
2018020800100541,2018년 2월 8일 18시,목요일,경상북도 안동시 옥동,중상사고,0,1,0,0,차대차 - 측면충돌,교차로운행방법위반,건조,맑음,교차로 - 교차로안,승용,남,47세,상해없음,원동기,남,16세,중상
2018020800100542,2018년 2월 8일 18시,목요일,경상북도 안동시 용상동,경상사고,0,0,2,0,차대차 - 측면충돌,직진우회전진행방해,건조,맑음,교차로 - 교차로안,승용,남,36세,상해없음,승용,남,25세,경상
2018020800100543,2018년 2월 8일 18시,목요일,경상북도 김천시 평화동,중상사고,0,1,0,0,차대차 - 추돌,신호위반,건조,맑음,교차로 - 교차로부근,승용,남,51세,상해없음,자전거,여,74세,중상
2018020800100544,2018년 2월 8일 18시,목요일,경상북도 문경시 점촌동,경상사고,0,0,1,0,차대차 - 추돌,안전거리미확보,건조,맑음,교차로 - 교차로안,승용,남,37세,경상,화물,남,67세,상해없음
2018020800100592,2018년 2월 8일 19시,목요일,경상북도 경주시 황성동,중상사고,0,1,0,0,차대사람 - 길가장자리구역통행중,안전운전불이행,건조,맑음,교차로 - 교차로안,화물,남,59세,상해없음,보행자,남,54세,중상
2018020800100593,2018년 2월 8일 19시,목요일,경상북도 안동시 옥동,경상사고,0,0,3,0,차대차 - 정면충돌,신호위반,건조,맑음,교차로 - 교차로안,이륜,남,19세,경상,승용,남,44세,경상
2018020800100627,2018년 2월 8일 20시,목요일,경상북도 경주시 진현동,중상사고,0,1,0,0,차대차 - 측면충돌,중앙선침범,건조,맑음,교차로 - 교차로부근,화물,남,76세,상해없음,이륜,남,45세,중상
2018020800100628,2018년 2월 8일 20시,목요일,경상북도 포항시 남구 연일읍,중상사고,0,1,0,0,차대사람 - 차도통행중,안전운전불이행,건조,맑음,단일로 - 기타,원동기,남,37세,상해없음,보행자,남,48세,중상
2018020800100664,2018년 2월 8일 21시,목요일,경상북도 안동시 태화동,중상사고,0,1,0,0,차대차 - 측면충돌,안전운전불이행,건조,맑음,단일로 - 기타,승용,남,71세,상해없음,이륜,남,18세,중상
2018020800100665,2018년 2월 8일 21시,목요일,경상북도 포항시 남구 해도동,경상사고,0,0,2,0,차대차 - 측면충돌,안전운전불이행,건조,맑음,교차로 - 교차로안,승용,여,49세,상해없음,승용,남,28세,경상
2018020800100702,2018년 2월 8일 22시,목요일,경상북도 경주시 조양동,경상사고,0,0,1,0,차대차 - 추돌,안전운전불이행,건조,맑음,교차로 - 교차로부근,승합,남,59세,상해없음,승용,남,26세,상해없음
2018020800100703,2018년 2월 8일 22시,목요일,경상북도 경산시 진량읍,중상사고,0,1,0,0,차대사람 - 횡단중,보행자보호의무위반,건조,맑음,교차로 - 교차로횡단보도내,승용,남,75세,상해없음,보행자,여,29세,중상
2018020800100704,2018년 2월 8일 22시,목요일,경상북도 포항시 남구 오천읍,경상사고,0,0,1,0,차대사람 - 횡단중,안전운전불이행,건조,맑음,단일로 - 기타,이륜,남,23세,기타불명,보행자,남,38세,경상
2018020800100741,2018년 2월 8일 23시,목요일,경상북도 칠곡군 석적읍,중상사고,0,1,0,0,차대차 - 측면충돌,신호위반,건조,맑음,교차로 - 교차로안,승용,남,37세,상해없음,승용,남,43세,상해없음
2018020800100742,2018년 2월 8일 23시,목요일,경상북도 경산시 중방동,경상사고,0,0,2,0,차대차 - 측면충돌,중앙선침범,건조,맑음,단일로 - 교량,승용,여,24세,상해없음,승용,여,29세,경상
2018020800100743,2018년 2월 8일 23시,목요일,경상북도 청도군 매전면,경상사고,0,0,1,0,차량단독 - 공작물충돌,안전운전불이행,건조,맑음,단일로 - 기타,화물,남,56세,경상,,,,
2018020900100020,2018년 2월 9일 00시,금요일,경상북도 경산시 중방동,경상사고,0,0,1,0,차대차 - 추돌,안전운전불이행,건조,맑음,교차로 - 교차로부근,승용,남,32세,상해없음,승용,여,32세,경상
2018020900100039,2018년 2월 9일 01시,금요일,경상북도 영천시 금호읍,경상사고,0,0,3,0,차대차 - 측면충돌,안전운전불이행,건조,맑음,교차로 - 교차로안,승용,남,28세,경상,승용,남,54세,경상
2018020900100040,2018년 2월 9일 01시,금요일,경상북도 문경시 마성면,중상사고,0,1,3,0,차대차 - 기타,안전거리미확보,건조,맑음,단일로 - 기타,화물,남,34세,상해없음,승용,여,49세,중상
2018020900100070,2018년 2월 9일 05시,금요일,경상북도 청도군 청도읍,경상사고,0,0,2,0,차대차 - 측면충돌,직진우회전진행방해,건조,맑음,교차로 - 교차로안,화물,여,69세,경상,화물,남,68세,경상
2018020900100071,2018년 2월 9일 05시,금요일,경상북도 구미시 옥계동,경상사고,0,0,2,0,차대차 - 기타,중앙선침범,건조,맑음,단일로 - 지하차도(도로)내,승용,남,34세,상해없음,승용,남,28세,경상
2018020900100101,2018년 2월 9일 07시,금요일,경상북도 포항시 남구 구룡포읍,경상사고,0,0,2,0,차대차 - 측면충돌,교차로운행방법위반,건조,맑음,교차로 - 교차로안,승용,남,60세,경상,화물,남,39세,경상
2018020900100138,2018년 2월 9일 08시,금요일,경상북도 구미시 공단동,중상사고,0,2,0,0,차대차 - 측면충돌,신호위반,건조,맑음,교차로 - 교차로안,승용,남,40세,상해없음,이륜,남,81세,중상
2018020900100139,2018년 2월 9일 08시,금요일,경상북도 포항시 남구 해도동,경상사고,0,0,1,0,차대차 - 기타,교차로운행방법위반,건조,맑음,교차로 - 교차로안,화물,남,32세,상해없음,승용,여,44세,경상
2018020900100177,2018년 2월 9일 09시,금요일,경상북도 칠곡군 북삼읍,중상사고,0,1,0,0,차대사람 - 기타,안전운전불이행,건조,맑음,주차장 - 주차장,화물,남,64세,상해없음,보행자,여,67세,중상
2018020900100215,2018년 2월 9일 10시,금요일,경상북도 안동시 송현동,경상사고,0,0,1,0,차대차 - 추돌,안전거리미확보,건조,맑음,교차로 - 교차로안,승합,남,54세,상해없음,승용,여,37세,경상
2018020900100216,2018년 2월 9일 10시,금요일,경상북도 의성군 의성읍,사망사고,1,0,0,0,차량단독 - 도로외이탈 - 추락,안전운전불이행,건조,맑음,교차로 - 교차로부근,사륜오토바이(ATV),남,86세,사망,,,,
2018020900100218,2018년 2월 9일 10시,금요일,경상북도 문경시 가은읍,중상사고,0,1,0,0,차대사람 - 차도통행중,안전운전불이행,건조,맑음,단일로 - 기타,사륜오토바이(ATV),기타불명,미분류,기타불명,보행자,여,78세,중상
2018020900100219,2018년 2월 9일 10시,금요일,경상북도 예천군 감천면,중상사고,0,1,0,0,차량단독 - 공작물충돌,안전운전불이행,건조,맑음,단일로 - 기타,승용,여,29세,중상,,,,
2018020900100220,2018년 2월 9일 10시,금요일,경상북도 성주군 월항면,중상사고,0,1,0,0,차대차 - 측면충돌,안전운전불이행,건조,맑음,교차로 - 교차로안,이륜,남,55세,중상,화물,남,47세,상해없음
2018020900100256,2018년 2월 9일 11시,금요일,경상북도 구미시 고아읍,경상사고,0,0,1,0,차대차 - 기타,안전운전불이행,건조,맑음,기타 - 기타,승용,여,42세,상해없음,화물,남,32세,경상
2018020900100291,2018년 2월 9일 12시,금요일,경상북도 김천시 모암동,경상사고,0,0,4,0,차대차 - 추돌,안전운전불이행,건조,맑음,교차로 - 교차로부근,화물,남,70세,상해없음,화물,남,33세,경상
2018020900100292,2018년 2월 9일 12시,금요일,경상북도 상주시 은척면,경상사고,0,0,1,0,차대차 - 측면충돌,안전운전불이행,건조,맑음,단일로 - 기타,승용,남,59세,상해없음,승용,여,62세,경상
2018020900100293,2018년 2월 9일 12시,금요일,경상북도 상주시 남성동,중상사고,0,1,0,0,차대사람 - 횡단중,안전운전불이행,건조,맑음,교차로 - 교차로안,승용,여,51세,상해없음,보행자,여,82세,중상
2018020900100294,2018년 2월 9일 12시,금요일,경상북도 상주시 모서면,중상사고,0,1,0,0,차량단독 - 공작물충돌,안전운전불이행,건조,맑음,단일로 - 기타,승용,여,57세,상해없음,,,,
2018020900100295,2018년 2월 9일 12시,금요일,경상북도 상주시 화산동,중상사고,0,1,0,0,차대차 - 측면충돌,교차로운행방법위반,건조,맑음,교차로 - 교차로안,화물,남,76세,상해없음,승용,남,70세,중상
2018020900100330,2018년 2월 9일 13시,금요일,경상북도 성주군 선남면,경상사고,0,0,2,0,차대차 - 추돌,안전운전불이행,건조,맑음,단일로 - 기타,화물,남,42세,상해없음,승용,남,31세,경상
2018020900100358,2018년 2월 9일 14시,금요일,경상북도 경주시 외동읍,경상사고,0,0,1,0,차대사람 - 차도통행중,안전운전불이행,건조,맑음,단일로 - 기타,승용,여,65세,상해없음,보행자,남,82세,경상
2018020900100392,2018년 2월 9일 15시,금요일,경상북도 의성군 안평면,경상사고,0,0,1,0,차량단독 - 기타,안전운전불이행,건조,맑음,단일로 - 기타,승용,남,58세,상해없음,,,,
2018020900100393,2018년 2월 9일 15시,금요일,경상북도 문경시 모전동,경상사고,0,0,1,0,차대차 - 측면충돌,직진우회전진행방해,건조,맑음,교차로 - 교차로안,승용,남,68세,상해없음,이륜,여,65세,경상
2018020900100426,2018년 2월 9일 16시,금요일,경상북도 문경시 흥덕동,중상사고,0,1,0,0,차대차 - 측면충돌,안전운전불이행,건조,맑음,교차로 - 교차로안,승용,남,59세,상해없음,자전거,여,72세,중상
2018020900100427,2018년 2월 9일 16시,금요일,경상북도 구미시 형곡동,경상사고,0,0,1,0,차량단독 - 공작물충돌,안전운전불이행,건조,맑음,교차로 - 교차로부근,승용,여,45세,경상,,,,
2018020900100428,2018년 2월 9일 16시,금요일,경상북도 포항시 남구 이동,경상사고,0,0,4,0,차대차 - 추돌,안전거리미확보,건조,맑음,교차로 - 교차로부근,승용,남,65세,상해없음,승용,남,29세,경상
2018020900100471,2018년 2월 9일 17시,금요일,경상북도 고령군 대가야읍,경상사고,0,0,1,0,차대차 - 추돌,교차로운행방법위반,건조,맑음,교차로 - 교차로안,승용,남,37세,상해없음,이륜,남,59세,경상
2018020900100524,2018년 2월 9일 18시,금요일,경상북도 경주시 성동동,중상사고,0,1,0,0,차대사람 - 횡단중,보행자보호의무위반,건조,맑음,단일로 - 기타,화물,여,52세,상해없음,보행자,여,74세,중상
2018020900100525,2018년 2월 9일 18시,금요일,경상북도 안동시 풍산읍,중상사고,0,1,0,0,차대사람 - 차도통행중,안전운전불이행,건조,맑음,단일로 - 기타,승용,남,75세,상해없음,보행자,여,75세,중상
2018020900100526,2018년 2월 9일 18시,금요일,경상북도 영주시 영주동,중상사고,0,1,0,0,차대사람 - 횡단중,중앙선침범,건조,맑음,교차로 - 교차로부근,승용,여,49세,상해없음,보행자,여,75세,중상
2018020900100527,2018년 2월 9일 18시,금요일,경상북도 영천시 문외동,경상사고,0,0,4,0,차대차 - 측면충돌,중앙선침범,건조,맑음,단일로 - 기타,승용,남,55세,상해없음,승용,남,37세,경상
2018020900100528,2018년 2월 9일 18시,금요일,경상북도 구미시 봉곡동,경상사고,0,0,1,0,차대사람 - 기타,보행자보호의무위반,건조,맑음,교차로 - 교차로횡단보도내,승용,여,31세,상해없음,보행자,여,18세,경상
2018020900100589,2018년 2월 9일 19시,금요일,경상북도 영천시 금호읍,중상사고,0,1,0,0,차대차 - 측면충돌,안전운전불이행,건조,맑음,단일로 - 기타,원동기,남,68세,중상,건설기계,남,57세,기타불명
2018020900100590,2018년 2월 9일 19시,금요일,경상북도 포항시 남구 상도동,경상사고,0,0,2,0,차대차 - 측면충돌,안전운전불이행,건조,맑음,교차로 - 교차로부근,승용,남,62세,경상,승용,남,67세,경상
2018020900100637,2018년 2월 9일 20시,금요일,경상북도 구미시 옥계동,경상사고,0,0,1,0,차대차 - 기타,기타,건조,맑음,단일로 - 기타,승용,여,41세,상해없음,이륜,남,50세,경상
2018020900100678,2018년 2월 9일 21시,금요일,경상북도 안동시 당북동,중상사고,0,1,1,0,차대차 - 측면충돌,중앙선침범,건조,맑음,단일로 - 기타,이륜,남,20세,경상,승용,남,64세,상해없음
2018020900100679,2018년 2월 9일 21시,금요일,경상북도 고령군 다산면,중상사고,0,1,0,0,차량단독 - 기타,안전운전불이행,건조,맑음,단일로 - 기타,이륜,남,67세,중상,,,,
2018020900100764,2018년 2월 9일 23시,금요일,경상북도 칠곡군 기산면,경상사고,0,0,1,0,차량단독 - 도로외이탈 - 기타,안전운전불이행,건조,맑음,단일로 - 기타,화물,남,50세,경상,,,,
2018020900100765,2018년 2월 9일 23시,금요일,경상북도 경산시 하양읍,사망사고,1,0,0,0,차대사람 - 길가장자리구역통행중,안전운전불이행,건조,맑음,단일로 - 기타,승용,남,57세,상해없음,보행자,남,78세,사망
2018021000100068,2018년 2월 10일 02시,토요일,경상북도 포항시 북구 죽도동,중상사고,0,1,1,0,차대차 - 기타,안전운전불이행,건조,맑음,단일로 - 기타,이륜,남,16세,상해없음,승용,남,48세,상해없음
2018021000100132,2018년 2월 10일 07시,토요일,경상북도 문경시 모전동,경상사고,0,0,1,0,차대차 - 측면충돌,신호위반,건조,맑음,교차로 - 교차로안,화물,남,55세,상해없음,원동기,남,69세,경상
2018021000100133,2018년 2월 10일 07시,토요일,경상북도 포항시 남구 오천읍,경상사고,0,0,3,0,차대차 - 측면충돌,안전운전불이행,건조,맑음,교차로 - 교차로안,승용,남,49세,경상,승용,남,34세,경상
2018021000100153,2018년 2월 10일 08시,토요일,경상북도 구미시 사곡동,중상사고,0,1,0,0,차대차 - 기타,차로위반,건조,맑음,교차로 - 교차로부근,승합,여,65세,중상,승용,남,46세,상해없음
2018021000100180,2018년 2월 10일 09시,토요일,경상북도 성주군 성주읍,경상사고,0,0,1,0,차대차 - 측면충돌,중앙선침범,건조,맑음,교차로 - 교차로부근,화물,남,61세,상해없음,화물,남,55세,경상
2018021000100181,2018년 2월 10일 09시,토요일,경상북도 구미시 원평동,경상사고,0,0,2,0,차대차 - 기타,안전운전불이행,건조,맑음,교차로 - 교차로안,승용,남,40세,상해없음,이륜,남,17세,경상