사고번호,사고일시,요일,시군구,사고내용,사망자수,중상자수,경상자수,부상신고자수,사고유형,법규위반,노면상태,기상상태,도로형태,가해운전자 차종,가해운전자 성별,가해운전자 연령,가해운전자 상해정도,피해운전자 차종,피해운전자 성별,피해운전자 연령,피해운전자 상해정도
2018021300100505,2018년 2월 13일 16시,화요일,경상북도 포항시 북구 득량동,경상사고,0,0,1,0,차대차 - 측면충돌,차로위반,건조,맑음,단일로 - 기타,승용,남,62세,상해없음,승용,남,28세,경상
2018021300100506,2018년 2월 13일 16시,화요일,경상북도 고령군 다산면,경상사고,0,0,1,0,차대차 - 측면충돌,교차로운행방법위반,건조,맑음,교차로 - 교차로안,화물,남,54세,상해없음,화물,남,55세,경상
2018021300100561,2018년 2월 13일 17시,화요일,경상북도 안동시 수상동,사망사고,1,2,0,0,차대차 - 정면충돌,안전운전불이행,건조,맑음,교차로 - 교차로안,승용,남,87세,중상,화물,남,72세,중상
2018021300100562,2018년 2월 13일 17시,화요일,경상북도 영천시 야사동,경상사고,0,0,1,0,차대사람 - 횡단중,보행자보호의무위반,건조,맑음,교차로 - 교차로횡단보도내,승용,여,46세,상해없음,보행자,여,81세,경상
2018021300100614,2018년 2월 13일 18시,화요일,경상북도 경주시 용강동,중상사고,0,1,0,0,차대차 - 측면충돌,안전운전불이행,건조,맑음,단일로 - 기타,승용,남,27세,상해없음,이륜,남,49세,중상
2018021300100615,2018년 2월 13일 18시,화요일,경상북도 상주시 죽전동,경상사고,0,0,1,0,차대차 - 측면충돌,안전운전불이행,건조,맑음,교차로 - 교차로안,화물,남,24세,경상,승합,남,58세,상해없음
2018021300100616,2018년 2월 13일 18시,화요일,경상북도 영주시 가흥동,경상사고,0,0,3,0,차대차 - 측면충돌,안전운전불이행,건조,맑음,교차로 - 교차로부근,승용,남,53세,상해없음,승용,남,32세,경상
2018021300100617,2018년 2월 13일 18시,화요일,경상북도 칠곡군 동명면,경상사고,0,0,1,0,차대차 - 정면충돌,안전운전불이행,건조,맑음,교차로 - 교차로안,승용,여,23세,상해없음,승용,여,미분류,경상
2018021300100618,2018년 2월 13일 18시,화요일,경상북도 경산시 정평동,중상사고,0,1,0,0,차량단독 - 기타,안전운전불이행,건조,맑음,단일로 - 기타,승합,남,58세,상해없음,,,,
2018021300100619,2018년 2월 13일 18시,화요일,경상북도 포항시 남구 오천읍,중상사고,0,1,0,0,차대사람 - 횡단중,안전운전불이행,건조,맑음,단일로 - 기타,화물,남,57세,상해없음,보행자,여,75세,중상
2018021300100679,2018년 2월 13일 19시,화요일,경상북도 경산시 중방동,경상사고,0,0,2,0,차대차 - 측면충돌,신호위반,건조,맑음,교차로 - 교차로부근,이륜,남,21세,상해없음,승용,여,24세,경상
2018021300100680,2018년 2월 13일 19시,화요일,경상북도 경산시 중방동,중상사고,0,1,0,0,차대사람 - 기타,보행자보호의무위반,건조,맑음,단일로 - 기타,승용,남,64세,상해없음,보행자,여,17세,중상
2018021300100681,2018년 2월 13일 19시,화요일,경상북도 군위군 효령면,중상사고,0,1,0,0,차대차 - 측면충돌,안전운전불이행,건조,맑음,단일로 - 기타,화물,남,50세,상해없음,승용,남,48세,중상
2018021300100682,2018년 2월 13일 19시,화요일,경상북도 포항시 남구 오천읍,경상사고,0,0,1,0,차대차 - 추돌,안전운전불이행,건조,맑음,교차로 - 교차로안,승용,남,51세,상해없음,이륜,남,16세,경상
2018021300100713,2018년 2월 13일 20시,화요일,경상북도 군위군 군위읍,중상사고,0,1,0,0,차대차 - 정면충돌,안전운전불이행,건조,맑음,교차로 - 교차로부근,승용,남,58세,상해없음,이륜,여,32세,중상
2018021300100753,2018년 2월 13일 21시,화요일,경상북도 포항시 북구 환호동,경상사고,0,0,1,0,차대차 - 측면충돌,안전운전불이행,건조,맑음,단일로 - 기타,승용,남,57세,경상,승용,남,41세,상해없음
2018021300100754,2018년 2월 13일 21시,화요일,경상북도 칠곡군 동명면,중상사고,0,3,1,0,차대차 - 측면충돌,안전운전불이행,건조,맑음,교차로 - 교차로안,승용,남,47세,상해없음,승용,남,56세,경상
2018021300100782,2018년 2월 13일 22시,화요일,경상북도 영천시 성내동,경상사고,0,0,2,0,차대차 - 측면충돌,안전운전불이행,건조,맑음,단일로 - 기타,승용,여,54세,경상,승용,남,52세,경상
2018021300100783,2018년 2월 13일 22시,화요일,경상북도 포항시 남구 오천읍,중상사고,0,1,0,0,차대차 - 측면충돌,안전운전불이행,건조,맑음,교차로 - 교차로부근,이륜,남,20세,상해없음,자전거,여,52세,중상
2018021300100808,2018년 2월 13일 23시,화요일,경상북도 포항시 북구 장성동,중상사고,0,2,3,0,차대차 - 측면충돌,안전운전불이행,건조,맑음,단일로 - 기타,승용,남,38세,상해없음,승용,여,45세,경상
2018021400100029,2018년 2월 14일 00시,수요일,경상북도 구미시 시미동,경상사고,0,0,1,0,차대차 - 기타,안전운전불이행,건조,맑음,교차로 - 교차로부근,승용,남,45세,상해없음,승용,남,35세,경상
2018021400100058,2018년 2월 14일 01시,수요일,경상북도 구미시 해평면,경상사고,0,0,1,0,차량단독 - 공작물충돌,안전운전불이행,건조,맑음,단일로 - 기타,승용,남,25세,경상,,,,
2018021400100073,2018년 2월 14일 02시,수요일,경상북도 구미시 선산읍,경상사고,0,0,1,0,차대차 - 기타,안전운전불이행,건조,맑음,단일로 - 기타,화물,남,52세,경상,화물,남,52세,상해없음
2018021400100116,2018년 2월 14일 06시,수요일,경상북도 경주시 천북면,경상사고,0,0,3,0,차대차 - 측면충돌,안전운전불이행,건조,맑음,단일로 - 기타,승용,남,55세,상해없음,승용,여,42세,경상
2018021400100135,2018년 2월 14일 07시,수요일,경상북도 청도군 각북면,중상사고,0,1,0,0,차대차 - 측면충돌,안전운전불이행,건조,맑음,단일로 - 기타,승합,여,66세,상해없음,농기계,남,67세,중상
2018021400100136,2018년 2월 14일 07시,수요일,경상북도 구미시 고아읍,중상사고,0,1,0,0,차대차 - 기타,안전운전불이행,건조,맑음,교차로 - 교차로부근,이륜,남,72세,중상,승용,남,56세,상해없음
2018021400100137,2018년 2월 14일 07시,수요일,경상북도 영천시 신령면,중상사고,0,1,4,0,차대차 - 기타,과속,건조,맑음,단일로 - 기타,승용,남,50세,경상,화물,남,49세,중상
2018021400100161,2018년 2월 14일 08시,수요일,경상북도 포항시 남구 연일읍,중상사고,0,1,3,0,차대차 - 추돌,안전운전불이행,건조,맑음,교차로 - 교차로부근,승합,남,42세,경상,화물,남,53세,중상
2018021400100187,2018년 2월 14일 09시,수요일,경상북도 경주시 노서동,경상사고,0,0,1,0,차대차 - 추돌,안전운전불이행,건조,맑음,단일로 - 기타,승용,남,79세,상해없음,승용,여,52세,경상
2018021400100188,2018년 2월 14일 09시,수요일,경상북도 포항시 북구 대흥동,중상사고,0,1,0,0,차대차 - 기타,중앙선침범,건조,맑음,단일로 - 기타,승용,남,36세,상해없음,이륜,여,40세,중상
2018021400100221,2018년 2월 14일 10시,수요일,경상북도 상주시 복룡동,경상사고,0,0,1,0,차대차 - 측면충돌,교차로운행방법위반,건조,맑음,교차로 - 교차로안,특수,남,58세,상해없음,승용,남,67세,경상
2018021400100261,2018년 2월 14일 11시,수요일,경상북도 포항시 북구 용흥동,중상사고,0,2,0,0,차대차 - 정면충돌,중앙선침범,건조,맑음,단일로 - 기타,승용,남,74세,상해없음,승용,남,47세,중상
2018021400100262,2018년 2월 14일 11시,수요일,경상북도 포항시 북구 용흥동,경상사고,0,0,1,0,차대차 - 기타,안전운전불이행,건조,맑음,단일로 - 기타,승용,여,49세,상해없음,승용,여,52세,경상
2018021400100263,2018년 2월 14일 11시,수요일,경상북도 영천시 금호읍,중상사고,0,1,2,0,차대차 - 추돌,안전거리미확보,건조,맑음,단일로 - 기타,화물,남,52세,경상,승용,여,61세,경상
2018021400100295,2018년 2월 14일 12시,수요일,경상북도 영천시 야사동,경상사고,0,0,2,0,차대차 - 측면충돌,안전운전불이행,건조,맑음,교차로 - 교차로안,승용,남,29세,상해없음,승용,여,45세,경상
2018021400100296,2018년 2월 14일 12시,수요일,경상북도 영양군 입암면,경상사고,0,0,1,0,차대차 - 정면충돌,안전운전불이행,건조,맑음,단일로 - 기타,승용,여,65세,경상,건설기계,남,45세,기타불명
2018021400100297,2018년 2월 14일 12시,수요일,경상북도 포항시 남구 송도동,중상사고,0,1,0,0,차대차 - 측면충돌,안전운전불이행,건조,맑음,교차로 - 교차로부근,승용,남,54세,상해없음,화물,남,70세,상해없음
2018021400100323,2018년 2월 14일 13시,수요일,경상북도 영천시 망정동,경상사고,0,0,1,0,차대차 - 추돌,안전운전불이행,건조,맑음,교차로 - 교차로부근,화물,남,67세,기타불명,승용,여,44세,경상
2018021400100347,2018년 2월 14일 14시,수요일,경상북도 경주시 현곡면,중상사고,0,1,0,0,차대차 - 측면충돌,안전운전불이행,건조,맑음,단일로 - 기타,이륜,남,82세,중상,화물,남,62세,상해없음
2018021400100348,2018년 2월 14일 14시,수요일,경상북도 영주시 영주동,경상사고,0,0,1,0,차대차 - 측면충돌,안전운전불이행,건조,맑음,교차로 - 교차로안,승용,여,59세,상해없음,자전거,남,77세,경상
2018021400100349,2018년 2월 14일 14시,수요일,경상북도 영덕군 강구면,중상사고,0,1,2,0,차대차 - 추돌,안전거리미확보,건조,맑음,단일로 - 기타,승용,남,51세,상해없음,승용,여,30세,경상
2018021400100350,2018년 2월 14일 14시,수요일,경상북도 구미시 봉곡동,경상사고,0,0,1,0,차대차 - 기타,교차로운행방법위반,건조,맑음,교차로 - 교차로안,승용,여,38세,상해없음,이륜,남,46세,경상
2018021400100390,2018년 2월 14일 15시,수요일,경상북도 포항시 북구 용흥동,경상사고,0,0,3,0,차대차 - 추돌,안전거리미확보,건조,맑음,단일로 - 기타,승용,여,33세,상해없음,승용,여,48세,경상
2018021400100391,2018년 2월 14일 15시,수요일,경상북도 상주시 냉림동,경상사고,0,0,1,0,차대차 - 정면충돌,중앙선침범,건조,맑음,교차로 - 교차로안,자전거,여,77세,경상,승용,여,43세,상해없음
2018021400100392,2018년 2월 14일 15시,수요일,경상북도 청도군 청도읍,경상사고,0,0,1,0,차대차 - 추돌,안전거리미확보,건조,맑음,단일로 - 기타,승용,남,50세,상해없음,승용,여,50세,경상
2018021400100393,2018년 2월 14일 15시,수요일,경상북도 포항시 남구 상도동,중상사고,0,1,0,0,차대차 - 측면충돌,신호위반,건조,맑음,교차로 - 교차로횡단보도내,자전거,남,18세,중상,승용,남,42세,상해없음
2018021400100436,2018년 2월 14일 16시,수요일,경상북도 문경시 산북면,중상사고,0,2,0,0,차량단독 - 공작물충돌,안전운전불이행,건조,맑음,단일로 - 기타,승용,남,67세,중상,,,,
2018021400100481,2018년 2월 14일 17시,수요일,경상북도 포항시 북구 용흥동,경상사고,0,0,1,0,차량단독 - 기타,안전운전불이행,건조,맑음,교차로 - 교차로안,자전거,남,68세,경상,,,,
2018021400100482,2018년 2월 14일 17시,수요일,경상북도 상주시 남성동,경상사고,0,0,1,0,차대사람 - 차도통행중,안전운전불이행,건조,맑음,단일로 - 기타,승용,남,36세,상해없음,보행자,여,60세,경상
2018021400100483,2018년 2월 14일 17시,수요일,경상북도 구미시 원평동,중상사고,0,1,0,0,차대차 - 추돌,안전운전불이행,건조,맑음,교차로 - 교차로부근,승용,남,45세,상해없음,승용,남,34세,중상
2018021400100484,2018년 2월 14일 17시,수요일,경상북도 문경시 마성면,경상사고,0,0,5,0,차대차 - 기타,안전운전불이행,건조,맑음,단일로 - 터널,승용,남,39세,경상,승용,남,47세,경상
2018021400100523,2018년 2월 14일 18시,수요일,경상북도 포항시 북구 청하면,경상사고,0,0,1,0,차대차 - 측면충돌,중앙선침범,건조,맑음,단일로 - 기타,승용,남,74세,상해없음,승용,남,52세,경상
2018021400100524,2018년 2월 14일 18시,수요일,경상북도 구미시 송정동,중상사고,0,1,0,0,차대차 - 추돌,안전운전불이행,건조,맑음,단일로 - 기타,승용,남,31세,상해없음,이륜,남,67세,중상
2018021400100525,2018년 2월 14일 18시,수요일,경상북도 포항시 남구 연일읍,경상사고,0,0,2,0,차대사람 - 횡단중,안전운전불이행,건조,맑음,교차로 - 교차로횡단보도내,승용,여,22세,상해없음,보행자,남,13세,경상
2018021400100526,2018년 2월 14일 18시,수요일,경상북도 문경시 유곡동,경상사고,0,0,2,0,차대차 - 추돌,안전거리미확보,건조,맑음,단일로 - 기타,승용,여,26세,상해없음,승용,남,27세,경상
2018021400100583,2018년 2월 14일 19시,수요일,경상북도 포항시 북구 흥해읍,중상사고,0,2,0,0,차대차 - 측면충돌,차로위반,건조,맑음,단일로 - 기타,화물,남,37세,상해없음,승용,여,34세,상해없음
2018021400100584,2018년 2월 14일 19시,수요일,경상북도 안동시 송현동,경상사고,0,0,3,0,차대차 - 측면충돌,안전운전불이행,건조,맑음,기타 - 기타,승용,여,33세,상해없음,승용,남,26세,경상
2018021400100585,2018년 2월 14일 19시,수요일,경상북도 영천시 금호읍,경상사고,0,0,1,0,차대차 - 측면충돌,안전거리미확보,건조,맑음,단일로 - 기타,특수,남,48세,상해없음,승용,남,37세,경상
2018021400100586,2018년 2월 14일 19시,수요일,경상북도 문경시 점촌동,경상사고,0,0,1,0,차대차 - 측면충돌,중앙선침범,건조,맑음,교차로 - 교차로안,화물,남,57세,상해없음,이륜,남,35세,경상
2018021400100587,2018년 2월 14일 19시,수요일,경상북도 경산시 중산동,경상사고,0,0,1,0,차대사람 - 횡단중,보행자보호의무위반,건조,맑음,교차로 - 교차로횡단보도내,승용,남,62세,상해없음,보행자,남,48세,경상
2018021400100588,2018년 2월 14일 19시,수요일,경상북도 구미시 선산읍,중상사고,0,1,0,0,차대차 - 추돌,안전운전불이행,건조,맑음,단일로 - 기타,화물,남,58세,상해없음,이륜,여,41세,중상
2018021400100629,2018년 2월 14일 20시,수요일,경상북도 포항시 북구 죽도동,경상사고,0,0,5,0,차대차 - 측면충돌,직진우회전진행방해,건조,맑음,교차로 - 교차로안,승용,남,28세,상해없음,승용,남,35세,경상
2018021400100630,2018년 2월 14일 20시,수요일,경상북도 안동시 태화동,경상사고,0,0,1,0,차대차 - 측면충돌,중앙선침범,건조,맑음,교차로 - 교차로부근,승용,여,62세,상해없음,이륜,남,18세,경상
2018021400100668,2018년 2월 14일 21시,수요일,경상북도 포항시 북구 용흥동,경상사고,0,0,1,0,차대차 - 정면충돌,안전운전불이행,건조,맑음,교차로 - 교차로안,승용,여,48세,기타불명,승용,여,28세,경상
2018021400100669,2018년 2월 14일 21시,수요일,경상북도 영주시 상망동,중상사고,0,1,0,0,차대차 - 측면충돌,안전운전불이행,건조,맑음,단일로 - 교량,승용,남,52세,상해없음,자전거,남,46세,중상
2018021400100670,2018년 2월 14일 21시,수요일,경상북도 구미시 황상동,경상사고,0,0,2,0,차대차 - 측면충돌,안전운전불이행,건조,맑음,단일로 - 기타,승용,남,43세,상해없음,승용,남,58세,경상
2018021400100708,2018년 2월 14일 22시,수요일,경상북도 안동시 운흥동,경상사고,0,0,2,0,차대차 - 측면충돌,안전운전불이행,건조,맑음,기타 - 기타,승용,여,56세,상해없음,승용,여,19세,경상
2018021400100709,2018년 2월 14일 22시,수요일,경상북도 안동시 옥동,중상사고,0,1,0,0,차대차 - 측면충돌,안전운전불이행,건조,맑음,단일로 - 기타,이륜,남,47세,중상,승용,남,30세,상해없음
2018021400100710,2018년 2월 14일 22시,수요일,경상북도 구미시 진평동,경상사고,0,0,1,0,차대차 - 측면충돌,신호위반,건조,맑음,단일로 - 기타,승용,여,57세,상해없음,자전거,여,46세,경상
2018021400100737,2018년 2월 14일 23시,수요일,경상북도 안동시 옥동,경상사고,0,0,1,0,차대차 - 측면충돌,안전운전불이행,건조,맑음,단일로 - 기타,이륜,남,35세,경상,승용,남,72세,상해없음
2018021400100738,2018년 2월 14일 23시,수요일,경상북도 안동시 옥동,중상사고,0,1,1,0,차대차 - 추돌,안전운전불이행,건조,맑음,단일로 - 기타,승용,남,35세,상해없음,승용,남,56세,경상
2018021500100013,2018년 2월 15일 00시,목요일,경상북도 포항시 북구 흥해읍,경상사고,0,0,2,0,차대차 - 측면충돌,교차로운행방법위반,건조,맑음,교차로 - 교차로안,승용,남,75세,경상,승용,남,66세,경상
2018021500100014,2018년 2월 15일 00시,목요일,경상북도 구미시 봉곡동,경상사고,0,0,2,0,차대차 - 측면충돌,신호위반,건조,맑음,교차로 - 교차로안,이륜,남,18세,상해없음,승용,여,24세,경상
2018021500100036,2018년 2월 15일 01시,목요일,경상북도 구미시 원평동,중상사고,0,1,0,0,차대차 - 기타,안전운전불이행,건조,맑음,단일로 - 기타,승용,남,25세,상해없음,승용,남,19세,상해없음
2018021500100060,2018년 2월 15일 02시,목요일,경상북도 포항시 남구 해도동,중상사고,0,1,0,0,차대사람 - 횡단중,안전운전불이행,건조,맑음,교차로 - 교차로부근,승용,남,54세,상해없음,보행자,남,53세,중상
2018021500100074,2018년 2월 15일 03시,목요일,경상북도 영천시 문외동,부상신고사고,0,0,0,1,차대차 - 측면충돌,신호위반,건조,맑음,교차로 - 교차로안,기타불명,기타불명,미분류,기타불명,승용,남,56세,부상신고
2018021500100089,2018년 2월 15일 04시,목요일,경상북도 포항시 북구 두호동,중상사고,0,1,0,0,차대사람 - 차도통행중,안전운전불이행,건조,맑음,단일로 - 기타,승용,남,64세,기타불명,보행자,여,58세,중상
2018021500100090,2018년 2월 15일 04시,목요일,경상북도 영주시 휴천동,경상사고,0,0,1,0,차대사람 - 횡단중,중앙선침범,건조,맑음,교차로 - 교차로부근,승용,남,75세,상해없음,보행자,남,23세,경상
2018021500100106,2018년 2월 15일 05시,목요일,경상북도 포항시 북구 두호동,중상사고,0,1,1,0,차대차 - 측면충돌,중앙선침범,건조,맑음,교차로 - 교차로안,승용,남,25세,경상,승용,남,63세,중상
2018021500100163,2018년 2월 15일 10시,목요일,경상북도 경주시 강동면,경상사고,0,0,3,0,차대차 - 추돌,안전운전불이행,건조,맑음,교차로 - 교차로부근,승용,남,43세,상해없음,승용,남,56세,경상
2018021500100164,2018년 2월 15일 10시,목요일,경상북도 포항시 북구 흥해읍,경상사고,0,0,1,0,차대차 - 정면충돌,신호위반,건조,맑음,교차로 - 교차로안,이륜,남,68세,상해없음,승용,남,30세,상해없음
2018021500100165,2018년 2월 15일 10시,목요일,경상북도 안동시 용상동,경상사고,0,0,1,0,차대차 - 측면충돌,직진우회전진행방해,건조,맑음,교차로 - 교차로안,승용,남,57세,상해없음,승용,남,56세,경상
2018021500100166,2018년 2월 15일 10시,목요일,경상북도 영덕군 영해면,경상사고,0,0,1,0,차대차 - 측면충돌,직진우회전진행방해,건조,맑음,교차로 - 교차로안,승용,남,57세,상해없음,승용,여,36세,경상
2018021500100195,2018년 2월 15일 11시,목요일,경상북도 칠곡군 가산면,경상사고,0,0,3,0,차대차 - 추돌,안전운전불이행,건조,맑음,단일로 - 기타,승용,남,69세,상해없음,승용,남,56세,경상
2018021500100196,2018년 2월 15일 11시,목요일,경상북도 예천군 예천읍,중상사고,0,1,0,0,차대차 - 측면충돌,직진우회전진행방해,건조,맑음,교차로 - 교차로안,화물,남,58세,상해없음,이륜,남,68세,중상
2018021500100197,2018년 2월 15일 11시,목요일,경상북도 구미시 선산읍,경상사고,0,0,4,0,차대차 - 측면충돌,교차로운행방법위반,건조,맑음,교차로 - 교차로안,승용,남,47세,경상,승용,남,29세,상해없음
2018021500100220,2018년 2월 15일 12시,목요일,경상북도 김천시 평화동,경상사고,0,0,2,0,차대차 - 측면충돌,안전운전불이행,건조,맑음,단일로 - 기타,승용,남,46세,상해없음,이륜,남,67세,경상
2018021500100221,2018년 2월 15일 12시,목요일,경상북도 김천시 아포읍,경상사고,0,0,1,0,차대차 - 측면충돌,안전운전불이행,건조,맑음,단일로 - 기타,승용,남,59세,상해없음,승용,남,26세,경상
2018021500100245,2018년 2월 15일 13시,목요일,경상북도 경주시 내남면,경상사고,0,0,1,0,차대차 - 측면충돌,신호위반,건조,맑음,교차로 - 교차로안,승용,남,65세,상해없음,승용,남,49세,경상
2018021500100246,2018년 2월 15일 13시,목요일,경상북도 김천시 백옥동,경상사고,0,0,1,0,차대사람 - 횡단중,안전운전불이행,건조,맑음,단일로 - 기타,화물,남,69세,상해없음,보행자,남,28세,경상
2018021500100263,2018년 2월 15일 14시,목요일,경상북도 경주시 보문동,중상사고,0,1,0,0,차대사람 - 길가장자리구역통행중,안전운전불이행,건조,맑음,단일로 - 기타,승용,남,33세,상해없음,보행자,남,35세,중상
2018021500100280,2018년 2월 15일 15시,목요일,경상북도 경주시 황성동,경상사고,0,0,1,0,차대차 - 측면충돌,안전운전불이행,건조,맑음,단일로 - 기타,승용,남,56세,상해없음,승용,남,48세,경상
2018021500100335,2018년 2월 15일 18시,목요일,경상북도 경주시 노동동,경상사고,0,0,2,0,차대차 - 추돌,안전운전불이행,건조,맑음,단일로 - 기타,승용,여,26세,상해없음,승용,남,28세,경상
2018021500100336,2018년 2월 15일 18시,목요일,경상북도 경산시 백천동,경상사고,0,0,2,0,차대차 - 기타,안전운전불이행,건조,맑음,교차로 - 교차로부근,승용,남,33세,상해없음,승용,남,48세,경상
2018021500100337,2018년 2월 15일 18시,목요일,경상북도 구미시 사곡동,중상사고,0,1,3,0,차대차 - 추돌,안전운전불이행,건조,맑음,단일로 - 기타,승용,여,57세,상해없음,승용,남,61세,중상
2018021500100352,2018년 2월 15일 19시,목요일,경상북도 상주시 함창읍,사망사고,1,0,0,0,차량단독 - 공작물충돌,안전운전불이행,건조,맑음,단일로 - 기타,화물,남,60세,사망,,,,
2018021500100398,2018년 2월 15일 21시,목요일,경상북도 구미시 원평동,경상사고,0,0,1,0,차대차 - 정면충돌,교차로운행방법위반,건조,맑음,교차로 - 교차로안,이륜,남,44세,경상,승용,남,62세,상해없음
2018021500100399,2018년 2월 15일 21시,목요일,경상북도 구미시 사곡동,경상사고,0,0,1,0,차대차 - 기타,안전운전불이행,건조,맑음,교차로 - 교차로횡단보도내,자전거,남,55세,경상,화물,남,28세,상해없음
2018021500100441,2018년 2월 15일 23시,목요일,경상북도 경주시 구정동,중상사고,0,4,0,0,차대차 - 정면충돌,신호위반,건조,맑음,교차로 - 교차로안,승용,남,56세,중상,승용,여,44세,중상
2018021500100442,2018년 2월 15일 23시,목요일,경상북도 경주시 양북면,중상사고,0,1,0,0,차대차 - 측면충돌,안전운전불이행,건조,맑음,단일로 - 지하차도(도로)내,승용,남,54세,중상,승용,남,58세,상해없음
2018021600100037,2018년 2월 16일 06시,금요일,경상북도 경주시 충효동,중상사고,0,1,3,0,차대차 - 측면충돌,과속,건조,맑음,단일로 - 기타,승용,남,21세,경상,승용,여,65세,중상
2018021600100047,2018년 2월 16일 07시,금요일,경상북도 상주시 신봉동,경상사고,0,0,1,0,차대차 - 추돌,안전운전불이행,건조,맑음,교차로 - 교차로부근,승용,남,30세,기타불명,승용,남,59세,상해없음
2018021600100079,2018년 2월 16일 10시,금요일,경상북도 문경시 동로면,중상사고,0,1,2,0,차대차 - 측면충돌,중앙선침범,건조,맑음,단일로 - 기타,승용,여,38세,경상,승용,남,34세,상해없음
2018021600100096,2018년 2월 16일 11시,금요일,경상북도 영주시 하망동,경상사고,0,0,1,0,차대차 - 측면충돌,안전운전불이행,건조,맑음,교차로 - 교차로안,승용,남,37세,상해없음,화물,남,49세,경상
2018021600100119,2018년 2월 16일 12시,금요일,경상북도 안동시 태화동,중상사고,0,1,1,2,차대차 - 측면충돌,신호위반,건조,맑음,교차로 - 교차로안,승용,남,32세,상해없음,승용,남,40세,경상
2018021600100145,2018년 2월 16일 13시,금요일,경상북도 포항시 남구 대송면,중상사고,0,2,1,0,차대차 - 추돌,안전운전불이행,건조,맑음,교차로 - 교차로부근,승용,남,31세,상해없음,승용,남,58세,중상
2018021600100173,2018년 2월 16일 14시,금요일,경상북도 성주군 수륜면,사망사고,1,0,0,0,차량단독 - 공작물충돌,안전운전불이행,건조,맑음,기타 - 기타,승용,남,23세,사망,,,,
2018021600100187,2018년 2월 16일 15시,금요일,경상북도 영천시 북안면,경상사고,0,0,4,0,차대차 - 추돌,안전거리미확보,건조,맑음,단일로 - 기타,승용,남,52세,상해없음,승용,여,40세,경상
2018021600100212,2018년 2월 16일 16시,금요일,경상북도 경주시 동방동,경상사고,0,0,2,0,차대차 - 추돌,안전운전불이행,건조,맑음,단일로 - 기타,승용,남,66세,상해없음,승용,여,30세,경상
2018021600100254,2018년 2월 16일 18시,금요일,경상북도 구미시 무을면,경상사고,0,0,4,0,차대차 - 측면충돌,교차로운행방법위반,건조,맑음,교차로 - 교차로안,승용,여,58세,상해없음,승용,남,38세,경상
2018021600100268,2018년 2월 16일 19시,금요일,경상북도 김천시 신음동,경상사고,0,0,1,0,차대차 - 추돌,안전운전불이행,건조,기타,교차로 - 교차로부근,승용,남,54세,상해없음,승용,남,38세,경상
2018021600100269,2018년 2월 16일 19시,금요일,경상북도 포항시 남구 오천읍,중상사고,0,1,0,0,차대사람 - 기타,중앙선침범,건조,맑음,교차로 - 교차로부근,기타불명,남,22세,상해없음,보행자,남,56세,중상
2018021600100294,2018년 2월 16일 20시,금요일,경상북도 경주시 양북면,경상사고,0,0,4,0,차대차 - 추돌,안전운전불이행,건조,맑음,교차로 - 교차로부근,승용,남,48세,상해없음,승용,남,57세,경상
2018021600100295,2018년 2월 16일 20시,금요일,경상북도 포항시 북구 죽도동,경상사고,0,0,5,0,차대차 - 측면충돌,안전운전불이행,건조,맑음,단일로 - 기타,승용,여,37세,상해없음,승용,남,67세,경상
2018021600100310,2018년 2월 16일 21시,금요일,경상북도 포항시 북구 여천동,경상사고,0,0,3,0,차대차 - 정면충돌,신호위반,건조,맑음,교차로 - 교차로안,승용,남,36세,기타불명,승용,여,21세,경상
2018021600100324,2018년 2월 16일 22시,금요일,경상북도 안동시 풍천면,경상사고,0,0,1,0,차대차 - 기타,안전운전불이행,건조,맑음,단일로 - 기타,승용,남,41세,상해없음,이륜,남,50세,경상
2018021600100325,2018년 2월 16일 22시,금요일,경상북도 영천시 대창면,경상사고,0,0,8,0,차대차 - 측면충돌,중앙선침범,건조,맑음,교차로 - 교차로부근,승용,남,50세,상해없음,승용,여,39세,경상
2018021600100326,2018년 2월 16일 22시,금요일,경상북도 경산시 중산동,경상사고,0,0,1,0,차대차 - 측면충돌,안전운전불이행,건조,맑음,단일로 - 기타,승용,여,22세,상해없음,승용,여,21세,경상
2018021600100341,2018년 2월 16일 23시,금요일,경상북도 울진군 근남면,중상사고,0,2,0,0,차량단독 - 공작물충돌,교차로운행방법위반,건조,맑음,교차로 - 교차로안,승용,여,58세,중상,,,,
2018021700100022,2018년 2월 17일 01시,토요일,경상북도 포항시 북구 창포동,중상사고,0,1,0,0,차대사람 - 기타,안전운전불이행,건조,맑음,교차로 - 교차로안,승용,남,35세,상해없음,보행자,여,30세,중상
2018021700100030,2018년 2월 17일 02시,토요일,경상북도 영덕군 영덕읍,중상사고,0,1,0,0,차대사람 - 기타,안전운전불이행,건조,맑음,주차장 - 주차장,승용,남,26세,상해없음,보행자,남,26세,중상
2018021700100031,2018년 2월 17일 02시,토요일,경상북도 구미시 황상동,중상사고,0,1,0,0,차대차 - 추돌,안전운전불이행,건조,맑음,교차로 - 교차로부근,승용,남,28세,상해없음,승용,남,58세,중상
2018021700100044,2018년 2월 17일 03시,토요일,경상북도 구미시 황상동,경상사고,0,0,1,0,차대사람 - 보도통행중,안전운전불이행,건조,맑음,주차장 - 주차장,승합,남,25세,상해없음,보행자,여,39세,경상