사고번호,사고일시,요일,시군구,사고내용,사망자수,중상자수,경상자수,부상신고자수,사고유형,법규위반,노면상태,기상상태,도로형태,가해운전자 차종,가해운전자 성별,가해운전자 연령,가해운전자 상해정도,피해운전자 차종,피해운전자 성별,피해운전자 연령,피해운전자 상해정도
2018021700100045,2018년 2월 17일 03시,토요일,경상북도 구미시 광평동,경상사고,0,0,2,0,차대차 - 추돌,안전운전불이행,건조,맑음,교차로 - 교차로부근,승용,남,25세,상해없음,승용,남,62세,경상
2018021700100071,2018년 2월 17일 07시,토요일,경상북도 포항시 북구 흥해읍,중상사고,0,1,0,0,차대차 - 기타,중앙선침범,건조,맑음,단일로 - 기타,기타불명,기타불명,미분류,기타불명,승용,남,45세,중상
2018021700100072,2018년 2월 17일 07시,토요일,경상북도 칠곡군 석적읍,경상사고,0,0,2,0,차대차 - 측면충돌,신호위반,건조,맑음,교차로 - 교차로안,승용,남,38세,경상,승용,남,38세,경상
2018021700100077,2018년 2월 17일 08시,토요일,경상북도 성주군 금수면,중상사고,0,1,0,0,차량단독 - 공작물충돌,안전운전불이행,건조,맑음,단일로 - 기타,승합,남,64세,중상,,,,
2018021700100085,2018년 2월 17일 09시,토요일,경상북도 구미시 옥계동,부상신고사고,0,0,0,1,차량단독 - 공작물충돌,안전운전불이행,건조,맑음,단일로 - 기타,승용,남,25세,부상신고,,,,
2018021700100111,2018년 2월 17일 11시,토요일,경상북도 경주시 하동,경상사고,0,0,2,0,차대차 - 측면충돌,안전운전불이행,건조,맑음,주차장 - 주차장,승용,여,54세,상해없음,승용,남,46세,기타불명
2018021700100112,2018년 2월 17일 11시,토요일,경상북도 경주시 황남동,경상사고,0,0,1,0,차대사람 - 차도통행중,안전운전불이행,건조,맑음,단일로 - 기타,자전거,남,27세,상해없음,보행자,여,38세,경상
2018021700100126,2018년 2월 17일 12시,토요일,경상북도 경주시 효현동,중상사고,0,1,3,0,차대차 - 측면충돌,기타,건조,맑음,교차로 - 교차로안,승용,남,49세,상해없음,승용,남,71세,경상
2018021700100127,2018년 2월 17일 12시,토요일,경상북도 경주시 현곡면,중상사고,0,1,2,0,차대차 - 정면충돌,중앙선침범,건조,맑음,교차로 - 교차로부근,승용,남,62세,상해없음,승용,남,44세,경상
2018021700100128,2018년 2월 17일 12시,토요일,경상북도 칠곡군 석적읍,경상사고,0,0,1,0,차대차 - 추돌,교차로운행방법위반,건조,맑음,교차로 - 교차로안,승용,남,38세,상해없음,승용,여,51세,경상
2018021700100163,2018년 2월 17일 14시,토요일,경상북도 경주시 황오동,경상사고,0,0,1,0,차대사람 - 길가장자리구역통행중,안전운전불이행,건조,맑음,단일로 - 기타,승용,남,35세,상해없음,보행자,남,20세,경상
2018021700100164,2018년 2월 17일 14시,토요일,경상북도 경주시 서부동,경상사고,0,0,1,0,차대차 - 측면충돌,안전운전불이행,건조,맑음,교차로 - 교차로안,승용,여,64세,상해없음,자전거,남,79세,경상
2018021700100165,2018년 2월 17일 14시,토요일,경상북도 포항시 남구 연일읍,경상사고,0,0,4,0,차대차 - 추돌,안전운전불이행,건조,맑음,교차로 - 교차로안,승용,남,60세,상해없음,승용,남,46세,경상
2018021700100184,2018년 2월 17일 15시,토요일,경상북도 문경시 모전동,경상사고,0,0,4,0,차대차 - 측면충돌,직진우회전진행방해,건조,맑음,교차로 - 교차로안,승용,남,38세,상해없음,승용,남,47세,경상
2018021700100185,2018년 2월 17일 15시,토요일,경상북도 청송군 주왕산면,경상사고,0,0,2,0,차대차 - 정면충돌,중앙선침범,건조,맑음,단일로 - 지하차도(도로)내,승용,남,41세,상해없음,승용,남,60세,경상
2018021700100248,2018년 2월 17일 18시,토요일,경상북도 안동시 옥동,경상사고,0,0,2,0,차대차 - 추돌,안전운전불이행,건조,맑음,교차로 - 교차로부근,승용,남,65세,상해없음,승용,여,42세,상해없음
2018021700100249,2018년 2월 17일 18시,토요일,경상북도 영덕군 축산면,경상사고,0,0,1,0,차대사람 - 길가장자리구역통행중,안전운전불이행,건조,맑음,교차로 - 교차로안,승용,여,53세,상해없음,보행자,남,17세,경상
2018021700100278,2018년 2월 17일 19시,토요일,경상북도 김천시 평화동,경상사고,0,0,1,0,차대사람 - 길가장자리구역통행중,안전운전불이행,건조,맑음,단일로 - 기타,승용,남,58세,상해없음,보행자,남,15세,경상
2018021700100279,2018년 2월 17일 19시,토요일,경상북도 경산시 남산면,사망사고,1,0,0,0,차대사람 - 횡단중,과속,건조,맑음,교차로 - 교차로안,승용,남,31세,상해없음,보행자,여,88세,사망
2018021700100280,2018년 2월 17일 19시,토요일,경상북도 포항시 남구 해도동,경상사고,0,0,1,0,차대차 - 기타,안전거리미확보,건조,맑음,단일로 - 기타,이륜,남,41세,경상,승용,여,48세,상해없음
2018021700100315,2018년 2월 17일 20시,토요일,경상북도 칠곡군 왜관읍,부상신고사고,0,0,0,1,차대차 - 측면충돌,안전운전불이행,건조,맑음,교차로 - 교차로안,이륜,남,61세,부상신고,승용,남,50세,상해없음
2018021700100316,2018년 2월 17일 20시,토요일,경상북도 고령군 운수면,중상사고,0,1,2,0,차대차 - 측면충돌,신호위반,건조,맑음,교차로 - 교차로안,화물,남,64세,중상,화물,남,64세,경상
2018021700100363,2018년 2월 17일 22시,토요일,경상북도 안동시 안흥동,경상사고,0,0,1,0,차대차 - 측면충돌,중앙선침범,건조,맑음,교차로 - 교차로부근,승용,남,47세,상해없음,승용,남,30세,경상
2018021700100364,2018년 2월 17일 22시,토요일,경상북도 구미시 황상동,경상사고,0,0,1,0,차대차 - 기타,안전운전불이행,건조,흐림,단일로 - 기타,승용,남,31세,상해없음,승용,남,26세,경상
2018021700100379,2018년 2월 17일 23시,토요일,경상북도 상주시 무양동,경상사고,0,0,2,0,차대차 - 추돌,안전거리미확보,건조,맑음,교차로 - 교차로안,승용,남,31세,상해없음,승용,남,43세,경상
2018021700100380,2018년 2월 17일 23시,토요일,경상북도 경산시 상방동,경상사고,0,0,1,0,차대차 - 측면충돌,신호위반,건조,맑음,단일로 - 지하차도(도로)내,승용,남,31세,상해없음,승용,남,35세,상해없음
2018021800100010,2018년 2월 18일 00시,일요일,경상북도 안동시 옥야동,중상사고,0,1,1,0,차대차 - 측면충돌,안전운전불이행,건조,맑음,단일로 - 기타,승용,여,44세,상해없음,승용,여,53세,중상
2018021800100011,2018년 2월 18일 00시,일요일,경상북도 구미시 구평동,경상사고,0,0,2,0,차대차 - 기타,안전운전불이행,건조,맑음,단일로 - 기타,승용,여,46세,상해없음,승용,남,53세,경상
2018021800100020,2018년 2월 18일 01시,일요일,경상북도 칠곡군 왜관읍,경상사고,0,0,4,0,차대차 - 측면충돌,안전운전불이행,건조,맑음,단일로 - 기타,승용,남,24세,상해없음,승용,남,58세,경상
2018021800100086,2018년 2월 18일 07시,일요일,경상북도 영천시 금호읍,중상사고,0,1,1,0,차대차 - 측면충돌,신호위반,건조,맑음,교차로 - 교차로안,승용,남,53세,상해없음,승용,여,52세,경상
2018021800100110,2018년 2월 18일 10시,일요일,경상북도 구미시 송정동,경상사고,0,0,2,0,차대차 - 기타,안전운전불이행,건조,맑음,교차로 - 교차로안,승용,여,24세,상해없음,승용,남,83세,경상
2018021800100122,2018년 2월 18일 11시,일요일,경상북도 안동시 용상동,경상사고,0,0,2,0,차대차 - 측면충돌,직진우회전진행방해,건조,맑음,교차로 - 교차로안,승용,남,47세,상해없음,승용,여,53세,경상
2018021800100123,2018년 2월 18일 11시,일요일,경상북도 안동시 태화동,경상사고,0,0,3,0,차대차 - 측면충돌,기타,건조,맑음,교차로 - 교차로안,승용,여,42세,경상,승용,남,55세,상해없음
2018021800100124,2018년 2월 18일 11시,일요일,경상북도 안동시 옥동,경상사고,0,0,1,0,차대차 - 추돌,안전운전불이행,건조,맑음,단일로 - 기타,승용,여,47세,경상,승용,남,49세,기타불명
2018021800100142,2018년 2월 18일 12시,일요일,경상북도 김천시 조마면,경상사고,0,0,1,0,차대차 - 측면충돌,안전운전불이행,건조,맑음,교차로 - 교차로안,승용,여,50세,상해없음,승용,남,45세,경상
2018021800100143,2018년 2월 18일 12시,일요일,경상북도 구미시 옥계동,경상사고,0,0,1,0,차대차 - 측면충돌,안전운전불이행,건조,맑음,교차로 - 교차로안,승용,남,39세,상해없음,이륜,남,40세,경상
2018021800100155,2018년 2월 18일 13시,일요일,경상북도 김천시 덕곡동,중상사고,0,1,0,0,차대사람 - 차도통행중,안전운전불이행,건조,맑음,기타 - 기타,승용,남,50세,상해없음,보행자,여,50세,중상
2018021800100169,2018년 2월 18일 14시,일요일,경상북도 영주시 풍기읍,중상사고,0,2,0,0,차량단독 - 공작물충돌,안전운전불이행,건조,맑음,단일로 - 기타,승용,남,57세,중상,,,,
2018021800100170,2018년 2월 18일 14시,일요일,경상북도 봉화군 법전면,중상사고,0,1,0,1,차량단독 - 공작물충돌,안전운전불이행,건조,맑음,단일로 - 기타,승용,남,55세,부상신고,,,,
2018021800100230,2018년 2월 18일 17시,일요일,경상북도 구미시 상모동,경상사고,0,0,1,0,차대차 - 측면충돌,안전운전불이행,건조,맑음,단일로 - 기타,승용,여,54세,상해없음,이륜,남,31세,경상
2018021800100264,2018년 2월 18일 19시,일요일,경상북도 포항시 북구 용흥동,경상사고,0,0,1,0,차대차 - 측면충돌,안전운전불이행,건조,맑음,단일로 - 기타,승용,남,59세,상해없음,승용,남,39세,경상
2018021800100265,2018년 2월 18일 19시,일요일,경상북도 구미시 형곡동,부상신고사고,0,0,0,1,차대사람 - 기타,안전운전불이행,건조,맑음,단일로 - 기타,이륜,남,34세,부상신고,보행자,남,49세,기타불명
2018021800100313,2018년 2월 18일 21시,일요일,경상북도 안동시 송현동,경상사고,0,0,1,0,차대차 - 측면충돌,안전운전불이행,건조,맑음,단일로 - 기타,승용,남,26세,상해없음,승용,여,58세,경상
2018021800100314,2018년 2월 18일 21시,일요일,경상북도 포항시 남구 이동,경상사고,0,0,1,0,차대차 - 측면충돌,직진우회전진행방해,건조,맑음,교차로 - 교차로안,승합,남,43세,상해없음,이륜,남,20세,경상
2018021800100342,2018년 2월 18일 23시,일요일,경상북도 구미시 상모동,경상사고,0,0,2,0,차대차 - 기타,안전운전불이행,건조,맑음,교차로 - 교차로부근,승용,남,68세,상해없음,화물,남,62세,상해없음
2018021900100005,2018년 2월 19일 00시,월요일,경상북도 상주시 서문동,중상사고,0,1,0,0,차대차 - 측면충돌,교차로운행방법위반,건조,맑음,교차로 - 교차로안,승용,남,28세,상해없음,이륜,남,21세,중상
2018021900100013,2018년 2월 19일 01시,월요일,경상북도 구미시 비산동,중상사고,0,1,0,0,차량단독 - 공작물충돌,안전운전불이행,건조,맑음,교차로 - 교차로부근,화물,남,45세,중상,,,,
2018021900100055,2018년 2월 19일 06시,월요일,경상북도 칠곡군 약목면,경상사고,0,0,2,0,차대차 - 측면충돌,신호위반,건조,맑음,교차로 - 교차로안,화물,남,54세,상해없음,승용,남,52세,경상
2018021900100056,2018년 2월 19일 06시,월요일,경상북도 경산시 하양읍,경상사고,0,0,2,0,차대차 - 측면충돌,신호위반,건조,맑음,교차로 - 교차로안,승용,여,67세,상해없음,승용,남,50세,경상
2018021900100057,2018년 2월 19일 06시,월요일,경상북도 칠곡군 지천면,부상신고사고,0,0,0,1,차대차 - 기타,안전운전불이행,건조,맑음,단일로 - 기타,승용,남,24세,상해없음,승용,남,37세,상해없음
2018021900100068,2018년 2월 19일 07시,월요일,경상북도 상주시 헌신동,중상사고,0,1,1,0,차량단독 - 공작물충돌,안전운전불이행,건조,맑음,교차로 - 교차로안,승용,남,70세,경상,,,,
2018021900100092,2018년 2월 19일 08시,월요일,경상북도 김천시 개령면,경상사고,0,0,1,0,차대차 - 측면충돌,안전운전불이행,건조,맑음,기타 - 기타,승용,여,30세,상해없음,화물,남,32세,경상
2018021900100093,2018년 2월 19일 08시,월요일,경상북도 경산시 옥산동,경상사고,0,0,2,0,차대차 - 기타,안전운전불이행,건조,맑음,교차로 - 교차로부근,승용,남,55세,상해없음,승용,여,44세,경상
2018021900100107,2018년 2월 19일 09시,월요일,경상북도 포항시 북구 흥해읍,중상사고,0,1,0,0,차대사람 - 기타,안전운전불이행,건조,맑음,단일로 - 기타,승용,남,73세,상해없음,보행자,남,54세,중상
2018021900100108,2018년 2월 19일 09시,월요일,경상북도 예천군 예천읍,중상사고,0,2,0,0,차대차 - 추돌,안전운전불이행,건조,흐림,교차로 - 교차로부근,화물,남,81세,중상,승용,남,57세,중상
2018021900100150,2018년 2월 19일 11시,월요일,경상북도 경주시 성동동,경상사고,0,0,2,0,차대차 - 측면충돌,안전운전불이행,건조,맑음,단일로 - 기타,승용,남,45세,경상,승합,남,48세,경상
2018021900100151,2018년 2월 19일 11시,월요일,경상북도 김천시 성내동,중상사고,0,1,0,0,차대사람 - 횡단중,보행자보호의무위반,건조,맑음,교차로 - 교차로횡단보도내,승용,여,62세,상해없음,보행자,남,82세,중상
2018021900100152,2018년 2월 19일 11시,월요일,경상북도 김천시 모암동,중상사고,0,1,0,0,차대차 - 측면충돌,안전운전불이행,건조,맑음,기타 - 기타,화물,남,72세,상해없음,이륜,여,61세,중상
2018021900100153,2018년 2월 19일 11시,월요일,경상북도 상주시 무양동,경상사고,0,0,2,0,차대차 - 측면충돌,교차로운행방법위반,건조,맑음,교차로 - 교차로안,승용,남,59세,상해없음,승합,남,63세,경상
2018021900100154,2018년 2월 19일 11시,월요일,경상북도 상주시 외남면,중상사고,0,1,0,0,차대차 - 측면충돌,교차로운행방법위반,건조,맑음,교차로 - 교차로안,화물,남,58세,상해없음,이륜,남,57세,중상
2018021900100155,2018년 2월 19일 11시,월요일,경상북도 경산시 남산면,중상사고,0,1,0,0,차대사람 - 보도통행중,교차로운행방법위반,건조,맑음,교차로 - 교차로안,승용,여,56세,상해없음,보행자,여,71세,중상
2018021900100181,2018년 2월 19일 12시,월요일,경상북도 영천시 금호읍,중상사고,0,1,0,0,차대사람 - 보도통행중,기타,건조,맑음,단일로 - 기타,화물,남,46세,상해없음,보행자,여,75세,중상
2018021900100201,2018년 2월 19일 13시,월요일,경상북도 영천시 금노동,경상사고,0,0,1,0,차대차 - 측면충돌,안전운전불이행,건조,맑음,기타 - 기타,이륜,남,64세,상해없음,자전거,남,73세,경상
2018021900100202,2018년 2월 19일 13시,월요일,경상북도 포항시 남구 상도동,경상사고,0,0,1,0,차대차 - 측면충돌,차로위반,건조,맑음,단일로 - 기타,이륜,남,77세,경상,화물,남,66세,상해없음
2018021900100221,2018년 2월 19일 14시,월요일,경상북도 경주시 성동동,중상사고,0,1,0,0,차대차 - 측면충돌,안전운전불이행,건조,맑음,단일로 - 기타,승용,여,47세,상해없음,자전거,남,84세,중상
2018021900100222,2018년 2월 19일 14시,월요일,경상북도 포항시 북구 죽도동,경상사고,0,0,1,0,차대사람 - 길가장자리구역통행중,안전운전불이행,건조,맑음,단일로 - 기타,승용,여,42세,상해없음,보행자,여,61세,경상
2018021900100223,2018년 2월 19일 14시,월요일,경상북도 상주시 함창읍,경상사고,0,0,2,0,차대차 - 측면충돌,교차로운행방법위반,건조,맑음,교차로 - 교차로부근,승용,남,75세,상해없음,승용,남,37세,경상
2018021900100224,2018년 2월 19일 14시,월요일,경상북도 구미시 선산읍,경상사고,0,0,3,0,차대차 - 추돌,안전운전불이행,건조,맑음,단일로 - 기타,승용,여,59세,상해없음,승용,남,31세,경상
2018021900100253,2018년 2월 19일 15시,월요일,경상북도 포항시 북구 흥해읍,경상사고,0,0,2,0,차대차 - 측면충돌,안전거리미확보,건조,맑음,단일로 - 기타,특수,남,58세,상해없음,화물,남,45세,경상
2018021900100254,2018년 2월 19일 15시,월요일,경상북도 김천시 부곡동,중상사고,0,1,0,0,차대차 - 측면충돌,안전운전불이행,건조,맑음,교차로 - 교차로안,승용,남,63세,상해없음,이륜,남,45세,중상
2018021900100285,2018년 2월 19일 16시,월요일,경상북도 포항시 북구 우현동,경상사고,0,0,2,0,차대차 - 기타,안전운전불이행,건조,맑음,단일로 - 기타,건설기계,남,57세,상해없음,승용,남,63세,경상
2018021900100308,2018년 2월 19일 17시,월요일,경상북도 구미시 옥계동,중상사고,0,1,0,0,차대사람 - 횡단중,보행자보호의무위반,건조,맑음,단일로 - 기타,승용,남,29세,상해없음,보행자,남,48세,중상
2018021900100353,2018년 2월 19일 18시,월요일,경상북도 포항시 북구 대흥동,경상사고,0,0,1,0,차대차 - 추돌,안전운전불이행,건조,맑음,단일로 - 기타,승용,남,62세,상해없음,승용,남,60세,상해없음
2018021900100354,2018년 2월 19일 18시,월요일,경상북도 영천시 서산동,중상사고,0,1,1,0,차대차 - 측면충돌,중앙선침범,건조,맑음,단일로 - 고가도로위,승용,여,52세,중상,화물,남,49세,경상
2018021900100355,2018년 2월 19일 18시,월요일,경상북도 포항시 남구 해도동,경상사고,0,0,2,0,차대차 - 기타,안전거리미확보,건조,맑음,교차로 - 교차로부근,승용,여,46세,경상,승용,남,62세,경상
2018021900100393,2018년 2월 19일 19시,월요일,경상북도 포항시 북구 용흥동,중상사고,0,1,3,0,차대차 - 추돌,안전거리미확보,건조,맑음,단일로 - 기타,승용,남,29세,경상,승용,여,49세,경상
2018021900100394,2018년 2월 19일 19시,월요일,경상북도 포항시 북구 흥해읍,경상사고,0,0,2,0,차대차 - 추돌,안전운전불이행,건조,맑음,단일로 - 기타,승용,여,39세,상해없음,승용,여,29세,경상
2018021900100395,2018년 2월 19일 19시,월요일,경상북도 포항시 북구 흥해읍,경상사고,0,0,1,0,차대차 - 측면충돌,직진우회전진행방해,건조,맑음,교차로 - 교차로안,승합,여,56세,상해없음,화물,남,61세,경상
2018021900100396,2018년 2월 19일 19시,월요일,경상북도 김천시 봉산면,중상사고,0,1,0,0,차대사람 - 길가장자리구역통행중,안전운전불이행,건조,맑음,단일로 - 기타,기타불명,기타불명,미분류,기타불명,보행자,남,70세,중상
2018021900100397,2018년 2월 19일 19시,월요일,경상북도 구미시 도량동,경상사고,0,0,1,0,차대차 - 측면충돌,안전운전불이행,건조,맑음,단일로 - 기타,승용,남,62세,상해없음,이륜,남,35세,경상
2018021900100432,2018년 2월 19일 20시,월요일,경상북도 구미시 봉곡동,경상사고,0,0,1,0,차대차 - 기타,안전운전불이행,건조,맑음,교차로 - 교차로안,승용,남,53세,상해없음,이륜,남,19세,경상
2018021900100433,2018년 2월 19일 20시,월요일,경상북도 구미시 봉곡동,경상사고,0,0,1,0,차대사람 - 횡단중,안전운전불이행,건조,맑음,주차장 - 주차장,승용,남,23세,상해없음,보행자,여,40세,경상
2018021900100459,2018년 2월 19일 21시,월요일,경상북도 경주시 성동동,경상사고,0,0,2,0,차대차 - 측면충돌,중앙선침범,건조,맑음,교차로 - 교차로부근,승합,남,36세,상해없음,승용,남,49세,경상
2018021900100460,2018년 2월 19일 21시,월요일,경상북도 안동시 옥동,중상사고,0,1,1,0,차대차 - 측면충돌,교차로운행방법위반,건조,맑음,교차로 - 교차로안,승용,남,44세,경상,승용,여,47세,중상
2018021900100461,2018년 2월 19일 21시,월요일,경상북도 칠곡군 지천면,중상사고,0,2,4,0,차대차 - 추돌,안전운전불이행,건조,맑음,단일로 - 기타,승용,남,53세,중상,승용,남,24세,경상
2018021900100484,2018년 2월 19일 22시,월요일,경상북도 구미시 인의동,중상사고,0,1,0,0,차대차 - 기타,안전운전불이행,건조,맑음,단일로 - 기타,승용,남,28세,상해없음,승용,남,27세,중상
2018021900100485,2018년 2월 19일 22시,월요일,경상북도 구미시 송정동,경상사고,0,0,3,0,차대차 - 기타,안전운전불이행,건조,맑음,교차로 - 교차로안,승용,남,26세,기타불명,승용,남,60세,경상
2018021900100513,2018년 2월 19일 23시,월요일,경상북도 구미시 인의동,부상신고사고,0,0,0,1,차대차 - 측면충돌,안전운전불이행,건조,맑음,교차로 - 교차로안,승용,남,30세,상해없음,승용,남,26세,부상신고
2018022000100012,2018년 2월 20일 00시,화요일,경상북도 경산시 삼풍동,중상사고,0,1,0,0,차대사람 - 기타,안전운전불이행,건조,맑음,단일로 - 기타,승용,남,25세,상해없음,보행자,여,33세,중상
2018022000100082,2018년 2월 20일 06시,화요일,경상북도 의성군 금성면,경상사고,0,0,2,0,차대차 - 측면충돌,안전운전불이행,건조,맑음,단일로 - 기타,승용,남,53세,경상,화물,남,53세,상해없음
2018022000100083,2018년 2월 20일 06시,화요일,경상북도 구미시 사곡동,중상사고,0,1,0,0,차대차 - 측면충돌,신호위반,건조,맑음,교차로 - 교차로안,승용,남,34세,상해없음,화물,여,51세,중상
2018022000100135,2018년 2월 20일 08시,화요일,경상북도 포항시 북구 창포동,경상사고,0,0,1,0,차대차 - 측면충돌,안전운전불이행,건조,맑음,단일로 - 기타,승용,여,56세,상해없음,승용,여,56세,상해없음
2018022000100154,2018년 2월 20일 09시,화요일,경상북도 영주시 장수면,중상사고,0,1,2,0,차대차 - 측면충돌,안전운전불이행,건조,맑음,교차로 - 교차로부근,승용,남,26세,상해없음,승합,남,49세,중상
2018022000100155,2018년 2월 20일 09시,화요일,경상북도 영천시 창구동,중상사고,0,1,0,0,차대차 - 측면충돌,안전운전불이행,건조,맑음,교차로 - 교차로안,이륜,남,70세,중상,승용,남,52세,상해없음
2018022000100182,2018년 2월 20일 10시,화요일,경상북도 안동시 길안면,중상사고,0,1,0,0,차대차 - 측면충돌,안전운전불이행,건조,맑음,교차로 - 교차로부근,승용,여,56세,상해없음,이륜,여,65세,중상
2018022000100183,2018년 2월 20일 10시,화요일,경상북도 김천시 남면,경상사고,0,0,1,0,차대차 - 측면충돌,안전운전불이행,건조,맑음,단일로 - 기타,건설기계,남,47세,상해없음,특수,남,39세,경상
2018022000100184,2018년 2월 20일 10시,화요일,경상북도 의성군 금성면,중상사고,0,1,2,0,차대차 - 측면충돌,직진우회전진행방해,건조,맑음,교차로 - 교차로안,화물,남,60세,경상,승용,남,54세,경상
2018022000100239,2018년 2월 20일 12시,화요일,경상북도 포항시 북구 장성동,경상사고,0,0,1,0,차대차 - 측면충돌,안전운전불이행,건조,맑음,교차로 - 교차로안,화물,여,30세,상해없음,승용,여,58세,경상
2018022000100240,2018년 2월 20일 12시,화요일,경상북도 상주시 남성동,중상사고,0,1,0,0,차대사람 - 횡단중,보행자보호의무위반,건조,맑음,교차로 - 교차로안,화물,남,48세,상해없음,보행자,남,34세,중상
2018022000100241,2018년 2월 20일 12시,화요일,경상북도 영주시 영주동,중상사고,0,1,0,0,차대사람 - 횡단중,안전운전불이행,건조,맑음,단일로 - 기타,화물,남,71세,상해없음,보행자,여,48세,중상
2018022000100288,2018년 2월 20일 14시,화요일,경상북도 포항시 북구 죽도동,중상사고,0,1,0,0,차대사람 - 횡단중,안전운전불이행,건조,맑음,단일로 - 기타,승용,남,73세,상해없음,보행자,여,56세,중상
2018022000100316,2018년 2월 20일 15시,화요일,경상북도 경주시 성건동,중상사고,0,1,0,0,차대차 - 측면충돌,안전운전불이행,건조,맑음,교차로 - 교차로안,승용,여,71세,상해없음,승용,남,68세,중상
2018022000100317,2018년 2월 20일 15시,화요일,경상북도 경주시 동천동,중상사고,0,1,3,0,차대차 - 측면충돌,안전운전불이행,건조,맑음,교차로 - 교차로부근,승용,여,62세,상해없음,승합,남,57세,상해없음
2018022000100366,2018년 2월 20일 17시,화요일,경상북도 경산시 옥곡동,중상사고,0,1,1,0,차대사람 - 길가장자리구역통행중,안전운전불이행,건조,맑음,단일로 - 기타,자전거,남,59세,경상,보행자,여,61세,중상
2018022000100393,2018년 2월 20일 18시,화요일,경상북도 상주시 내서면,경상사고,0,0,1,0,차대차 - 측면충돌,안전운전불이행,건조,맑음,단일로 - 기타,화물,남,46세,상해없음,화물,남,52세,경상
2018022000100439,2018년 2월 20일 20시,화요일,경상북도 경산시 중방동,경상사고,0,0,1,0,차대차 - 측면충돌,교차로운행방법위반,건조,맑음,교차로 - 교차로안,승용,남,57세,상해없음,승용,여,24세,경상
2018022000100440,2018년 2월 20일 20시,화요일,경상북도 성주군 월항면,경상사고,0,0,1,0,차대차 - 측면충돌,신호위반,건조,맑음,교차로 - 교차로안,화물,남,37세,상해없음,승용,남,30세,경상
2018022000100441,2018년 2월 20일 20시,화요일,경상북도 포항시 남구 대잠동,경상사고,0,0,2,0,차대차 - 측면충돌,신호위반,건조,맑음,교차로 - 교차로안,승용,남,35세,상해없음,승용,여,41세,경상
2018022000100477,2018년 2월 20일 22시,화요일,경상북도 성주군 성주읍,경상사고,0,0,2,0,차대차 - 추돌,안전운전불이행,건조,맑음,교차로 - 교차로부근,화물,남,47세,상해없음,승용,여,44세,경상
2018022000100478,2018년 2월 20일 22시,화요일,경상북도 구미시 공단동,경상사고,0,0,2,0,차대차 - 추돌,안전운전불이행,건조,맑음,교차로 - 교차로부근,승용,남,24세,상해없음,승용,남,45세,경상
2018022000100491,2018년 2월 20일 23시,화요일,경상북도 상주시 함창읍,중상사고,0,1,0,0,차량단독 - 공작물충돌,안전운전불이행,건조,맑음,단일로 - 기타,화물,남,36세,중상,,,,
2018022100100068,2018년 2월 21일 07시,수요일,경상북도 안동시 대석동,부상신고사고,0,0,0,1,차대차 - 측면충돌,직진우회전진행방해,건조,맑음,교차로 - 교차로안,승합,남,68세,상해없음,화물,남,56세,부상신고
2018022100100069,2018년 2월 21일 07시,수요일,경상북도 칠곡군 석적읍,경상사고,0,0,1,0,차대차 - 측면충돌,안전운전불이행,건조,흐림,교차로 - 교차로안,승용,남,40세,상해없음,승용,남,33세,경상
2018022100100070,2018년 2월 21일 07시,수요일,경상북도 영천시 조교동,경상사고,0,0,5,0,차량단독 - 공작물충돌,안전운전불이행,건조,맑음,교차로 - 교차로안,승용,남,37세,경상,,,,
2018022100100071,2018년 2월 21일 07시,수요일,경상북도 포항시 남구 상도동,경상사고,0,0,2,0,차대차 - 측면충돌,차로위반,건조,맑음,교차로 - 교차로부근,승용,남,51세,상해없음,승합,남,48세,경상
2018022100100089,2018년 2월 21일 08시,수요일,경상북도 영주시 장수면,중상사고,0,2,0,0,차대차 - 측면충돌,중앙선침범,건조,맑음,단일로 - 기타,승용,여,36세,중상,승용,여,51세,중상
2018022100100090,2018년 2월 21일 08시,수요일,경상북도 구미시 공단동,경상사고,0,0,1,0,차대차 - 기타,안전운전불이행,건조,맑음,단일로 - 기타,승용,남,51세,상해없음,승용,남,23세,경상
2018022100100112,2018년 2월 21일 09시,수요일,경상북도 포항시 남구 대도동,경상사고,0,0,2,0,차대차 - 측면충돌,안전운전불이행,건조,맑음,교차로 - 교차로부근,승용,남,78세,상해없음,승용,여,32세,경상
2018022100100137,2018년 2월 21일 10시,수요일,경상북도 청송군 현서면,중상사고,0,1,0,0,차대차 - 정면충돌,안전운전불이행,건조,맑음,단일로 - 교량,승용,남,83세,상해없음,원동기,남,73세,중상
2018022100100205,2018년 2월 21일 13시,수요일,경상북도 김천시 성내동,경상사고,0,0,1,0,차대차 - 측면충돌,교차로운행방법위반,건조,맑음,교차로 - 교차로안,승용,여,61세,상해없음,이륜,남,22세,경상
2018022100100232,2018년 2월 21일 14시,수요일,경상북도 경주시 황성동,중상사고,0,1,0,0,차대차 - 측면충돌,안전운전불이행,건조,맑음,교차로 - 교차로안,승용,남,70세,상해없음,화물,남,77세,중상
2018022100100233,2018년 2월 21일 14시,수요일,경상북도 의성군 비안면,중상사고,0,1,0,0,차대차 - 측면충돌,안전운전불이행,건조,맑음,교차로 - 교차로안,승용,남,52세,상해없음,이륜,남,66세,중상
2018022100100261,2018년 2월 21일 15시,수요일,경상북도 경주시 양남면,경상사고,0,0,1,0,차대차 - 측면충돌,안전운전불이행,건조,맑음,교차로 - 교차로안,이륜,남,47세,경상,화물,남,52세,상해없음