사고번호,사고일시,요일,시군구,사고내용,사망자수,중상자수,경상자수,부상신고자수,사고유형,법규위반,노면상태,기상상태,도로형태,가해운전자 차종,가해운전자 성별,가해운전자 연령,가해운전자 상해정도,피해운전자 차종,피해운전자 성별,피해운전자 연령,피해운전자 상해정도
2018022800100351,2018년 2월 28일 16시,수요일,경상북도 구미시 형곡동,경상사고,0,0,1,0,차대차 - 측면충돌,신호위반,젖음/습기,비,교차로 - 교차로안,승용,여,61세,상해없음,승용,남,51세,경상
2018022800100352,2018년 2월 28일 16시,수요일,경상북도 포항시 남구 오천읍,경상사고,0,0,4,0,차대차 - 측면충돌,직진우회전진행방해,젖음/습기,비,교차로 - 교차로안,승용,남,49세,경상,승용,여,52세,경상
2018022800100399,2018년 2월 28일 17시,수요일,경상북도 상주시 청리면,중상사고,0,1,0,0,차대차 - 측면충돌,과속,젖음/습기,비,단일로 - 기타,승용,남,59세,상해없음,특수,남,49세,중상
2018022800100400,2018년 2월 28일 17시,수요일,경상북도 울진군 온정면,중상사고,0,2,0,0,차대차 - 정면충돌,중앙선침범,젖음/습기,비,단일로 - 기타,화물,남,63세,중상,승용,여,41세,중상
2018022800100456,2018년 2월 28일 18시,수요일,경상북도 경주시 성동동,중상사고,0,1,1,0,차대차 - 측면충돌,안전운전불이행,젖음/습기,비,교차로 - 교차로안,화물,남,39세,상해없음,승용,여,68세,상해없음
2018022800100457,2018년 2월 28일 18시,수요일,경상북도 경산시 자인면,경상사고,0,0,1,0,차대차 - 측면충돌,안전운전불이행,젖음/습기,비,단일로 - 기타,화물,남,63세,상해없음,화물,남,69세,경상
2018022800100458,2018년 2월 28일 18시,수요일,경상북도 포항시 남구 대잠동,중상사고,0,1,0,0,차대사람 - 횡단중,신호위반,젖음/습기,비,교차로 - 교차로횡단보도내,승용,남,52세,상해없음,보행자,여,54세,중상
2018022800100459,2018년 2월 28일 18시,수요일,경상북도 포항시 남구 지곡동,경상사고,0,0,1,0,차대차 - 측면충돌,직진우회전진행방해,젖음/습기,비,교차로 - 교차로안,승용,남,63세,상해없음,승용,남,32세,경상
2018022800100525,2018년 2월 28일 19시,수요일,경상북도 칠곡군 북삼읍,경상사고,0,0,1,0,차대차 - 추돌,안전운전불이행,젖음/습기,비,교차로 - 교차로부근,화물,남,56세,상해없음,승용,여,29세,경상
2018022800100526,2018년 2월 28일 19시,수요일,경상북도 칠곡군 약목면,경상사고,0,0,1,0,차대차 - 추돌,안전운전불이행,건조,맑음,단일로 - 기타,승용,남,49세,상해없음,승용,여,48세,경상
2018022800100527,2018년 2월 28일 19시,수요일,경상북도 경산시 사동,경상사고,0,0,2,0,차대차 - 측면충돌,직진우회전진행방해,젖음/습기,비,교차로 - 교차로안,승용,여,41세,상해없음,승용,여,55세,경상
2018022800100528,2018년 2월 28일 19시,수요일,경상북도 울진군 울진읍,중상사고,0,1,0,0,차대사람 - 횡단중,안전운전불이행,젖음/습기,비,단일로 - 기타,승합,남,48세,상해없음,보행자,여,77세,중상
2018022800100584,2018년 2월 28일 20시,수요일,경상북도 구미시 사곡동,경상사고,0,0,1,0,차대차 - 정면충돌,중앙선침범,젖음/습기,비,교차로 - 교차로부근,승용,남,50세,상해없음,승용,남,19세,상해없음
2018022800100647,2018년 2월 28일 21시,수요일,경상북도 포항시 북구 용흥동,중상사고,0,1,0,0,차대사람 - 보도통행중,보행자보호의무위반,젖음/습기,비,교차로 - 교차로횡단보도내,승용,남,61세,상해없음,보행자,여,58세,중상
2018022800100648,2018년 2월 28일 21시,수요일,경상북도 칠곡군 북삼읍,경상사고,0,0,1,0,차대차 - 측면충돌,안전운전불이행,젖음/습기,비,교차로 - 교차로부근,기타불명,기타불명,미분류,기타불명,이륜,남,36세,경상
2018022800100649,2018년 2월 28일 21시,수요일,경상북도 구미시 공단동,경상사고,0,0,2,0,차대차 - 추돌,안전운전불이행,젖음/습기,비,단일로 - 교량,승용,남,57세,상해없음,승용,남,26세,경상
2018022800100704,2018년 2월 28일 22시,수요일,경상북도 영양군 일월면,경상사고,0,0,1,0,차대차 - 추돌,안전운전불이행,젖음/습기,비,단일로 - 기타,화물,남,64세,상해없음,승용,남,50세,경상
2018022800100705,2018년 2월 28일 22시,수요일,경상북도 구미시 황상동,경상사고,0,0,2,0,차대차 - 추돌,신호위반,젖음/습기,비,교차로 - 교차로부근,승용,여,29세,상해없음,승용,남,54세,상해없음
2018022800100706,2018년 2월 28일 22시,수요일,경상북도 구미시 임은동,중상사고,0,1,1,0,차대차 - 추돌,안전운전불이행,젖음/습기,비,교차로 - 교차로부근,승용,남,45세,상해없음,승용,남,34세,경상
2018022800100749,2018년 2월 28일 23시,수요일,경상북도 칠곡군 왜관읍,부상신고사고,0,0,0,1,차대차 - 기타,안전운전불이행,건조,맑음,단일로 - 기타,승용,남,46세,부상신고,승합,남,42세,상해없음
2018030100100026,2018년 3월 1일 00시,목요일,경상북도 칠곡군 석적읍,부상신고사고,0,0,0,1,차량단독 - 공작물충돌,안전운전불이행,건조,맑음,단일로 - 기타,승용,남,35세,부상신고,,,,
2018030100100081,2018년 3월 1일 03시,목요일,경상북도 경주시 양남면,중상사고,0,1,0,0,차대차 - 측면충돌,신호위반,젖음/습기,비,교차로 - 교차로안,승용,남,36세,상해없음,승용,여,35세,중상
2018030100100143,2018년 3월 1일 08시,목요일,경상북도 포항시 북구 청하면,중상사고,0,1,0,0,차대차 - 기타,중앙선침범,건조,맑음,단일로 - 기타,승용,여,35세,상해없음,이륜,남,78세,중상
2018030100100144,2018년 3월 1일 08시,목요일,경상북도 포항시 북구 죽도동,중상사고,0,1,0,0,차대사람 - 횡단중,보행자보호의무위반,건조,맑음,교차로 - 교차로횡단보도내,화물,남,49세,상해없음,보행자,여,61세,중상
2018030100100167,2018년 3월 1일 10시,목요일,경상북도 포항시 북구 대흥동,경상사고,0,0,1,0,차대사람 - 횡단중,보행자보호의무위반,건조,맑음,교차로 - 교차로횡단보도내,승용,남,70세,상해없음,보행자,여,24세,경상
2018030100100168,2018년 3월 1일 10시,목요일,경상북도 구미시 형곡동,경상사고,0,0,1,0,차대차 - 측면충돌,직진우회전진행방해,건조,맑음,교차로 - 교차로안,승용,남,64세,상해없음,승용,남,33세,경상
2018030100100169,2018년 3월 1일 10시,목요일,경상북도 칠곡군 지천면,경상사고,0,0,3,0,차대차 - 기타,기타,건조,맑음,단일로 - 기타,화물,남,53세,상해없음,승용,남,43세,경상
2018030100100188,2018년 3월 1일 11시,목요일,경상북도 안동시 북후면,경상사고,0,0,1,0,차대차 - 추돌,안전운전불이행,건조,맑음,단일로 - 기타,승용,여,59세,경상,화물,남,82세,상해없음
2018030100100189,2018년 3월 1일 11시,목요일,경상북도 김천시 부곡동,중상사고,0,1,0,0,차대사람 - 횡단중,보행자보호의무위반,건조,맑음,단일로 - 기타,승용,남,63세,상해없음,보행자,여,72세,중상
2018030100100219,2018년 3월 1일 12시,목요일,경상북도 포항시 북구 장성동,경상사고,0,0,1,0,차대차 - 추돌,안전거리미확보,건조,맑음,단일로 - 기타,승용,여,43세,상해없음,승용,남,40세,경상
2018030100100220,2018년 3월 1일 12시,목요일,경상북도 구미시 오태동,경상사고,0,0,1,0,차대사람 - 횡단중,기타,건조,맑음,단일로 - 기타,화물,남,22세,상해없음,보행자,남,3세,경상
2018030100100242,2018년 3월 1일 13시,목요일,경상북도 경주시 황성동,경상사고,0,0,1,0,차대차 - 측면충돌,안전거리미확보,건조,맑음,교차로 - 교차로안,승용,남,71세,상해없음,자전거,여,55세,경상
2018030100100243,2018년 3월 1일 13시,목요일,경상북도 성주군 성주읍,경상사고,0,0,1,0,차대차 - 측면충돌,직진우회전진행방해,건조,맑음,교차로 - 교차로안,승용,여,53세,상해없음,승용,여,57세,경상
2018030100100270,2018년 3월 1일 14시,목요일,경상북도 포항시 북구 우현동,경상사고,0,0,1,0,차대차 - 기타,안전거리미확보,건조,맑음,단일로 - 기타,승용,남,60세,상해없음,승합,남,42세,상해없음
2018030100100271,2018년 3월 1일 14시,목요일,경상북도 칠곡군 석적읍,경상사고,0,0,2,0,차대차 - 추돌,기타,건조,맑음,단일로 - 기타,승용,남,53세,상해없음,승용,남,67세,경상
2018030100100272,2018년 3월 1일 14시,목요일,경상북도 울진군 울진읍,사망사고,1,0,0,0,차량단독 - 전도전복 - 전도,안전운전불이행,건조,맑음,단일로 - 기타,이륜,남,60세,사망,미분류,미분류,미분류,미분류
2018030100100301,2018년 3월 1일 15시,목요일,경상북도 경주시 용강동,경상사고,0,0,2,0,차대차 - 추돌,안전운전불이행,건조,맑음,교차로 - 교차로부근,승용,남,40세,상해없음,승용,여,33세,경상
2018030100100302,2018년 3월 1일 15시,목요일,경상북도 포항시 남구 오천읍,중상사고,0,2,0,0,차대차 - 측면충돌,기타,건조,맑음,교차로 - 교차로안,이륜,남,17세,중상,화물,남,49세,상해없음
2018030100100331,2018년 3월 1일 16시,목요일,경상북도 칠곡군 석적읍,경상사고,0,0,2,0,차대차 - 측면충돌,안전운전불이행,건조,맑음,교차로 - 교차로부근,승용,여,36세,상해없음,승용,남,26세,경상
2018030100100419,2018년 3월 1일 19시,목요일,경상북도 경주시 성건동,경상사고,0,0,1,0,차대차 - 측면충돌,안전운전불이행,건조,맑음,교차로 - 교차로안,승용,남,30세,상해없음,이륜,남,21세,경상
2018030100100420,2018년 3월 1일 19시,목요일,경상북도 포항시 북구 환호동,경상사고,0,0,1,0,차대차 - 측면충돌,신호위반,건조,맑음,교차로 - 교차로안,승용,여,70세,상해없음,승용,남,40세,경상
2018030100100421,2018년 3월 1일 19시,목요일,경상북도 상주시 화서면,경상사고,0,0,1,0,차대차 - 정면충돌,안전운전불이행,건조,맑음,교차로 - 교차로안,승용,남,31세,상해없음,이륜,남,29세,경상
2018030100100422,2018년 3월 1일 19시,목요일,경상북도 영천시 금호읍,경상사고,0,0,1,1,차대차 - 추돌,안전거리미확보,건조,맑음,단일로 - 기타,승용,남,64세,상해없음,승용,남,67세,경상
2018030100100423,2018년 3월 1일 19시,목요일,경상북도 포항시 남구 구룡포읍,경상사고,0,0,2,0,차대차 - 측면충돌,불법유턴,건조,맑음,교차로 - 교차로안,승용,남,44세,상해없음,승용,여,35세,경상
2018030100100439,2018년 3월 1일 20시,목요일,경상북도 구미시 원평동,중상사고,0,1,0,0,차대차 - 기타,신호위반,건조,맑음,교차로 - 교차로부근,승용,남,35세,상해없음,이륜,남,23세,중상
2018030100100465,2018년 3월 1일 21시,목요일,경상북도 칠곡군 왜관읍,경상사고,0,0,1,1,차대차 - 측면충돌,직진우회전진행방해,건조,맑음,교차로 - 교차로안,승용,남,61세,부상신고,승용,여,49세,경상
2018030100100482,2018년 3월 1일 22시,목요일,경상북도 포항시 북구 장성동,경상사고,0,0,1,0,차대차 - 측면충돌,직진우회전진행방해,건조,맑음,교차로 - 교차로안,승용,남,38세,상해없음,이륜,남,28세,경상
2018030100100489,2018년 3월 1일 23시,목요일,경상북도 울진군 후포면,중상사고,0,1,0,0,차대사람 - 횡단중,안전운전불이행,건조,맑음,단일로 - 지하차도(도로)내,승용,남,70세,상해없음,보행자,남,39세,중상
2018030200100028,2018년 3월 2일 04시,금요일,경상북도 포항시 남구 호동,경상사고,0,0,1,0,차량단독 - 기타,안전운전불이행,건조,맑음,단일로 - 기타,승용,남,56세,상해없음,,,,
2018030200100038,2018년 3월 2일 05시,금요일,경상북도 경주시 동천동,경상사고,0,0,1,0,차대차 - 추돌,안전운전불이행,건조,맑음,단일로 - 기타,승용,남,69세,상해없음,승용,남,50세,경상
2018030200100039,2018년 3월 2일 05시,금요일,경상북도 포항시 북구 용흥동,중상사고,0,1,0,0,차량단독 - 기타,안전운전불이행,건조,맑음,교차로 - 교차로부근,자전거,남,22세,중상,,,,
2018030200100049,2018년 3월 2일 06시,금요일,경상북도 경주시 황성동,경상사고,0,0,1,0,차대사람 - 길가장자리구역통행중,안전운전불이행,건조,맑음,교차로 - 교차로안,승용,남,77세,상해없음,보행자,여,72세,경상
2018030200100063,2018년 3월 2일 07시,금요일,경상북도 포항시 북구 흥해읍,중상사고,0,1,0,0,차대사람 - 횡단중,안전운전불이행,건조,맑음,단일로 - 기타,승용,여,44세,상해없음,보행자,남,38세,중상
2018030200100064,2018년 3월 2일 07시,금요일,경상북도 영천시 금호읍,중상사고,0,1,0,0,차대차 - 측면충돌,안전운전불이행,건조,맑음,교차로 - 교차로안,원동기,여,71세,중상,화물,남,62세,상해없음
2018030200100065,2018년 3월 2일 07시,금요일,경상북도 포항시 남구 연일읍,경상사고,0,0,3,0,차대차 - 측면충돌,신호위반,건조,맑음,교차로 - 교차로안,승용,남,67세,상해없음,화물,남,50세,경상
2018030200100097,2018년 3월 2일 08시,금요일,경상북도 경산시 진량읍,경상사고,0,0,2,0,차대차 - 측면충돌,기타,건조,맑음,교차로 - 교차로안,승용,남,46세,상해없음,승합,남,68세,상해없음
2018030200100129,2018년 3월 2일 09시,금요일,경상북도 포항시 북구 용흥동,경상사고,0,0,1,0,차대사람 - 횡단중,안전운전불이행,건조,맑음,단일로 - 기타,승합,남,32세,상해없음,보행자,여,75세,경상
2018030200100130,2018년 3월 2일 09시,금요일,경상북도 울진군 울진읍,중상사고,0,1,0,0,차대사람 - 기타,안전운전불이행,건조,맑음,단일로 - 기타,화물,여,60세,상해없음,보행자,여,54세,중상
2018030200100158,2018년 3월 2일 10시,금요일,경상북도 영주시 휴천동,경상사고,0,0,1,0,차대차 - 측면충돌,안전운전불이행,건조,맑음,교차로 - 교차로안,승합,여,61세,상해없음,승용,여,66세,경상
2018030200100159,2018년 3월 2일 10시,금요일,경상북도 영천시 화남면,중상사고,0,1,0,0,차대차 - 후진중충돌,안전운전불이행,건조,맑음,단일로 - 기타,화물,남,49세,상해없음,이륜,남,78세,중상
2018030200100160,2018년 3월 2일 10시,금요일,경상북도 청도군 운문면,경상사고,0,0,2,0,차대차 - 측면충돌,교차로운행방법위반,건조,맑음,교차로 - 교차로안,화물,남,63세,경상,화물,남,60세,경상
2018030200100161,2018년 3월 2일 10시,금요일,경상북도 포항시 남구 상도동,사망사고,1,0,0,0,차대차 - 기타,신호위반,건조,맑음,교차로 - 교차로안,이륜,남,83세,사망,승용,남,70세,상해없음
2018030200100188,2018년 3월 2일 11시,금요일,경상북도 포항시 남구 상도동,경상사고,0,0,1,0,차량단독 - 기타,안전운전불이행,건조,맑음,단일로 - 기타,승용,남,68세,상해없음,,,,
2018030200100220,2018년 3월 2일 12시,금요일,경상북도 경주시 외동읍,경상사고,0,0,1,0,차대차 - 측면충돌,안전운전불이행,건조,맑음,교차로 - 교차로안,화물,남,33세,경상,화물,남,56세,상해없음
2018030200100221,2018년 3월 2일 12시,금요일,경상북도 상주시 남성동,경상사고,0,0,1,0,차대차 - 측면충돌,교차로운행방법위반,건조,맑음,교차로 - 교차로안,승용,남,71세,상해없음,화물,남,18세,상해없음
2018030200100222,2018년 3월 2일 12시,금요일,경상북도 상주시 내서면,중상사고,0,1,1,0,차대차 - 추돌,안전거리미확보,건조,맑음,단일로 - 기타,승용,여,48세,경상,승용,남,73세,중상
2018030200100223,2018년 3월 2일 12시,금요일,경상북도 의성군 의성읍,경상사고,0,0,1,0,차대차 - 측면충돌,안전운전불이행,건조,맑음,교차로 - 교차로안,이륜,여,63세,경상,화물,남,33세,상해없음
2018030200100250,2018년 3월 2일 13시,금요일,경상북도 포항시 북구 흥해읍,중상사고,0,1,0,0,차대차 - 측면충돌,안전운전불이행,건조,맑음,단일로 - 기타,승합,여,58세,상해없음,승용,여,24세,중상
2018030200100281,2018년 3월 2일 14시,금요일,경상북도 포항시 북구 대신동,경상사고,0,0,1,0,차량단독 - 기타,안전운전불이행,건조,맑음,단일로 - 기타,승합,남,55세,상해없음,,,,
2018030200100326,2018년 3월 2일 15시,금요일,경상북도 포항시 북구 동빈2가,중상사고,0,1,0,0,차량단독 - 공작물충돌,안전운전불이행,건조,맑음,교차로 - 교차로부근,승용,남,71세,중상,,,,
2018030200100327,2018년 3월 2일 15시,금요일,경상북도 영주시 창진동,중상사고,0,1,0,0,차대차 - 측면충돌,안전운전불이행,건조,맑음,교차로 - 교차로부근,화물,여,56세,상해없음,이륜,남,74세,중상
2018030200100328,2018년 3월 2일 15시,금요일,경상북도 경산시 자인면,중상사고,0,1,0,0,차대차 - 측면충돌,교차로운행방법위반,건조,맑음,교차로 - 교차로안,승합,남,54세,상해없음,이륜,남,79세,중상
2018030200100370,2018년 3월 2일 16시,금요일,경상북도 경주시 황성동,경상사고,0,0,1,0,차대사람 - 횡단중,안전운전불이행,건조,맑음,단일로 - 기타,승용,여,44세,상해없음,보행자,남,7세,경상
2018030200100371,2018년 3월 2일 16시,금요일,경상북도 경주시 동천동,경상사고,0,0,2,0,차대차 - 측면충돌,안전운전불이행,건조,맑음,교차로 - 교차로안,화물,남,48세,상해없음,승용,남,30세,경상
2018030200100372,2018년 3월 2일 16시,금요일,경상북도 상주시 냉림동,경상사고,0,0,1,0,차대차 - 추돌,안전운전불이행,건조,맑음,단일로 - 기타,자전거,남,14세,경상,승용,남,44세,상해없음
2018030200100374,2018년 3월 2일 16시,금요일,경상북도 청도군 청도읍,경상사고,0,0,1,0,차대사람 - 길가장자리구역통행중,안전운전불이행,건조,맑음,단일로 - 기타,승용,남,81세,상해없음,보행자,남,68세,경상
2018030200100418,2018년 3월 2일 17시,금요일,경상북도 칠곡군 석적읍,부상신고사고,0,0,0,1,차대차 - 측면충돌,안전운전불이행,건조,맑음,교차로 - 교차로부근,승용,남,53세,부상신고,승용,여,37세,상해없음
2018030200100462,2018년 3월 2일 18시,금요일,경상북도 경산시 사동,경상사고,0,0,1,0,차대사람 - 길가장자리구역통행중,안전운전불이행,건조,맑음,교차로 - 교차로부근,화물,남,51세,상해없음,보행자,남,55세,경상
2018030200100463,2018년 3월 2일 18시,금요일,경상북도 경산시 임당동,중상사고,0,1,0,0,차대사람 - 횡단중,안전운전불이행,건조,맑음,단일로 - 기타,승용,남,61세,상해없음,보행자,여,72세,중상
2018030200100464,2018년 3월 2일 18시,금요일,경상북도 포항시 남구 대송면,경상사고,0,0,1,0,차대차 - 측면충돌,직진우회전진행방해,건조,맑음,교차로 - 교차로안,승용,남,25세,경상,승용,남,49세,상해없음
2018030200100500,2018년 3월 2일 19시,금요일,경상북도 포항시 북구 우현동,경상사고,0,0,1,0,차대차 - 기타,안전운전불이행,건조,맑음,단일로 - 기타,승용,여,57세,상해없음,승용,남,49세,경상
2018030200100501,2018년 3월 2일 19시,금요일,경상북도 포항시 북구 흥해읍,경상사고,0,0,1,0,차대차 - 추돌,안전운전불이행,건조,맑음,단일로 - 기타,승용,남,51세,상해없음,승용,여,49세,경상
2018030200100502,2018년 3월 2일 19시,금요일,경상북도 안동시 옥동,경상사고,0,0,1,0,차대차 - 측면충돌,안전운전불이행,건조,맑음,교차로 - 교차로안,승용,남,45세,상해없음,원동기,남,30세,경상
2018030200100503,2018년 3월 2일 19시,금요일,경상북도 포항시 남구 오천읍,경상사고,0,0,1,0,차대차 - 후진중충돌,안전운전불이행,건조,맑음,단일로 - 기타,승용,남,26세,상해없음,승용,남,38세,상해없음
2018030200100533,2018년 3월 2일 20시,금요일,경상북도 안동시 옥동,경상사고,0,0,1,0,차대사람 - 차도통행중,안전운전불이행,건조,맑음,단일로 - 기타,승용,여,36세,상해없음,보행자,남,23세,경상
2018030200100585,2018년 3월 2일 22시,금요일,경상북도 영주시 가흥동,경상사고,0,0,1,0,차대차 - 측면충돌,안전운전불이행,건조,맑음,단일로 - 기타,승용,남,56세,상해없음,승용,남,34세,경상
2018030200100610,2018년 3월 2일 23시,금요일,경상북도 포항시 남구 대도동,중상사고,0,1,2,0,차대차 - 기타,신호위반,건조,맑음,교차로 - 교차로안,승용,남,28세,경상,승용,남,72세,중상
2018030300100027,2018년 3월 3일 01시,토요일,경상북도 포항시 북구 장성동,중상사고,0,1,2,0,차대차 - 측면충돌,안전거리미확보,건조,맑음,단일로 - 기타,승용,여,24세,상해없음,승합,남,43세,중상
2018030300100044,2018년 3월 3일 03시,토요일,경상북도 구미시 신평동,경상사고,0,0,2,0,차대차 - 정면충돌,중앙선침범,건조,맑음,교차로 - 교차로안,승용,남,34세,상해없음,승용,남,55세,경상
2018030300100054,2018년 3월 3일 04시,토요일,경상북도 포항시 남구 일월동,사망사고,1,0,0,0,차량단독 - 기타,안전운전불이행,건조,맑음,단일로 - 기타,이륜,남,19세,사망,,,,
2018030300100064,2018년 3월 3일 05시,토요일,경상북도 구미시 공단동,경상사고,0,0,2,0,차대차 - 추돌,안전운전불이행,건조,맑음,교차로 - 교차로부근,승용,남,30세,상해없음,승용,남,58세,경상
2018030300100072,2018년 3월 3일 06시,토요일,경상북도 경주시 인왕동,중상사고,0,1,0,0,차대차 - 측면충돌,신호위반,건조,맑음,교차로 - 교차로안,승용,남,63세,상해없음,화물,남,55세,중상
2018030300100098,2018년 3월 3일 08시,토요일,경상북도 포항시 북구 동빈1가,경상사고,0,0,1,1,차대차 - 측면충돌,직진우회전진행방해,건조,맑음,교차로 - 교차로안,승용,남,60세,상해없음,승용,남,39세,경상
2018030300100099,2018년 3월 3일 08시,토요일,경상북도 안동시 명륜동,경상사고,0,0,1,0,차대사람 - 횡단중,보행자보호의무위반,건조,맑음,단일로 - 기타,승용,여,48세,상해없음,보행자,여,71세,경상
2018030300100100,2018년 3월 3일 08시,토요일,경상북도 성주군 선남면,중상사고,0,1,1,0,차대차 - 정면충돌,중앙선침범,건조,맑음,단일로 - 기타,승용,남,42세,경상,화물,남,51세,중상
2018030300100101,2018년 3월 3일 08시,토요일,경상북도 포항시 남구 오천읍,경상사고,0,0,1,0,차대차 - 측면충돌,안전운전불이행,건조,맑음,교차로 - 교차로부근,승용,여,58세,상해없음,승용,여,29세,경상
2018030300100134,2018년 3월 3일 10시,토요일,경상북도 포항시 북구 용흥동,중상사고,0,1,1,0,차대차 - 정면충돌,안전운전불이행,건조,맑음,교차로 - 교차로부근,이륜,남,39세,중상,승용,여,60세,경상
2018030300100135,2018년 3월 3일 10시,토요일,경상북도 칠곡군 석적읍,경상사고,0,0,1,0,차대차 - 측면충돌,안전운전불이행,건조,맑음,교차로 - 교차로부근,승용,여,40세,상해없음,자전거,남,22세,경상
2018030300100136,2018년 3월 3일 10시,토요일,경상북도 포항시 남구 구룡포읍,경상사고,0,0,2,0,차대차 - 기타,중앙선침범,건조,맑음,교차로 - 교차로부근,승합,남,61세,상해없음,승용,남,48세,경상
2018030300100189,2018년 3월 3일 12시,토요일,경상북도 포항시 북구 죽도동,중상사고,0,1,0,0,차대사람 - 길가장자리구역통행중,안전운전불이행,건조,맑음,단일로 - 기타,자전거,남,55세,상해없음,보행자,여,71세,중상
2018030300100190,2018년 3월 3일 12시,토요일,경상북도 영주시 휴천동,중상사고,0,1,0,0,차대차 - 측면충돌,안전운전불이행,건조,맑음,단일로 - 기타,승용,여,49세,상해없음,이륜,남,51세,중상
2018030300100191,2018년 3월 3일 12시,토요일,경상북도 영천시 완산동,중상사고,0,1,0,0,차대사람 - 횡단중,신호위반,건조,맑음,교차로 - 교차로횡단보도내,승용,남,23세,상해없음,보행자,여,75세,중상
2018030300100221,2018년 3월 3일 13시,토요일,경상북도 영천시 완산동,경상사고,0,0,1,0,차량단독 - 공작물충돌,안전운전불이행,건조,맑음,단일로 - 교량,이륜,남,83세,경상,,,,
2018030300100222,2018년 3월 3일 13시,토요일,경상북도 포항시 남구 동촌동,경상사고,0,0,2,0,차대차 - 추돌,안전운전불이행,건조,맑음,단일로 - 기타,승용,여,57세,상해없음,승용,남,58세,경상
2018030300100245,2018년 3월 3일 14시,토요일,경상북도 김천시 아포읍,경상사고,0,0,3,0,차대차 - 측면충돌,차로위반,건조,맑음,단일로 - 기타,승용,여,67세,상해없음,승용,남,52세,경상
2018030300100246,2018년 3월 3일 14시,토요일,경상북도 포항시 남구 오천읍,경상사고,0,0,3,0,차대차 - 측면충돌,중앙선침범,건조,맑음,단일로 - 기타,승용,남,27세,경상,승용,남,29세,경상
2018030300100273,2018년 3월 3일 15시,토요일,경상북도 칠곡군 북삼읍,경상사고,0,0,1,0,차대차 - 후진중충돌,안전운전불이행,건조,맑음,단일로 - 기타,승용,남,48세,상해없음,이륜,남,27세,경상
2018030300100303,2018년 3월 3일 16시,토요일,경상북도 구미시 선산읍,중상사고,0,2,1,0,차대차 - 측면충돌,직진우회전진행방해,건조,맑음,교차로 - 교차로안,승용,여,45세,상해없음,승합,남,41세,중상
2018030300100330,2018년 3월 3일 17시,토요일,경상북도 칠곡군 왜관읍,경상사고,0,0,2,0,차대사람 - 횡단중,안전운전불이행,건조,맑음,교차로 - 교차로횡단보도내,승용,남,51세,상해없음,보행자,남,17세,경상
2018030300100331,2018년 3월 3일 17시,토요일,경상북도 영천시 금호읍,경상사고,0,0,5,0,차대차 - 추돌,안전거리미확보,건조,맑음,단일로 - 기타,승용,여,55세,경상,승용,여,34세,경상
2018030300100332,2018년 3월 3일 17시,토요일,경상북도 경산시 하양읍,중상사고,0,1,0,0,차대사람 - 횡단중,안전운전불이행,건조,맑음,단일로 - 기타,승용,남,51세,상해없음,보행자,여,10세,중상
2018030300100367,2018년 3월 3일 18시,토요일,경상북도 영주시 가흥동,경상사고,0,0,2,1,차대차 - 측면충돌,안전운전불이행,건조,맑음,교차로 - 교차로안,승용,남,52세,경상,화물,남,50세,경상
2018030300100368,2018년 3월 3일 18시,토요일,경상북도 포항시 남구 대잠동,경상사고,0,0,2,0,차대차 - 측면충돌,직진우회전진행방해,건조,맑음,교차로 - 교차로안,승용,남,64세,상해없음,승용,여,38세,경상
2018030300100400,2018년 3월 3일 19시,토요일,경상북도 경주시 구정동,중상사고,0,1,0,0,차대차 - 측면충돌,신호위반,건조,맑음,교차로 - 교차로안,이륜,남,77세,중상,승용,남,46세,상해없음
2018030300100401,2018년 3월 3일 19시,토요일,경상북도 포항시 남구 오천읍,경상사고,0,0,1,0,차대차 - 측면충돌,직진우회전진행방해,건조,맑음,교차로 - 교차로안,화물,남,56세,상해없음,승용,남,27세,경상
2018030300100429,2018년 3월 3일 20시,토요일,경상북도 칠곡군 왜관읍,경상사고,0,0,1,1,차대차 - 측면충돌,신호위반,건조,맑음,교차로 - 교차로안,승용,남,68세,부상신고,승용,남,35세,경상
2018030400100015,2018년 3월 4일 00시,일요일,경상북도 경주시 인왕동,경상사고,0,0,4,0,차대차 - 추돌,안전거리미확보,건조,맑음,단일로 - 기타,승용,남,34세,상해없음,승용,남,25세,경상
2018030400100027,2018년 3월 4일 01시,일요일,경상북도 경주시 황성동,경상사고,0,0,1,0,차대차 - 측면충돌,안전운전불이행,건조,맑음,교차로 - 교차로안,승용,남,67세,상해없음,이륜,남,37세,경상
2018030400100042,2018년 3월 4일 02시,일요일,경상북도 경산시 백천동,경상사고,0,0,3,0,차대차 - 추돌,안전운전불이행,건조,흐림,교차로 - 교차로부근,승용,여,55세,상해없음,승용,여,51세,경상
2018030400100061,2018년 3월 4일 04시,일요일,경상북도 포항시 남구 오천읍,중상사고,0,1,0,0,차대차 - 측면충돌,중앙선침범,건조,맑음,교차로 - 교차로부근,승용,남,20세,상해없음,승용,남,33세,중상
2018030400100081,2018년 3월 4일 06시,일요일,경상북도 경산시 중방동,경상사고,0,0,3,0,차대차 - 추돌,안전운전불이행,건조,맑음,단일로 - 기타,승용,남,46세,상해없음,승용,남,57세,경상
2018030400100094,2018년 3월 4일 07시,일요일,경상북도 포항시 남구 대잠동,중상사고,0,1,1,0,차대차 - 측면충돌,신호위반,건조,맑음,교차로 - 교차로안,승용,남,79세,상해없음,승용,남,23세,중상
2018030400100102,2018년 3월 4일 08시,일요일,경상북도 성주군 금수면,중상사고,0,1,1,0,차대차 - 측면충돌,직진우회전진행방해,건조,맑음,교차로 - 교차로안,승용,남,33세,경상,이륜,남,39세,중상