사고번호,사고일시,요일,시군구,사고내용,사망자수,중상자수,경상자수,부상신고자수,사고유형,법규위반,노면상태,기상상태,도로형태,가해운전자 차종,가해운전자 성별,가해운전자 연령,가해운전자 상해정도,피해운전자 차종,피해운전자 성별,피해운전자 연령,피해운전자 상해정도
2018031400100575,2018년 3월 14일 21시,수요일,경상북도 구미시 고아읍,경상사고,0,0,1,0,차대차 - 추돌,안전운전불이행,건조,흐림,교차로 - 교차로부근,승용,남,56세,상해없음,승용,여,45세,경상
2018031400100611,2018년 3월 14일 22시,수요일,경상북도 칠곡군 왜관읍,중상사고,0,1,0,0,차대사람 - 기타,안전운전불이행,건조,맑음,단일로 - 기타,승용,여,49세,상해없음,보행자,남,48세,중상
2018031400100612,2018년 3월 14일 22시,수요일,경상북도 포항시 남구 연일읍,중상사고,0,1,0,0,차대사람 - 기타,안전운전불이행,건조,맑음,단일로 - 기타,개인형이동수단(PM),남,33세,상해없음,보행자,남,61세,중상
2018031500100021,2018년 3월 15일 01시,목요일,경상북도 경산시 진량읍,중상사고,0,1,0,0,차대사람 - 기타,안전운전불이행,건조,맑음,단일로 - 기타,화물,남,26세,상해없음,보행자,남,39세,중상
2018031500100058,2018년 3월 15일 05시,목요일,경상북도 포항시 북구 죽도동,중상사고,0,1,0,0,차대차 - 기타,안전운전불이행,건조,맑음,단일로 - 기타,승용,여,64세,상해없음,자전거,남,73세,중상
2018031500100072,2018년 3월 15일 06시,목요일,경상북도 구미시 진평동,경상사고,0,0,1,0,차대사람 - 기타,보행자보호의무위반,젖음/습기,비,교차로 - 교차로부근,승용,남,39세,상해없음,보행자,남,36세,경상
2018031500100101,2018년 3월 15일 07시,목요일,경상북도 김천시 평화동,중상사고,0,1,0,0,차대사람 - 횡단중,안전운전불이행,젖음/습기,비,교차로 - 교차로부근,승합,남,62세,상해없음,보행자,여,16세,중상
2018031500100102,2018년 3월 15일 07시,목요일,경상북도 구미시 진평동,경상사고,0,0,1,0,차대차 - 기타,안전운전불이행,젖음/습기,비,단일로 - 기타,승용,남,44세,상해없음,이륜,남,29세,경상
2018031500100139,2018년 3월 15일 08시,목요일,경상북도 김천시 율곡동,경상사고,0,0,1,0,차대사람 - 횡단중,보행자보호의무위반,젖음/습기,비,교차로 - 교차로안,승용,여,28세,기타불명,보행자,여,12세,경상
2018031500100140,2018년 3월 15일 08시,목요일,경상북도 경산시 사동,경상사고,0,0,1,0,차대차 - 후진중충돌,안전운전불이행,젖음/습기,비,단일로 - 기타,승용,여,40세,상해없음,승용,여,44세,경상
2018031500100141,2018년 3월 15일 08시,목요일,경상북도 영덕군 강구면,경상사고,0,0,1,0,차대차 - 측면충돌,직진우회전진행방해,건조,맑음,교차로 - 교차로안,승용,여,59세,경상,승용,여,39세,상해없음
2018031500100142,2018년 3월 15일 08시,목요일,경상북도 포항시 남구 오천읍,경상사고,0,0,1,0,차대차 - 기타,직진우회전진행방해,젖음/습기,비,교차로 - 교차로안,이륜,남,32세,경상,승용,남,53세,상해없음
2018031500100178,2018년 3월 15일 09시,목요일,경상북도 포항시 북구 죽도동,경상사고,0,0,1,0,차대차 - 측면충돌,안전운전불이행,건조,맑음,단일로 - 기타,자전거,여,61세,경상,원동기,남,32세,상해없음
2018031500100243,2018년 3월 15일 11시,목요일,경상북도 경산시 임당동,경상사고,0,0,1,0,차대차 - 측면충돌,안전운전불이행,젖음/습기,비,교차로 - 교차로부근,승용,남,33세,상해없음,승용,남,30세,경상
2018031500100267,2018년 3월 15일 12시,목요일,경상북도 김천시 백옥동,경상사고,0,0,4,0,차대차 - 측면충돌,안전운전불이행,건조,맑음,교차로 - 교차로안,화물,여,63세,상해없음,승용,남,28세,경상
2018031500100268,2018년 3월 15일 12시,목요일,경상북도 상주시 신봉동,중상사고,0,1,0,0,차대차 - 측면충돌,안전운전불이행,젖음/습기,비,단일로 - 기타,이륜,여,68세,중상,승용,남,50세,상해없음
2018031500100269,2018년 3월 15일 12시,목요일,경상북도 경산시 옥곡동,중상사고,0,1,0,0,차대차 - 측면충돌,안전운전불이행,젖음/습기,비,교차로 - 교차로안,이륜,남,22세,중상,승용,남,49세,상해없음
2018031500100293,2018년 3월 15일 13시,목요일,경상북도 김천시 신음동,경상사고,0,0,3,0,차대차 - 측면충돌,안전운전불이행,건조,맑음,단일로 - 기타,화물,여,54세,상해없음,화물,남,44세,경상
2018031500100294,2018년 3월 15일 13시,목요일,경상북도 김천시 평화동,경상사고,0,0,1,0,차대차 - 측면충돌,안전운전불이행,건조,맑음,단일로 - 기타,화물,남,65세,상해없음,승용,여,64세,경상
2018031500100295,2018년 3월 15일 13시,목요일,경상북도 의성군 비안면,경상사고,0,0,1,0,차대차 - 추돌,안전운전불이행,건조,맑음,단일로 - 기타,승용,남,33세,상해없음,승용,남,77세,경상
2018031500100296,2018년 3월 15일 13시,목요일,경상북도 고령군 성산면,경상사고,0,0,2,0,차대차 - 추돌,안전운전불이행,젖음/습기,비,단일로 - 고가도로위,승합,남,64세,상해없음,승용,여,66세,경상
2018031500100318,2018년 3월 15일 14시,목요일,경상북도 상주시 무양동,중상사고,0,2,0,0,차대차 - 측면충돌,교차로운행방법위반,젖음/습기,비,교차로 - 교차로안,승용,남,53세,상해없음,승용,남,33세,중상
2018031500100319,2018년 3월 15일 14시,목요일,경상북도 구미시 임은동,부상신고사고,0,0,0,1,차대차 - 기타,교차로운행방법위반,젖음/습기,흐림,교차로 - 교차로안,승용,여,35세,부상신고,승용,남,48세,상해없음
2018031500100320,2018년 3월 15일 14시,목요일,경상북도 포항시 남구 해도동,경상사고,0,0,1,0,차대차 - 추돌,안전운전불이행,건조,맑음,교차로 - 교차로부근,승용,남,38세,기타불명,이륜,남,33세,경상
2018031500100356,2018년 3월 15일 15시,목요일,경상북도 상주시 신봉동,중상사고,0,1,0,0,차대차 - 측면충돌,신호위반,젖음/습기,맑음,교차로 - 교차로안,승용,남,47세,상해없음,승용,남,40세,중상
2018031500100376,2018년 3월 15일 16시,목요일,경상북도 포항시 북구 양덕동,경상사고,0,0,1,0,차대사람 - 횡단중,보행자보호의무위반,건조,맑음,교차로 - 교차로부근,승용,여,36세,상해없음,보행자,남,8세,경상
2018031500100377,2018년 3월 15일 16시,목요일,경상북도 경산시 옥곡동,경상사고,0,0,1,0,차대사람 - 횡단중,보행자보호의무위반,건조,맑음,단일로 - 기타,승용,남,45세,상해없음,보행자,여,9세,경상
2018031500100413,2018년 3월 15일 17시,목요일,경상북도 경주시 동천동,경상사고,0,0,1,0,차대사람 - 차도통행중,안전운전불이행,건조,맑음,교차로 - 교차로횡단보도내,승용,남,61세,상해없음,보행자,남,12세,경상
2018031500100414,2018년 3월 15일 17시,목요일,경상북도 의성군 의성읍,경상사고,0,0,1,0,차대사람 - 차도통행중,안전운전불이행,젖음/습기,비,단일로 - 기타,승용,여,63세,상해없음,보행자,남,67세,경상
2018031500100448,2018년 3월 15일 18시,목요일,경상북도 칠곡군 왜관읍,경상사고,0,0,2,1,차대차 - 측면충돌,안전운전불이행,건조,맑음,단일로 - 기타,승용,여,57세,부상신고,승용,남,67세,경상
2018031500100492,2018년 3월 15일 19시,목요일,경상북도 문경시 점촌동,경상사고,0,0,1,0,차대차 - 측면충돌,안전운전불이행,건조,맑음,교차로 - 교차로안,승용,여,40세,상해없음,이륜,남,48세,경상
2018031500100493,2018년 3월 15일 19시,목요일,경상북도 경산시 중산동,중상사고,0,1,0,0,차대사람 - 기타,안전운전불이행,건조,맑음,단일로 - 기타,승용,여,30세,상해없음,보행자,여,58세,중상
2018031500100494,2018년 3월 15일 19시,목요일,경상북도 구미시 도량동,중상사고,0,1,0,0,차대차 - 측면충돌,교차로운행방법위반,건조,흐림,교차로 - 교차로안,승용,여,65세,중상,승합,남,61세,상해없음
2018031500100495,2018년 3월 15일 19시,목요일,경상북도 구미시 형곡동,중상사고,0,1,0,0,차대차 - 기타,안전운전불이행,건조,맑음,단일로 - 기타,승용,남,60세,상해없음,승용,여,42세,중상
2018031500100496,2018년 3월 15일 19시,목요일,경상북도 구미시 공단동,경상사고,0,0,1,1,차대차 - 기타,안전운전불이행,젖음/습기,비,단일로 - 기타,승용,남,46세,부상신고,승용,남,24세,경상
2018031500100534,2018년 3월 15일 20시,목요일,경상북도 안동시 옥동,중상사고,0,1,2,0,차대차 - 측면충돌,안전운전불이행,건조,맑음,단일로 - 기타,승용,남,43세,상해없음,이륜,남,58세,중상
2018031500100535,2018년 3월 15일 20시,목요일,경상북도 포항시 남구 상도동,경상사고,0,0,2,0,차대차 - 추돌,직진우회전진행방해,건조,맑음,교차로 - 교차로안,화물,남,54세,상해없음,승용,남,28세,경상
2018031500100624,2018년 3월 15일 23시,목요일,경상북도 포항시 남구 오천읍,경상사고,0,0,1,0,차대차 - 측면충돌,안전운전불이행,젖음/습기,비,단일로 - 기타,승용,남,19세,상해없음,승용,남,60세,경상
2018031600100034,2018년 3월 16일 01시,금요일,경상북도 구미시 원평동,중상사고,0,1,0,0,차대차 - 측면충돌,신호위반,건조,흐림,교차로 - 교차로안,승용,남,46세,상해없음,승용,여,56세,중상
2018031600100067,2018년 3월 16일 06시,금요일,경상북도 구미시 봉곡동,경상사고,0,0,2,0,차대차 - 측면충돌,신호위반,건조,맑음,교차로 - 교차로안,승용,남,22세,상해없음,승용,여,40세,경상
2018031600100118,2018년 3월 16일 08시,금요일,경상북도 성주군 월항면,경상사고,0,0,1,0,차대차 - 측면충돌,안전운전불이행,젖음/습기,흐림,교차로 - 교차로안,화물,남,67세,상해없음,이륜,남,80세,경상
2018031600100152,2018년 3월 16일 09시,금요일,경상북도 경주시 내남면,중상사고,0,2,2,0,차대차 - 측면충돌,안전운전불이행,건조,맑음,단일로 - 기타,승용,여,64세,중상,승용,남,65세,중상
2018031600100153,2018년 3월 16일 09시,금요일,경상북도 영천시 야사동,경상사고,0,0,2,0,차대차 - 측면충돌,직진우회전진행방해,건조,흐림,교차로 - 교차로안,승용,남,36세,경상,이륜,남,39세,경상
2018031600100154,2018년 3월 16일 09시,금요일,경상북도 포항시 남구 연일읍,중상사고,0,1,0,0,차대차 - 기타,중앙선침범,건조,맑음,교차로 - 교차로부근,화물,남,62세,상해없음,건설기계,남,73세,중상
2018031600100191,2018년 3월 16일 10시,금요일,경상북도 봉화군 춘양면,경상사고,0,0,1,0,차대사람 - 기타,안전운전불이행,건조,맑음,단일로 - 기타,이륜,남,70세,상해없음,보행자,여,61세,경상
2018031600100212,2018년 3월 16일 11시,금요일,경상북도 안동시 풍산읍,중상사고,0,1,0,0,차대차 - 측면충돌,안전운전불이행,건조,맑음,교차로 - 교차로안,승용,여,54세,상해없음,이륜,남,82세,중상
2018031600100231,2018년 3월 16일 12시,금요일,경상북도 경산시 진량읍,경상사고,0,0,1,0,차대차 - 추돌,안전운전불이행,건조,맑음,단일로 - 기타,승합,남,58세,상해없음,승용,남,26세,경상
2018031600100232,2018년 3월 16일 12시,금요일,경상북도 봉화군 춘양면,부상신고사고,0,0,0,1,차대차 - 후진중충돌,불법유턴,건조,맑음,단일로 - 기타,화물,남,55세,상해없음,승용,여,46세,부상신고
2018031600100264,2018년 3월 16일 13시,금요일,경상북도 포항시 남구 인덕동,경상사고,0,0,1,0,차대차 - 추돌,안전운전불이행,건조,맑음,단일로 - 기타,승용,남,61세,상해없음,화물,남,55세,경상
2018031600100295,2018년 3월 16일 14시,금요일,경상북도 경산시 자인면,중상사고,0,1,0,0,차대차 - 측면충돌,직진우회전진행방해,건조,맑음,교차로 - 교차로안,화물,남,60세,상해없음,승용,여,56세,중상
2018031600100324,2018년 3월 16일 15시,금요일,경상북도 경주시 성건동,경상사고,0,0,1,0,차대사람 - 횡단중,안전운전불이행,건조,맑음,교차로 - 교차로부근,승용,남,46세,상해없음,보행자,여,9세,경상
2018031600100325,2018년 3월 16일 15시,금요일,경상북도 상주시 냉림동,경상사고,0,0,1,0,차대차 - 측면충돌,안전운전불이행,건조,맑음,교차로 - 교차로부근,화물,남,55세,상해없음,자전거,남,14세,경상
2018031600100326,2018년 3월 16일 15시,금요일,경상북도 영덕군 강구면,경상사고,0,0,1,0,차대사람 - 차도통행중,안전운전불이행,건조,맑음,단일로 - 기타,승용,여,59세,상해없음,보행자,남,17세,경상
2018031600100363,2018년 3월 16일 16시,금요일,경상북도 경주시 황성동,중상사고,0,1,0,0,차대차 - 측면충돌,신호위반,건조,맑음,단일로 - 기타,승용,여,51세,상해없음,자전거,여,22세,중상
2018031600100364,2018년 3월 16일 16시,금요일,경상북도 포항시 북구 흥해읍,경상사고,0,0,1,0,차량단독 - 전도전복 - 전도,안전운전불이행,건조,맑음,단일로 - 기타,이륜,남,82세,경상,미분류,미분류,미분류,미분류
2018031600100408,2018년 3월 16일 17시,금요일,경상북도 경주시 천군동,경상사고,0,0,2,2,차대차 - 측면충돌,안전운전불이행,건조,맑음,교차로 - 교차로안,화물,남,63세,상해없음,승용,여,41세,경상
2018031600100409,2018년 3월 16일 17시,금요일,경상북도 경주시 감포읍,중상사고,0,1,0,0,차대사람 - 횡단중,신호위반,건조,맑음,교차로 - 교차로횡단보도내,승용,남,67세,상해없음,보행자,여,65세,중상
2018031600100437,2018년 3월 16일 18시,금요일,경상북도 포항시 북구 용흥동,경상사고,0,0,3,0,차대차 - 기타,중앙선침범,건조,맑음,단일로 - 기타,승용,남,57세,상해없음,승용,남,66세,경상
2018031600100438,2018년 3월 16일 18시,금요일,경상북도 포항시 북구 용흥동,경상사고,0,0,2,0,차대차 - 측면충돌,교차로운행방법위반,건조,맑음,교차로 - 교차로안,승용,남,27세,경상,승용,남,45세,경상
2018031600100439,2018년 3월 16일 18시,금요일,경상북도 경산시 진량읍,사망사고,1,0,0,0,차대사람 - 횡단중,안전운전불이행,건조,맑음,단일로 - 기타,승합,남,51세,상해없음,보행자,여,77세,사망
2018031600100493,2018년 3월 16일 19시,금요일,경상북도 김천시 감문면,경상사고,0,0,1,0,차량단독 - 도로외이탈 - 추락,안전운전불이행,건조,맑음,단일로 - 기타,승용,남,54세,경상,,,,
2018031600100494,2018년 3월 16일 19시,금요일,경상북도 구미시 사곡동,중상사고,0,1,0,0,차대차 - 기타,안전운전불이행,건조,맑음,교차로 - 교차로부근,자전거,남,18세,중상,승용,남,46세,상해없음
2018031600100535,2018년 3월 16일 20시,금요일,경상북도 칠곡군 북삼읍,경상사고,0,0,1,0,차대차 - 측면충돌,안전운전불이행,건조,맑음,단일로 - 기타,승용,남,46세,상해없음,자전거,남,14세,경상
2018031600100536,2018년 3월 16일 20시,금요일,경상북도 경산시 압량면,중상사고,0,1,0,0,차대사람 - 차도통행중,안전운전불이행,건조,맑음,기타 - 기타,승용,남,50세,상해없음,보행자,남,84세,중상
2018031600100537,2018년 3월 16일 20시,금요일,경상북도 경산시 사동,경상사고,0,0,1,0,차대사람 - 횡단중,안전운전불이행,건조,맑음,단일로 - 기타,승용,남,64세,상해없음,보행자,남,17세,경상
2018031600100538,2018년 3월 16일 20시,금요일,경상북도 구미시 봉곡동,부상신고사고,0,0,0,1,차대차 - 기타,안전운전불이행,건조,맑음,교차로 - 교차로부근,이륜,남,19세,부상신고,승용,남,50세,상해없음
2018031600100566,2018년 3월 16일 21시,금요일,경상북도 경주시 동천동,중상사고,0,1,0,0,차대사람 - 길가장자리구역통행중,안전운전불이행,건조,맑음,교차로 - 교차로안,승용,여,71세,상해없음,보행자,남,56세,중상
2018031600100637,2018년 3월 16일 23시,금요일,경상북도 안동시 풍산읍,중상사고,0,1,0,0,차량단독 - 전도전복 - 전복,안전운전불이행,건조,맑음,단일로 - 기타,승용,여,47세,중상,미분류,미분류,미분류,미분류
2018031600100638,2018년 3월 16일 23시,금요일,경상북도 김천시 부곡동,경상사고,0,0,5,0,차대차 - 추돌,안전운전불이행,건조,맑음,단일로 - 기타,화물,남,29세,상해없음,승용,남,47세,경상
2018031600100639,2018년 3월 16일 23시,금요일,경상북도 구미시 광평동,경상사고,0,0,2,0,차대사람 - 횡단중,안전운전불이행,건조,맑음,단일로 - 기타,승용,남,71세,상해없음,보행자,남,35세,경상
2018031700100012,2018년 3월 17일 00시,토요일,경상북도 포항시 남구 해도동,경상사고,0,0,1,0,차대차 - 측면충돌,안전운전불이행,건조,맑음,교차로 - 교차로안,승용,여,32세,상해없음,승용,남,59세,경상
2018031700100031,2018년 3월 17일 01시,토요일,경상북도 예천군 은풍면,중상사고,0,1,1,0,차량단독 - 공작물충돌,안전운전불이행,건조,맑음,교차로 - 교차로부근,화물,남,61세,경상,,,,
2018031700100056,2018년 3월 17일 04시,토요일,경상북도 포항시 북구 덕수동,중상사고,0,4,2,0,차대차 - 측면충돌,신호위반,건조,맑음,교차로 - 교차로안,화물,남,62세,상해없음,승용,남,67세,중상
2018031700100093,2018년 3월 17일 07시,토요일,경상북도 포항시 남구 효자동,경상사고,0,0,1,0,차대차 - 측면충돌,신호위반,건조,맑음,교차로 - 교차로안,승용,여,45세,상해없음,자전거,남,57세,경상
2018031700100109,2018년 3월 17일 08시,토요일,경상북도 포항시 북구 죽도동,경상사고,0,0,1,0,차대차 - 추돌,안전거리미확보,건조,맑음,단일로 - 기타,승용,남,31세,기타불명,승용,남,53세,경상
2018031700100141,2018년 3월 17일 09시,토요일,경상북도 경주시 황성동,경상사고,0,0,1,0,차대사람 - 횡단중,안전운전불이행,건조,맑음,교차로 - 교차로부근,승용,여,50세,상해없음,보행자,남,59세,경상
2018031700100142,2018년 3월 17일 09시,토요일,경상북도 포항시 북구 장성동,중상사고,0,1,0,0,차대사람 - 횡단중,보행자보호의무위반,건조,맑음,교차로 - 교차로부근,승용,여,51세,상해없음,보행자,여,66세,중상
2018031700100143,2018년 3월 17일 09시,토요일,경상북도 상주시 무양동,경상사고,0,0,1,0,차대차 - 측면충돌,교차로운행방법위반,건조,맑음,교차로 - 교차로안,승용,남,43세,상해없음,승용,여,38세,경상
2018031700100144,2018년 3월 17일 09시,토요일,경상북도 의성군 단북면,경상사고,0,0,1,0,차대차 - 측면충돌,신호위반,건조,맑음,교차로 - 교차로안,승용,남,46세,상해없음,승용,남,84세,경상
2018031700100168,2018년 3월 17일 10시,토요일,경상북도 영천시 청통면,중상사고,0,1,1,1,차대차 - 측면충돌,교차로운행방법위반,건조,맑음,교차로 - 교차로안,승용,여,63세,경상,건설기계,남,53세,중상
2018031700100169,2018년 3월 17일 10시,토요일,경상북도 예천군 예천읍,중상사고,0,1,0,0,차대사람 - 차도통행중,안전운전불이행,건조,맑음,미분류 - 미분류,기타불명,기타불명,미분류,기타불명,보행자,남,80세,중상
2018031700100202,2018년 3월 17일 11시,토요일,경상북도 포항시 북구 흥해읍,경상사고,0,0,1,0,차대차 - 측면충돌,안전거리미확보,건조,맑음,단일로 - 기타,승용,남,66세,상해없음,승용,남,66세,경상
2018031700100203,2018년 3월 17일 11시,토요일,경상북도 의성군 안계면,경상사고,0,0,2,0,차대차 - 측면충돌,안전운전불이행,건조,맑음,교차로 - 교차로부근,자전거,남,77세,경상,이륜,남,88세,경상
2018031700100235,2018년 3월 17일 12시,토요일,경상북도 영주시 부석면,중상사고,0,1,1,0,차대차 - 측면충돌,안전운전불이행,건조,맑음,교차로 - 교차로안,승용,여,64세,경상,승용,남,68세,중상
2018031700100263,2018년 3월 17일 13시,토요일,경상북도 의성군 의성읍,중상사고,0,1,1,0,차대차 - 측면충돌,안전운전불이행,건조,맑음,교차로 - 교차로안,화물,남,63세,상해없음,이륜,남,69세,경상
2018031700100264,2018년 3월 17일 13시,토요일,경상북도 경산시 하양읍,중상사고,0,1,2,0,차대차 - 측면충돌,교차로운행방법위반,건조,맑음,교차로 - 교차로안,승용,남,37세,경상,이륜,남,19세,중상
2018031700100302,2018년 3월 17일 14시,토요일,경상북도 경주시 감포읍,경상사고,0,0,1,0,차량단독 - 공작물충돌,안전운전불이행,건조,맑음,단일로 - 기타,화물,남,30세,경상,,,,
2018031700100303,2018년 3월 17일 14시,토요일,경상북도 구미시 원평동,경상사고,0,0,1,0,차대차 - 기타,안전운전불이행,건조,맑음,단일로 - 기타,승용,남,66세,상해없음,이륜,남,57세,경상
2018031700100330,2018년 3월 17일 15시,토요일,경상북도 경주시 동천동,경상사고,0,0,1,0,차대차 - 측면충돌,안전운전불이행,건조,맑음,교차로 - 교차로안,승용,남,67세,상해없음,자전거,남,16세,경상
2018031700100331,2018년 3월 17일 15시,토요일,경상북도 경산시 중산동,중상사고,0,1,0,0,차대차 - 기타,안전운전불이행,건조,맑음,단일로 - 기타,승용,여,49세,상해없음,이륜,남,78세,중상
2018031700100374,2018년 3월 17일 16시,토요일,경상북도 경주시 강동면,경상사고,0,0,1,0,차대차 - 추돌,안전운전불이행,건조,맑음,단일로 - 지하차도(도로)내,승용,남,57세,상해없음,화물,여,58세,경상
2018031700100420,2018년 3월 17일 17시,토요일,경상북도 경산시 사동,중상사고,0,1,0,0,차대차 - 측면충돌,신호위반,건조,흐림,교차로 - 교차로안,이륜,남,24세,중상,승용,남,38세,상해없음
2018031700100421,2018년 3월 17일 17시,토요일,경상북도 청도군 금천면,경상사고,0,0,1,0,차대차 - 측면충돌,교차로운행방법위반,건조,맑음,교차로 - 교차로안,이륜,여,60세,경상,화물,여,50세,상해없음
2018031700100422,2018년 3월 17일 17시,토요일,경상북도 구미시 옥계동,경상사고,0,0,2,0,차대차 - 기타,교차로운행방법위반,건조,맑음,교차로 - 교차로부근,승용,남,29세,상해없음,승용,여,22세,경상
2018031700100423,2018년 3월 17일 17시,토요일,경상북도 포항시 남구 상도동,경상사고,0,0,6,0,차대차 - 기타,직진우회전진행방해,건조,맑음,교차로 - 교차로안,승용,여,29세,경상,승용,남,70세,경상
2018031700100461,2018년 3월 17일 18시,토요일,경상북도 경산시 하양읍,경상사고,0,0,3,0,차대차 - 측면충돌,교차로운행방법위반,건조,맑음,교차로 - 교차로안,승용,여,62세,상해없음,승용,남,26세,경상
2018031700100462,2018년 3월 17일 18시,토요일,경상북도 구미시 선산읍,경상사고,0,0,2,0,차대차 - 추돌,안전운전불이행,건조,맑음,교차로 - 교차로부근,화물,남,69세,상해없음,승용,남,48세,경상
2018031700100498,2018년 3월 17일 19시,토요일,경상북도 경주시 성건동,사망사고,1,0,0,0,차대사람 - 기타,안전운전불이행,건조,맑음,단일로 - 기타,승용,남,45세,상해없음,보행자,남,69세,사망
2018031700100499,2018년 3월 17일 19시,토요일,경상북도 경주시 성건동,중상사고,0,1,0,0,차대사람 - 횡단중,안전운전불이행,건조,맑음,단일로 - 기타,승용,남,61세,상해없음,보행자,남,17세,중상
2018031700100500,2018년 3월 17일 19시,토요일,경상북도 경주시 강동면,경상사고,0,0,1,0,차대사람 - 차도통행중,안전운전불이행,건조,맑음,단일로 - 기타,승용,남,69세,상해없음,보행자,남,64세,경상
2018031700100501,2018년 3월 17일 19시,토요일,경상북도 포항시 북구 기계면,중상사고,0,1,0,0,차대차 - 측면충돌,안전운전불이행,건조,맑음,단일로 - 기타,승용,남,81세,상해없음,자전거,여,90세 이상,중상
2018031700100502,2018년 3월 17일 19시,토요일,경상북도 김천시 신음동,경상사고,0,0,1,0,차대사람 - 횡단중,안전운전불이행,건조,맑음,단일로 - 기타,승용,남,18세,상해없음,보행자,여,12세,경상
2018031700100503,2018년 3월 17일 19시,토요일,경상북도 영주시 영주동,경상사고,0,0,1,0,차대차 - 측면충돌,안전운전불이행,건조,맑음,교차로 - 교차로안,화물,남,59세,상해없음,승용,남,62세,경상
2018031700100504,2018년 3월 17일 19시,토요일,경상북도 문경시 문경읍,경상사고,0,0,2,0,차대차 - 측면충돌,중앙선침범,건조,맑음,단일로 - 기타,승용,남,54세,상해없음,승용,여,50세,경상
2018031700100538,2018년 3월 17일 20시,토요일,경상북도 예천군 풍양면,사망사고,1,0,0,0,차대사람 - 차도통행중,안전운전불이행,건조,맑음,단일로 - 기타,화물,남,79세,상해없음,보행자,여,90세 이상,사망
2018031700100598,2018년 3월 17일 22시,토요일,경상북도 안동시 태화동,경상사고,0,0,1,0,차량단독 - 공작물충돌,안전운전불이행,건조,맑음,교차로 - 교차로부근,승용,남,46세,경상,,,,
2018031700100618,2018년 3월 17일 23시,토요일,경상북도 경산시 대동,경상사고,0,0,4,0,차대차 - 측면충돌,안전거리미확보,건조,맑음,단일로 - 기타,승용,여,53세,상해없음,승용,남,28세,경상
2018031700100619,2018년 3월 17일 23시,토요일,경상북도 구미시 황상동,경상사고,0,0,2,0,차대차 - 기타,안전운전불이행,젖음/습기,비,교차로 - 교차로부근,승용,남,19세,기타불명,승용,남,56세,상해없음
2018031800100024,2018년 3월 18일 01시,일요일,경상북도 경주시 황오동,경상사고,0,0,1,0,차대차 - 측면충돌,안전운전불이행,건조,맑음,교차로 - 교차로안,승용,남,27세,상해없음,승용,남,20세,경상
2018031800100088,2018년 3월 18일 07시,일요일,경상북도 구미시 공단동,중상사고,0,1,0,0,차대차 - 기타,안전운전불이행,건조,맑음,단일로 - 기타,승용,남,65세,상해없음,승용,남,43세,중상
2018031800100111,2018년 3월 18일 09시,일요일,경상북도 김천시 대광동,경상사고,0,0,2,0,차대차 - 측면충돌,안전거리미확보,건조,맑음,교차로 - 교차로부근,화물,남,54세,상해없음,승용,여,34세,경상
2018031800100125,2018년 3월 18일 10시,일요일,경상북도 포항시 북구 흥해읍,경상사고,0,0,1,0,차대차 - 측면충돌,안전운전불이행,건조,흐림,단일로 - 기타,승용,남,71세,상해없음,승용,여,32세,경상
2018031800100141,2018년 3월 18일 11시,일요일,경상북도 경주시 동부동,중상사고,0,1,0,0,차대차 - 추돌,안전운전불이행,건조,맑음,교차로 - 교차로안,승용,여,35세,상해없음,승용,남,61세,중상
2018031800100157,2018년 3월 18일 12시,일요일,경상북도 상주시 함창읍,중상사고,0,1,0,0,차대차 - 측면충돌,안전운전불이행,건조,맑음,단일로 - 기타,승용,남,56세,상해없음,이륜,남,80세,중상
2018031800100202,2018년 3월 18일 14시,일요일,경상북도 경주시 외동읍,경상사고,0,0,1,0,차대차 - 추돌,기타,건조,맑음,단일로 - 지하차도(도로)내,이륜,남,40세,경상,승용,남,31세,상해없음
2018031800100203,2018년 3월 18일 14시,일요일,경상북도 경산시 압량면,경상사고,0,0,1,0,차대사람 - 길가장자리구역통행중,안전운전불이행,젖음/습기,흐림,교차로 - 교차로부근,승용,남,60세,상해없음,보행자,남,47세,경상
2018031800100238,2018년 3월 18일 15시,일요일,경상북도 포항시 남구 오천읍,경상사고,0,0,1,0,차대사람 - 길가장자리구역통행중,보행자보호의무위반,건조,맑음,교차로 - 교차로횡단보도내,승용,남,55세,상해없음,보행자,여,75세,경상
2018031800100239,2018년 3월 18일 15시,일요일,경상북도 포항시 남구 해도동,중상사고,0,1,2,0,차대차 - 측면충돌,안전운전불이행,건조,맑음,단일로 - 기타,승용,남,41세,상해없음,승용,남,29세,상해없음
2018031800100265,2018년 3월 18일 16시,일요일,경상북도 포항시 북구 대신동,경상사고,0,0,5,0,차대차 - 측면충돌,차로위반,건조,맑음,단일로 - 기타,승용,남,61세,상해없음,승용,여,25세,경상
2018031800100266,2018년 3월 18일 16시,일요일,경상북도 김천시 부곡동,경상사고,0,0,1,0,차대사람 - 길가장자리구역통행중,안전운전불이행,건조,맑음,단일로 - 기타,화물,남,62세,상해없음,보행자,남,39세,경상
2018031800100287,2018년 3월 18일 17시,일요일,경상북도 칠곡군 북삼읍,부상신고사고,0,0,0,1,차량단독 - 공작물충돌,안전운전불이행,건조,맑음,단일로 - 기타,승용,남,41세,부상신고,,,,
2018031800100288,2018년 3월 18일 17시,일요일,경상북도 칠곡군 석적읍,경상사고,0,0,1,0,차대차 - 측면충돌,교차로운행방법위반,건조,맑음,교차로 - 교차로안,화물,남,27세,상해없음,승용,남,38세,경상