사고번호,사고일시,요일,시군구,사고내용,사망자수,중상자수,경상자수,부상신고자수,사고유형,법규위반,노면상태,기상상태,도로형태,가해운전자 차종,가해운전자 성별,가해운전자 연령,가해운전자 상해정도,피해운전자 차종,피해운전자 성별,피해운전자 연령,피해운전자 상해정도
2018031800100289,2018년 3월 18일 17시,일요일,경상북도 청도군 청도읍,사망사고,1,1,1,0,차대차 - 측면충돌,안전운전불이행,건조,흐림,단일로 - 기타,화물,남,31세,사망,화물,남,45세,경상
2018031800100290,2018년 3월 18일 17시,일요일,경상북도 구미시 도개면,경상사고,0,0,1,0,차대차 - 추돌,안전운전불이행,건조,맑음,단일로 - 기타,승용,남,61세,상해없음,승용,남,62세,경상
2018031800100318,2018년 3월 18일 18시,일요일,경상북도 청도군 청도읍,중상사고,0,2,2,0,차대차 - 측면충돌,중앙선침범,젖음/습기,비,단일로 - 기타,승용,남,45세,상해없음,승용,남,48세,중상
2018031800100319,2018년 3월 18일 18시,일요일,경상북도 청도군 각남면,중상사고,0,2,2,0,차대차 - 추돌,안전운전불이행,젖음/습기,비,단일로 - 기타,승용,남,63세,상해없음,승용,남,48세,중상
2018031800100320,2018년 3월 18일 18시,일요일,경상북도 구미시 원평동,중상사고,0,1,0,0,차대차 - 기타,안전운전불이행,건조,맑음,교차로 - 교차로안,승용,여,39세,상해없음,이륜,남,16세,중상
2018031800100382,2018년 3월 18일 20시,일요일,경상북도 경주시 감포읍,사망사고,1,0,0,0,차대사람 - 횡단중,과속,젖음/습기,비,교차로 - 교차로부근,승용,남,53세,상해없음,보행자,여,84세,사망
2018031800100383,2018년 3월 18일 20시,일요일,경상북도 영주시 가흥동,경상사고,0,0,1,0,차대차 - 측면충돌,중앙선침범,건조,맑음,단일로 - 기타,이륜,남,25세,경상,승용,남,30세,상해없음
2018031800100384,2018년 3월 18일 20시,일요일,경상북도 청도군 청도읍,경상사고,0,0,3,0,차대차 - 측면충돌,교차로운행방법위반,젖음/습기,비,교차로 - 교차로안,승용,여,53세,경상,승합,남,59세,경상
2018031800100385,2018년 3월 18일 20시,일요일,경상북도 포항시 남구 오천읍,경상사고,0,0,2,0,차대차 - 추돌,안전운전불이행,젖음/습기,비,교차로 - 교차로안,승용,남,58세,상해없음,승용,남,36세,경상
2018031800100386,2018년 3월 18일 20시,일요일,경상북도 포항시 남구 대잠동,중상사고,0,2,6,0,차대차 - 기타,기타,건조,맑음,교차로 - 교차로안,승용,남,23세,경상,승용,남,37세,중상
2018031800100448,2018년 3월 18일 22시,일요일,경상북도 영천시 금호읍,중상사고,0,1,0,0,차대차 - 추돌,중앙선침범,젖음/습기,비,단일로 - 기타,화물,남,53세,상해없음,화물,남,43세,중상
2018031800100449,2018년 3월 18일 22시,일요일,경상북도 구미시 도량동,경상사고,0,0,1,0,차대차 - 추돌,안전운전불이행,건조,맑음,단일로 - 기타,승용,남,53세,상해없음,승용,남,62세,상해없음
2018031800100450,2018년 3월 18일 22시,일요일,경상북도 포항시 남구 오천읍,중상사고,0,1,0,0,차대사람 - 기타,안전운전불이행,젖음/습기,비,교차로 - 교차로안,승용,남,70세,상해없음,보행자,남,67세,중상
2018031800100469,2018년 3월 18일 23시,일요일,경상북도 안동시 풍산읍,중상사고,0,1,0,0,차량단독 - 전도전복 - 전복,안전운전불이행,젖음/습기,비,단일로 - 기타,승용,남,53세,중상,미분류,미분류,미분류,미분류
2018031900100034,2018년 3월 19일 03시,월요일,경상북도 칠곡군 왜관읍,경상사고,0,0,1,1,차대차 - 측면충돌,교차로운행방법위반,건조,맑음,교차로 - 교차로안,승용,여,63세,부상신고,화물,남,35세,경상
2018031900100060,2018년 3월 19일 06시,월요일,경상북도 포항시 북구 죽도동,중상사고,0,1,0,1,차대차 - 기타,안전운전불이행,젖음/습기,비,단일로 - 기타,승용,남,60세,상해없음,승용,남,33세,상해없음
2018031900100061,2018년 3월 19일 06시,월요일,경상북도 포항시 북구 죽도동,중상사고,0,1,0,0,차대차 - 기타,안전운전불이행,젖음/습기,비,단일로 - 기타,승용,남,60세,상해없음,승용,남,33세,상해없음
2018031900100062,2018년 3월 19일 06시,월요일,경상북도 안동시 정하동,경상사고,0,0,2,0,차대차 - 측면충돌,신호위반,젖음/습기,비,교차로 - 교차로안,화물,남,66세,경상,화물,여,51세,경상
2018031900100063,2018년 3월 19일 06시,월요일,경상북도 칠곡군 기산면,경상사고,0,0,1,0,차량단독 - 공작물충돌,안전운전불이행,젖음/습기,비,단일로 - 기타,승용,남,62세,경상,,,,
2018031900100064,2018년 3월 19일 06시,월요일,경상북도 경산시 계양동,경상사고,0,0,1,0,차대차 - 측면충돌,안전운전불이행,젖음/습기,비,단일로 - 기타,승용,남,58세,상해없음,승용,남,69세,경상
2018031900100065,2018년 3월 19일 06시,월요일,경상북도 구미시 공단동,부상신고사고,0,0,0,1,차대차 - 기타,안전운전불이행,건조,맑음,교차로 - 교차로안,화물,남,39세,부상신고,승합,남,57세,상해없음
2018031900100083,2018년 3월 19일 07시,월요일,경상북도 경산시 자인면,경상사고,0,0,1,0,차대차 - 측면충돌,안전거리미확보,젖음/습기,비,단일로 - 기타,승용,남,34세,상해없음,승용,여,24세,경상
2018031900100116,2018년 3월 19일 08시,월요일,경상북도 포항시 남구 괴동동,경상사고,0,0,2,0,차대차 - 측면충돌,안전운전불이행,젖음/습기,비,교차로 - 교차로부근,승용,여,55세,경상,승용,여,35세,경상
2018031900100142,2018년 3월 19일 09시,월요일,경상북도 구미시 오태동,경상사고,0,0,2,0,차대차 - 추돌,신호위반,젖음/습기,비,교차로 - 교차로안,승용,여,76세,상해없음,승용,여,37세,경상
2018031900100143,2018년 3월 19일 09시,월요일,경상북도 포항시 남구 이동,중상사고,0,1,0,0,차대차 - 측면충돌,안전운전불이행,젖음/습기,비,단일로 - 기타,승용,남,66세,상해없음,승용,남,30세,중상
2018031900100174,2018년 3월 19일 10시,월요일,경상북도 포항시 북구 항구동,경상사고,0,0,2,0,차대차 - 기타,중앙선침범,젖음/습기,비,교차로 - 교차로부근,승용,남,60세,상해없음,승용,남,32세,경상
2018031900100175,2018년 3월 19일 10시,월요일,경상북도 상주시 이안면,경상사고,0,0,1,0,차대차 - 측면충돌,신호위반,젖음/습기,비,교차로 - 교차로안,승용,여,35세,상해없음,이륜,남,32세,경상
2018031900100202,2018년 3월 19일 11시,월요일,경상북도 문경시 모전동,중상사고,0,1,0,0,차대차 - 측면충돌,기타,젖음/습기,비,교차로 - 교차로안,화물,남,30세,상해없음,이륜,여,51세,중상
2018031900100226,2018년 3월 19일 12시,월요일,경상북도 포항시 북구 두호동,경상사고,0,0,1,0,차대차 - 측면충돌,안전거리미확보,젖음/습기,비,교차로 - 교차로안,원동기,남,34세,경상,승용,남,57세,상해없음
2018031900100227,2018년 3월 19일 12시,월요일,경상북도 상주시 무양동,경상사고,0,0,1,0,차대차 - 측면충돌,안전운전불이행,젖음/습기,비,교차로 - 교차로안,이륜,남,76세,경상,승용,남,44세,상해없음
2018031900100228,2018년 3월 19일 12시,월요일,경상북도 구미시 원평동,중상사고,0,2,1,0,차대차 - 측면충돌,안전거리미확보,젖음/습기,비,단일로 - 기타,승용,남,63세,상해없음,승용,남,33세,경상
2018031900100247,2018년 3월 19일 13시,월요일,경상북도 상주시 남성동,중상사고,0,1,0,0,차대차 - 측면충돌,차로위반,건조,맑음,교차로 - 교차로부근,승용,여,42세,상해없음,이륜,남,20세,중상
2018031900100299,2018년 3월 19일 15시,월요일,경상북도 칠곡군 석적읍,경상사고,0,0,1,0,차대차 - 측면충돌,안전운전불이행,건조,맑음,교차로 - 교차로안,화물,남,54세,상해없음,승용,남,63세,경상
2018031900100333,2018년 3월 19일 16시,월요일,경상북도 포항시 북구 양덕동,경상사고,0,0,1,0,차대사람 - 횡단중,신호위반,젖음/습기,비,교차로 - 교차로횡단보도내,승합,남,56세,상해없음,보행자,여,11세,경상
2018031900100334,2018년 3월 19일 16시,월요일,경상북도 포항시 북구 죽도동,중상사고,0,1,0,0,차대사람 - 횡단중,보행자보호의무위반,젖음/습기,맑음,단일로 - 기타,승용,여,63세,상해없음,보행자,여,66세,중상
2018031900100335,2018년 3월 19일 16시,월요일,경상북도 안동시 목성동,경상사고,0,0,3,0,차대차 - 측면충돌,교차로운행방법위반,젖음/습기,비,교차로 - 교차로안,승용,남,53세,상해없음,화물,남,62세,경상
2018031900100371,2018년 3월 19일 17시,월요일,경상북도 김천시 율곡동,중상사고,0,1,0,0,차대차 - 추돌,안전운전불이행,건조,맑음,단일로 - 기타,승용,남,49세,상해없음,승용,여,44세,중상
2018031900100372,2018년 3월 19일 17시,월요일,경상북도 칠곡군 북삼읍,경상사고,0,0,2,0,차대차 - 측면충돌,안전운전불이행,젖음/습기,흐림,교차로 - 교차로안,승용,남,59세,상해없음,승용,여,66세,경상
2018031900100402,2018년 3월 19일 18시,월요일,경상북도 구미시 원평동,중상사고,0,1,0,0,차대사람 - 기타,보행자보호의무위반,젖음/습기,흐림,교차로 - 교차로횡단보도내,화물,남,36세,상해없음,보행자,여,53세,중상
2018031900100403,2018년 3월 19일 18시,월요일,경상북도 포항시 남구 해도동,중상사고,0,1,0,0,차대차 - 측면충돌,안전운전불이행,건조,맑음,교차로 - 교차로부근,승용,여,69세,중상,승용,남,35세,상해없음
2018031900100404,2018년 3월 19일 18시,월요일,경상북도 포항시 남구 오천읍,경상사고,0,0,2,0,차대차 - 기타,안전거리미확보,젖음/습기,비,단일로 - 기타,승용,여,49세,경상,승용,남,38세,경상
2018031900100443,2018년 3월 19일 19시,월요일,경상북도 포항시 북구 두호동,경상사고,0,0,2,0,차대차 - 후진중충돌,안전운전불이행,젖음/습기,비,단일로 - 기타,승용,남,55세,상해없음,승용,남,31세,경상
2018031900100444,2018년 3월 19일 19시,월요일,경상북도 문경시 모전동,경상사고,0,0,1,0,차대차 - 기타,안전운전불이행,건조,흐림,교차로 - 교차로안,승용,남,48세,상해없음,원동기,남,18세,경상
2018031900100445,2018년 3월 19일 19시,월요일,경상북도 구미시 지산동,중상사고,0,1,0,0,차대차 - 추돌,안전운전불이행,젖음/습기,비,교차로 - 교차로부근,승용,여,27세,상해없음,승용,여,25세,중상
2018031900100491,2018년 3월 19일 20시,월요일,경상북도 김천시 성내동,중상사고,0,1,1,0,차대사람 - 길가장자리구역통행중,보행자보호의무위반,건조,흐림,교차로 - 교차로안,화물,남,67세,상해없음,보행자,남,69세,중상
2018031900100492,2018년 3월 19일 20시,월요일,경상북도 경산시 사동,경상사고,0,0,1,0,차대차 - 추돌,안전운전불이행,젖음/습기,비,단일로 - 기타,승용,남,31세,상해없음,승용,여,34세,경상
2018031900100525,2018년 3월 19일 21시,월요일,경상북도 구미시 오태동,중상사고,0,1,1,0,차대차 - 정면충돌,교차로운행방법위반,젖음/습기,비,교차로 - 교차로부근,승용,남,54세,경상,승용,남,51세,중상
2018031900100526,2018년 3월 19일 21시,월요일,경상북도 구미시 원평동,경상사고,0,0,1,0,차대차 - 측면충돌,신호위반,젖음/습기,비,교차로 - 교차로안,승용,남,61세,상해없음,승용,여,60세,경상
2018031900100552,2018년 3월 19일 22시,월요일,경상북도 포항시 북구 양덕동,경상사고,0,0,1,0,차대사람 - 기타,안전운전불이행,건조,맑음,단일로 - 기타,승용,남,25세,상해없음,보행자,여,59세,경상
2018031900100553,2018년 3월 19일 22시,월요일,경상북도 구미시 송정동,중상사고,0,2,1,0,차대차 - 측면충돌,교차로운행방법위반,젖음/습기,비,교차로 - 교차로안,승용,남,45세,상해없음,승용,남,27세,중상
2018031900100572,2018년 3월 19일 23시,월요일,경상북도 경산시 조영동,중상사고,0,1,1,0,차대차 - 추돌,안전운전불이행,젖음/습기,비,교차로 - 교차로안,승용,여,60세,상해없음,승용,남,34세,중상
2018031900100573,2018년 3월 19일 23시,월요일,경상북도 경산시 중방동,경상사고,0,0,2,0,차대차 - 추돌,안전운전불이행,젖음/습기,맑음,교차로 - 교차로부근,승용,남,70세,상해없음,승용,남,64세,경상
2018032000100006,2018년 3월 20일 00시,화요일,경상북도 포항시 북구 죽도동,경상사고,0,0,1,0,차대사람 - 길가장자리구역통행중,안전운전불이행,젖음/습기,비,단일로 - 기타,승용,여,48세,상해없음,보행자,여,18세,경상
2018032000100058,2018년 3월 20일 06시,화요일,경상북도 포항시 남구 청림동,경상사고,0,0,1,0,차대차 - 기타,교차로운행방법위반,기타,맑음,단일로 - 기타,건설기계,남,45세,상해없음,승용,남,47세,상해없음
2018032000100078,2018년 3월 20일 07시,화요일,경상북도 김천시 응명동,경상사고,0,0,1,0,차대차 - 측면충돌,안전운전불이행,건조,맑음,교차로 - 교차로부근,승용,남,28세,상해없음,승용,남,54세,경상
2018032000100079,2018년 3월 20일 07시,화요일,경상북도 구미시 도량동,경상사고,0,0,1,0,차대차 - 기타,안전운전불이행,건조,흐림,단일로 - 기타,화물,남,48세,상해없음,자전거,남,23세,경상
2018032000100113,2018년 3월 20일 08시,화요일,경상북도 포항시 북구 용흥동,경상사고,0,0,2,0,차대차 - 추돌,안전운전불이행,젖음/습기,맑음,단일로 - 기타,승용,남,55세,상해없음,승용,여,43세,경상
2018032000100114,2018년 3월 20일 08시,화요일,경상북도 포항시 북구 양덕동,중상사고,0,1,1,0,차대차 - 측면충돌,신호위반,건조,맑음,교차로 - 교차로안,승용,남,33세,상해없음,승용,여,35세,중상
2018032000100115,2018년 3월 20일 08시,화요일,경상북도 경산시 하양읍,경상사고,0,0,1,0,차대차 - 추돌,안전거리미확보,건조,맑음,교차로 - 교차로부근,승용,남,29세,상해없음,승용,여,31세,경상
2018032000100116,2018년 3월 20일 08시,화요일,경상북도 영덕군 남정면,경상사고,0,0,1,0,차대차 - 측면충돌,직진우회전진행방해,건조,맑음,교차로 - 교차로안,승용,남,59세,상해없음,승용,여,53세,상해없음
2018032000100117,2018년 3월 20일 08시,화요일,경상북도 포항시 남구 대잠동,경상사고,0,0,1,0,차대차 - 기타,안전운전불이행,건조,맑음,교차로 - 교차로부근,승용,남,44세,상해없음,승용,여,77세,경상
2018032000100144,2018년 3월 20일 09시,화요일,경상북도 경주시 천북면,중상사고,0,1,0,0,차대차 - 측면충돌,중앙선침범,건조,맑음,교차로 - 교차로부근,승용,여,52세,중상,특수,남,59세,상해없음
2018032000100145,2018년 3월 20일 09시,화요일,경상북도 포항시 북구 대흥동,부상신고사고,0,0,0,1,차대차 - 측면충돌,차로위반,건조,맑음,교차로 - 교차로안,이륜,남,76세,부상신고,승용,남,60세,상해없음
2018032000100146,2018년 3월 20일 09시,화요일,경상북도 안동시 옥동,경상사고,0,0,1,0,차대사람 - 보도통행중,안전운전불이행,건조,맑음,교차로 - 교차로횡단보도내,승용,남,68세,상해없음,보행자,여,48세,경상
2018032000100147,2018년 3월 20일 09시,화요일,경상북도 김천시 남면,경상사고,0,0,1,0,차대차 - 추돌,안전운전불이행,건조,맑음,단일로 - 기타,승용,남,40세,경상,승용,남,70세,상해없음
2018032000100148,2018년 3월 20일 09시,화요일,경상북도 칠곡군 북삼읍,중상사고,0,1,0,0,차대차 - 측면충돌,안전운전불이행,건조,맑음,단일로 - 기타,이륜,남,74세,중상,승용,여,35세,상해없음
2018032000100205,2018년 3월 20일 11시,화요일,경상북도 경주시 내남면,경상사고,0,0,1,0,차대차 - 측면충돌,안전운전불이행,건조,맑음,단일로 - 기타,화물,남,54세,상해없음,특수,남,52세,경상
2018032000100206,2018년 3월 20일 11시,화요일,경상북도 칠곡군 북삼읍,중상사고,0,1,0,0,차대차 - 측면충돌,교차로운행방법위반,건조,맑음,교차로 - 교차로안,승용,여,41세,상해없음,이륜,남,84세,중상
2018032000100207,2018년 3월 20일 11시,화요일,경상북도 영천시 완산동,경상사고,0,0,1,0,차대사람 - 횡단중,안전운전불이행,건조,맑음,단일로 - 기타,승용,남,61세,상해없음,보행자,여,85세,경상
2018032000100208,2018년 3월 20일 11시,화요일,경상북도 고령군 성산면,중상사고,0,1,0,0,차량단독 - 공작물충돌,안전운전불이행,건조,맑음,교차로 - 교차로부근,화물,남,74세,중상,,,,
2018032000100241,2018년 3월 20일 12시,화요일,경상북도 구미시 형곡동,중상사고,0,1,0,0,차대차 - 기타,안전운전불이행,건조,맑음,교차로 - 교차로부근,승용,여,61세,상해없음,이륜,남,52세,중상
2018032000100284,2018년 3월 20일 14시,화요일,경상북도 경주시 사정동,경상사고,0,0,1,0,차량단독 - 전도전복 - 전복,안전운전불이행,건조,맑음,단일로 - 기타,특수,남,51세,경상,미분류,미분류,미분류,미분류
2018032000100285,2018년 3월 20일 14시,화요일,경상북도 포항시 북구 죽도동,경상사고,0,0,1,0,차대차 - 추돌,안전거리미확보,건조,맑음,단일로 - 기타,승용,남,57세,상해없음,승용,남,36세,경상
2018032000100286,2018년 3월 20일 14시,화요일,경상북도 상주시 서문동,경상사고,0,0,1,0,차대차 - 측면충돌,안전운전불이행,건조,맑음,단일로 - 기타,승용,남,58세,상해없음,자전거,남,17세,경상
2018032000100312,2018년 3월 20일 15시,화요일,경상북도 포항시 북구 죽도동,경상사고,0,0,1,0,차량단독 - 기타,기타,건조,맑음,단일로 - 기타,승합,남,56세,상해없음,,,,
2018032000100313,2018년 3월 20일 15시,화요일,경상북도 안동시 일직면,경상사고,0,0,1,0,차대사람 - 길가장자리구역통행중,안전운전불이행,건조,맑음,단일로 - 기타,승합,남,58세,상해없음,보행자,여,65세,경상
2018032000100314,2018년 3월 20일 15시,화요일,경상북도 칠곡군 동명면,경상사고,0,0,1,0,차대차 - 기타,안전운전불이행,건조,맑음,단일로 - 기타,화물,남,28세,상해없음,이륜,남,51세,경상
2018032000100315,2018년 3월 20일 15시,화요일,경상북도 고령군 대가야읍,중상사고,0,1,0,0,차량단독 - 공작물충돌,안전운전불이행,건조,맑음,단일로 - 기타,이륜,여,73세,중상,,,,
2018032000100316,2018년 3월 20일 15시,화요일,경상북도 구미시 원평동,경상사고,0,0,1,0,차대차 - 기타,안전운전불이행,건조,맑음,교차로 - 교차로부근,승용,남,66세,상해없음,승용,여,29세,경상
2018032000100340,2018년 3월 20일 16시,화요일,경상북도 상주시 낙동면,경상사고,0,0,1,0,차대차 - 추돌,안전운전불이행,건조,맑음,단일로 - 기타,화물,남,39세,상해없음,특수,남,37세,경상
2018032000100369,2018년 3월 20일 17시,화요일,경상북도 포항시 북구 흥해읍,중상사고,0,1,0,0,차대사람 - 기타,안전운전불이행,건조,맑음,단일로 - 기타,승용,여,42세,상해없음,보행자,여,67세,중상
2018032000100370,2018년 3월 20일 17시,화요일,경상북도 문경시 모전동,경상사고,0,0,1,0,차대차 - 추돌,안전운전불이행,건조,흐림,교차로 - 교차로안,이륜,남,78세,경상,승용,남,40세,상해없음
2018032000100371,2018년 3월 20일 17시,화요일,경상북도 성주군 성주읍,경상사고,0,0,1,0,차대차 - 측면충돌,안전운전불이행,건조,맑음,교차로 - 교차로안,이륜,여,54세,경상,승용,남,39세,상해없음
2018032000100372,2018년 3월 20일 17시,화요일,경상북도 구미시 구평동,부상신고사고,0,0,0,1,차대차 - 기타,교차로운행방법위반,건조,맑음,교차로 - 교차로안,승합,남,45세,부상신고,승합,남,24세,상해없음
2018032000100373,2018년 3월 20일 17시,화요일,경상북도 구미시 진평동,중상사고,0,1,0,0,차대차 - 측면충돌,신호위반,건조,맑음,교차로 - 교차로안,승용,남,47세,상해없음,원동기,남,31세,중상
2018032000100374,2018년 3월 20일 17시,화요일,경상북도 구미시 공단동,중상사고,0,1,0,0,차대차 - 기타,안전운전불이행,건조,맑음,단일로 - 기타,승용,남,51세,상해없음,원동기,남,59세,중상
2018032000100417,2018년 3월 20일 18시,화요일,경상북도 영천시 문외동,중상사고,0,1,0,0,차대차 - 측면충돌,직진우회전진행방해,건조,맑음,교차로 - 교차로안,자전거,남,15세,중상,화물,남,43세,상해없음
2018032000100418,2018년 3월 20일 18시,화요일,경상북도 고령군 대가야읍,중상사고,0,1,1,0,차대차 - 측면충돌,안전운전불이행,건조,맑음,단일로 - 기타,원동기,남,53세,중상,화물,남,58세,경상
2018032000100457,2018년 3월 20일 19시,화요일,경상북도 칠곡군 기산면,경상사고,0,0,1,1,차대차 - 추돌,안전운전불이행,건조,맑음,단일로 - 교량,승용,남,35세,부상신고,승용,남,45세,경상
2018032000100491,2018년 3월 20일 20시,화요일,경상북도 포항시 남구 오천읍,경상사고,0,0,6,0,차대차 - 추돌,안전운전불이행,건조,맑음,단일로 - 기타,승용,남,28세,상해없음,승용,남,39세,경상
2018032000100524,2018년 3월 20일 21시,화요일,경상북도 경주시 동천동,경상사고,0,0,1,0,차대사람 - 차도통행중,안전운전불이행,건조,맑음,교차로 - 교차로부근,승용,여,48세,상해없음,보행자,남,36세,경상
2018032000100525,2018년 3월 20일 21시,화요일,경상북도 경산시 삼북동,경상사고,0,0,1,0,차대차 - 측면충돌,안전운전불이행,건조,맑음,교차로 - 교차로부근,승용,남,27세,상해없음,이륜,남,18세,경상
2018032000100551,2018년 3월 20일 22시,화요일,경상북도 안동시 용상동,경상사고,0,0,2,0,차대차 - 추돌,안전운전불이행,건조,맑음,교차로 - 교차로안,승용,남,47세,상해없음,승용,남,29세,경상
2018032000100581,2018년 3월 20일 23시,화요일,경상북도 영천시 고경면,중상사고,0,1,0,0,차대차 - 측면충돌,직진우회전진행방해,건조,맑음,교차로 - 교차로안,건설기계,남,65세,상해없음,화물,남,63세,중상
2018032000100582,2018년 3월 20일 23시,화요일,경상북도 경산시 평산동,경상사고,0,0,1,0,차대차 - 측면충돌,안전운전불이행,건조,맑음,교차로 - 교차로안,승용,남,24세,기타불명,승용,여,65세,경상
2018032100100033,2018년 3월 21일 02시,수요일,경상북도 구미시 선산읍,중상사고,0,1,0,0,차량단독 - 공작물충돌,안전운전불이행,적설,눈,단일로 - 기타,화물,남,52세,중상,,,,
2018032100100046,2018년 3월 21일 04시,수요일,경상북도 구미시 공단동,경상사고,0,0,4,1,차대차 - 측면충돌,중앙선침범,적설,눈,단일로 - 교량,승용,여,52세,부상신고,승용,여,44세,경상
2018032100100047,2018년 3월 21일 04시,수요일,경상북도 칠곡군 석적읍,중상사고,0,2,0,0,차대차 - 측면충돌,안전운전불이행,적설,눈,단일로 - 기타,승용,남,36세,상해없음,승용,남,26세,중상
2018032100100089,2018년 3월 21일 07시,수요일,경상북도 안동시 화성동,경상사고,0,0,1,0,차대차 - 정면충돌,안전운전불이행,젖음/습기,눈,단일로 - 기타,승용,남,44세,상해없음,승용,남,45세,경상
2018032100100090,2018년 3월 21일 07시,수요일,경상북도 김천시 남면,경상사고,0,0,1,0,차량단독 - 공작물충돌,안전운전불이행,젖음/습기,눈,단일로 - 기타,승용,남,24세,경상,,,,
2018032100100123,2018년 3월 21일 08시,수요일,경상북도 경주시 용강동,경상사고,0,0,2,0,차대차 - 측면충돌,안전운전불이행,적설,눈,단일로 - 기타,승용,남,55세,경상,승용,남,43세,경상
2018032100100124,2018년 3월 21일 08시,수요일,경상북도 안동시 북문동,경상사고,0,0,1,0,차대사람 - 보도통행중,보행자보호의무위반,젖음/습기,비,교차로 - 교차로횡단보도내,승용,남,49세,상해없음,보행자,여,26세,경상
2018032100100125,2018년 3월 21일 08시,수요일,경상북도 구미시 송정동,중상사고,0,1,0,0,차대사람 - 횡단중,안전운전불이행,적설,눈,교차로 - 교차로안,승용,여,47세,상해없음,보행자,남,73세,중상
2018032100100126,2018년 3월 21일 08시,수요일,경상북도 포항시 남구 오천읍,경상사고,0,0,1,0,차대사람 - 횡단중,안전운전불이행,젖음/습기,비,교차로 - 교차로부근,승용,여,41세,상해없음,보행자,남,47세,경상
2018032100100154,2018년 3월 21일 09시,수요일,경상북도 경주시 암곡동,경상사고,0,0,1,0,차대차 - 추돌,안전운전불이행,적설,흐림,단일로 - 기타,승용,남,32세,상해없음,승용,남,39세,경상
2018032100100155,2018년 3월 21일 09시,수요일,경상북도 상주시 은척면,경상사고,0,0,1,0,차대사람 - 길가장자리구역통행중,안전운전불이행,적설,눈,단일로 - 기타,승용,남,28세,상해없음,보행자,여,79세,경상
2018032100100215,2018년 3월 21일 12시,수요일,경상북도 고령군 개진면,중상사고,0,1,0,0,차대차 - 후진중충돌,안전운전불이행,젖음/습기,눈,단일로 - 기타,승용,남,27세,상해없음,자전거,여,68세,중상
2018032100100216,2018년 3월 21일 12시,수요일,경상북도 영양군 영양읍,경상사고,0,0,1,0,차대차 - 측면충돌,직진우회전진행방해,젖음/습기,흐림,교차로 - 교차로안,화물,남,61세,상해없음,승용,여,36세,경상
2018032100100237,2018년 3월 21일 13시,수요일,경상북도 경산시 옥산동,경상사고,0,0,1,0,차대차 - 측면충돌,교차로운행방법위반,젖음/습기,흐림,교차로 - 교차로안,승용,남,66세,상해없음,승용,남,48세,경상
2018032100100238,2018년 3월 21일 13시,수요일,경상북도 구미시 봉곡동,중상사고,0,1,2,0,차대차 - 측면충돌,안전운전불이행,건조,맑음,단일로 - 기타,승용,남,39세,상해없음,승합,남,31세,경상
2018032100100239,2018년 3월 21일 13시,수요일,경상북도 구미시 원평동,중상사고,0,1,0,0,차대차 - 측면충돌,차로위반,젖음/습기,흐림,단일로 - 기타,승용,남,71세,상해없음,승용,여,50세,중상
2018032100100298,2018년 3월 21일 15시,수요일,경상북도 포항시 북구 우현동,중상사고,0,1,0,0,차대차 - 측면충돌,안전거리미확보,젖음/습기,비,단일로 - 기타,화물,남,45세,상해없음,승용,여,45세,중상
2018032100100299,2018년 3월 21일 15시,수요일,경상북도 안동시 태화동,중상사고,0,1,1,0,차대차 - 추돌,안전거리미확보,젖음/습기,비,교차로 - 교차로부근,승용,남,49세,상해없음,승용,여,56세,중상
2018032100100300,2018년 3월 21일 15시,수요일,경상북도 의성군 다인면,중상사고,0,1,0,0,차량단독 - 공작물충돌,안전운전불이행,젖음/습기,비,단일로 - 기타,화물,남,55세,중상,,,,
2018032100100301,2018년 3월 21일 15시,수요일,경상북도 칠곡군 석적읍,경상사고,0,0,1,0,차대사람 - 길가장자리구역통행중,안전운전불이행,젖음/습기,흐림,단일로 - 기타,승합,남,37세,상해없음,보행자,여,47세,경상
2018032100100332,2018년 3월 21일 16시,수요일,경상북도 경주시 충효동,중상사고,0,1,0,0,차대차 - 측면충돌,안전운전불이행,젖음/습기,비,단일로 - 기타,화물,남,70세,상해없음,승용,여,40세,중상
2018032100100333,2018년 3월 21일 16시,수요일,경상북도 포항시 남구 대잠동,경상사고,0,0,2,0,차대차 - 측면충돌,안전운전불이행,젖음/습기,비,교차로 - 교차로부근,승용,남,53세,상해없음,특수,남,40세,경상
2018032100100334,2018년 3월 21일 16시,수요일,경상북도 포항시 남구 청림동,경상사고,0,0,1,0,차대차 - 기타,안전운전불이행,젖음/습기,비,교차로 - 교차로안,승용,남,50세,상해없음,자전거,남,9세,경상
2018032100100398,2018년 3월 21일 18시,수요일,경상북도 포항시 북구 대신동,중상사고,0,1,0,0,차대사람 - 횡단중,신호위반,젖음/습기,비,교차로 - 교차로횡단보도내,승용,남,64세,상해없음,보행자,여,61세,중상
2018032100100399,2018년 3월 21일 18시,수요일,경상북도 상주시 성하동,경상사고,0,0,1,0,차대사람 - 차도통행중,안전운전불이행,젖음/습기,비,단일로 - 기타,승용,여,59세,상해없음,보행자,남,55세,경상
2018032100100400,2018년 3월 21일 18시,수요일,경상북도 칠곡군 석적읍,경상사고,0,0,1,0,차대차 - 측면충돌,신호위반,건조,맑음,교차로 - 교차로안,화물,남,41세,상해없음,승용,여,27세,경상
2018032100100401,2018년 3월 21일 18시,수요일,경상북도 구미시 형곡동,중상사고,0,3,0,0,차대차 - 측면충돌,직진우회전진행방해,젖음/습기,비,교차로 - 교차로안,승용,남,66세,중상,승용,여,42세,중상