사고번호,사고일시,요일,시군구,사고내용,사망자수,중상자수,경상자수,부상신고자수,사고유형,법규위반,노면상태,기상상태,도로형태,가해운전자 차종,가해운전자 성별,가해운전자 연령,가해운전자 상해정도,피해운전자 차종,피해운전자 성별,피해운전자 연령,피해운전자 상해정도
2018032100100438,2018년 3월 21일 19시,수요일,경상북도 안동시 풍산읍,사망사고,1,0,0,0,차대사람 - 차도통행중,안전운전불이행,젖음/습기,비,단일로 - 기타,승용,남,40세,상해없음,보행자,남,50세,사망
2018032100100439,2018년 3월 21일 19시,수요일,경상북도 김천시 성내동,경상사고,0,0,1,0,차대사람 - 횡단중,보행자보호의무위반,젖음/습기,비,단일로 - 기타,승용,남,44세,상해없음,보행자,남,43세,경상
2018032100100440,2018년 3월 21일 19시,수요일,경상북도 구미시 공단동,경상사고,0,0,1,0,차대차 - 기타,차로위반,젖음/습기,비,단일로 - 기타,승용,남,36세,상해없음,이륜,남,38세,경상
2018032100100441,2018년 3월 21일 19시,수요일,경상북도 포항시 남구 장흥동,경상사고,0,0,2,0,차대차 - 기타,직진우회전진행방해,젖음/습기,비,교차로 - 교차로안,승용,남,60세,경상,승용,남,58세,경상
2018032100100480,2018년 3월 21일 20시,수요일,경상북도 김천시 아포읍,경상사고,0,0,1,0,차대차 - 측면충돌,안전운전불이행,젖음/습기,눈,단일로 - 기타,승용,남,53세,상해없음,승용,여,50세,경상
2018032100100481,2018년 3월 21일 20시,수요일,경상북도 칠곡군 석적읍,경상사고,0,0,2,0,차대차 - 측면충돌,안전운전불이행,젖음/습기,비,단일로 - 기타,승용,남,29세,경상,승용,남,38세,경상
2018032100100482,2018년 3월 21일 20시,수요일,경상북도 경산시 사정동,경상사고,0,0,1,0,차대차 - 측면충돌,신호위반,젖음/습기,맑음,교차로 - 교차로안,화물,남,51세,상해없음,승용,남,37세,경상
2018032100100539,2018년 3월 21일 22시,수요일,경상북도 경주시 외동읍,경상사고,0,0,1,0,차대차 - 추돌,안전운전불이행,젖음/습기,비,교차로 - 교차로부근,승용,남,48세,상해없음,승용,여,31세,경상
2018032100100540,2018년 3월 21일 22시,수요일,경상북도 안동시 풍산읍,중상사고,0,1,0,0,차대사람 - 길가장자리구역통행중,안전운전불이행,건조,맑음,단일로 - 기타,승용,남,57세,상해없음,보행자,남,17세,중상
2018032100100541,2018년 3월 21일 22시,수요일,경상북도 영덕군 영덕읍,중상사고,0,1,1,0,차대사람 - 차도통행중,중앙선침범,젖음/습기,비,단일로 - 기타,승용,남,59세,상해없음,보행자,여,50세,중상
2018032100100542,2018년 3월 21일 22시,수요일,경상북도 구미시 상모동,경상사고,0,0,1,0,차대사람 - 기타,안전운전불이행,젖음/습기,비,단일로 - 기타,승용,남,61세,상해없음,보행자,남,17세,경상
2018032200100034,2018년 3월 22일 03시,목요일,경상북도 구미시 황상동,경상사고,0,0,1,0,차대차 - 기타,신호위반,건조,맑음,교차로 - 교차로안,화물,남,55세,상해없음,승용,남,40세,경상
2018032200100110,2018년 3월 22일 07시,목요일,경상북도 영천시 도동,경상사고,0,0,3,0,차대차 - 측면충돌,차로위반,건조,맑음,단일로 - 기타,승용,여,27세,경상,승용,남,20세,경상
2018032200100111,2018년 3월 22일 07시,목요일,경상북도 영천시 고경면,경상사고,0,0,1,0,차대차 - 측면충돌,안전운전불이행,건조,맑음,교차로 - 교차로안,화물,남,57세,경상,승합,남,56세,상해없음
2018032200100112,2018년 3월 22일 07시,목요일,경상북도 영덕군 축산면,중상사고,0,1,1,0,차량단독 - 공작물충돌,안전운전불이행,젖음/습기,흐림,단일로 - 기타,승용,남,52세,경상,,,,
2018032200100155,2018년 3월 22일 08시,목요일,경상북도 칠곡군 기산면,중상사고,0,1,0,0,차대차 - 측면충돌,안전운전불이행,건조,맑음,교차로 - 교차로부근,승용,남,69세,상해없음,자전거,남,82세,중상
2018032200100186,2018년 3월 22일 09시,목요일,경상북도 포항시 북구 흥해읍,중상사고,0,1,1,0,차대차 - 측면충돌,안전운전불이행,건조,맑음,교차로 - 교차로횡단보도내,승용,남,66세,경상,승용,여,55세,중상
2018032200100241,2018년 3월 22일 11시,목요일,경상북도 포항시 북구 용흥동,중상사고,0,1,0,0,차대사람 - 기타,안전운전불이행,건조,맑음,단일로 - 터널,승용,남,71세,상해없음,보행자,남,76세,중상
2018032200100266,2018년 3월 22일 12시,목요일,경상북도 영천시 신령면,경상사고,0,0,2,0,차대차 - 추돌,안전운전불이행,건조,맑음,단일로 - 기타,이륜,남,69세,경상,승용,여,55세,경상
2018032200100267,2018년 3월 22일 12시,목요일,경상북도 포항시 남구 대잠동,중상사고,0,1,0,0,차대사람 - 길가장자리구역통행중,보행자보호의무위반,건조,맑음,교차로 - 교차로횡단보도내,승용,여,38세,상해없음,보행자,남,83세,중상
2018032200100322,2018년 3월 22일 14시,목요일,경상북도 안동시 목성동,경상사고,0,0,3,0,차대차 - 측면충돌,교차로운행방법위반,건조,맑음,교차로 - 교차로안,승용,남,36세,상해없음,승용,여,31세,경상
2018032200100348,2018년 3월 22일 15시,목요일,경상북도 영덕군 강구면,경상사고,0,0,1,0,차대사람 - 기타,안전운전불이행,건조,맑음,교차로 - 교차로안,승용,남,63세,상해없음,보행자,남,19세,경상
2018032200100349,2018년 3월 22일 15시,목요일,경상북도 구미시 황상동,중상사고,0,1,0,0,차대사람 - 기타,안전운전불이행,건조,맑음,교차로 - 교차로부근,승합,여,25세,상해없음,보행자,남,84세,중상
2018032200100373,2018년 3월 22일 16시,목요일,경상북도 영천시 임고면,중상사고,0,1,0,0,차대차 - 측면충돌,안전운전불이행,건조,맑음,단일로 - 기타,승용,여,67세,상해없음,승용,남,76세,중상
2018032200100374,2018년 3월 22일 16시,목요일,경상북도 경산시 사동,중상사고,0,1,0,0,차대차 - 추돌,안전거리미확보,건조,맑음,교차로 - 교차로부근,이륜,남,25세,중상,이륜,남,19세,상해없음
2018032200100375,2018년 3월 22일 16시,목요일,경상북도 구미시 인의동,중상사고,0,1,0,0,차대사람 - 횡단중,보행자보호의무위반,건조,맑음,교차로 - 교차로안,승용,여,57세,상해없음,보행자,여,65세,중상
2018032200100405,2018년 3월 22일 17시,목요일,경상북도 경주시 황성동,경상사고,0,0,2,1,차대차 - 정면충돌,안전운전불이행,건조,맑음,교차로 - 교차로안,승용,여,31세,부상신고,화물,남,52세,경상
2018032200100406,2018년 3월 22일 17시,목요일,경상북도 경주시 황오동,중상사고,0,1,0,0,차대차 - 측면충돌,신호위반,건조,맑음,교차로 - 교차로안,승용,남,22세,상해없음,자전거,여,70세,중상
2018032200100407,2018년 3월 22일 17시,목요일,경상북도 포항시 북구 흥해읍,중상사고,0,1,1,0,차대차 - 측면충돌,직진우회전진행방해,건조,맑음,교차로 - 교차로안,승용,여,29세,상해없음,이륜,남,21세,중상
2018032200100408,2018년 3월 22일 17시,목요일,경상북도 칠곡군 왜관읍,중상사고,0,1,0,0,차대사람 - 횡단중,보행자보호의무위반,건조,맑음,기타 - 기타,화물,남,67세,상해없음,보행자,여,74세,중상
2018032200100409,2018년 3월 22일 17시,목요일,경상북도 문경시 문경읍,중상사고,0,1,0,0,차대차 - 측면충돌,교차로운행방법위반,건조,맑음,교차로 - 교차로안,승합,남,63세,상해없음,이륜,남,68세,중상
2018032200100410,2018년 3월 22일 17시,목요일,경상북도 경산시 중방동,경상사고,0,0,1,0,차대사람 - 기타,기타,건조,맑음,단일로 - 기타,승용,남,52세,상해없음,보행자,여,62세,경상
2018032200100458,2018년 3월 22일 18시,목요일,경상북도 경산시 진량읍,사망사고,1,0,0,0,차대차 - 기타,안전운전불이행,건조,맑음,단일로 - 기타,이륜,남,80세,사망,승용,남,65세,상해없음
2018032200100459,2018년 3월 22일 18시,목요일,경상북도 경산시 남산면,중상사고,0,1,0,0,차대차 - 측면충돌,교차로운행방법위반,건조,맑음,교차로 - 교차로안,화물,남,61세,상해없음,승용,여,47세,중상
2018032200100460,2018년 3월 22일 18시,목요일,경상북도 청도군 청도읍,경상사고,0,0,1,0,차대차 - 측면충돌,중앙선침범,건조,맑음,기타 - 기타,승용,남,30세,상해없음,승용,남,59세,경상
2018032200100461,2018년 3월 22일 18시,목요일,경상북도 구미시 비산동,경상사고,0,0,2,0,차대차 - 측면충돌,직진우회전진행방해,건조,맑음,교차로 - 교차로부근,승용,남,49세,상해없음,승합,남,52세,상해없음
2018032200100530,2018년 3월 22일 20시,목요일,경상북도 포항시 북구 장성동,중상사고,0,1,0,0,차대차 - 측면충돌,신호위반,건조,맑음,교차로 - 교차로안,승용,여,50세,상해없음,이륜,남,19세,중상
2018032200100531,2018년 3월 22일 20시,목요일,경상북도 김천시 대광동,경상사고,0,0,1,0,차대차 - 추돌,안전거리미확보,건조,기타,교차로 - 교차로안,승용,남,31세,상해없음,승용,남,23세,경상
2018032200100532,2018년 3월 22일 20시,목요일,경상북도 김천시 부곡동,경상사고,0,0,1,0,차대차 - 측면충돌,안전운전불이행,건조,맑음,단일로 - 기타,승용,남,51세,상해없음,승용,여,26세,경상
2018032200100546,2018년 3월 22일 21시,목요일,경상북도 안동시 풍천면,경상사고,0,0,1,0,차대차 - 추돌,안전운전불이행,건조,맑음,단일로 - 기타,승용,여,39세,상해없음,화물,남,42세,경상
2018032200100547,2018년 3월 22일 21시,목요일,경상북도 구미시 옥계동,경상사고,0,0,1,0,차대차 - 측면충돌,교차로운행방법위반,건조,맑음,교차로 - 교차로안,승용,여,29세,상해없음,이륜,남,19세,경상
2018032200100572,2018년 3월 22일 22시,목요일,경상북도 구미시 공단동,중상사고,0,1,0,0,차대차 - 추돌,안전운전불이행,건조,맑음,단일로 - 기타,승용,남,38세,상해없음,승용,남,50세,중상
2018032200100573,2018년 3월 22일 22시,목요일,경상북도 구미시 송정동,경상사고,0,0,1,0,차대사람 - 횡단중,보행자보호의무위반,건조,맑음,단일로 - 기타,승용,남,26세,상해없음,보행자,여,55세,경상
2018032200100574,2018년 3월 22일 22시,목요일,경상북도 포항시 남구 대잠동,중상사고,0,1,0,0,차대사람 - 횡단중,안전운전불이행,건조,맑음,단일로 - 기타,승용,남,61세,상해없음,보행자,남,40세,중상
2018032300100031,2018년 3월 23일 03시,금요일,경상북도 경산시 임당동,경상사고,0,0,1,0,차대사람 - 길가장자리구역통행중,안전운전불이행,건조,맑음,단일로 - 기타,승용,남,27세,상해없음,보행자,남,45세,경상
2018032300100080,2018년 3월 23일 07시,금요일,경상북도 경주시 용강동,경상사고,0,0,1,0,차대차 - 측면충돌,안전운전불이행,건조,맑음,단일로 - 기타,승용,남,59세,상해없음,승용,남,50세,경상
2018032300100081,2018년 3월 23일 07시,금요일,경상북도 포항시 북구 양덕동,경상사고,0,0,1,0,차대사람 - 횡단중,안전운전불이행,건조,맑음,단일로 - 기타,승용,남,40세,상해없음,보행자,여,67세,경상
2018032300100082,2018년 3월 23일 07시,금요일,경상북도 칠곡군 지천면,경상사고,0,0,1,1,차대차 - 추돌,안전거리미확보,건조,맑음,단일로 - 기타,승용,여,40세,부상신고,승용,남,60세,경상
2018032300100083,2018년 3월 23일 07시,금요일,경상북도 포항시 남구 괴동동,경상사고,0,0,1,0,차대차 - 측면충돌,안전운전불이행,건조,맑음,교차로 - 교차로부근,특수,남,49세,상해없음,승용,남,34세,경상
2018032300100122,2018년 3월 23일 08시,금요일,경상북도 경산시 옥곡동,중상사고,0,2,2,0,차대차 - 기타,안전운전불이행,건조,맑음,단일로 - 기타,승합,남,48세,상해없음,화물,남,57세,상해없음
2018032300100123,2018년 3월 23일 08시,금요일,경상북도 청도군 청도읍,중상사고,0,1,3,0,차대차 - 추돌,안전운전불이행,건조,맑음,교차로 - 교차로부근,승용,남,40세,경상,승용,남,85세,경상
2018032300100124,2018년 3월 23일 08시,금요일,경상북도 구미시 산동면,중상사고,0,1,2,0,차대차 - 측면충돌,안전운전불이행,건조,맑음,교차로 - 교차로안,승용,여,30세,경상,승용,남,31세,중상
2018032300100155,2018년 3월 23일 09시,금요일,경상북도 경주시 서면,중상사고,0,1,0,0,차량단독 - 전도전복 - 전도,안전운전불이행,젖음/습기,맑음,단일로 - 기타,이륜,여,70세,중상,미분류,미분류,미분류,미분류
2018032300100156,2018년 3월 23일 09시,금요일,경상북도 포항시 남구 효자동,경상사고,0,0,1,0,차대차 - 기타,중앙선침범,건조,맑음,단일로 - 기타,화물,남,38세,상해없음,승용,여,32세,경상
2018032300100178,2018년 3월 23일 10시,금요일,경상북도 상주시 남성동,중상사고,0,1,0,0,차대사람 - 횡단중,보행자보호의무위반,건조,맑음,단일로 - 기타,화물,남,59세,상해없음,보행자,남,81세,중상
2018032300100179,2018년 3월 23일 10시,금요일,경상북도 칠곡군 석적읍,경상사고,0,0,1,0,차대차 - 후진중충돌,안전운전불이행,건조,맑음,단일로 - 기타,승용,여,41세,상해없음,승용,여,62세,경상
2018032300100180,2018년 3월 23일 10시,금요일,경상북도 구미시 고아읍,중상사고,0,2,0,0,차대차 - 기타,안전운전불이행,건조,맑음,단일로 - 기타,화물,남,24세,상해없음,승용,남,69세,중상
2018032300100206,2018년 3월 23일 11시,금요일,경상북도 안동시 금곡동,중상사고,0,1,0,0,차대차 - 측면충돌,안전운전불이행,건조,맑음,교차로 - 교차로부근,이륜,남,75세,중상,승용,남,75세,상해없음
2018032300100207,2018년 3월 23일 11시,금요일,경상북도 김천시 교동,경상사고,0,0,1,0,차대차 - 측면충돌,신호위반,건조,흐림,교차로 - 교차로안,승용,남,61세,상해없음,승용,남,25세,경상
2018032300100208,2018년 3월 23일 11시,금요일,경상북도 경산시 중방동,경상사고,0,0,1,0,차대차 - 측면충돌,차로위반,건조,맑음,단일로 - 기타,승합,남,61세,상해없음,이륜,남,34세,경상
2018032300100209,2018년 3월 23일 11시,금요일,경상북도 포항시 남구 상도동,경상사고,0,0,1,0,차대차 - 기타,안전운전불이행,건조,맑음,단일로 - 기타,승용,여,28세,상해없음,승합,여,37세,경상
2018032300100236,2018년 3월 23일 12시,금요일,경상북도 경주시 성동동,중상사고,0,1,0,0,차대차 - 측면충돌,중앙선침범,건조,맑음,단일로 - 기타,승용,여,61세,상해없음,자전거,여,67세,중상
2018032300100237,2018년 3월 23일 12시,금요일,경상북도 포항시 북구 용흥동,경상사고,0,0,1,0,차대차 - 추돌,안전거리미확보,건조,맑음,단일로 - 기타,승용,남,59세,상해없음,승용,남,56세,경상
2018032300100238,2018년 3월 23일 12시,금요일,경상북도 문경시 흥덕동,경상사고,0,0,1,0,차대차 - 측면충돌,안전운전불이행,건조,맑음,교차로 - 교차로안,승용,남,60세,상해없음,승용,남,62세,상해없음
2018032300100257,2018년 3월 23일 13시,금요일,경상북도 경주시 서부동,중상사고,0,2,0,0,차대차 - 측면충돌,신호위반,건조,맑음,교차로 - 교차로안,승용,남,49세,상해없음,승용,남,70세,중상
2018032300100287,2018년 3월 23일 14시,금요일,경상북도 포항시 북구 학산동,경상사고,0,0,1,0,차대차 - 추돌,안전운전불이행,건조,맑음,단일로 - 기타,승용,남,73세,기타불명,승용,남,63세,경상
2018032300100288,2018년 3월 23일 14시,금요일,경상북도 의성군 신평면,경상사고,0,0,1,0,차대차 - 측면충돌,안전운전불이행,건조,맑음,교차로 - 교차로부근,건설기계,남,38세,상해없음,승용,남,27세,경상
2018032300100289,2018년 3월 23일 14시,금요일,경상북도 칠곡군 가산면,중상사고,0,1,1,0,차대차 - 측면충돌,중앙선침범,건조,맑음,단일로 - 고가도로위,화물,남,62세,중상,건설기계,남,44세,경상
2018032300100301,2018년 3월 23일 15시,금요일,경상북도 포항시 남구 오천읍,경상사고,0,0,1,0,차대차 - 측면충돌,안전운전불이행,건조,맑음,단일로 - 기타,승용,남,67세,상해없음,화물,남,69세,경상
2018032300100319,2018년 3월 23일 15시,금요일,경상북도 포항시 북구 양덕동,경상사고,0,0,3,0,차대차 - 측면충돌,안전운전불이행,건조,맑음,단일로 - 기타,승용,남,57세,상해없음,승용,남,45세,경상
2018032300100320,2018년 3월 23일 15시,금요일,경상북도 포항시 북구 장성동,중상사고,0,1,0,0,차대사람 - 횡단중,보행자보호의무위반,건조,맑음,교차로 - 교차로횡단보도내,승용,여,33세,상해없음,보행자,남,8세,중상
2018032300100321,2018년 3월 23일 15시,금요일,경상북도 경산시 진량읍,중상사고,0,1,0,0,차대차 - 측면충돌,안전운전불이행,건조,맑음,단일로 - 기타,승용,남,50세,상해없음,이륜,남,33세,중상
2018032300100322,2018년 3월 23일 15시,금요일,경상북도 포항시 남구 해도동,중상사고,0,1,1,0,차대차 - 추돌,안전운전불이행,건조,맑음,단일로 - 기타,승용,여,63세,경상,승용,남,49세,중상
2018032300100359,2018년 3월 23일 16시,금요일,경상북도 경주시 황성동,경상사고,0,0,1,0,차대차 - 측면충돌,안전운전불이행,건조,맑음,단일로 - 기타,승합,남,63세,상해없음,승용,여,50세,경상
2018032300100360,2018년 3월 23일 16시,금요일,경상북도 의성군 다인면,경상사고,0,0,3,0,차대차 - 측면충돌,중앙선침범,건조,맑음,단일로 - 기타,화물,남,54세,상해없음,승용,남,49세,경상
2018032300100361,2018년 3월 23일 16시,금요일,경상북도 영주시 안정면,경상사고,0,0,1,0,차대차 - 측면충돌,교차로운행방법위반,건조,맑음,교차로 - 교차로안,화물,남,63세,상해없음,승용,남,58세,경상
2018032300100409,2018년 3월 23일 17시,금요일,경상북도 안동시 일직면,경상사고,0,0,1,0,차대사람 - 길가장자리구역통행중,안전운전불이행,건조,맑음,기타 - 기타,승용,여,61세,상해없음,보행자,남,90세 이상,경상
2018032300100410,2018년 3월 23일 17시,금요일,경상북도 김천시 평화동,경상사고,0,0,4,0,차대차 - 측면충돌,안전거리미확보,건조,맑음,교차로 - 교차로안,화물,남,69세,상해없음,승합,남,53세,경상
2018032300100411,2018년 3월 23일 17시,금요일,경상북도 김천시 부곡동,경상사고,0,0,1,0,차대차 - 측면충돌,차로위반,건조,맑음,단일로 - 기타,화물,남,48세,상해없음,이륜,남,18세,경상
2018032300100412,2018년 3월 23일 17시,금요일,경상북도 의성군 의성읍,경상사고,0,0,1,0,차대차 - 측면충돌,차로위반,건조,맑음,단일로 - 교량,건설기계,남,52세,상해없음,승용,남,53세,경상
2018032300100413,2018년 3월 23일 17시,금요일,경상북도 문경시 점촌동,중상사고,0,1,0,0,차대차 - 측면충돌,안전운전불이행,건조,맑음,단일로 - 기타,원동기,남,69세,중상,승용,여,73세,상해없음
2018032300100447,2018년 3월 23일 18시,금요일,경상북도 성주군 성주읍,중상사고,0,1,0,0,차대사람 - 횡단중,안전운전불이행,건조,맑음,교차로 - 교차로안,승용,남,33세,상해없음,보행자,여,78세,중상
2018032300100448,2018년 3월 23일 18시,금요일,경상북도 포항시 남구 해도동,경상사고,0,0,1,0,차대차 - 정면충돌,신호위반,건조,맑음,교차로 - 교차로안,승용,남,42세,상해없음,승용,남,38세,경상
2018032300100449,2018년 3월 23일 18시,금요일,경상북도 포항시 남구 대도동,경상사고,0,0,2,0,차대차 - 측면충돌,교차로운행방법위반,건조,맑음,교차로 - 교차로안,승용,남,51세,경상,승용,남,41세,경상
2018032300100491,2018년 3월 23일 19시,금요일,경상북도 구미시 공단동,경상사고,0,0,1,0,차대사람 - 기타,안전운전불이행,건조,맑음,단일로 - 기타,승합,남,48세,상해없음,보행자,여,69세,경상
2018032300100492,2018년 3월 23일 19시,금요일,경상북도 포항시 남구 오천읍,경상사고,0,0,1,1,차대차 - 기타,직진우회전진행방해,건조,맑음,교차로 - 교차로안,승용,남,54세,부상신고,승용,남,36세,경상
2018032300100553,2018년 3월 23일 21시,금요일,경상북도 칠곡군 북삼읍,경상사고,0,0,2,1,차대차 - 측면충돌,안전운전불이행,건조,맑음,단일로 - 기타,승용,남,25세,부상신고,승용,남,44세,경상
2018032300100554,2018년 3월 23일 21시,금요일,경상북도 구미시 진평동,경상사고,0,0,1,0,차대차 - 기타,안전운전불이행,건조,맑음,교차로 - 교차로부근,이륜,남,33세,경상,승용,남,26세,상해없음
2018032300100555,2018년 3월 23일 21시,금요일,경상북도 구미시 봉곡동,중상사고,0,1,0,0,차대사람 - 보도통행중,기타,건조,맑음,기타 - 기타,이륜,남,36세,상해없음,보행자,여,7세,중상
2018032300100556,2018년 3월 23일 21시,금요일,경상북도 포항시 남구 오천읍,중상사고,0,1,0,0,차대사람 - 길가장자리구역통행중,안전운전불이행,건조,맑음,교차로 - 교차로부근,승용,남,59세,상해없음,보행자,남,63세,중상
2018032300100608,2018년 3월 23일 23시,금요일,경상북도 포항시 북구 두호동,경상사고,0,0,1,0,차대차 - 추돌,안전운전불이행,건조,맑음,교차로 - 교차로부근,승용,남,22세,상해없음,승용,여,45세,경상
2018032400100026,2018년 3월 24일 01시,토요일,경상북도 포항시 북구 창포동,중상사고,0,1,0,0,차대사람 - 차도통행중,안전운전불이행,건조,맑음,단일로 - 기타,승용,남,60세,기타불명,보행자,남,60세,중상
2018032400100079,2018년 3월 24일 05시,토요일,경상북도 포항시 북구 대흥동,경상사고,0,0,1,1,차대차 - 측면충돌,안전운전불이행,건조,맑음,단일로 - 기타,승용,남,65세,부상신고,화물,남,55세,경상
2018032400100088,2018년 3월 24일 06시,토요일,경상북도 영주시 풍기읍,경상사고,0,0,1,0,차대사람 - 횡단중,안전운전불이행,건조,맑음,교차로 - 교차로안,화물,남,42세,상해없음,보행자,여,55세,경상
2018032400100089,2018년 3월 24일 06시,토요일,경상북도 영천시 신기동,중상사고,0,1,0,0,차대차 - 추돌,안전운전불이행,건조,맑음,단일로 - 기타,화물,남,60세,상해없음,승용,남,47세,상해없음
2018032400100112,2018년 3월 24일 08시,토요일,경상북도 경주시 황성동,경상사고,0,0,1,0,차량단독 - 전도전복 - 전도,안전운전불이행,건조,맑음,교차로 - 교차로안,이륜,남,17세,경상,미분류,미분류,미분류,미분류
2018032400100113,2018년 3월 24일 08시,토요일,경상북도 칠곡군 지천면,중상사고,0,1,0,0,차대차 - 측면충돌,교차로운행방법위반,건조,맑음,교차로 - 교차로안,승용,남,54세,상해없음,원동기,남,55세,중상
2018032400100135,2018년 3월 24일 09시,토요일,경상북도 안동시 태화동,중상사고,0,2,1,0,차대차 - 측면충돌,안전운전불이행,건조,맑음,교차로 - 교차로안,승용,남,68세,상해없음,승용,여,31세,중상
2018032400100136,2018년 3월 24일 09시,토요일,경상북도 구미시 오태동,중상사고,0,1,0,0,차대사람 - 횡단중,신호위반,건조,맑음,교차로 - 교차로횡단보도내,화물,남,51세,상해없음,보행자,여,55세,중상
2018032400100137,2018년 3월 24일 09시,토요일,경상북도 포항시 남구 상도동,경상사고,0,0,1,0,차대차 - 측면충돌,교차로운행방법위반,건조,맑음,교차로 - 교차로안,승용,남,62세,상해없음,승용,남,73세,경상
2018032400100158,2018년 3월 24일 10시,토요일,경상북도 포항시 북구 대흥동,중상사고,0,1,0,0,차대사람 - 횡단중,안전운전불이행,건조,맑음,교차로 - 교차로부근,특수,남,54세,상해없음,보행자,남,68세,중상
2018032400100185,2018년 3월 24일 11시,토요일,경상북도 구미시 옥계동,경상사고,0,0,1,0,차대사람 - 횡단중,안전운전불이행,건조,맑음,단일로 - 기타,승용,남,69세,상해없음,보행자,남,30세,경상
2018032400100223,2018년 3월 24일 12시,토요일,경상북도 경주시 성동동,중상사고,0,1,0,0,차대차 - 측면충돌,안전운전불이행,건조,맑음,교차로 - 교차로부근,화물,남,68세,상해없음,자전거,여,65세,중상
2018032400100224,2018년 3월 24일 12시,토요일,경상북도 영천시 완산동,경상사고,0,0,3,0,차대차 - 측면충돌,안전운전불이행,건조,맑음,교차로 - 교차로안,원동기,남,80세,경상,승용,여,30세,경상
2018032400100286,2018년 3월 24일 14시,토요일,경상북도 구미시 공단동,경상사고,0,0,3,0,차대차 - 측면충돌,안전운전불이행,건조,맑음,단일로 - 기타,승용,남,23세,상해없음,승용,남,27세,경상
2018032400100313,2018년 3월 24일 15시,토요일,경상북도 경산시 진량읍,경상사고,0,0,1,0,차대차 - 측면충돌,신호위반,건조,맑음,교차로 - 교차로안,이륜,남,41세,상해없음,승용,남,46세,경상
2018032400100315,2018년 3월 24일 15시,토요일,경상북도 포항시 남구 장기면,중상사고,0,1,0,0,차량단독 - 공작물충돌,안전운전불이행,건조,맑음,단일로 - 기타,이륜,남,78세,중상,,,,
2018032400100377,2018년 3월 24일 17시,토요일,경상북도 경주시 구황동,경상사고,0,0,1,0,차대차 - 측면충돌,직진우회전진행방해,건조,맑음,교차로 - 교차로안,승용,여,24세,상해없음,이륜,남,20세,경상
2018032400100378,2018년 3월 24일 17시,토요일,경상북도 상주시 남성동,경상사고,0,0,1,0,차대사람 - 횡단중,안전운전불이행,건조,맑음,교차로 - 교차로부근,승용,여,43세,상해없음,보행자,남,36세,경상
2018032400100379,2018년 3월 24일 17시,토요일,경상북도 구미시 원평동,중상사고,0,1,0,0,차대차 - 기타,안전거리미확보,건조,맑음,교차로 - 교차로안,승용,남,55세,상해없음,승용,여,54세,중상
2018032400100413,2018년 3월 24일 18시,토요일,경상북도 안동시 옥동,중상사고,0,1,5,0,차대차 - 측면충돌,교차로운행방법위반,건조,맑음,교차로 - 교차로안,승용,여,60세,중상,승용,남,26세,경상
2018032400100414,2018년 3월 24일 18시,토요일,경상북도 영천시 봉동,경상사고,0,0,2,0,차대차 - 측면충돌,교차로운행방법위반,건조,맑음,교차로 - 교차로안,승용,여,61세,상해없음,승용,여,46세,경상
2018032400100445,2018년 3월 24일 19시,토요일,경상북도 안동시 풍천면,경상사고,0,0,1,0,차대차 - 후진중충돌,안전운전불이행,건조,맑음,단일로 - 기타,화물,남,57세,상해없음,승용,남,30세,경상
2018032400100446,2018년 3월 24일 19시,토요일,경상북도 문경시 모전동,경상사고,0,0,1,0,차대차 - 측면충돌,직진우회전진행방해,건조,맑음,교차로 - 교차로안,화물,남,24세,경상,화물,남,62세,상해없음
2018032400100447,2018년 3월 24일 19시,토요일,경상북도 포항시 남구 오천읍,중상사고,0,1,0,0,차대차 - 측면충돌,안전운전불이행,건조,맑음,단일로 - 기타,승용,여,52세,상해없음,이륜,남,26세,중상
2018032400100484,2018년 3월 24일 20시,토요일,경상북도 포항시 북구 두호동,중상사고,0,1,0,0,차대차 - 측면충돌,교차로운행방법위반,건조,맑음,교차로 - 교차로안,이륜,남,61세,상해없음,이륜,남,39세,중상
2018032400100485,2018년 3월 24일 20시,토요일,경상북도 포항시 남구 상도동,경상사고,0,0,2,0,차대차 - 측면충돌,안전운전불이행,건조,맑음,단일로 - 기타,승용,여,48세,상해없음,이륜,남,17세,경상
2018032400100511,2018년 3월 24일 21시,토요일,경상북도 영천시 완산동,경상사고,0,0,1,0,차대차 - 추돌,안전운전불이행,건조,맑음,단일로 - 기타,승용,여,60세,경상,화물,남,44세,상해없음
2018032400100512,2018년 3월 24일 21시,토요일,경상북도 경산시 진량읍,중상사고,0,1,0,0,차대차 - 기타,안전운전불이행,건조,맑음,교차로 - 교차로안,승용,여,30세,상해없음,이륜,남,49세,중상
2018032400100544,2018년 3월 24일 23시,토요일,경상북도 경주시 성건동,경상사고,0,0,1,0,차대차 - 측면충돌,안전운전불이행,건조,맑음,단일로 - 기타,승합,남,55세,상해없음,승용,남,58세,경상
2018032500100038,2018년 3월 25일 03시,일요일,경상북도 경산시 상방동,경상사고,0,0,1,0,차대차 - 측면충돌,중앙선침범,건조,맑음,단일로 - 기타,승용,남,39세,상해없음,승용,남,41세,상해없음
2018032500100106,2018년 3월 25일 10시,일요일,경상북도 의성군 의성읍,경상사고,0,0,1,0,차대차 - 측면충돌,중앙선침범,건조,맑음,단일로 - 기타,승용,여,65세,상해없음,승용,여,52세,경상