사고번호,사고일시,요일,시군구,사고내용,사망자수,중상자수,경상자수,부상신고자수,사고유형,법규위반,노면상태,기상상태,도로형태,가해운전자 차종,가해운전자 성별,가해운전자 연령,가해운전자 상해정도,피해운전자 차종,피해운전자 성별,피해운전자 연령,피해운전자 상해정도
2018032500100107,2018년 3월 25일 10시,일요일,경상북도 칠곡군 지천면,경상사고,0,0,1,0,차대차 - 후진중충돌,안전운전불이행,건조,맑음,단일로 - 기타,승용,여,56세,상해없음,이륜,남,75세,경상
2018032500100108,2018년 3월 25일 10시,일요일,경상북도 예천군 예천읍,중상사고,0,1,1,0,차대차 - 측면충돌,직진우회전진행방해,건조,맑음,교차로 - 교차로안,승용,남,53세,상해없음,승용,여,45세,경상
2018032500100153,2018년 3월 25일 12시,일요일,경상북도 군위군 군위읍,중상사고,0,4,0,0,차대차 - 측면충돌,신호위반,건조,맑음,교차로 - 교차로안,승용,남,30세,상해없음,승용,여,33세,중상
2018032500100174,2018년 3월 25일 13시,일요일,경상북도 경주시 인왕동,중상사고,0,1,0,0,차량단독 - 도로외이탈 - 추락,안전운전불이행,건조,맑음,단일로 - 기타,이륜,남,32세,중상,,,,
2018032500100175,2018년 3월 25일 13시,일요일,경상북도 경산시 삼풍동,경상사고,0,0,1,0,차대차 - 측면충돌,직진우회전진행방해,건조,맑음,교차로 - 교차로안,이륜,남,26세,경상,승용,남,25세,상해없음
2018032500100199,2018년 3월 25일 14시,일요일,경상북도 영천시 청통면,중상사고,0,1,0,0,차대차 - 측면충돌,직진우회전진행방해,건조,맑음,교차로 - 교차로안,이륜,남,59세,중상,승용,남,50세,상해없음
2018032500100231,2018년 3월 25일 15시,일요일,경상북도 안동시 풍산읍,경상사고,0,0,1,0,차대사람 - 횡단중,안전운전불이행,건조,맑음,주차장 - 주차장,화물,남,71세,상해없음,보행자,남,53세,경상
2018032500100262,2018년 3월 25일 16시,일요일,경상북도 영덕군 강구면,중상사고,0,1,0,0,차대사람 - 횡단중,안전운전불이행,건조,맑음,단일로 - 기타,승합,남,42세,상해없음,보행자,남,4세,중상
2018032500100263,2018년 3월 25일 16시,일요일,경상북도 구미시 원평동,중상사고,0,1,0,0,차량단독 - 기타,안전운전불이행,건조,맑음,교차로 - 교차로부근,승합,남,55세,상해없음,,,,
2018032500100288,2018년 3월 25일 17시,일요일,경상북도 안동시 일직면,중상사고,0,1,0,0,차량단독 - 도로외이탈 - 추락,안전운전불이행,건조,맑음,단일로 - 기타,승용,남,45세,중상,,,,
2018032500100289,2018년 3월 25일 17시,일요일,경상북도 봉화군 봉화읍,중상사고,0,1,0,0,차대사람 - 기타,안전운전불이행,건조,맑음,단일로 - 기타,화물,남,60세,상해없음,보행자,여,84세,중상
2018032500100290,2018년 3월 25일 17시,일요일,경상북도 경주시 건천읍,경상사고,0,0,2,0,차대차 - 추돌,안전운전불이행,건조,맑음,단일로 - 기타,승용,남,24세,상해없음,승용,남,65세,경상
2018032500100313,2018년 3월 25일 18시,일요일,경상북도 포항시 북구 흥해읍,사망사고,2,1,0,0,차량단독 - 공작물충돌,안전운전불이행,건조,맑음,단일로 - 교량,승용,남,70세,중상,,,,
2018032500100314,2018년 3월 25일 18시,일요일,경상북도 상주시 낙양동,중상사고,0,1,0,0,차대차 - 정면충돌,교차로운행방법위반,건조,맑음,교차로 - 교차로안,승용,여,51세,상해없음,자전거,남,13세,중상
2018032500100315,2018년 3월 25일 18시,일요일,경상북도 의성군 의성읍,중상사고,0,2,0,0,차대차 - 측면충돌,안전운전불이행,건조,맑음,교차로 - 교차로안,화물,남,61세,중상,화물,남,55세,중상
2018032500100316,2018년 3월 25일 18시,일요일,경상북도 포항시 남구 오천읍,경상사고,0,0,1,0,차대차 - 후진중충돌,안전운전불이행,건조,맑음,교차로 - 교차로부근,화물,여,61세,상해없음,승용,남,27세,경상
2018032500100339,2018년 3월 25일 19시,일요일,경상북도 경주시 강동면,경상사고,0,0,1,1,차대차 - 측면충돌,안전운전불이행,건조,맑음,교차로 - 교차로안,화물,여,61세,부상신고,화물,남,74세,경상
2018032500100340,2018년 3월 25일 19시,일요일,경상북도 김천시 지좌동,사망사고,1,0,0,0,차대사람 - 차도통행중,안전운전불이행,건조,맑음,교차로 - 교차로안,화물,여,62세,상해없음,보행자,여,85세,사망
2018032500100341,2018년 3월 25일 19시,일요일,경상북도 김천시 신음동,경상사고,0,0,1,0,차대차 - 측면충돌,안전운전불이행,건조,맑음,단일로 - 기타,이륜,남,17세,경상,승용,남,30세,상해없음
2018032500100374,2018년 3월 25일 20시,일요일,경상북도 안동시 서후면,경상사고,0,0,1,0,차량단독 - 기타,안전운전불이행,건조,맑음,단일로 - 기타,이륜,남,58세,경상,,,,
2018032500100375,2018년 3월 25일 20시,일요일,경상북도 경산시 조영동,경상사고,0,0,1,0,차대차 - 측면충돌,교차로운행방법위반,건조,맑음,교차로 - 교차로안,승용,여,51세,상해없음,이륜,남,23세,경상
2018032500100376,2018년 3월 25일 20시,일요일,경상북도 포항시 남구 송도동,경상사고,0,0,1,0,차대차 - 측면충돌,안전거리미확보,건조,맑음,단일로 - 기타,승용,남,46세,상해없음,이륜,남,31세,경상
2018032500100395,2018년 3월 25일 21시,일요일,경상북도 안동시 용상동,경상사고,0,0,1,0,차대차 - 측면충돌,안전운전불이행,건조,맑음,교차로 - 교차로안,승용,남,38세,상해없음,이륜,남,22세,경상
2018032500100396,2018년 3월 25일 21시,일요일,경상북도 포항시 남구 오천읍,중상사고,0,1,1,0,차대사람 - 횡단중,신호위반,건조,맑음,교차로 - 교차로안,승용,남,60세,상해없음,보행자,남,36세,중상
2018032500100427,2018년 3월 25일 23시,일요일,경상북도 영주시 영주동,경상사고,0,0,1,0,차대사람 - 횡단중,보행자보호의무위반,건조,맑음,단일로 - 기타,승용,여,34세,상해없음,보행자,여,56세,경상
2018032600100002,2018년 3월 26일 00시,월요일,경상북도 포항시 북구 동빈1가,중상사고,0,1,1,0,차대차 - 측면충돌,안전운전불이행,건조,맑음,단일로 - 기타,승용,남,25세,상해없음,승용,남,28세,경상
2018032600100034,2018년 3월 26일 05시,월요일,경상북도 포항시 남구 송내동,중상사고,0,2,1,1,차대차 - 측면충돌,직진우회전진행방해,건조,맑음,교차로 - 교차로안,승용,남,56세,상해없음,승용,여,18세,중상
2018032600100046,2018년 3월 26일 06시,월요일,경상북도 영천시 금호읍,중상사고,0,1,0,0,차대차 - 측면충돌,직진우회전진행방해,건조,맑음,교차로 - 교차로안,승용,남,51세,상해없음,원동기,여,62세,중상
2018032600100064,2018년 3월 26일 07시,월요일,경상북도 안동시 용상동,경상사고,0,0,1,0,차대차 - 정면충돌,안전운전불이행,건조,맑음,교차로 - 교차로부근,승용,남,57세,상해없음,승용,남,33세,경상
2018032600100065,2018년 3월 26일 07시,월요일,경상북도 영천시 청통면,중상사고,0,2,0,0,차대차 - 측면충돌,신호위반,건조,맑음,교차로 - 교차로안,화물,남,52세,상해없음,화물,남,76세,중상
2018032600100097,2018년 3월 26일 08시,월요일,경상북도 구미시 구포동,중상사고,0,1,0,0,차대차 - 기타,안전운전불이행,건조,맑음,단일로 - 기타,승용,여,35세,상해없음,승용,여,29세,중상
2018032600100098,2018년 3월 26일 08시,월요일,경상북도 포항시 남구 오천읍,경상사고,0,0,1,0,차대차 - 측면충돌,중앙선침범,건조,맑음,단일로 - 기타,승용,남,63세,상해없음,승용,남,45세,경상
2018032600100129,2018년 3월 26일 09시,월요일,경상북도 구미시 지산동,중상사고,0,1,0,0,차대사람 - 기타,안전운전불이행,건조,맑음,단일로 - 기타,승합,여,48세,상해없음,보행자,여,77세,중상
2018032600100164,2018년 3월 26일 10시,월요일,경상북도 포항시 남구 연일읍,중상사고,0,1,1,0,차대차 - 추돌,안전거리미확보,건조,맑음,단일로 - 기타,화물,남,72세,중상,화물,남,67세,경상
2018032600100196,2018년 3월 26일 11시,월요일,경상북도 영덕군 영덕읍,사망사고,1,0,0,0,차대차 - 측면충돌,안전운전불이행,건조,맑음,교차로 - 교차로안,승용,여,51세,상해없음,건설기계,남,55세,사망
2018032600100223,2018년 3월 26일 12시,월요일,경상북도 구미시 원평동,경상사고,0,0,1,0,차대사람 - 보도통행중,기타,건조,맑음,기타 - 기타,승용,남,72세,상해없음,보행자,여,27세,경상
2018032600100224,2018년 3월 26일 12시,월요일,경상북도 포항시 남구 오천읍,경상사고,0,0,1,0,차대차 - 측면충돌,직진우회전진행방해,건조,맑음,교차로 - 교차로안,승용,여,35세,상해없음,승용,여,54세,경상
2018032600100251,2018년 3월 26일 13시,월요일,경상북도 경주시 교동,중상사고,0,1,0,0,차대사람 - 차도통행중,안전운전불이행,건조,맑음,단일로 - 기타,이륜,여,21세,상해없음,보행자,여,47세,중상
2018032600100252,2018년 3월 26일 13시,월요일,경상북도 포항시 북구 장성동,경상사고,0,0,2,0,차대차 - 추돌,안전운전불이행,건조,맑음,단일로 - 기타,승용,여,38세,경상,승용,여,34세,경상
2018032600100253,2018년 3월 26일 13시,월요일,경상북도 성주군 수륜면,사망사고,1,0,0,0,차량단독 - 전도전복 - 전도,안전운전불이행,건조,맑음,교차로 - 교차로부근,농기계,남,59세,사망,미분류,미분류,미분류,미분류
2018032600100278,2018년 3월 26일 14시,월요일,경상북도 포항시 북구 죽도동,경상사고,0,0,1,0,차대사람 - 기타,안전운전불이행,건조,맑음,교차로 - 교차로부근,승용,남,27세,상해없음,보행자,여,67세,경상
2018032600100279,2018년 3월 26일 14시,월요일,경상북도 군위군 부계면,경상사고,0,0,1,0,차대사람 - 횡단중,안전운전불이행,건조,맑음,단일로 - 기타,승용,남,35세,상해없음,보행자,남,65세,경상
2018032600100306,2018년 3월 26일 15시,월요일,경상북도 경주시 동방동,경상사고,0,0,1,0,차대차 - 측면충돌,중앙선침범,건조,맑음,단일로 - 기타,승용,여,44세,경상,화물,남,36세,상해없음
2018032600100307,2018년 3월 26일 15시,월요일,경상북도 상주시 모동면,중상사고,0,1,0,0,차량단독 - 전도전복 - 전도,안전운전불이행,건조,맑음,단일로 - 기타,이륜,남,61세,중상,미분류,미분류,미분류,미분류
2018032600100308,2018년 3월 26일 15시,월요일,경상북도 영주시 장수면,중상사고,0,1,0,0,차대차 - 추돌,안전운전불이행,건조,맑음,단일로 - 기타,승용,남,46세,중상,화물,남,58세,상해없음
2018032600100352,2018년 3월 26일 16시,월요일,경상북도 포항시 북구 장성동,중상사고,0,1,0,0,차대사람 - 길가장자리구역통행중,안전운전불이행,건조,맑음,단일로 - 기타,승용,여,38세,상해없음,보행자,남,5세,중상
2018032600100398,2018년 3월 26일 17시,월요일,경상북도 포항시 북구 흥해읍,중상사고,0,1,0,0,차대차 - 측면충돌,안전운전불이행,건조,맑음,교차로 - 교차로안,승용,남,70세,상해없음,이륜,남,78세,중상
2018032600100399,2018년 3월 26일 17시,월요일,경상북도 상주시 청리면,경상사고,0,0,1,0,차대차 - 측면충돌,안전운전불이행,건조,맑음,단일로 - 기타,화물,남,65세,상해없음,승합,남,50세,상해없음
2018032600100400,2018년 3월 26일 17시,월요일,경상북도 구미시 옥성면,경상사고,0,0,1,0,차량단독 - 전도전복 - 전복,안전운전불이행,건조,맑음,단일로 - 기타,화물,남,70세,상해없음,미분류,미분류,미분류,미분류
2018032600100401,2018년 3월 26일 17시,월요일,경상북도 칠곡군 가산면,중상사고,0,1,0,0,차대차 - 추돌,안전운전불이행,건조,맑음,단일로 - 기타,특수,남,42세,상해없음,승용,여,48세,중상
2018032600100441,2018년 3월 26일 18시,월요일,경상북도 성주군 용암면,경상사고,0,0,1,0,차대차 - 기타,중앙선침범,건조,맑음,단일로 - 기타,화물,남,55세,상해없음,승용,남,64세,경상
2018032600100477,2018년 3월 26일 19시,월요일,경상북도 김천시 감문면,중상사고,0,1,0,0,차대사람 - 길가장자리구역통행중,안전운전불이행,건조,맑음,단일로 - 기타,승용,남,58세,상해없음,보행자,여,85세,중상
2018032600100478,2018년 3월 26일 19시,월요일,경상북도 상주시 화서면,경상사고,0,0,1,0,차량단독 - 공작물충돌,안전운전불이행,건조,맑음,교차로 - 교차로안,승용,여,62세,상해없음,,,,
2018032600100479,2018년 3월 26일 19시,월요일,경상북도 영천시 망정동,경상사고,0,0,4,0,차대차 - 측면충돌,안전운전불이행,건조,맑음,단일로 - 기타,승용,남,20세,상해없음,승용,남,20세,경상
2018032600100480,2018년 3월 26일 19시,월요일,경상북도 경산시 옥곡동,경상사고,0,0,1,0,차대사람 - 기타,안전운전불이행,건조,맑음,교차로 - 교차로안,승용,여,37세,상해없음,보행자,여,45세,경상
2018032600100481,2018년 3월 26일 19시,월요일,경상북도 포항시 남구 해도동,경상사고,0,0,4,0,차대차 - 측면충돌,차로위반,건조,맑음,교차로 - 교차로부근,승용,남,57세,상해없음,승용,남,21세,경상
2018032600100507,2018년 3월 26일 20시,월요일,경상북도 포항시 북구 장성동,경상사고,0,0,1,0,차대차 - 추돌,안전운전불이행,건조,맑음,교차로 - 교차로부근,승용,남,37세,상해없음,승용,남,38세,경상
2018032600100508,2018년 3월 26일 20시,월요일,경상북도 봉화군 봉화읍,중상사고,0,1,1,0,차대차 - 측면충돌,신호위반,건조,맑음,교차로 - 교차로안,승용,남,55세,경상,승용,남,29세,상해없음
2018032600100536,2018년 3월 26일 21시,월요일,경상북도 경주시 성건동,경상사고,0,0,1,0,차대차 - 추돌,안전운전불이행,건조,맑음,교차로 - 교차로부근,승용,남,45세,상해없음,이륜,남,24세,경상
2018032600100537,2018년 3월 26일 21시,월요일,경상북도 김천시 신음동,경상사고,0,0,1,0,차대차 - 추돌,안전운전불이행,건조,맑음,교차로 - 교차로부근,승용,남,50세,상해없음,승용,남,44세,경상
2018032600100562,2018년 3월 26일 22시,월요일,경상북도 영천시 봉동,중상사고,0,1,3,0,차대차 - 측면충돌,신호위반,건조,맑음,교차로 - 교차로안,승용,남,58세,상해없음,승합,남,59세,경상
2018032600100587,2018년 3월 26일 23시,월요일,경상북도 칠곡군 왜관읍,경상사고,0,0,1,0,차대차 - 기타,안전운전불이행,건조,맑음,단일로 - 기타,화물,남,50세,상해없음,화물,남,47세,경상
2018032700100018,2018년 3월 27일 02시,화요일,경상북도 경주시 성건동,중상사고,0,1,0,0,차대사람 - 횡단중,안전운전불이행,건조,맑음,단일로 - 기타,승용,남,54세,상해없음,보행자,남,26세,중상
2018032700100062,2018년 3월 27일 07시,화요일,경상북도 포항시 북구 여천동,경상사고,0,0,4,0,차대차 - 측면충돌,신호위반,건조,맑음,교차로 - 교차로안,화물,남,37세,상해없음,화물,남,50세,경상
2018032700100063,2018년 3월 27일 07시,화요일,경상북도 안동시 송현동,경상사고,0,0,1,0,차대차 - 추돌,안전운전불이행,건조,맑음,단일로 - 기타,승용,남,37세,상해없음,승용,여,48세,경상
2018032700100064,2018년 3월 27일 07시,화요일,경상북도 영천시 금호읍,경상사고,0,0,1,0,차대차 - 측면충돌,직진우회전진행방해,건조,맑음,교차로 - 교차로안,승용,여,23세,상해없음,승용,여,66세,경상
2018032700100065,2018년 3월 27일 07시,화요일,경상북도 청송군 주왕산면,부상신고사고,0,0,0,1,차량단독 - 도로외이탈 - 기타,안전운전불이행,건조,맑음,단일로 - 기타,화물,남,67세,부상신고,,,,
2018032700100100,2018년 3월 27일 08시,화요일,경상북도 상주시 남성동,중상사고,0,1,0,0,차대차 - 측면충돌,안전운전불이행,건조,맑음,교차로 - 교차로안,승용,여,39세,상해없음,자전거,여,64세,중상
2018032700100101,2018년 3월 27일 08시,화요일,경상북도 영주시 상망동,경상사고,0,0,1,0,차대차 - 측면충돌,안전운전불이행,건조,맑음,교차로 - 교차로안,화물,남,76세,상해없음,이륜,여,65세,경상
2018032700100102,2018년 3월 27일 08시,화요일,경상북도 고령군 대가야읍,경상사고,0,0,1,0,차대차 - 측면충돌,교차로운행방법위반,건조,맑음,교차로 - 교차로부근,승용,남,69세,상해없음,승용,여,53세,경상
2018032700100103,2018년 3월 27일 08시,화요일,경상북도 포항시 남구 동촌동,중상사고,0,1,2,0,차대차 - 측면충돌,신호위반,건조,맑음,교차로 - 교차로안,승용,남,76세,경상,승용,여,46세,중상
2018032700100140,2018년 3월 27일 09시,화요일,경상북도 경주시 덕동,경상사고,0,0,1,0,차량단독 - 공작물충돌,안전운전불이행,건조,맑음,단일로 - 기타,승용,남,47세,경상,,,,
2018032700100172,2018년 3월 27일 10시,화요일,경상북도 포항시 북구 죽도동,경상사고,0,0,1,0,차대차 - 측면충돌,안전운전불이행,건조,맑음,교차로 - 교차로횡단보도내,승용,여,65세,상해없음,자전거,여,67세,경상
2018032700100173,2018년 3월 27일 10시,화요일,경상북도 안동시 옥야동,중상사고,0,1,1,0,차대사람 - 차도통행중,안전운전불이행,건조,맑음,단일로 - 기타,사륜오토바이(ATV),남,68세,상해없음,보행자,여,79세,경상
2018032700100174,2018년 3월 27일 10시,화요일,경상북도 울진군 울진읍,중상사고,0,1,0,0,차대차 - 측면충돌,기타,건조,맑음,교차로 - 교차로부근,화물,남,67세,상해없음,이륜,남,86세,중상
2018032700100175,2018년 3월 27일 10시,화요일,경상북도 구미시 공단동,중상사고,0,1,0,0,차대차 - 기타,안전운전불이행,건조,맑음,교차로 - 교차로부근,화물,남,71세,상해없음,승용,여,40세,중상
2018032700100197,2018년 3월 27일 11시,화요일,경상북도 청송군 진보면,중상사고,0,1,0,0,차대차 - 추돌,안전운전불이행,건조,맑음,교차로 - 교차로안,승용,남,82세,상해없음,이륜,남,66세,중상
2018032700100198,2018년 3월 27일 11시,화요일,경상북도 구미시 고아읍,중상사고,0,1,0,0,차대차 - 측면충돌,안전운전불이행,건조,맑음,단일로 - 기타,승용,남,70세,중상,승합,남,68세,기타불명
2018032700100218,2018년 3월 27일 12시,화요일,경상북도 구미시 옥계동,경상사고,0,0,1,0,차대차 - 기타,안전운전불이행,건조,맑음,교차로 - 교차로안,승용,남,19세,상해없음,승용,여,45세,경상
2018032700100241,2018년 3월 27일 13시,화요일,경상북도 경주시 동천동,중상사고,0,1,0,0,차대차 - 측면충돌,안전운전불이행,건조,맑음,교차로 - 교차로안,화물,남,51세,상해없음,자전거,여,64세,중상
2018032700100242,2018년 3월 27일 13시,화요일,경상북도 경산시 하양읍,경상사고,0,0,1,0,차대차 - 측면충돌,안전운전불이행,건조,맑음,교차로 - 교차로안,화물,남,43세,상해없음,자전거,남,21세,경상
2018032700100243,2018년 3월 27일 13시,화요일,경상북도 봉화군 봉성면,중상사고,0,1,0,0,차대차 - 기타,안전운전불이행,건조,맑음,교차로 - 교차로안,화물,남,52세,상해없음,화물,남,70세,중상
2018032700100244,2018년 3월 27일 13시,화요일,경상북도 포항시 남구 동촌동,경상사고,0,0,3,0,차대차 - 추돌,안전운전불이행,건조,맑음,단일로 - 기타,화물,남,62세,경상,승용,여,55세,경상
2018032700100268,2018년 3월 27일 14시,화요일,경상북도 영천시 금호읍,중상사고,0,1,2,0,차대차 - 추돌,안전운전불이행,건조,맑음,단일로 - 기타,화물,남,43세,중상,승합,남,28세,경상
2018032700100299,2018년 3월 27일 15시,화요일,경상북도 경주시 덕동,중상사고,0,2,0,0,차대차 - 정면충돌,중앙선침범,건조,맑음,단일로 - 기타,승용,남,32세,상해없음,승용,남,58세,중상
2018032700100300,2018년 3월 27일 15시,화요일,경상북도 포항시 북구 장성동,중상사고,0,1,0,0,차대차 - 측면충돌,직진우회전진행방해,건조,맑음,교차로 - 교차로안,승용,여,39세,상해없음,승용,여,37세,중상
2018032700100301,2018년 3월 27일 15시,화요일,경상북도 안동시 용상동,중상사고,0,1,0,0,차대차 - 기타,안전운전불이행,건조,맑음,단일로 - 기타,기타불명,기타불명,미분류,기타불명,자전거,남,73세,중상
2018032700100302,2018년 3월 27일 15시,화요일,경상북도 경산시 옥곡동,경상사고,0,0,1,0,차대차 - 측면충돌,교차로운행방법위반,건조,맑음,교차로 - 교차로안,승용,여,45세,상해없음,자전거,남,12세,경상
2018032700100303,2018년 3월 27일 15시,화요일,경상북도 영덕군 영덕읍,경상사고,0,0,2,0,차대차 - 측면충돌,기타,건조,맑음,교차로 - 교차로부근,이륜,남,74세,경상,건설기계,남,48세,상해없음
2018032700100363,2018년 3월 27일 17시,화요일,경상북도 경주시 석장동,경상사고,0,0,1,0,차대차 - 측면충돌,안전운전불이행,건조,맑음,단일로 - 기타,승합,남,33세,상해없음,승용,여,41세,경상
2018032700100364,2018년 3월 27일 17시,화요일,경상북도 문경시 모전동,부상신고사고,0,0,0,1,차대차 - 측면충돌,안전운전불이행,건조,맑음,교차로 - 교차로안,자전거,남,14세,부상신고,승용,여,62세,상해없음
2018032700100365,2018년 3월 27일 17시,화요일,경상북도 경산시 와촌면,경상사고,0,0,1,0,차대차 - 측면충돌,안전운전불이행,건조,맑음,단일로 - 기타,승용,남,47세,상해없음,승용,남,46세,경상
2018032700100366,2018년 3월 27일 17시,화요일,경상북도 구미시 인의동,경상사고,0,0,1,0,차대사람 - 기타,안전운전불이행,건조,맑음,단일로 - 기타,승합,여,44세,상해없음,보행자,남,8세,경상
2018032700100367,2018년 3월 27일 17시,화요일,경상북도 구미시 공단동,경상사고,0,0,1,0,차대차 - 기타,안전운전불이행,건조,맑음,교차로 - 교차로부근,승용,남,25세,상해없음,자전거,남,22세,경상
2018032700100398,2018년 3월 27일 18시,화요일,경상북도 김천시 모암동,경상사고,0,0,1,0,차대사람 - 차도통행중,교차로운행방법위반,건조,맑음,교차로 - 교차로안,화물,남,58세,상해없음,보행자,여,7세,경상
2018032700100399,2018년 3월 27일 18시,화요일,경상북도 구미시 원평동,경상사고,0,0,3,0,차대차 - 측면충돌,직진우회전진행방해,건조,맑음,교차로 - 교차로안,승용,여,49세,상해없음,승용,남,55세,상해없음
2018032700100425,2018년 3월 27일 19시,화요일,경상북도 고령군 쌍림면,중상사고,0,1,0,0,차대차 - 추돌,안전운전불이행,건조,맑음,단일로 - 기타,승용,남,31세,상해없음,농기계,남,62세,중상
2018032700100426,2018년 3월 27일 19시,화요일,경상북도 구미시 원평동,경상사고,0,0,1,0,차대차 - 기타,안전운전불이행,건조,맑음,교차로 - 교차로안,승용,남,49세,상해없음,이륜,남,56세,경상
2018032700100427,2018년 3월 27일 19시,화요일,경상북도 포항시 남구 오천읍,경상사고,0,0,1,0,차대차 - 기타,안전운전불이행,건조,맑음,단일로 - 기타,승용,남,31세,기타불명,승용,여,38세,경상
2018032700100487,2018년 3월 27일 21시,화요일,경상북도 상주시 남성동,경상사고,0,0,1,0,차대차 - 측면충돌,안전운전불이행,건조,맑음,교차로 - 교차로안,승용,남,63세,상해없음,자전거,여,60세,경상
2018032700100488,2018년 3월 27일 21시,화요일,경상북도 영천시 고경면,중상사고,0,1,1,0,차대차 - 추돌,안전운전불이행,건조,맑음,단일로 - 기타,승용,남,59세,상해없음,승용,남,64세,중상
2018032800100006,2018년 3월 28일 00시,수요일,경상북도 포항시 남구 이동,경상사고,0,0,1,0,차대차 - 측면충돌,안전운전불이행,건조,맑음,교차로 - 교차로안,승용,남,48세,상해없음,승용,여,49세,경상
2018032800100019,2018년 3월 28일 01시,수요일,경상북도 칠곡군 왜관읍,부상신고사고,0,0,0,1,차량단독 - 전도전복 - 전도,안전운전불이행,건조,맑음,단일로 - 기타,승용,남,34세,부상신고,미분류,미분류,미분류,미분류
2018032800100020,2018년 3월 28일 01시,수요일,경상북도 포항시 남구 연일읍,경상사고,0,0,2,0,차대차 - 추돌,안전운전불이행,건조,맑음,단일로 - 기타,화물,남,35세,경상,승용,남,41세,경상
2018032800100036,2018년 3월 28일 03시,수요일,경상북도 구미시 구포동,부상신고사고,0,0,0,1,차량단독 - 공작물충돌,안전운전불이행,건조,맑음,단일로 - 기타,승용,남,23세,부상신고,,,,
2018032800100037,2018년 3월 28일 03시,수요일,경상북도 상주시 사벌면,경상사고,0,0,1,0,차대차 - 추돌,안전운전불이행,건조,맑음,단일로 - 기타,화물,남,47세,상해없음,특수,남,66세,경상
2018032800100043,2018년 3월 28일 05시,수요일,경상북도 구미시 구평동,경상사고,0,0,1,0,차량단독 - 전도전복 - 전도,안전운전불이행,건조,맑음,단일로 - 기타,이륜,남,16세,경상,미분류,미분류,미분류,미분류
2018032800100075,2018년 3월 28일 07시,수요일,경상북도 안동시 옥동,경상사고,0,0,2,0,차대차 - 측면충돌,교차로운행방법위반,건조,맑음,교차로 - 교차로안,승용,여,47세,경상,화물,남,63세,경상
2018032800100076,2018년 3월 28일 07시,수요일,경상북도 영주시 휴천동,경상사고,0,0,1,0,차대차 - 측면충돌,안전운전불이행,건조,맑음,교차로 - 교차로부근,승합,남,48세,상해없음,화물,남,44세,경상
2018032800100077,2018년 3월 28일 07시,수요일,경상북도 영천시 임고면,경상사고,0,0,1,0,차대차 - 측면충돌,신호위반,건조,맑음,교차로 - 교차로안,승용,남,25세,상해없음,승용,남,32세,경상
2018032800100142,2018년 3월 28일 09시,수요일,경상북도 영주시 순흥면,경상사고,0,0,1,0,차대사람 - 횡단중,안전운전불이행,건조,맑음,교차로 - 교차로안,승용,남,75세,상해없음,보행자,여,86세,경상
2018032800100170,2018년 3월 28일 10시,수요일,경상북도 안동시 와룡면,중상사고,0,1,0,0,차대사람 - 횡단중,안전운전불이행,건조,맑음,단일로 - 기타,승용,남,73세,상해없음,보행자,여,70세,중상
2018032800100198,2018년 3월 28일 11시,수요일,경상북도 상주시 낙동면,중상사고,0,1,0,0,차대차 - 측면충돌,교차로운행방법위반,건조,맑음,교차로 - 교차로안,농기계,남,55세,상해없음,이륜,여,67세,중상
2018032800100199,2018년 3월 28일 11시,수요일,경상북도 의성군 점곡면,중상사고,0,1,0,0,차대차 - 측면충돌,안전운전불이행,건조,맑음,단일로 - 기타,승용,남,80세,상해없음,농기계,남,82세,중상
2018032800100200,2018년 3월 28일 11시,수요일,경상북도 영천시 화룡동,경상사고,0,0,1,0,차대차 - 측면충돌,안전운전불이행,건조,맑음,교차로 - 교차로안,승용,남,41세,상해없음,승용,남,83세,경상
2018032800100218,2018년 3월 28일 12시,수요일,경상북도 영천시 고경면,중상사고,0,2,1,0,차대차 - 측면충돌,안전운전불이행,건조,맑음,교차로 - 교차로안,승용,남,73세,경상,승용,여,63세,중상
2018032800100260,2018년 3월 28일 13시,수요일,경상북도 상주시 서성동,경상사고,0,0,1,0,차대사람 - 횡단중,안전운전불이행,건조,맑음,단일로 - 기타,화물,여,71세,상해없음,보행자,여,7세,경상
2018032800100261,2018년 3월 28일 13시,수요일,경상북도 구미시 형곡동,중상사고,0,1,0,0,차대차 - 기타,교차로운행방법위반,건조,맑음,교차로 - 교차로안,승합,남,57세,상해없음,승용,여,62세,중상
2018032800100297,2018년 3월 28일 14시,수요일,경상북도 영주시 영주동,중상사고,0,1,0,0,차대사람 - 횡단중,보행자보호의무위반,건조,맑음,교차로 - 교차로횡단보도내,승용,여,30세,상해없음,보행자,여,82세,중상
2018032800100298,2018년 3월 28일 14시,수요일,경상북도 포항시 남구 구룡포읍,경상사고,0,0,4,0,차대차 - 기타,안전운전불이행,건조,맑음,단일로 - 기타,승용,여,61세,상해없음,승용,여,48세,기타불명
2018032800100333,2018년 3월 28일 15시,수요일,경상북도 김천시 교동,중상사고,0,1,1,0,차량단독 - 공작물충돌,안전운전불이행,건조,맑음,단일로 - 기타,화물,남,62세,경상,,,,
2018032800100334,2018년 3월 28일 15시,수요일,경상북도 영천시 성내동,부상신고사고,0,0,0,1,차대차 - 측면충돌,안전운전불이행,건조,맑음,단일로 - 기타,이륜,남,16세,부상신고,승용,여,55세,상해없음