사고번호,사고일시,요일,시군구,사고내용,사망자수,중상자수,경상자수,부상신고자수,사고유형,법규위반,노면상태,기상상태,도로형태,가해운전자 차종,가해운전자 성별,가해운전자 연령,가해운전자 상해정도,피해운전자 차종,피해운전자 성별,피해운전자 연령,피해운전자 상해정도
2018032800100335,2018년 3월 28일 15시,수요일,경상북도 경산시 임당동,경상사고,0,0,1,0,차대차 - 측면충돌,교차로운행방법위반,건조,맑음,교차로 - 교차로안,이륜,남,23세,경상,승용,남,50세,상해없음
2018032800100336,2018년 3월 28일 15시,수요일,경상북도 영덕군 축산면,중상사고,0,2,0,1,차대차 - 추돌,안전운전불이행,건조,맑음,단일로 - 교량,승용,남,44세,중상,화물,남,27세,중상
2018032800100337,2018년 3월 28일 15시,수요일,경상북도 고령군 대가야읍,경상사고,0,0,1,0,차대사람 - 횡단중,신호위반,건조,맑음,교차로 - 교차로횡단보도내,이륜,여,70세,상해없음,보행자,여,8세,경상
2018032800100378,2018년 3월 28일 16시,수요일,경상북도 의성군 의성읍,중상사고,0,1,0,0,차대사람 - 횡단중,보행자보호의무위반,건조,맑음,단일로 - 기타,승용,여,70세,상해없음,보행자,여,76세,중상
2018032800100379,2018년 3월 28일 16시,수요일,경상북도 영천시 신령면,경상사고,0,0,2,0,차대차 - 측면충돌,안전운전불이행,건조,맑음,단일로 - 기타,화물,남,55세,상해없음,승합,남,34세,경상
2018032800100380,2018년 3월 28일 16시,수요일,경상북도 경산시 신천동,경상사고,0,0,1,0,차대차 - 측면충돌,차로위반,건조,맑음,교차로 - 교차로부근,승합,여,53세,상해없음,건설기계,남,59세,상해없음
2018032800100381,2018년 3월 28일 16시,수요일,경상북도 경산시 진량읍,중상사고,0,1,0,0,차대사람 - 차도통행중,안전운전불이행,건조,맑음,교차로 - 교차로안,승용,남,39세,상해없음,보행자,남,65세,중상
2018032800100462,2018년 3월 28일 18시,수요일,경상북도 포항시 북구 장성동,중상사고,0,1,0,0,차대차 - 측면충돌,신호위반,건조,맑음,교차로 - 교차로안,승용,남,58세,상해없음,이륜,남,18세,중상
2018032800100463,2018년 3월 28일 18시,수요일,경상북도 경산시 하양읍,중상사고,0,1,0,0,차대차 - 측면충돌,신호위반,건조,흐림,교차로 - 교차로안,승용,여,51세,기타불명,승용,여,51세,중상
2018032800100464,2018년 3월 28일 18시,수요일,경상북도 포항시 남구 대잠동,경상사고,0,0,2,0,차대차 - 측면충돌,안전운전불이행,건조,맑음,교차로 - 교차로안,승용,여,40세,경상,승용,여,26세,경상
2018032800100484,2018년 3월 28일 19시,수요일,경상북도 경주시 성동동,중상사고,0,1,0,0,차대사람 - 횡단중,보행자보호의무위반,건조,맑음,단일로 - 기타,화물,남,64세,상해없음,보행자,남,48세,중상
2018032800100522,2018년 3월 28일 20시,수요일,경상북도 영천시 성내동,중상사고,0,1,0,0,차대차 - 측면충돌,안전운전불이행,건조,맑음,단일로 - 기타,승용,여,33세,상해없음,이륜,남,35세,중상
2018032800100523,2018년 3월 28일 20시,수요일,경상북도 문경시 문경읍,중상사고,0,1,2,0,차대차 - 기타,안전운전불이행,건조,맑음,단일로 - 기타,화물,남,63세,상해없음,승용,남,48세,경상
2018032800100546,2018년 3월 28일 21시,수요일,경상북도 안동시 태화동,중상사고,0,1,0,0,차대사람 - 차도통행중,안전운전불이행,건조,맑음,단일로 - 기타,승용,남,62세,상해없음,보행자,남,40세,중상
2018032800100547,2018년 3월 28일 21시,수요일,경상북도 영주시 하망동,중상사고,0,1,0,0,차대차 - 측면충돌,안전운전불이행,건조,맑음,단일로 - 기타,이륜,남,59세,상해없음,자전거,남,15세,중상
2018032800100571,2018년 3월 28일 22시,수요일,경상북도 구미시 진평동,경상사고,0,0,1,0,차대사람 - 기타,안전운전불이행,건조,맑음,단일로 - 기타,기타불명,기타불명,미분류,기타불명,보행자,여,26세,경상
2018032800100593,2018년 3월 28일 23시,수요일,경상북도 상주시 낙동면,중상사고,0,1,0,0,차량단독 - 공작물충돌,안전운전불이행,건조,맑음,단일로 - 기타,화물,남,43세,중상,,,,
2018032800100594,2018년 3월 28일 23시,수요일,경상북도 경산시 신천동,경상사고,0,0,1,0,차대차 - 측면충돌,안전거리미확보,건조,맑음,단일로 - 기타,이륜,남,57세,경상,승용,남,31세,상해없음
2018032900100012,2018년 3월 29일 00시,목요일,경상북도 경산시 백천동,사망사고,1,0,0,0,차량단독 - 전도전복 - 전도,안전운전불이행,건조,맑음,단일로 - 기타,이륜,남,25세,사망,미분류,미분류,미분류,미분류
2018032900100028,2018년 3월 29일 01시,목요일,경상북도 문경시 영순면,경상사고,0,0,1,0,차량단독 - 공작물충돌,안전운전불이행,건조,맑음,단일로 - 기타,승용,남,30세,경상,,,,
2018032900100029,2018년 3월 29일 01시,목요일,경상북도 성주군 초전면,경상사고,0,0,1,0,차대차 - 측면충돌,안전운전불이행,건조,맑음,교차로 - 교차로부근,원동기,남,63세,경상,승용,여,49세,상해없음
2018032900100039,2018년 3월 29일 02시,목요일,경상북도 경주시 성건동,경상사고,0,0,2,0,차대차 - 측면충돌,신호위반,건조,맑음,교차로 - 교차로안,승용,남,19세,상해없음,승용,여,40세,경상
2018032900100047,2018년 3월 29일 03시,목요일,경상북도 구미시 구포동,중상사고,0,2,0,0,차량단독 - 공작물충돌,안전운전불이행,건조,맑음,단일로 - 기타,이륜,남,24세,중상,,,,
2018032900100117,2018년 3월 29일 08시,목요일,경상북도 안동시 옥동,중상사고,0,1,0,0,차대사람 - 횡단중,안전운전불이행,건조,맑음,교차로 - 교차로안,특수,남,52세,상해없음,보행자,여,81세,중상
2018032900100154,2018년 3월 29일 09시,목요일,경상북도 영천시 금노동,경상사고,0,0,1,0,차대차 - 측면충돌,안전거리미확보,건조,맑음,단일로 - 기타,화물,남,56세,상해없음,이륜,남,81세,경상
2018032900100187,2018년 3월 29일 10시,목요일,경상북도 포항시 북구 용흥동,경상사고,0,0,1,0,차대차 - 측면충돌,안전운전불이행,건조,맑음,단일로 - 기타,승용,여,62세,상해없음,승용,남,60세,경상
2018032900100188,2018년 3월 29일 10시,목요일,경상북도 의성군 단북면,중상사고,0,1,0,0,차량단독 - 도로외이탈 - 추락,안전운전불이행,건조,맑음,단일로 - 기타,건설기계,남,33세,중상,,,,
2018032900100189,2018년 3월 29일 10시,목요일,경상북도 칠곡군 석적읍,경상사고,0,0,1,0,차대차 - 측면충돌,안전운전불이행,건조,맑음,단일로 - 기타,승용,여,55세,상해없음,승용,남,27세,경상
2018032900100213,2018년 3월 29일 11시,목요일,경상북도 경주시 양북면,경상사고,0,0,4,0,차대차 - 측면충돌,안전운전불이행,건조,맑음,교차로 - 교차로안,승용,여,57세,경상,특수,남,62세,경상
2018032900100214,2018년 3월 29일 11시,목요일,경상북도 안동시 풍산읍,경상사고,0,0,2,0,차대차 - 추돌,안전운전불이행,건조,맑음,단일로 - 기타,승용,남,75세,경상,승용,남,22세,경상
2018032900100215,2018년 3월 29일 11시,목요일,경상북도 김천시 황금동,중상사고,0,1,0,0,차대사람 - 길가장자리구역통행중,안전운전불이행,건조,맑음,단일로 - 기타,이륜,남,68세,상해없음,보행자,여,81세,중상
2018032900100247,2018년 3월 29일 12시,목요일,경상북도 칠곡군 왜관읍,부상신고사고,0,0,0,2,차대차 - 추돌,안전거리미확보,건조,맑음,단일로 - 기타,승합,남,44세,상해없음,화물,남,65세,부상신고
2018032900100302,2018년 3월 29일 14시,목요일,경상북도 경주시 용강동,경상사고,0,0,1,0,차대차 - 측면충돌,안전거리미확보,건조,맑음,교차로 - 교차로부근,승용,남,60세,상해없음,승용,여,44세,경상
2018032900100303,2018년 3월 29일 14시,목요일,경상북도 영천시 신령면,경상사고,0,0,1,0,차대차 - 측면충돌,안전운전불이행,건조,맑음,교차로 - 교차로안,승합,여,63세,상해없음,이륜,남,65세,경상
2018032900100304,2018년 3월 29일 14시,목요일,경상북도 구미시 원평동,부상신고사고,0,0,0,1,차대차 - 기타,안전운전불이행,건조,맑음,단일로 - 기타,자전거,남,58세,부상신고,화물,남,53세,상해없음
2018032900100305,2018년 3월 29일 14시,목요일,경상북도 포항시 남구 대잠동,경상사고,0,0,1,0,차대차 - 측면충돌,교차로운행방법위반,건조,맑음,교차로 - 교차로안,승합,남,57세,상해없음,승용,남,34세,경상
2018032900100329,2018년 3월 29일 15시,목요일,경상북도 의성군 옥산면,경상사고,0,0,1,0,차량단독 - 전도전복 - 전복,안전운전불이행,건조,맑음,단일로 - 기타,승용,남,48세,경상,미분류,미분류,미분류,미분류
2018032900100330,2018년 3월 29일 15시,목요일,경상북도 구미시 진평동,부상신고사고,0,0,0,1,차대차 - 기타,직진우회전진행방해,건조,맑음,교차로 - 교차로안,원동기,남,20세,부상신고,승용,남,64세,상해없음
2018032900100366,2018년 3월 29일 16시,목요일,경상북도 포항시 북구 대신동,중상사고,0,1,0,0,차대차 - 측면충돌,안전운전불이행,건조,맑음,단일로 - 기타,승합,남,61세,상해없음,자전거,남,62세,중상
2018032900100367,2018년 3월 29일 16시,목요일,경상북도 포항시 북구 죽도동,경상사고,0,0,1,0,차대차 - 측면충돌,안전운전불이행,건조,맑음,교차로 - 교차로안,승용,여,29세,상해없음,승용,남,63세,기타불명
2018032900100368,2018년 3월 29일 16시,목요일,경상북도 칠곡군 북삼읍,부상신고사고,0,0,0,1,차대사람 - 횡단중,안전운전불이행,건조,맑음,교차로 - 교차로횡단보도내,승용,남,31세,상해없음,보행자,남,12세,부상신고
2018032900100369,2018년 3월 29일 16시,목요일,경상북도 경산시 하양읍,중상사고,0,1,0,0,차대차 - 측면충돌,안전운전불이행,건조,맑음,단일로 - 지하차도(도로)내,자전거,남,51세,중상,승용,여,46세,상해없음
2018032900100370,2018년 3월 29일 16시,목요일,경상북도 봉화군 석포면,경상사고,0,0,1,0,차량단독 - 전도전복 - 전복,안전운전불이행,건조,맑음,단일로 - 기타,승용,남,36세,경상,미분류,미분류,미분류,미분류
2018032900100371,2018년 3월 29일 16시,목요일,경상북도 청도군 청도읍,중상사고,0,2,1,0,차대차 - 측면충돌,중앙선침범,건조,맑음,단일로 - 기타,화물,남,43세,경상,승용,남,67세,중상
2018032900100372,2018년 3월 29일 16시,목요일,경상북도 구미시 송정동,중상사고,0,1,0,0,차대차 - 측면충돌,안전운전불이행,건조,맑음,교차로 - 교차로횡단보도내,승용,남,60세,상해없음,이륜,남,25세,중상
2018032900100373,2018년 3월 29일 16시,목요일,경상북도 포항시 남구 오천읍,중상사고,0,1,0,0,차대사람 - 차도통행중,안전운전불이행,건조,맑음,단일로 - 기타,승합,여,43세,상해없음,보행자,여,6세,중상
2018032900100414,2018년 3월 29일 17시,목요일,경상북도 칠곡군 동명면,경상사고,0,0,4,0,차대차 - 측면충돌,교차로운행방법위반,건조,맑음,교차로 - 교차로안,승용,남,30세,상해없음,승용,남,30세,경상
2018032900100444,2018년 3월 29일 18시,목요일,경상북도 경주시 황성동,경상사고,0,0,1,0,차대차 - 측면충돌,안전운전불이행,건조,맑음,주차장 - 주차장,승용,여,31세,상해없음,자전거,남,52세,경상
2018032900100445,2018년 3월 29일 18시,목요일,경상북도 영주시 가흥동,경상사고,0,0,1,0,차대차 - 기타,교차로운행방법위반,건조,맑음,교차로 - 교차로안,승용,여,51세,상해없음,개인형이동수단(PM),남,34세,경상
2018032900100446,2018년 3월 29일 18시,목요일,경상북도 청송군 청송읍,중상사고,0,1,2,1,차대차 - 측면충돌,교차로운행방법위반,건조,맑음,교차로 - 교차로안,승용,여,63세,상해없음,승용,남,26세,경상
2018032900100447,2018년 3월 29일 18시,목요일,경상북도 구미시 공단동,중상사고,0,1,1,0,차대차 - 기타,교차로운행방법위반,건조,맑음,교차로 - 교차로안,승용,남,35세,경상,승용,남,48세,중상
2018032900100478,2018년 3월 29일 19시,목요일,경상북도 포항시 북구 용흥동,경상사고,0,0,2,0,차대차 - 측면충돌,차로위반,건조,맑음,단일로 - 기타,승용,여,55세,상해없음,승용,남,26세,경상
2018032900100479,2018년 3월 29일 19시,목요일,경상북도 고령군 개진면,경상사고,0,0,2,0,차대차 - 측면충돌,중앙선침범,건조,맑음,교차로 - 교차로안,화물,남,65세,상해없음,화물,남,56세,경상
2018032900100559,2018년 3월 29일 21시,목요일,경상북도 포항시 북구 두호동,경상사고,0,0,2,0,차대차 - 추돌,안전거리미확보,건조,맑음,단일로 - 기타,승용,남,26세,상해없음,승용,여,52세,경상
2018032900100560,2018년 3월 29일 21시,목요일,경상북도 성주군 성주읍,중상사고,0,1,0,0,차대차 - 측면충돌,중앙선침범,건조,맑음,단일로 - 기타,승용,남,33세,상해없음,이륜,남,61세,중상
2018032900100590,2018년 3월 29일 22시,목요일,경상북도 구미시 상모동,경상사고,0,0,1,0,차대차 - 기타,안전운전불이행,건조,맑음,교차로 - 교차로부근,승용,여,52세,상해없음,승용,여,27세,경상
2018033000100050,2018년 3월 30일 03시,금요일,경상북도 경주시 양남면,경상사고,0,0,1,0,차량단독 - 공작물충돌,안전운전불이행,건조,맑음,교차로 - 교차로부근,승용,남,54세,경상,,,,
2018033000100051,2018년 3월 30일 03시,금요일,경상북도 상주시 화서면,경상사고,0,0,1,0,차대차 - 추돌,안전운전불이행,건조,맑음,단일로 - 기타,승용,남,40세,경상,화물,남,50세,상해없음
2018033000100057,2018년 3월 30일 04시,금요일,경상북도 경산시 계양동,경상사고,0,0,1,0,차대차 - 추돌,안전운전불이행,건조,맑음,단일로 - 기타,승용,남,31세,상해없음,승용,남,62세,상해없음
2018033000100074,2018년 3월 30일 06시,금요일,경상북도 구미시 고아읍,중상사고,0,1,2,0,차대차 - 측면충돌,안전운전불이행,건조,맑음,교차로 - 교차로부근,승합,여,63세,상해없음,화물,남,57세,중상
2018033000100094,2018년 3월 30일 07시,금요일,경상북도 경산시 조영동,중상사고,0,1,1,0,차대차 - 측면충돌,교차로운행방법위반,건조,맑음,교차로 - 교차로안,승용,여,47세,경상,승용,남,39세,중상
2018033000100157,2018년 3월 30일 09시,금요일,경상북도 영주시 휴천동,부상신고사고,0,0,0,1,차대차 - 측면충돌,안전운전불이행,건조,맑음,교차로 - 교차로안,승용,여,59세,상해없음,승합,남,64세,상해없음
2018033000100182,2018년 3월 30일 10시,금요일,경상북도 포항시 북구 여천동,중상사고,0,1,0,0,차대차 - 측면충돌,신호위반,건조,맑음,교차로 - 교차로안,승용,남,52세,상해없음,승용,남,27세,중상
2018033000100183,2018년 3월 30일 10시,금요일,경상북도 의성군 안계면,중상사고,0,1,0,0,차대사람 - 차도통행중,안전운전불이행,건조,맑음,교차로 - 교차로안,승용,남,69세,상해없음,보행자,여,65세,중상
2018033000100184,2018년 3월 30일 10시,금요일,경상북도 영천시 완산동,경상사고,0,0,2,0,차대차 - 측면충돌,교차로운행방법위반,건조,맑음,교차로 - 교차로안,승용,남,42세,경상,승합,남,45세,경상
2018033000100185,2018년 3월 30일 10시,금요일,경상북도 울릉군 울릉읍,중상사고,0,1,0,0,차량단독 - 전도전복 - 전복,안전운전불이행,건조,맑음,교차로 - 교차로부근,승용,남,55세,중상,미분류,미분류,미분류,미분류
2018033000100278,2018년 3월 30일 13시,금요일,경상북도 경주시 안강읍,경상사고,0,0,1,0,차대차 - 측면충돌,안전운전불이행,건조,맑음,교차로 - 교차로안,승용,여,35세,상해없음,이륜,여,64세,경상
2018033000100279,2018년 3월 30일 13시,금요일,경상북도 경주시 석장동,중상사고,0,2,0,0,차대차 - 측면충돌,안전운전불이행,건조,맑음,교차로 - 교차로안,승용,남,32세,상해없음,승용,여,43세,중상
2018033000100280,2018년 3월 30일 13시,금요일,경상북도 칠곡군 석적읍,중상사고,0,1,0,0,차대차 - 기타,안전운전불이행,건조,맑음,교차로 - 교차로부근,화물,남,57세,상해없음,이륜,남,35세,중상
2018033000100343,2018년 3월 30일 15시,금요일,경상북도 문경시 마성면,사망사고,1,0,0,0,차량단독 - 도로외이탈 - 추락,안전운전불이행,건조,맑음,단일로 - 기타,승용,여,58세,사망,,,,
2018033000100344,2018년 3월 30일 15시,금요일,경상북도 구미시 선기동,경상사고,0,0,3,0,차대차 - 측면충돌,안전운전불이행,건조,맑음,단일로 - 기타,승합,남,65세,상해없음,화물,여,58세,경상
2018033000100387,2018년 3월 30일 16시,금요일,경상북도 안동시 일직면,경상사고,0,0,3,0,차대차 - 측면충돌,안전거리미확보,건조,맑음,단일로 - 기타,화물,남,55세,상해없음,승용,남,46세,경상
2018033000100388,2018년 3월 30일 16시,금요일,경상북도 구미시 도량동,중상사고,0,1,0,0,차대차 - 측면충돌,안전운전불이행,건조,맑음,단일로 - 기타,승용,남,59세,상해없음,화물,남,59세,중상
2018033000100428,2018년 3월 30일 17시,금요일,경상북도 포항시 북구 두호동,중상사고,0,1,0,0,차대사람 - 기타,보행자보호의무위반,건조,맑음,교차로 - 교차로횡단보도내,승용,남,61세,상해없음,보행자,남,7세,중상
2018033000100429,2018년 3월 30일 17시,금요일,경상북도 경산시 중방동,경상사고,0,0,1,0,차대차 - 측면충돌,안전운전불이행,건조,맑음,주차장 - 주차장,승용,남,55세,상해없음,자전거,여,58세,경상
2018033000100430,2018년 3월 30일 17시,금요일,경상북도 영양군 입암면,중상사고,0,1,0,0,차량단독 - 전도전복 - 전도,안전운전불이행,건조,맑음,단일로 - 기타,사륜오토바이(ATV),남,72세,중상,미분류,미분류,미분류,미분류
2018033000100431,2018년 3월 30일 17시,금요일,경상북도 칠곡군 가산면,경상사고,0,0,2,0,차대차 - 추돌,안전거리미확보,건조,맑음,단일로 - 기타,승용,남,33세,상해없음,승용,여,44세,상해없음
2018033000100486,2018년 3월 30일 18시,금요일,경상북도 포항시 북구 용흥동,경상사고,0,0,1,0,차대차 - 추돌,안전운전불이행,건조,맑음,단일로 - 기타,승용,여,37세,상해없음,승용,남,51세,경상
2018033000100487,2018년 3월 30일 18시,금요일,경상북도 안동시 광석동,중상사고,0,1,0,0,차대사람 - 횡단중,안전운전불이행,건조,맑음,단일로 - 기타,이륜,남,19세,상해없음,보행자,여,57세,중상
2018033000100488,2018년 3월 30일 18시,금요일,경상북도 경산시 중방동,중상사고,0,1,1,0,차대사람 - 횡단중,신호위반,건조,맑음,교차로 - 교차로횡단보도내,이륜,남,20세,경상,보행자,남,39세,중상
2018033000100489,2018년 3월 30일 18시,금요일,경상북도 구미시 도량동,중상사고,0,1,0,0,차대차 - 측면충돌,안전운전불이행,건조,흐림,교차로 - 교차로안,승용,남,40세,상해없음,승용,여,53세,중상
2018033000100490,2018년 3월 30일 18시,금요일,경상북도 포항시 남구 이동,경상사고,0,0,1,0,차대사람 - 기타,기타,건조,맑음,단일로 - 기타,승합,남,54세,상해없음,보행자,여,16세,경상
2018033000100562,2018년 3월 30일 20시,금요일,경상북도 경산시 중방동,경상사고,0,0,2,0,차대차 - 추돌,안전운전불이행,건조,맑음,단일로 - 기타,승용,여,57세,상해없음,승용,남,51세,경상
2018033000100563,2018년 3월 30일 20시,금요일,경상북도 경산시 계양동,경상사고,0,0,1,0,차대차 - 측면충돌,안전운전불이행,건조,맑음,단일로 - 기타,승용,남,41세,상해없음,이륜,남,33세,경상
2018033000100595,2018년 3월 30일 21시,금요일,경상북도 경주시 용강동,경상사고,0,0,3,0,차대차 - 추돌,안전운전불이행,건조,맑음,교차로 - 교차로안,승용,남,39세,상해없음,승용,여,36세,경상
2018033000100596,2018년 3월 30일 21시,금요일,경상북도 문경시 점촌동,경상사고,0,0,2,0,차대차 - 측면충돌,직진우회전진행방해,건조,맑음,교차로 - 교차로안,승용,남,57세,상해없음,이륜,남,18세,상해없음
2018033000100597,2018년 3월 30일 21시,금요일,경상북도 구미시 구평동,경상사고,0,0,1,0,차대차 - 기타,안전운전불이행,건조,맑음,단일로 - 기타,승용,남,26세,상해없음,이륜,남,19세,경상
2018033000100623,2018년 3월 30일 22시,금요일,경상북도 경주시 서악동,경상사고,0,0,1,0,차대사람 - 횡단중,신호위반,건조,맑음,교차로 - 교차로횡단보도내,기타불명,기타불명,미분류,기타불명,보행자,여,22세,경상
2018033000100624,2018년 3월 30일 22시,금요일,경상북도 경주시 안강읍,부상신고사고,0,0,0,1,차량단독 - 도로외이탈 - 기타,안전운전불이행,건조,맑음,단일로 - 기타,화물,남,40세,부상신고,,,,
2018033000100625,2018년 3월 30일 22시,금요일,경상북도 경산시 대평동,경상사고,0,0,1,0,차대차 - 측면충돌,차로위반,건조,맑음,단일로 - 기타,승용,남,38세,상해없음,승용,남,24세,경상
2018033000100649,2018년 3월 30일 23시,금요일,경상북도 예천군 예천읍,경상사고,0,0,1,0,차량단독 - 공작물충돌,안전운전불이행,건조,맑음,단일로 - 기타,승용,남,18세,상해없음,,,,
2018033000100650,2018년 3월 30일 23시,금요일,경상북도 구미시 임은동,경상사고,0,0,2,0,차대차 - 추돌,안전운전불이행,건조,맑음,교차로 - 교차로부근,승용,남,28세,상해없음,승용,남,77세,경상
2018033100100076,2018년 3월 31일 05시,토요일,경상북도 구미시 옥성면,경상사고,0,0,2,0,차대차 - 기타,안전운전불이행,건조,맑음,기타 - 기타,화물,남,61세,상해없음,특수,남,65세,경상
2018033100100089,2018년 3월 31일 06시,토요일,경상북도 포항시 북구 죽도동,경상사고,0,0,2,0,차대차 - 측면충돌,직진우회전진행방해,건조,맑음,교차로 - 교차로안,승용,남,49세,상해없음,승용,여,31세,경상
2018033100100098,2018년 3월 31일 07시,토요일,경상북도 경주시 동방동,경상사고,0,0,2,0,차대차 - 추돌,안전운전불이행,건조,맑음,교차로 - 교차로부근,화물,남,57세,상해없음,승용,남,56세,경상
2018033100100122,2018년 3월 31일 08시,토요일,경상북도 포항시 북구 용흥동,경상사고,0,0,2,0,차대차 - 측면충돌,안전운전불이행,건조,맑음,교차로 - 교차로안,승용,여,20세,상해없음,승용,여,58세,경상
2018033100100123,2018년 3월 31일 08시,토요일,경상북도 칠곡군 동명면,경상사고,0,0,3,0,차대차 - 측면충돌,안전거리미확보,건조,맑음,단일로 - 기타,승용,여,50세,상해없음,승용,남,32세,경상
2018033100100124,2018년 3월 31일 08시,토요일,경상북도 청도군 청도읍,경상사고,0,0,1,0,차대차 - 측면충돌,안전운전불이행,건조,맑음,단일로 - 기타,화물,남,49세,상해없음,농기계,남,69세,경상
2018033100100140,2018년 3월 31일 09시,토요일,경상북도 경주시 신평동,중상사고,0,1,1,0,차대차 - 측면충돌,안전운전불이행,건조,맑음,교차로 - 교차로안,승용,남,50세,경상,승용,여,64세,중상
2018033100100141,2018년 3월 31일 09시,토요일,경상북도 포항시 남구 대송면,중상사고,0,1,1,0,차대차 - 측면충돌,신호위반,건조,맑음,교차로 - 교차로안,화물,남,40세,상해없음,승용,남,56세,중상
2018033100100142,2018년 3월 31일 09시,토요일,경상북도 포항시 남구 오천읍,경상사고,0,0,2,0,차대차 - 기타,기타,건조,맑음,교차로 - 교차로안,승용,남,68세,경상,승용,남,46세,경상
2018033100100164,2018년 3월 31일 10시,토요일,경상북도 경주시 충효동,중상사고,0,1,1,0,차대차 - 측면충돌,안전운전불이행,건조,맑음,교차로 - 교차로안,승용,여,21세,중상,승용,남,38세,경상
2018033100100165,2018년 3월 31일 10시,토요일,경상북도 포항시 남구 대도동,경상사고,0,0,1,0,차대사람 - 기타,안전운전불이행,건조,맑음,단일로 - 기타,승용,남,59세,상해없음,보행자,남,49세,경상
2018033100100196,2018년 3월 31일 11시,토요일,경상북도 상주시 화북면,중상사고,0,1,0,0,차량단독 - 전도전복 - 전도,안전운전불이행,건조,맑음,단일로 - 기타,건설기계,남,27세,중상,미분류,미분류,미분류,미분류
2018033100100197,2018년 3월 31일 11시,토요일,경상북도 의성군 다인면,중상사고,0,1,1,0,차대차 - 측면충돌,중앙선침범,건조,맑음,단일로 - 기타,화물,남,60세,중상,승용,남,51세,경상
2018033100100225,2018년 3월 31일 12시,토요일,경상북도 칠곡군 약목면,중상사고,0,1,0,0,차대사람 - 차도통행중,안전운전불이행,건조,맑음,기타 - 기타,화물,남,67세,상해없음,보행자,남,62세,중상
2018033100100226,2018년 3월 31일 12시,토요일,경상북도 경산시 남천면,중상사고,0,2,0,0,차대차 - 측면충돌,안전거리미확보,건조,맑음,단일로 - 기타,승용,여,62세,상해없음,승합,여,58세,중상
2018033100100266,2018년 3월 31일 13시,토요일,경상북도 경주시 동천동,중상사고,0,1,1,0,차대차 - 측면충돌,안전운전불이행,건조,맑음,교차로 - 교차로안,승용,남,35세,상해없음,이륜,남,28세,중상
2018033100100267,2018년 3월 31일 13시,토요일,경상북도 경주시 외동읍,중상사고,0,1,0,0,차대차 - 측면충돌,안전운전불이행,건조,맑음,교차로 - 교차로안,승용,남,58세,상해없음,자전거,여,44세,중상
2018033100100268,2018년 3월 31일 13시,토요일,경상북도 포항시 북구 창포동,중상사고,0,1,0,0,차대차 - 측면충돌,신호위반,건조,맑음,교차로 - 교차로안,이륜,남,47세,중상,승용,여,37세,상해없음
2018033100100269,2018년 3월 31일 13시,토요일,경상북도 성주군 초전면,중상사고,0,1,0,0,차대차 - 측면충돌,안전운전불이행,건조,맑음,교차로 - 교차로안,화물,남,33세,상해없음,이륜,남,67세,중상
2018033100100270,2018년 3월 31일 13시,토요일,경상북도 구미시 원평동,경상사고,0,0,1,0,차대차 - 기타,안전운전불이행,건조,맑음,교차로 - 교차로부근,승용,여,34세,상해없음,승용,남,61세,경상
2018033100100271,2018년 3월 31일 13시,토요일,경상북도 칠곡군 지천면,중상사고,0,1,0,0,차대차 - 측면충돌,안전운전불이행,건조,맑음,단일로 - 기타,승용,남,61세,상해없음,승용,남,64세,중상
2018033100100305,2018년 3월 31일 14시,토요일,경상북도 경주시 황성동,중상사고,0,1,0,0,차대사람 - 차도통행중,안전운전불이행,건조,맑음,단일로 - 기타,승용,남,51세,상해없음,보행자,여,87세,중상
2018033100100306,2018년 3월 31일 14시,토요일,경상북도 안동시 용상동,경상사고,0,0,1,0,차대사람 - 횡단중,안전운전불이행,건조,맑음,기타 - 기타,승용,남,39세,상해없음,보행자,여,57세,경상
2018033100100342,2018년 3월 31일 15시,토요일,경상북도 김천시 부곡동,경상사고,0,0,1,0,차대차 - 측면충돌,신호위반,건조,맑음,교차로 - 교차로안,승용,남,52세,상해없음,승용,여,52세,경상
2018033100100343,2018년 3월 31일 15시,토요일,경상북도 김천시 모암동,중상사고,0,1,0,0,차대차 - 측면충돌,안전운전불이행,건조,맑음,기타 - 기타,이륜,남,17세,상해없음,승용,남,59세,상해없음
2018033100100344,2018년 3월 31일 15시,토요일,경상북도 영천시 야사동,중상사고,0,1,0,0,차대사람 - 길가장자리구역통행중,안전운전불이행,건조,맑음,단일로 - 기타,승용,남,57세,상해없음,보행자,여,69세,중상
2018033100100345,2018년 3월 31일 15시,토요일,경상북도 구미시 봉곡동,경상사고,0,0,1,0,차대차 - 추돌,안전거리미확보,건조,맑음,단일로 - 기타,원동기,남,53세,경상,승용,여,36세,상해없음
2018033100100346,2018년 3월 31일 15시,토요일,경상북도 구미시 공단동,경상사고,0,0,6,0,차대차 - 측면충돌,신호위반,건조,맑음,교차로 - 교차로안,승용,여,61세,상해없음,승용,남,29세,경상
2018033100100382,2018년 3월 31일 16시,토요일,경상북도 칠곡군 석적읍,경상사고,0,0,1,0,차대사람 - 횡단중,보행자보호의무위반,건조,맑음,교차로 - 교차로횡단보도내,화물,남,40세,상해없음,보행자,여,7세,경상
2018033100100383,2018년 3월 31일 16시,토요일,경상북도 영천시 임고면,중상사고,0,1,0,0,차대차 - 측면충돌,기타,건조,맑음,교차로 - 교차로안,이륜,남,68세,중상,승용,남,44세,상해없음