사고번호,사고일시,요일,시군구,사고내용,사망자수,중상자수,경상자수,부상신고자수,사고유형,법규위반,노면상태,기상상태,도로형태,가해운전자 차종,가해운전자 성별,가해운전자 연령,가해운전자 상해정도,피해운전자 차종,피해운전자 성별,피해운전자 연령,피해운전자 상해정도
2018033100100384,2018년 3월 31일 16시,토요일,경상북도 영천시 야사동,경상사고,0,0,2,0,차대차 - 측면충돌,직진우회전진행방해,건조,맑음,교차로 - 교차로안,승용,남,63세,경상,승용,여,57세,경상
2018033100100414,2018년 3월 31일 17시,토요일,경상북도 경주시 용강동,경상사고,0,0,1,0,차대차 - 측면충돌,직진우회전진행방해,건조,맑음,교차로 - 교차로안,승용,남,54세,상해없음,승용,남,42세,경상
2018033100100415,2018년 3월 31일 17시,토요일,경상북도 포항시 북구 장성동,경상사고,0,0,1,0,차대차 - 기타,기타,건조,맑음,단일로 - 기타,승용,여,55세,상해없음,이륜,남,35세,경상
2018033100100449,2018년 3월 31일 18시,토요일,경상북도 경주시 내남면,경상사고,0,0,1,0,차대차 - 측면충돌,안전운전불이행,건조,맑음,교차로 - 교차로안,건설기계,남,65세,상해없음,승용,남,60세,경상
2018033100100450,2018년 3월 31일 18시,토요일,경상북도 경주시 노서동,부상신고사고,0,0,0,4,차대차 - 측면충돌,안전운전불이행,건조,맑음,단일로 - 기타,승용,남,70세,상해없음,승용,남,22세,부상신고
2018033100100451,2018년 3월 31일 18시,토요일,경상북도 포항시 북구 대신동,경상사고,0,0,2,0,차대차 - 측면충돌,안전운전불이행,건조,맑음,단일로 - 기타,화물,남,47세,상해없음,승용,남,56세,경상
2018033100100452,2018년 3월 31일 18시,토요일,경상북도 포항시 북구 죽도동,경상사고,0,0,1,0,차대차 - 측면충돌,차로위반,건조,맑음,단일로 - 기타,이륜,남,24세,경상,승용,남,31세,상해없음
2018033100100487,2018년 3월 31일 19시,토요일,경상북도 구미시 원평동,중상사고,0,1,0,0,차대차 - 측면충돌,안전운전불이행,건조,맑음,교차로 - 교차로부근,승용,남,55세,상해없음,승용,남,26세,중상
2018033100100517,2018년 3월 31일 20시,토요일,경상북도 경주시 배동,경상사고,0,0,3,0,차대차 - 측면충돌,기타,건조,맑음,교차로 - 교차로안,승용,남,30세,상해없음,승용,여,36세,경상
2018033100100518,2018년 3월 31일 20시,토요일,경상북도 경산시 압량면,경상사고,0,0,1,0,차대차 - 측면충돌,중앙선침범,건조,맑음,단일로 - 기타,이륜,남,18세,상해없음,승용,남,27세,경상
2018033100100519,2018년 3월 31일 20시,토요일,경상북도 봉화군 소천면,중상사고,0,3,0,0,차량단독 - 도로외이탈 - 추락,안전운전불이행,건조,맑음,단일로 - 기타,승용,여,67세,중상,,,,
2018033100100578,2018년 3월 31일 22시,토요일,경상북도 경산시 진량읍,사망사고,1,1,0,0,차대차 - 추돌,안전운전불이행,건조,맑음,단일로 - 기타,승용,여,28세,상해없음,이륜,남,24세,중상
2018033100100579,2018년 3월 31일 22시,토요일,경상북도 구미시 원평동,중상사고,0,1,0,0,차대차 - 기타,안전운전불이행,건조,맑음,교차로 - 교차로부근,승용,남,23세,상해없음,이륜,남,28세,중상
2018033100100580,2018년 3월 31일 22시,토요일,경상북도 포항시 남구 동해면,중상사고,0,1,3,0,차대차 - 측면충돌,직진우회전진행방해,건조,맑음,교차로 - 교차로안,승용,남,58세,경상,승용,남,21세,경상
2018033100100601,2018년 3월 31일 23시,토요일,경상북도 김천시 농소면,경상사고,0,0,3,0,차대차 - 측면충돌,신호위반,건조,맑음,교차로 - 교차로안,승용,남,41세,상해없음,승용,남,46세,경상
2018033100100602,2018년 3월 31일 23시,토요일,경상북도 울진군 북면,중상사고,0,1,0,0,차대사람 - 길가장자리구역통행중,안전운전불이행,건조,맑음,단일로 - 기타,승용,여,48세,상해없음,보행자,남,61세,중상
2018040100100013,2018년 4월 1일 00시,일요일,경상북도 안동시 옥동,중상사고,0,1,0,0,차대사람 - 보도통행중,신호위반,건조,맑음,교차로 - 교차로횡단보도내,승용,남,22세,상해없음,보행자,남,44세,중상
2018040100100014,2018년 4월 1일 00시,일요일,경상북도 영주시 하망동,경상사고,0,0,1,0,차대차 - 측면충돌,과속,건조,맑음,교차로 - 교차로안,승용,남,21세,상해없음,승용,여,45세,경상
2018040100100015,2018년 4월 1일 00시,일요일,경상북도 포항시 남구 대잠동,경상사고,0,0,1,0,차대차 - 측면충돌,안전운전불이행,건조,맑음,단일로 - 기타,승용,남,66세,상해없음,이륜,남,18세,경상
2018040100100016,2018년 4월 1일 00시,일요일,경상북도 포항시 남구 상도동,경상사고,0,0,1,0,차대차 - 측면충돌,차로위반,건조,맑음,교차로 - 교차로부근,승용,남,64세,상해없음,이륜,남,25세,경상
2018040100100054,2018년 4월 1일 02시,일요일,경상북도 경산시 중방동,경상사고,0,0,1,0,차대차 - 추돌,안전운전불이행,건조,맑음,교차로 - 교차로부근,승용,남,38세,상해없음,이륜,남,29세,경상
2018040100100055,2018년 4월 1일 02시,일요일,경상북도 구미시 송정동,중상사고,0,1,0,0,차대사람 - 횡단중,안전운전불이행,건조,맑음,교차로 - 교차로횡단보도내,승용,남,34세,상해없음,보행자,남,54세,중상
2018040100100064,2018년 4월 1일 03시,일요일,경상북도 경주시 인왕동,중상사고,0,1,0,0,차대차 - 측면충돌,안전운전불이행,건조,맑음,단일로 - 기타,승용,남,42세,중상,승용,남,61세,기타불명
2018040100100065,2018년 4월 1일 03시,일요일,경상북도 구미시 해평면,중상사고,0,1,0,0,차량단독 - 기타,안전운전불이행,건조,맑음,단일로 - 기타,승용,남,45세,상해없음,,,,
2018040100100074,2018년 4월 1일 04시,일요일,경상북도 포항시 북구 죽도동,경상사고,0,0,1,0,차대차 - 기타,차로위반,건조,맑음,단일로 - 기타,승용,여,52세,상해없음,승용,남,55세,상해없음
2018040100100104,2018년 4월 1일 07시,일요일,경상북도 경주시 석장동,중상사고,0,1,0,0,차대차 - 측면충돌,안전운전불이행,건조,맑음,단일로 - 기타,승용,남,43세,상해없음,자전거,남,45세,중상
2018040100100117,2018년 4월 1일 09시,일요일,경상북도 포항시 북구 죽도동,경상사고,0,0,2,0,차대차 - 측면충돌,안전운전불이행,건조,맑음,단일로 - 기타,승용,여,49세,상해없음,원동기,남,63세,경상
2018040100100118,2018년 4월 1일 09시,일요일,경상북도 김천시 대덕면,경상사고,0,0,1,0,차대차 - 측면충돌,안전운전불이행,건조,맑음,단일로 - 기타,화물,남,64세,경상,화물,남,71세,상해없음
2018040100100119,2018년 4월 1일 09시,일요일,경상북도 구미시 공단동,경상사고,0,0,1,1,차대차 - 기타,안전운전불이행,건조,맑음,단일로 - 기타,승용,남,30세,부상신고,승용,남,36세,경상
2018040100100147,2018년 4월 1일 10시,일요일,경상북도 구미시 임은동,경상사고,0,0,2,0,차대차 - 기타,안전운전불이행,건조,맑음,단일로 - 기타,화물,남,48세,상해없음,승용,남,55세,경상
2018040100100170,2018년 4월 1일 11시,일요일,경상북도 경주시 양북면,중상사고,0,1,0,0,차대차 - 측면충돌,안전운전불이행,건조,맑음,기타 - 기타,승용,남,48세,상해없음,자전거,남,22세,중상
2018040100100171,2018년 4월 1일 11시,일요일,경상북도 상주시 무양동,중상사고,0,2,2,0,차대차 - 측면충돌,중앙선침범,건조,맑음,교차로 - 교차로부근,승용,남,61세,상해없음,승용,남,50세,중상
2018040100100172,2018년 4월 1일 11시,일요일,경상북도 봉화군 명호면,부상신고사고,0,0,0,1,차량단독 - 공작물충돌,안전운전불이행,건조,맑음,단일로 - 기타,이륜,남,85세,부상신고,,,,
2018040100100188,2018년 4월 1일 12시,일요일,경상북도 포항시 북구 창포동,경상사고,0,0,1,0,차대차 - 측면충돌,교차로운행방법위반,건조,맑음,교차로 - 교차로안,승용,여,54세,상해없음,원동기,남,33세,경상
2018040100100189,2018년 4월 1일 12시,일요일,경상북도 영덕군 강구면,경상사고,0,0,1,0,차대사람 - 기타,안전운전불이행,건조,맑음,교차로 - 교차로부근,승합,남,60세,상해없음,보행자,남,84세,경상
2018040100100246,2018년 4월 1일 14시,일요일,경상북도 포항시 북구 기계면,경상사고,0,0,2,0,차대차 - 측면충돌,교차로운행방법위반,건조,맑음,교차로 - 교차로안,화물,남,56세,경상,승용,여,51세,경상
2018040100100298,2018년 4월 1일 16시,일요일,경상북도 경주시 양북면,경상사고,0,0,1,1,차대차 - 추돌,안전운전불이행,건조,맑음,단일로 - 기타,승용,남,53세,상해없음,승용,남,28세,경상
2018040100100299,2018년 4월 1일 16시,일요일,경상북도 안동시 북후면,중상사고,0,1,0,0,차대차 - 추돌,안전운전불이행,건조,맑음,단일로 - 기타,승합,남,27세,상해없음,자전거,남,51세,중상
2018040100100350,2018년 4월 1일 18시,일요일,경상북도 경주시 충효동,중상사고,0,1,2,0,차대차 - 측면충돌,신호위반,건조,맑음,교차로 - 교차로안,승용,남,57세,경상,승용,남,31세,경상
2018040100100378,2018년 4월 1일 19시,일요일,경상북도 경주시 양북면,중상사고,0,1,0,0,차대차 - 정면충돌,중앙선침범,건조,맑음,단일로 - 기타,승용,남,44세,상해없음,승용,여,60세,중상
2018040100100379,2018년 4월 1일 19시,일요일,경상북도 김천시 대항면,중상사고,0,1,0,0,차대차 - 추돌,안전운전불이행,건조,맑음,교차로 - 교차로부근,승용,여,36세,상해없음,승용,여,47세,중상
2018040100100380,2018년 4월 1일 19시,일요일,경상북도 구미시 공단동,중상사고,0,2,1,0,차대차 - 기타,안전운전불이행,건조,맑음,단일로 - 교량,승용,여,50세,상해없음,화물,여,48세,중상
2018040100100408,2018년 4월 1일 20시,일요일,경상북도 영주시 가흥동,경상사고,0,0,3,0,차대차 - 측면충돌,신호위반,건조,맑음,교차로 - 교차로안,승용,남,18세,경상,승용,남,63세,상해없음
2018040100100434,2018년 4월 1일 21시,일요일,경상북도 포항시 북구 흥해읍,경상사고,0,0,2,0,차대차 - 측면충돌,안전운전불이행,건조,맑음,교차로 - 교차로안,승용,여,40세,상해없음,승용,남,65세,경상
2018040100100435,2018년 4월 1일 21시,일요일,경상북도 구미시 원평동,중상사고,0,1,0,0,차대사람 - 차도통행중,안전운전불이행,건조,맑음,단일로 - 기타,승합,남,56세,상해없음,보행자,남,18세,중상
2018040100100449,2018년 4월 1일 22시,일요일,경상북도 칠곡군 왜관읍,경상사고,0,0,2,0,차대차 - 측면충돌,안전운전불이행,건조,맑음,단일로 - 기타,이륜,남,16세,경상,화물,남,48세,상해없음
2018040200100009,2018년 4월 2일 00시,월요일,경상북도 경주시 황남동,중상사고,0,2,4,0,차대차 - 측면충돌,신호위반,건조,맑음,교차로 - 교차로안,승용,남,36세,경상,승용,남,24세,경상
2018040200100059,2018년 4월 2일 06시,월요일,경상북도 포항시 북구 기계면,경상사고,0,0,1,0,차대차 - 기타,안전운전불이행,건조,맑음,단일로 - 기타,화물,남,43세,상해없음,화물,남,34세,경상
2018040200100085,2018년 4월 2일 07시,월요일,경상북도 구미시 산동면,중상사고,0,1,0,0,차대차 - 기타,안전운전불이행,건조,맑음,단일로 - 기타,승용,남,38세,상해없음,자전거,남,12세,중상
2018040200100127,2018년 4월 2일 08시,월요일,경상북도 칠곡군 왜관읍,경상사고,0,0,1,0,차대사람 - 길가장자리구역통행중,안전운전불이행,건조,맑음,단일로 - 기타,승용,여,46세,상해없음,보행자,여,16세,경상
2018040200100156,2018년 4월 2일 09시,월요일,경상북도 경주시 성동동,경상사고,0,0,1,0,차대차 - 측면충돌,안전운전불이행,건조,맑음,단일로 - 기타,승합,남,64세,상해없음,이륜,남,56세,경상
2018040200100157,2018년 4월 2일 09시,월요일,경상북도 포항시 북구 항구동,중상사고,0,1,0,0,차대차 - 측면충돌,중앙선침범,건조,맑음,단일로 - 기타,승용,남,52세,상해없음,이륜,남,30세,중상
2018040200100158,2018년 4월 2일 09시,월요일,경상북도 영덕군 병곡면,중상사고,0,1,0,0,차량단독 - 공작물충돌,안전운전불이행,건조,맑음,교차로 - 교차로부근,승용,남,68세,상해없음,,,,
2018040200100193,2018년 4월 2일 10시,월요일,경상북도 경주시 안강읍,경상사고,0,0,2,0,차대차 - 후진중충돌,안전운전불이행,건조,맑음,단일로 - 기타,승용,여,59세,경상,승용,여,67세,경상
2018040200100194,2018년 4월 2일 10시,월요일,경상북도 포항시 남구 구룡포읍,중상사고,0,1,0,0,차대차 - 측면충돌,안전운전불이행,건조,맑음,단일로 - 기타,승용,남,70세,중상,승합,남,59세,상해없음
2018040200100223,2018년 4월 2일 11시,월요일,경상북도 포항시 북구 창포동,경상사고,0,0,1,0,차대차 - 측면충돌,교차로운행방법위반,건조,맑음,교차로 - 교차로안,원동기,여,47세,경상,승용,남,30세,상해없음
2018040200100246,2018년 4월 2일 12시,월요일,경상북도 경주시 서부동,중상사고,0,1,0,0,차대사람 - 횡단중,보행자보호의무위반,건조,맑음,교차로 - 교차로횡단보도내,이륜,남,55세,상해없음,보행자,여,62세,중상
2018040200100247,2018년 4월 2일 12시,월요일,경상북도 안동시 송현동,중상사고,0,1,0,0,차대차 - 추돌,안전운전불이행,건조,맑음,교차로 - 교차로부근,화물,남,36세,상해없음,승용,여,58세,중상
2018040200100248,2018년 4월 2일 12시,월요일,경상북도 상주시 모동면,경상사고,0,0,1,0,차대차 - 추돌,안전운전불이행,건조,맑음,단일로 - 기타,이륜,남,83세,경상,승용,남,54세,상해없음
2018040200100271,2018년 4월 2일 13시,월요일,경상북도 의성군 의성읍,중상사고,0,1,0,0,차대차 - 측면충돌,과속,건조,맑음,단일로 - 기타,승용,남,53세,상해없음,자전거,남,90세 이상,중상
2018040200100272,2018년 4월 2일 13시,월요일,경상북도 경주시 율동,경상사고,0,0,3,0,차대차 - 기타,안전운전불이행,건조,맑음,단일로 - 기타,화물,남,62세,상해없음,승용,남,27세,경상
2018040200100306,2018년 4월 2일 14시,월요일,경상북도 경산시 신천동,경상사고,0,0,1,0,차대차 - 측면충돌,안전운전불이행,건조,맑음,교차로 - 교차로부근,이륜,남,81세,상해없음,승용,여,46세,경상
2018040200100307,2018년 4월 2일 14시,월요일,경상북도 영덕군 강구면,중상사고,0,1,0,0,차대차 - 측면충돌,안전운전불이행,건조,맑음,단일로 - 기타,자전거,남,62세,중상,승용,남,39세,상해없음
2018040200100345,2018년 4월 2일 15시,월요일,경상북도 안동시 운흥동,경상사고,0,0,1,0,차대차 - 측면충돌,교차로운행방법위반,건조,맑음,교차로 - 교차로안,승용,남,34세,상해없음,화물,남,62세,경상
2018040200100346,2018년 4월 2일 15시,월요일,경상북도 김천시 성내동,경상사고,0,0,1,0,차대사람 - 횡단중,보행자보호의무위반,건조,맑음,단일로 - 기타,승용,여,28세,상해없음,보행자,여,71세,경상
2018040200100347,2018년 4월 2일 15시,월요일,경상북도 경산시 사정동,중상사고,0,1,0,0,차대사람 - 횡단중,안전운전불이행,건조,맑음,단일로 - 기타,승용,여,48세,상해없음,보행자,여,40세,중상
2018040200100348,2018년 4월 2일 15시,월요일,경상북도 구미시 공단동,중상사고,0,1,0,0,차대사람 - 횡단중,안전운전불이행,건조,맑음,교차로 - 교차로부근,승합,남,51세,상해없음,보행자,여,47세,중상
2018040200100349,2018년 4월 2일 15시,월요일,경상북도 포항시 남구 대잠동,경상사고,0,0,1,0,차대차 - 기타,안전운전불이행,건조,맑음,단일로 - 기타,승용,여,57세,상해없음,승용,남,48세,경상
2018040200100379,2018년 4월 2일 16시,월요일,경상북도 경주시 황성동,경상사고,0,0,1,0,차대사람 - 길가장자리구역통행중,안전운전불이행,건조,맑음,단일로 - 기타,승용,남,75세,상해없음,보행자,남,31세,경상
2018040200100380,2018년 4월 2일 16시,월요일,경상북도 경주시 성건동,중상사고,0,1,0,0,차대사람 - 길가장자리구역통행중,안전운전불이행,건조,맑음,단일로 - 기타,승용,남,77세,상해없음,보행자,여,79세,중상
2018040200100381,2018년 4월 2일 16시,월요일,경상북도 칠곡군 북삼읍,경상사고,0,0,3,1,차대차 - 추돌,안전거리미확보,건조,맑음,단일로 - 기타,승용,여,43세,부상신고,승용,남,42세,경상
2018040200100416,2018년 4월 2일 17시,월요일,경상북도 안동시 태화동,중상사고,0,1,0,0,차대사람 - 횡단중,안전운전불이행,건조,맑음,단일로 - 기타,승용,여,68세,상해없음,보행자,남,50세,중상
2018040200100417,2018년 4월 2일 17시,월요일,경상북도 안동시 풍산읍,경상사고,0,0,2,0,차대차 - 추돌,안전거리미확보,건조,맑음,단일로 - 기타,승용,남,26세,상해없음,승용,여,28세,경상
2018040200100418,2018년 4월 2일 17시,월요일,경상북도 구미시 임은동,경상사고,0,0,1,1,차대차 - 측면충돌,직진우회전진행방해,건조,맑음,교차로 - 교차로안,승용,남,79세,부상신고,이륜,남,48세,경상
2018040200100419,2018년 4월 2일 17시,월요일,경상북도 구미시 공단동,경상사고,0,0,1,1,차대차 - 측면충돌,차로위반,건조,맑음,단일로 - 기타,화물,남,42세,상해없음,승용,여,47세,경상
2018040200100451,2018년 4월 2일 18시,월요일,경상북도 김천시 감문면,경상사고,0,0,1,0,차대차 - 측면충돌,안전운전불이행,건조,맑음,교차로 - 교차로안,승용,여,60세,상해없음,화물,남,65세,경상
2018040200100452,2018년 4월 2일 18시,월요일,경상북도 상주시 신봉동,경상사고,0,0,1,0,차대차 - 측면충돌,안전거리미확보,건조,맑음,단일로 - 기타,화물,남,59세,상해없음,승용,여,61세,경상
2018040200100453,2018년 4월 2일 18시,월요일,경상북도 문경시 점촌동,경상사고,0,0,1,0,차대차 - 측면충돌,안전거리미확보,건조,맑음,교차로 - 교차로부근,자전거,남,74세,경상,이륜,남,62세,상해없음
2018040200100454,2018년 4월 2일 18시,월요일,경상북도 경산시 자인면,경상사고,0,0,1,0,차대차 - 측면충돌,안전운전불이행,건조,맑음,교차로 - 교차로부근,화물,남,67세,상해없음,승용,남,34세,경상
2018040200100498,2018년 4월 2일 19시,월요일,경상북도 경주시 천북면,경상사고,0,0,2,0,차대차 - 측면충돌,안전운전불이행,건조,맑음,교차로 - 교차로안,화물,남,52세,경상,화물,남,65세,경상
2018040200100499,2018년 4월 2일 19시,월요일,경상북도 상주시 복룡동,경상사고,0,0,1,0,차대차 - 측면충돌,안전운전불이행,건조,맑음,교차로 - 교차로안,승용,여,43세,상해없음,이륜,남,21세,경상
2018040200100500,2018년 4월 2일 19시,월요일,경상북도 영천시 고경면,경상사고,0,0,1,0,차대사람 - 기타,안전운전불이행,건조,맑음,교차로 - 교차로안,승용,여,54세,상해없음,보행자,남,8세,경상
2018040200100535,2018년 4월 2일 20시,월요일,경상북도 안동시 수상동,경상사고,0,0,2,0,차대차 - 측면충돌,차로위반,건조,맑음,단일로 - 기타,화물,남,61세,상해없음,승용,남,28세,경상
2018040200100536,2018년 4월 2일 20시,월요일,경상북도 포항시 남구 동해면,중상사고,0,1,1,0,차대사람 - 횡단중,안전운전불이행,건조,맑음,단일로 - 기타,승용,남,47세,상해없음,보행자,여,58세,중상
2018040200100609,2018년 4월 2일 23시,월요일,경상북도 김천시 아포읍,경상사고,0,0,2,0,차대차 - 측면충돌,안전거리미확보,건조,맑음,단일로 - 기타,특수,남,57세,상해없음,승용,남,37세,경상
2018040300100028,2018년 4월 3일 02시,화요일,경상북도 경주시 현곡면,경상사고,0,0,1,0,차량단독 - 공작물충돌,안전운전불이행,건조,맑음,단일로 - 기타,승용,여,22세,경상,,,,
2018040300100049,2018년 4월 3일 05시,화요일,경상북도 군위군 소보면,중상사고,0,1,0,0,차대차 - 추돌,안전운전불이행,건조,맑음,단일로 - 교량,승용,남,63세,상해없음,농기계,남,84세,중상
2018040300100050,2018년 4월 3일 05시,화요일,경상북도 구미시 광평동,중상사고,0,1,0,0,차대사람 - 횡단중,안전운전불이행,건조,맑음,단일로 - 기타,건설기계,남,57세,상해없음,보행자,여,79세,중상
2018040300100051,2018년 4월 3일 05시,화요일,경상북도 구미시 진평동,경상사고,0,0,2,0,차대차 - 추돌,안전운전불이행,건조,맑음,교차로 - 교차로부근,승용,남,28세,상해없음,승용,남,37세,경상
2018040300100080,2018년 4월 3일 07시,화요일,경상북도 안동시 길안면,경상사고,0,0,1,0,차대차 - 측면충돌,중앙선침범,건조,맑음,단일로 - 기타,화물,남,53세,상해없음,화물,남,77세,경상
2018040300100081,2018년 4월 3일 07시,화요일,경상북도 청도군 금천면,경상사고,0,0,3,0,차대차 - 측면충돌,안전운전불이행,건조,맑음,기타 - 기타,화물,남,63세,경상,승합,남,51세,상해없음
2018040300100082,2018년 4월 3일 07시,화요일,경상북도 포항시 남구 지곡동,경상사고,0,0,1,0,차대사람 - 보도통행중,보행자보호의무위반,건조,맑음,교차로 - 교차로안,승용,남,68세,상해없음,보행자,남,66세,경상
2018040300100114,2018년 4월 3일 08시,화요일,경상북도 포항시 북구 장성동,경상사고,0,0,1,0,차대차 - 측면충돌,안전운전불이행,건조,맑음,교차로 - 교차로부근,승용,여,32세,상해없음,승합,여,38세,경상
2018040300100115,2018년 4월 3일 08시,화요일,경상북도 군위군 소보면,중상사고,0,1,0,0,차량단독 - 기타,중앙선침범,건조,맑음,단일로 - 기타,화물,남,73세,중상,,,,
2018040300100155,2018년 4월 3일 09시,화요일,경상북도 김천시 대덕면,중상사고,0,1,1,0,차대차 - 측면충돌,중앙선침범,건조,맑음,단일로 - 기타,승용,남,79세,상해없음,화물,남,59세,경상
2018040300100156,2018년 4월 3일 09시,화요일,경상북도 문경시 마성면,경상사고,0,0,2,0,차대차 - 측면충돌,직진우회전진행방해,건조,맑음,교차로 - 교차로안,화물,남,65세,경상,승용,남,57세,경상
2018040300100157,2018년 4월 3일 09시,화요일,경상북도 문경시 마성면,중상사고,0,1,1,0,차대차 - 측면충돌,차로위반,건조,맑음,단일로 - 기타,승용,여,58세,중상,승용,남,38세,경상
2018040300100158,2018년 4월 3일 09시,화요일,경상북도 경산시 진량읍,경상사고,0,0,1,0,차대차 - 측면충돌,안전거리미확보,건조,맑음,교차로 - 교차로부근,화물,남,50세,상해없음,승용,여,51세,경상
2018040300100159,2018년 4월 3일 09시,화요일,경상북도 경산시 남천면,중상사고,0,1,0,0,차대차 - 후진중충돌,안전운전불이행,건조,맑음,주차장 - 주차장,승용,여,49세,상해없음,승용,남,25세,중상
2018040300100160,2018년 4월 3일 09시,화요일,경상북도 고령군 성산면,경상사고,0,0,1,0,차대차 - 측면충돌,안전운전불이행,건조,맑음,단일로 - 기타,화물,남,63세,상해없음,승용,여,61세,경상
2018040300100161,2018년 4월 3일 09시,화요일,경상북도 구미시 고아읍,경상사고,0,0,1,0,차대사람 - 기타,안전운전불이행,건조,맑음,기타 - 기타,승용,남,64세,상해없음,보행자,여,58세,경상
2018040300100180,2018년 4월 3일 10시,화요일,경상북도 포항시 북구 장성동,중상사고,0,1,1,0,차대차 - 측면충돌,안전운전불이행,건조,맑음,교차로 - 교차로안,승용,남,72세,경상,승용,남,36세,중상
2018040300100181,2018년 4월 3일 10시,화요일,경상북도 영천시 야사동,경상사고,0,0,1,0,차대차 - 측면충돌,안전거리미확보,건조,맑음,단일로 - 기타,승용,남,64세,상해없음,승용,여,34세,경상
2018040300100182,2018년 4월 3일 10시,화요일,경상북도 경주시 건천읍,중상사고,0,1,3,0,차대차 - 기타,안전운전불이행,건조,맑음,단일로 - 기타,건설기계,남,53세,상해없음,승용,여,63세,경상
2018040300100209,2018년 4월 3일 11시,화요일,경상북도 안동시 태화동,경상사고,0,0,2,0,차대차 - 추돌,안전거리미확보,건조,맑음,단일로 - 교량,승합,남,36세,상해없음,승용,여,29세,경상
2018040300100249,2018년 4월 3일 12시,화요일,경상북도 경주시 천북면,경상사고,0,0,2,0,차대차 - 추돌,안전운전불이행,건조,맑음,교차로 - 교차로안,승합,남,52세,상해없음,승용,여,36세,경상
2018040300100286,2018년 4월 3일 13시,화요일,경상북도 경주시 천군동,경상사고,0,0,1,0,차대차 - 측면충돌,안전운전불이행,건조,맑음,단일로 - 기타,승용,남,85세,상해없음,자전거,남,39세,경상
2018040300100288,2018년 4월 3일 13시,화요일,경상북도 칠곡군 석적읍,경상사고,0,0,1,0,차량단독 - 전도전복 - 전도,안전운전불이행,건조,맑음,단일로 - 기타,이륜,남,39세,경상,미분류,미분류,미분류,미분류
2018040300100289,2018년 4월 3일 13시,화요일,경상북도 성주군 용암면,경상사고,0,0,2,0,차대차 - 측면충돌,안전운전불이행,건조,맑음,교차로 - 교차로안,승용,여,52세,상해없음,승용,여,58세,경상
2018040300100290,2018년 4월 3일 13시,화요일,경상북도 포항시 남구 오천읍,중상사고,0,2,0,0,차대차 - 측면충돌,안전운전불이행,건조,맑음,교차로 - 교차로안,승용,남,65세,상해없음,승용,여,61세,중상
2018040300100291,2018년 4월 3일 13시,화요일,경상북도 포항시 남구 대잠동,중상사고,0,1,0,0,차대사람 - 기타,교차로운행방법위반,건조,맑음,교차로 - 교차로안,승용,남,51세,상해없음,보행자,여,21세,중상
2018040300100329,2018년 4월 3일 14시,화요일,경상북도 경주시 시래동,경상사고,0,0,5,0,차대차 - 추돌,안전운전불이행,건조,맑음,교차로 - 교차로안,승용,남,67세,상해없음,화물,남,62세,경상
2018040300100330,2018년 4월 3일 14시,화요일,경상북도 경주시 외동읍,경상사고,0,0,1,0,차량단독 - 공작물충돌,안전운전불이행,건조,맑음,단일로 - 기타,승합,남,58세,상해없음,,,,
2018040300100361,2018년 4월 3일 15시,화요일,경상북도 경주시 서면,중상사고,0,1,0,0,차대차 - 측면충돌,직진우회전진행방해,건조,맑음,교차로 - 교차로안,화물,남,39세,상해없음,이륜,여,56세,중상
2018040300100362,2018년 4월 3일 15시,화요일,경상북도 영천시 완산동,경상사고,0,0,1,0,차대사람 - 차도통행중,안전운전불이행,건조,맑음,교차로 - 교차로안,승용,여,41세,상해없음,보행자,남,54세,경상
2018040300100363,2018년 4월 3일 15시,화요일,경상북도 포항시 남구 송도동,경상사고,0,0,2,2,차대차 - 측면충돌,직진우회전진행방해,건조,맑음,교차로 - 교차로안,승용,여,63세,경상,승용,남,35세,경상
2018040300100396,2018년 4월 3일 16시,화요일,경상북도 경산시 진량읍,중상사고,0,1,0,0,차대차 - 정면충돌,중앙선침범,젖음/습기,맑음,교차로 - 교차로안,승용,남,58세,상해없음,화물,남,46세,중상
2018040300100434,2018년 4월 3일 17시,화요일,경상북도 경산시 하양읍,경상사고,0,0,1,0,차대차 - 측면충돌,중앙선침범,건조,맑음,단일로 - 기타,승용,남,37세,상해없음,승용,여,30세,경상
2018040300100472,2018년 4월 3일 18시,화요일,경상북도 포항시 북구 용흥동,경상사고,0,0,1,0,차대차 - 측면충돌,안전운전불이행,건조,맑음,교차로 - 교차로부근,자전거,남,12세,경상,승용,여,61세,상해없음
2018040300100473,2018년 4월 3일 18시,화요일,경상북도 포항시 북구 양덕동,중상사고,0,1,2,0,차대차 - 측면충돌,신호위반,건조,맑음,교차로 - 교차로안,승용,여,28세,경상,이륜,남,19세,중상
2018040300100474,2018년 4월 3일 18시,화요일,경상북도 안동시 옥동,부상신고사고,0,0,0,1,차대사람 - 횡단중,안전운전불이행,건조,맑음,단일로 - 기타,승용,남,31세,상해없음,보행자,남,7세,부상신고
2018040300100475,2018년 4월 3일 18시,화요일,경상북도 예천군 예천읍,중상사고,0,1,1,0,차대차 - 측면충돌,안전운전불이행,건조,맑음,단일로 - 기타,승용,여,56세,경상,자전거,남,13세,중상
2018040300100476,2018년 4월 3일 18시,화요일,경상북도 포항시 남구 이동,경상사고,0,0,1,0,차대사람 - 기타,안전운전불이행,건조,맑음,교차로 - 교차로안,승용,남,39세,상해없음,보행자,여,76세,경상
2018040300100514,2018년 4월 3일 19시,화요일,경상북도 경주시 석장동,중상사고,0,1,0,0,차대차 - 측면충돌,안전운전불이행,건조,맑음,교차로 - 교차로안,화물,남,52세,상해없음,이륜,남,47세,중상