사고번호,사고일시,요일,시군구,사고내용,사망자수,중상자수,경상자수,부상신고자수,사고유형,법규위반,노면상태,기상상태,도로형태,가해운전자 차종,가해운전자 성별,가해운전자 연령,가해운전자 상해정도,피해운전자 차종,피해운전자 성별,피해운전자 연령,피해운전자 상해정도
2018040300100554,2018년 4월 3일 20시,화요일,경상북도 경주시 성건동,중상사고,0,3,0,0,차대차 - 측면충돌,안전운전불이행,건조,맑음,단일로 - 기타,화물,남,61세,상해없음,승용,여,38세,중상
2018040300100580,2018년 4월 3일 21시,화요일,경상북도 영주시 가흥동,경상사고,0,0,1,0,차대차 - 측면충돌,교차로운행방법위반,건조,흐림,교차로 - 교차로안,승용,남,27세,상해없음,자전거,남,16세,경상
2018040300100637,2018년 4월 3일 23시,화요일,경상북도 상주시 중동면,경상사고,0,0,1,0,차량단독 - 도로외이탈 - 기타,안전운전불이행,젖음/습기,비,단일로 - 기타,화물,남,71세,경상,,,,
2018040400100007,2018년 4월 4일 00시,수요일,경상북도 경주시 외동읍,경상사고,0,0,1,0,차대차 - 추돌,안전운전불이행,건조,맑음,단일로 - 기타,승용,남,49세,상해없음,화물,남,35세,경상
2018040400100008,2018년 4월 4일 00시,수요일,경상북도 경주시 황성동,중상사고,0,1,0,0,차대차 - 측면충돌,안전운전불이행,건조,맑음,단일로 - 기타,승용,여,32세,중상,승용,남,57세,기타불명
2018040400100025,2018년 4월 4일 01시,수요일,경상북도 구미시 원평동,중상사고,0,1,0,0,차대차 - 추돌,신호위반,건조,맑음,교차로 - 교차로안,승용,남,44세,상해없음,승용,남,20세,중상
2018040400100026,2018년 4월 4일 01시,수요일,경상북도 구미시 오태동,경상사고,0,0,1,0,차량단독 - 기타,안전운전불이행,건조,맑음,단일로 - 기타,승용,남,24세,경상,,,,
2018040400100042,2018년 4월 4일 02시,수요일,경상북도 포항시 북구 청하면,중상사고,0,1,0,0,차량단독 - 공작물충돌,안전운전불이행,건조,맑음,단일로 - 기타,승용,남,26세,중상,,,,
2018040400100063,2018년 4월 4일 04시,수요일,경상북도 구미시 진평동,경상사고,0,0,1,0,차대차 - 기타,안전운전불이행,건조,기타,단일로 - 기타,이륜,남,20세,경상,화물,남,45세,상해없음
2018040400100152,2018년 4월 4일 08시,수요일,경상북도 구미시 산동면,부상신고사고,0,0,0,1,차대차 - 측면충돌,교차로운행방법위반,건조,맑음,교차로 - 교차로안,승용,여,45세,부상신고,승용,남,47세,상해없음
2018040400100153,2018년 4월 4일 08시,수요일,경상북도 포항시 남구 해도동,경상사고,0,0,1,0,차대사람 - 길가장자리구역통행중,교차로운행방법위반,젖음/습기,맑음,교차로 - 교차로안,승용,여,43세,상해없음,보행자,남,83세,경상
2018040400100180,2018년 4월 4일 09시,수요일,경상북도 경주시 황오동,중상사고,0,1,0,0,차대사람 - 횡단중,안전운전불이행,건조,흐림,단일로 - 기타,이륜,남,71세,상해없음,보행자,여,75세,중상
2018040400100181,2018년 4월 4일 09시,수요일,경상북도 안동시 태화동,중상사고,0,1,0,0,차대사람 - 횡단중,안전운전불이행,젖음/습기,비,단일로 - 기타,승용,여,39세,상해없음,보행자,여,79세,중상
2018040400100182,2018년 4월 4일 09시,수요일,경상북도 문경시 모전동,경상사고,0,0,1,0,차대차 - 측면충돌,안전운전불이행,건조,맑음,교차로 - 교차로안,승용,여,64세,경상,화물,남,45세,상해없음
2018040400100220,2018년 4월 4일 10시,수요일,경상북도 경산시 진량읍,경상사고,0,0,2,0,차대차 - 측면충돌,차로위반,젖음/습기,비,단일로 - 기타,화물,남,60세,상해없음,승용,남,30세,경상
2018040400100221,2018년 4월 4일 10시,수요일,경상북도 영덕군 영해면,중상사고,0,3,0,0,차대차 - 측면충돌,안전운전불이행,젖음/습기,비,단일로 - 기타,화물,남,66세,중상,승용,여,51세,중상
2018040400100222,2018년 4월 4일 10시,수요일,경상북도 봉화군 물야면,경상사고,0,0,1,0,차대차 - 기타,안전운전불이행,건조,맑음,단일로 - 기타,화물,남,69세,상해없음,승용,남,42세,경상
2018040400100223,2018년 4월 4일 10시,수요일,경상북도 청도군 청도읍,중상사고,0,4,2,0,차대차 - 측면충돌,신호위반,젖음/습기,비,교차로 - 교차로안,승용,여,63세,중상,승용,남,37세,경상
2018040400100224,2018년 4월 4일 10시,수요일,경상북도 청송군 파천면,경상사고,0,0,1,0,차대차 - 측면충돌,신호위반,젖음/습기,비,교차로 - 교차로안,승합,남,19세,상해없음,화물,남,65세,경상
2018040400100237,2018년 4월 4일 11시,수요일,경상북도 경주시 율동,중상사고,0,4,0,0,차대차 - 측면충돌,안전운전불이행,젖음/습기,비,단일로 - 기타,승용,남,51세,중상,화물,남,49세,중상
2018040400100254,2018년 4월 4일 12시,수요일,경상북도 상주시 인봉동,경상사고,0,0,1,0,차대차 - 측면충돌,안전운전불이행,젖음/습기,비,교차로 - 교차로안,승용,여,39세,상해없음,화물,남,61세,상해없음
2018040400100255,2018년 4월 4일 12시,수요일,경상북도 영덕군 영해면,경상사고,0,0,3,0,차대차 - 측면충돌,직진우회전진행방해,건조,맑음,교차로 - 교차로안,승용,여,49세,경상,승용,여,22세,경상
2018040400100282,2018년 4월 4일 13시,수요일,경상북도 포항시 북구 용흥동,중상사고,0,1,0,0,차대사람 - 횡단중,신호위반,건조,맑음,단일로 - 기타,화물,남,25세,상해없음,보행자,여,63세,중상
2018040400100283,2018년 4월 4일 13시,수요일,경상북도 봉화군 춘양면,중상사고,0,1,0,0,차대사람 - 기타,안전운전불이행,건조,맑음,교차로 - 교차로부근,승용,남,78세,상해없음,보행자,여,74세,중상
2018040400100318,2018년 4월 4일 14시,수요일,경상북도 포항시 북구 우현동,경상사고,0,0,2,0,차대차 - 정면충돌,안전운전불이행,건조,맑음,단일로 - 기타,화물,남,67세,상해없음,승용,여,49세,상해없음
2018040400100319,2018년 4월 4일 14시,수요일,경상북도 청도군 청도읍,경상사고,0,0,2,0,차대차 - 추돌,안전운전불이행,젖음/습기,비,기타 - 기타,승용,남,57세,상해없음,화물,남,64세,경상
2018040400100320,2018년 4월 4일 14시,수요일,경상북도 울진군 울진읍,중상사고,0,1,0,0,차대사람 - 횡단중,보행자보호의무위반,젖음/습기,비,단일로 - 기타,화물,남,67세,상해없음,보행자,여,10세,중상
2018040400100346,2018년 4월 4일 15시,수요일,경상북도 경주시 성동동,경상사고,0,0,2,0,차대차 - 측면충돌,안전운전불이행,젖음/습기,비,단일로 - 기타,승용,여,49세,경상,승합,남,48세,경상
2018040400100347,2018년 4월 4일 15시,수요일,경상북도 영천시 망정동,경상사고,0,0,3,0,차대차 - 측면충돌,중앙선침범,젖음/습기,비,단일로 - 기타,승합,남,56세,상해없음,승용,여,62세,경상
2018040400100348,2018년 4월 4일 15시,수요일,경상북도 포항시 남구 연일읍,경상사고,0,0,2,0,차대차 - 측면충돌,안전운전불이행,건조,맑음,단일로 - 기타,승용,여,57세,경상,승용,여,35세,경상
2018040400100389,2018년 4월 4일 16시,수요일,경상북도 경주시 성건동,경상사고,0,0,1,0,차대차 - 측면충돌,안전운전불이행,젖음/습기,흐림,교차로 - 교차로횡단보도내,자전거,남,54세,경상,승용,여,54세,상해없음
2018040400100390,2018년 4월 4일 16시,수요일,경상북도 포항시 남구 해도동,경상사고,0,0,1,0,차대차 - 측면충돌,안전운전불이행,젖음/습기,비,교차로 - 교차로안,이륜,남,60세,경상,화물,남,58세,상해없음
2018040400100421,2018년 4월 4일 17시,수요일,경상북도 경주시 강동면,경상사고,0,0,1,0,차량단독 - 공작물충돌,안전운전불이행,건조,맑음,단일로 - 기타,승용,남,21세,상해없음,,,,
2018040400100422,2018년 4월 4일 17시,수요일,경상북도 포항시 북구 득량동,중상사고,0,1,0,0,차대차 - 기타,안전운전불이행,건조,맑음,단일로 - 기타,승용,남,62세,상해없음,이륜,남,63세,중상
2018040400100423,2018년 4월 4일 17시,수요일,경상북도 경산시 하양읍,경상사고,0,0,6,0,차대차 - 측면충돌,안전운전불이행,건조,맑음,교차로 - 교차로안,승용,남,23세,경상,승용,남,21세,경상
2018040400100424,2018년 4월 4일 17시,수요일,경상북도 포항시 남구 괴동동,경상사고,0,0,1,0,차대차 - 측면충돌,교차로운행방법위반,건조,맑음,교차로 - 교차로안,승용,여,55세,상해없음,승용,남,27세,경상
2018040400100458,2018년 4월 4일 18시,수요일,경상북도 경주시 건천읍,경상사고,0,0,1,0,차대차 - 정면충돌,중앙선침범,젖음/습기,흐림,단일로 - 기타,승용,남,48세,상해없음,승합,남,63세,경상
2018040400100459,2018년 4월 4일 18시,수요일,경상북도 포항시 북구 신광면,중상사고,0,1,0,0,차대차 - 추돌,안전운전불이행,젖음/습기,비,단일로 - 기타,화물,남,56세,상해없음,승용,남,49세,중상
2018040400100460,2018년 4월 4일 18시,수요일,경상북도 문경시 흥덕동,경상사고,0,0,1,0,차대사람 - 횡단중,안전운전불이행,건조,맑음,단일로 - 기타,화물,여,61세,상해없음,보행자,여,7세,경상
2018040400100461,2018년 4월 4일 18시,수요일,경상북도 구미시 봉곡동,중상사고,0,1,0,0,차대차 - 추돌,안전운전불이행,건조,맑음,교차로 - 교차로부근,승용,남,55세,상해없음,승용,여,27세,중상
2018040400100499,2018년 4월 4일 19시,수요일,경상북도 경주시 노서동,경상사고,0,0,4,0,차대차 - 측면충돌,안전운전불이행,젖음/습기,비,교차로 - 교차로안,승용,여,60세,상해없음,승용,여,66세,경상
2018040400100536,2018년 4월 4일 20시,수요일,경상북도 안동시 송현동,중상사고,0,1,0,0,차대사람 - 횡단중,안전운전불이행,건조,맑음,단일로 - 기타,화물,남,52세,상해없음,보행자,남,19세,중상
2018040400100537,2018년 4월 4일 20시,수요일,경상북도 김천시 백옥동,경상사고,0,0,2,0,차대사람 - 횡단중,신호위반,젖음/습기,비,교차로 - 교차로횡단보도내,이륜,남,53세,상해없음,보행자,남,32세,경상
2018040400100567,2018년 4월 4일 21시,수요일,경상북도 의성군 단밀면,사망사고,1,0,0,0,차량단독 - 도로외이탈 - 기타,안전운전불이행,건조,흐림,단일로 - 기타,이륜,남,57세,사망,,,,
2018040400100568,2018년 4월 4일 21시,수요일,경상북도 영주시 하망동,경상사고,0,0,1,0,차대사람 - 차도통행중,안전운전불이행,건조,맑음,교차로 - 교차로안,이륜,남,25세,상해없음,보행자,남,76세,경상
2018040400100587,2018년 4월 4일 22시,수요일,경상북도 경주시 동천동,경상사고,0,0,1,2,차대차 - 측면충돌,안전운전불이행,젖음/습기,비,교차로 - 교차로안,승용,남,28세,상해없음,승용,남,64세,경상
2018040400100611,2018년 4월 4일 23시,수요일,경상북도 포항시 남구 연일읍,중상사고,0,1,2,0,차대차 - 측면충돌,직진우회전진행방해,기타,흐림,교차로 - 교차로안,승용,남,53세,경상,승용,남,50세,중상
2018040500100014,2018년 4월 5일 00시,목요일,경상북도 포항시 북구 흥해읍,경상사고,0,0,1,0,차대차 - 기타,직진우회전진행방해,건조,맑음,교차로 - 교차로안,기타불명,기타불명,미분류,기타불명,승용,남,46세,상해없음
2018040500100015,2018년 4월 5일 00시,목요일,경상북도 칠곡군 석적읍,사망사고,1,0,0,0,차량단독 - 기타,안전운전불이행,젖음/습기,맑음,단일로 - 기타,승용,남,35세,사망,,,,
2018040500100016,2018년 4월 5일 00시,목요일,경상북도 영천시 성내동,경상사고,0,0,1,0,차대차 - 추돌,안전운전불이행,젖음/습기,맑음,교차로 - 교차로부근,승용,남,38세,상해없음,승용,남,49세,경상
2018040500100017,2018년 4월 5일 00시,목요일,경상북도 영천시 금호읍,경상사고,0,0,1,0,차량단독 - 공작물충돌,안전운전불이행,젖음/습기,비,단일로 - 기타,승용,남,27세,경상,,,,
2018040500100018,2018년 4월 5일 00시,목요일,경상북도 경산시 진량읍,경상사고,0,0,1,0,차대차 - 측면충돌,신호위반,젖음/습기,비,교차로 - 교차로안,이륜,남,26세,경상,승용,남,35세,상해없음
2018040500100036,2018년 4월 5일 03시,목요일,경상북도 상주시 가장동,중상사고,0,1,0,0,차량단독 - 공작물충돌,안전운전불이행,젖음/습기,비,단일로 - 기타,승용,남,26세,상해없음,,,,
2018040500100115,2018년 4월 5일 08시,목요일,경상북도 경주시 천북면,중상사고,0,1,0,0,차대차 - 측면충돌,안전운전불이행,젖음/습기,비,교차로 - 교차로부근,화물,남,66세,상해없음,승용,여,57세,중상
2018040500100116,2018년 4월 5일 08시,목요일,경상북도 안동시 이천동,경상사고,0,0,2,0,차대차 - 정면충돌,안전운전불이행,젖음/습기,비,교차로 - 교차로안,승용,여,23세,경상,승용,남,57세,경상
2018040500100117,2018년 4월 5일 08시,목요일,경상북도 경산시 진량읍,중상사고,0,1,0,0,차대차 - 측면충돌,안전운전불이행,젖음/습기,비,단일로 - 기타,승용,여,55세,상해없음,이륜,여,48세,중상
2018040500100118,2018년 4월 5일 08시,목요일,경상북도 영양군 영양읍,중상사고,0,1,0,0,차대차 - 측면충돌,안전거리미확보,젖음/습기,흐림,단일로 - 기타,승용,여,44세,상해없음,자전거,남,63세,중상
2018040500100120,2018년 4월 5일 08시,목요일,경상북도 포항시 남구 대도동,경상사고,0,0,2,0,차대차 - 측면충돌,기타,젖음/습기,비,교차로 - 교차로안,승용,남,56세,경상,승용,남,34세,경상
2018040500100156,2018년 4월 5일 09시,목요일,경상북도 문경시 농암면,중상사고,0,3,0,0,차대차 - 정면충돌,안전운전불이행,젖음/습기,비,단일로 - 기타,화물,여,51세,중상,화물,남,61세,중상
2018040500100157,2018년 4월 5일 09시,목요일,경상북도 구미시 광평동,경상사고,0,0,1,0,차대차 - 기타,안전운전불이행,젖음/습기,비,단일로 - 기타,화물,남,68세,상해없음,승용,남,62세,경상
2018040500100187,2018년 4월 5일 10시,목요일,경상북도 구미시 고아읍,경상사고,0,0,1,0,차대차 - 기타,교차로운행방법위반,젖음/습기,비,교차로 - 교차로안,승용,남,28세,상해없음,승용,여,39세,경상
2018040500100212,2018년 4월 5일 11시,목요일,경상북도 안동시 신안동,경상사고,0,0,1,0,차대차 - 측면충돌,안전운전불이행,젖음/습기,비,교차로 - 교차로안,화물,남,60세,상해없음,이륜,남,68세,경상
2018040500100213,2018년 4월 5일 11시,목요일,경상북도 영천시 고경면,경상사고,0,0,1,0,차대차 - 후진중충돌,안전운전불이행,젖음/습기,비,기타 - 기타,화물,남,64세,상해없음,화물,남,40세,경상
2018040500100214,2018년 4월 5일 11시,목요일,경상북도 군위군 의흥면,중상사고,0,1,0,0,차대차 - 측면충돌,중앙선침범,건조,맑음,단일로 - 기타,화물,남,67세,상해없음,이륜,남,76세,중상
2018040500100244,2018년 4월 5일 12시,목요일,경상북도 구미시 황상동,경상사고,0,0,1,0,차대차 - 측면충돌,차로위반,건조,흐림,단일로 - 기타,승용,남,63세,상해없음,승용,남,49세,상해없음
2018040500100267,2018년 4월 5일 13시,목요일,경상북도 안동시 옥동,경상사고,0,0,2,0,차대차 - 추돌,안전거리미확보,젖음/습기,비,단일로 - 기타,승용,남,34세,상해없음,승용,남,57세,경상
2018040500100292,2018년 4월 5일 14시,목요일,경상북도 경주시 북군동,경상사고,0,0,1,0,차대사람 - 차도통행중,안전운전불이행,건조,맑음,단일로 - 기타,승용,남,62세,상해없음,보행자,남,62세,경상
2018040500100293,2018년 4월 5일 14시,목요일,경상북도 포항시 북구 기북면,중상사고,0,1,0,0,차대차 - 측면충돌,신호위반,건조,맑음,교차로 - 교차로안,승용,남,61세,상해없음,승용,남,59세,중상
2018040500100294,2018년 4월 5일 14시,목요일,경상북도 안동시 송현동,경상사고,0,0,2,0,차대차 - 측면충돌,차로위반,건조,맑음,단일로 - 기타,화물,남,65세,상해없음,승용,남,75세,경상
2018040500100346,2018년 4월 5일 16시,목요일,경상북도 경주시 감포읍,중상사고,0,1,0,0,차량단독 - 전도전복 - 전도,안전운전불이행,건조,맑음,단일로 - 기타,이륜,남,73세,중상,미분류,미분류,미분류,미분류
2018040500100347,2018년 4월 5일 16시,목요일,경상북도 경주시 내남면,사망사고,1,0,0,0,차대사람 - 길가장자리구역통행중,안전운전불이행,젖음/습기,흐림,교차로 - 교차로부근,승합,여,41세,상해없음,보행자,남,8세,사망
2018040500100348,2018년 4월 5일 16시,목요일,경상북도 경산시 압량면,경상사고,0,0,2,0,차대차 - 기타,안전운전불이행,건조,맑음,교차로 - 교차로부근,승용,남,53세,상해없음,승용,여,55세,경상
2018040500100349,2018년 4월 5일 16시,목요일,경상북도 울진군 매화면,경상사고,0,0,1,0,차대차 - 추돌,안전운전불이행,건조,맑음,단일로 - 기타,승용,남,64세,경상,화물,남,58세,상해없음
2018040500100417,2018년 4월 5일 18시,목요일,경상북도 영주시 상망동,중상사고,0,1,0,0,차대차 - 추돌,안전운전불이행,젖음/습기,비,교차로 - 교차로안,화물,남,47세,상해없음,승용,남,47세,중상
2018040500100418,2018년 4월 5일 18시,목요일,경상북도 구미시 옥계동,중상사고,0,1,0,0,차대차 - 기타,안전운전불이행,젖음/습기,흐림,교차로 - 교차로부근,승용,남,39세,상해없음,이륜,남,33세,중상
2018040500100419,2018년 4월 5일 18시,목요일,경상북도 포항시 남구 청림동,경상사고,0,0,1,0,차대차 - 측면충돌,교차로운행방법위반,젖음/습기,비,교차로 - 교차로안,이륜,남,30세,경상,승용,남,58세,상해없음
2018040500100532,2018년 4월 5일 20시,목요일,경상북도 구미시 송정동,중상사고,0,1,0,0,차대사람 - 횡단중,안전운전불이행,젖음/습기,비,단일로 - 기타,승용,여,41세,상해없음,보행자,여,56세,중상
2018040500100575,2018년 4월 5일 21시,목요일,경상북도 포항시 북구 두호동,경상사고,0,0,2,0,차대차 - 정면충돌,안전운전불이행,건조,맑음,교차로 - 교차로안,승용,남,29세,경상,승용,여,56세,경상
2018040500100576,2018년 4월 5일 21시,목요일,경상북도 안동시 북문동,경상사고,0,0,1,0,차대차 - 측면충돌,직진우회전진행방해,젖음/습기,비,단일로 - 기타,승용,남,53세,상해없음,승용,남,51세,상해없음
2018040500100577,2018년 4월 5일 21시,목요일,경상북도 상주시 신봉동,경상사고,0,0,1,0,차대차 - 추돌,안전운전불이행,젖음/습기,비,교차로 - 교차로부근,승용,남,47세,상해없음,승용,여,45세,경상
2018040500100578,2018년 4월 5일 21시,목요일,경상북도 경산시 사정동,사망사고,1,0,0,0,차대사람 - 횡단중,보행자보호의무위반,젖음/습기,비,단일로 - 기타,승용,남,50세,상해없음,보행자,여,68세,사망
2018040500100579,2018년 4월 5일 21시,목요일,경상북도 포항시 남구 동촌동,중상사고,0,1,3,0,차대차 - 추돌,안전운전불이행,젖음/습기,비,단일로 - 기타,승용,남,57세,상해없음,승합,남,52세,상해없음
2018040500100583,2018년 4월 5일 21시,목요일,경상북도 경산시 중산동,중상사고,0,1,0,0,차대차 - 측면충돌,안전운전불이행,건조,맑음,교차로 - 교차로부근,승용,남,53세,상해없음,자전거,남,25세,중상
2018040500100626,2018년 4월 5일 22시,목요일,경상북도 구미시 진평동,경상사고,0,0,1,0,차대차 - 추돌,안전운전불이행,젖음/습기,비,교차로 - 교차로부근,승용,남,40세,상해없음,승용,남,35세,경상
2018040500100627,2018년 4월 5일 22시,목요일,경상북도 구미시 송정동,중상사고,0,2,0,0,차대차 - 측면충돌,교차로운행방법위반,젖음/습기,비,교차로 - 교차로안,승용,남,42세,상해없음,승용,남,30세,중상
2018040500100662,2018년 4월 5일 23시,목요일,경상북도 포항시 북구 죽도동,경상사고,0,0,2,0,차대차 - 측면충돌,중앙선침범,젖음/습기,비,단일로 - 기타,승용,여,36세,상해없음,승용,남,28세,경상
2018040500100663,2018년 4월 5일 23시,목요일,경상북도 포항시 북구 흥해읍,중상사고,0,1,0,0,차량단독 - 공작물충돌,안전운전불이행,젖음/습기,비,교차로 - 교차로부근,승용,남,58세,중상,,,,
2018040500100664,2018년 4월 5일 23시,목요일,경상북도 영주시 풍기읍,부상신고사고,0,0,0,1,차량단독 - 공작물충돌,안전운전불이행,젖음/습기,흐림,단일로 - 기타,승용,남,56세,부상신고,,,,
2018040500100665,2018년 4월 5일 23시,목요일,경상북도 경산시 삼풍동,경상사고,0,0,1,0,차대사람 - 횡단중,보행자보호의무위반,젖음/습기,비,교차로 - 교차로부근,승용,남,45세,기타불명,보행자,남,38세,경상
2018040500100666,2018년 4월 5일 23시,목요일,경상북도 구미시 구평동,경상사고,0,0,1,0,차대사람 - 기타,안전운전불이행,젖음/습기,비,교차로 - 교차로부근,승용,여,67세,상해없음,보행자,여,16세,경상
2018040600100016,2018년 4월 6일 00시,금요일,경상북도 안동시 옥야동,경상사고,0,0,1,1,차대차 - 추돌,안전운전불이행,젖음/습기,비,교차로 - 교차로부근,승용,남,43세,상해없음,승용,남,49세,경상
2018040600100077,2018년 4월 6일 03시,금요일,경상북도 경주시 배반동,중상사고,0,1,1,0,차대차 - 측면충돌,안전운전불이행,젖음/습기,비,단일로 - 기타,승용,남,38세,상해없음,승용,남,27세,경상
2018040600100078,2018년 4월 6일 03시,금요일,경상북도 예천군 유천면,경상사고,0,0,1,0,차대차 - 측면충돌,중앙선침범,젖음/습기,비,단일로 - 기타,승용,여,48세,상해없음,승용,남,60세,경상
2018040600100091,2018년 4월 6일 04시,금요일,경상북도 칠곡군 석적읍,중상사고,0,1,0,0,차대차 - 추돌,안전운전불이행,건조,맑음,단일로 - 기타,화물,남,48세,상해없음,화물,남,23세,중상
2018040600100099,2018년 4월 6일 05시,금요일,경상북도 경주시 현곡면,경상사고,0,0,1,0,차대차 - 정면충돌,중앙선침범,젖음/습기,비,단일로 - 기타,승용,남,21세,상해없음,화물,남,56세,경상
2018040600100115,2018년 4월 6일 06시,금요일,경상북도 포항시 남구 대잠동,중상사고,0,2,0,0,차대차 - 측면충돌,교차로운행방법위반,젖음/습기,비,교차로 - 교차로안,화물,남,37세,상해없음,승용,남,68세,중상
2018040600100192,2018년 4월 6일 09시,금요일,경상북도 칠곡군 왜관읍,경상사고,0,0,1,0,차대차 - 측면충돌,안전운전불이행,건조,맑음,단일로 - 기타,승용,남,78세,상해없음,승용,남,39세,상해없음
2018040600100193,2018년 4월 6일 09시,금요일,경상북도 구미시 인의동,중상사고,0,1,0,0,차대사람 - 횡단중,안전운전불이행,건조,맑음,교차로 - 교차로안,승용,남,54세,상해없음,보행자,여,67세,중상
2018040600100223,2018년 4월 6일 10시,금요일,경상북도 경주시 건천읍,중상사고,0,1,0,0,차대차 - 측면충돌,안전운전불이행,건조,맑음,단일로 - 기타,승용,남,57세,상해없음,승용,남,33세,중상
2018040600100224,2018년 4월 6일 10시,금요일,경상북도 포항시 북구 대신동,경상사고,0,0,1,0,차대차 - 측면충돌,교차로운행방법위반,건조,맑음,단일로 - 기타,화물,남,50세,상해없음,승용,여,38세,경상
2018040600100225,2018년 4월 6일 10시,금요일,경상북도 칠곡군 동명면,경상사고,0,0,2,0,차대차 - 측면충돌,안전운전불이행,젖음/습기,흐림,교차로 - 교차로안,승용,여,56세,상해없음,화물,남,66세,경상
2018040600100226,2018년 4월 6일 10시,금요일,경상북도 포항시 남구 이동,경상사고,0,0,1,0,차대차 - 추돌,안전운전불이행,젖음/습기,비,교차로 - 교차로부근,승용,남,67세,상해없음,승용,남,45세,경상
2018040600100251,2018년 4월 6일 11시,금요일,경상북도 안동시 풍산읍,경상사고,0,0,1,0,차대차 - 측면충돌,교차로운행방법위반,건조,맑음,교차로 - 교차로안,화물,남,36세,상해없음,건설기계,남,57세,경상
2018040600100252,2018년 4월 6일 11시,금요일,경상북도 김천시 평화동,중상사고,0,1,0,0,차대차 - 측면충돌,교차로운행방법위반,건조,맑음,교차로 - 교차로안,화물,남,32세,상해없음,이륜,남,86세,중상
2018040600100253,2018년 4월 6일 11시,금요일,경상북도 영천시 망정동,경상사고,0,0,2,0,차대차 - 측면충돌,교차로운행방법위반,건조,맑음,교차로 - 교차로안,승용,여,63세,경상,승용,여,53세,경상
2018040600100254,2018년 4월 6일 11시,금요일,경상북도 구미시 원평동,경상사고,0,0,1,0,차대차 - 측면충돌,안전운전불이행,건조,맑음,교차로 - 교차로부근,승용,여,51세,상해없음,승용,여,40세,경상
2018040600100283,2018년 4월 6일 12시,금요일,경상북도 김천시 교동,경상사고,0,0,1,0,차대차 - 추돌,안전운전불이행,건조,맑음,단일로 - 기타,승용,남,38세,상해없음,특수,남,35세,경상
2018040600100329,2018년 4월 6일 14시,금요일,경상북도 구미시 옥계동,중상사고,0,1,0,0,차대사람 - 횡단중,안전운전불이행,건조,맑음,교차로 - 교차로횡단보도내,승합,여,60세,상해없음,보행자,여,7세,중상
2018040600100330,2018년 4월 6일 14시,금요일,경상북도 구미시 임은동,중상사고,0,1,0,1,차대차 - 기타,안전운전불이행,건조,맑음,단일로 - 기타,승합,여,50세,부상신고,승용,남,73세,중상
2018040600100363,2018년 4월 6일 15시,금요일,경상북도 경주시 신평동,중상사고,0,1,0,0,차대차 - 정면충돌,안전운전불이행,건조,맑음,단일로 - 기타,승용,남,44세,상해없음,승용,여,48세,중상
2018040600100364,2018년 4월 6일 15시,금요일,경상북도 안동시 평화동,경상사고,0,0,1,0,차대차 - 정면충돌,직진우회전진행방해,건조,맑음,교차로 - 교차로안,화물,남,62세,상해없음,승용,남,39세,상해없음
2018040600100365,2018년 4월 6일 15시,금요일,경상북도 칠곡군 동명면,경상사고,0,0,1,2,차대차 - 측면충돌,불법유턴,건조,맑음,교차로 - 교차로부근,자전거,남,76세,부상신고,이륜,남,53세,부상신고
2018040600100366,2018년 4월 6일 15시,금요일,경상북도 영천시 신령면,경상사고,0,0,2,0,차대차 - 정면충돌,중앙선침범,건조,맑음,교차로 - 교차로부근,화물,남,70세,경상,승용,여,25세,경상
2018040600100399,2018년 4월 6일 16시,금요일,경상북도 안동시 명륜동,중상사고,0,1,0,0,차대차 - 측면충돌,교차로운행방법위반,건조,맑음,교차로 - 교차로안,승용,여,23세,상해없음,이륜,남,56세,중상
2018040600100433,2018년 4월 6일 17시,금요일,경상북도 포항시 북구 상원동,경상사고,0,0,1,0,차대사람 - 기타,안전운전불이행,건조,맑음,단일로 - 기타,승용,남,24세,상해없음,보행자,남,80세,경상
2018040600100434,2018년 4월 6일 17시,금요일,경상북도 안동시 태화동,경상사고,0,0,1,0,차대사람 - 횡단중,신호위반,건조,맑음,단일로 - 기타,승용,남,21세,상해없음,보행자,남,14세,경상
2018040600100435,2018년 4월 6일 17시,금요일,경상북도 영주시 봉현면,경상사고,0,0,1,0,차대차 - 측면충돌,안전운전불이행,건조,맑음,단일로 - 기타,승용,여,42세,경상,승용,남,29세,상해없음
2018040600100436,2018년 4월 6일 17시,금요일,경상북도 청도군 청도읍,중상사고,0,1,0,0,차대차 - 측면충돌,교차로운행방법위반,건조,맑음,교차로 - 교차로안,이륜,남,49세,중상,승용,남,44세,상해없음
2018040600100437,2018년 4월 6일 17시,금요일,경상북도 구미시 광평동,경상사고,0,0,1,0,차대차 - 기타,안전운전불이행,건조,맑음,기타 - 기타,승용,남,52세,상해없음,자전거,남,35세,경상
2018040600100468,2018년 4월 6일 18시,금요일,경상북도 경주시 동천동,경상사고,0,0,1,0,차대차 - 측면충돌,안전운전불이행,건조,맑음,교차로 - 교차로안,승용,남,54세,상해없음,승용,여,60세,경상
2018040600100469,2018년 4월 6일 18시,금요일,경상북도 포항시 남구 오천읍,경상사고,0,0,1,0,차대차 - 측면충돌,안전운전불이행,건조,맑음,교차로 - 교차로안,승용,여,67세,상해없음,승용,남,24세,경상
2018040600100503,2018년 4월 6일 19시,금요일,경상북도 칠곡군 지천면,경상사고,0,0,1,0,차대차 - 측면충돌,교차로운행방법위반,건조,맑음,교차로 - 교차로안,화물,남,47세,상해없음,화물,남,46세,경상
2018040600100504,2018년 4월 6일 19시,금요일,경상북도 경산시 하양읍,중상사고,0,1,0,0,차대사람 - 기타,안전운전불이행,건조,맑음,단일로 - 기타,기타불명,기타불명,미분류,기타불명,보행자,남,58세,중상