사고번호,사고일시,요일,시군구,사고내용,사망자수,중상자수,경상자수,부상신고자수,사고유형,법규위반,노면상태,기상상태,도로형태,가해운전자 차종,가해운전자 성별,가해운전자 연령,가해운전자 상해정도,피해운전자 차종,피해운전자 성별,피해운전자 연령,피해운전자 상해정도
2018041200100437,2018년 4월 12일 17시,목요일,경상북도 구미시 옥성면,중상사고,0,1,1,1,차대차 - 기타,안전운전불이행,건조,맑음,단일로 - 기타,화물,남,55세,경상,화물,남,48세,중상
2018041200100480,2018년 4월 12일 18시,목요일,경상북도 경산시 중방동,중상사고,0,1,0,0,차대차 - 측면충돌,교차로운행방법위반,건조,맑음,교차로 - 교차로안,승용,남,42세,상해없음,이륜,남,56세,중상
2018041200100518,2018년 4월 12일 19시,목요일,경상북도 경주시 현곡면,중상사고,0,2,3,0,차대차 - 추돌,안전운전불이행,건조,맑음,단일로 - 기타,승용,남,61세,상해없음,승용,남,35세,중상
2018041200100519,2018년 4월 12일 19시,목요일,경상북도 경주시 황성동,부상신고사고,0,0,0,1,차대차 - 측면충돌,안전거리미확보,건조,맑음,교차로 - 교차로부근,이륜,남,18세,부상신고,승용,남,65세,상해없음
2018041200100520,2018년 4월 12일 19시,목요일,경상북도 고령군 다산면,경상사고,0,0,1,0,차량단독 - 공작물충돌,안전운전불이행,건조,맑음,단일로 - 기타,이륜,남,53세,경상,,,,
2018041200100561,2018년 4월 12일 20시,목요일,경상북도 경주시 광명동,중상사고,0,1,1,0,차대차 - 측면충돌,안전운전불이행,건조,맑음,교차로 - 교차로안,승용,여,56세,중상,화물,남,54세,경상
2018041200100562,2018년 4월 12일 20시,목요일,경상북도 경주시 성건동,경상사고,0,0,1,0,차대차 - 추돌,안전운전불이행,건조,맑음,교차로 - 교차로안,승용,여,50세,상해없음,승용,남,55세,경상
2018041200100563,2018년 4월 12일 20시,목요일,경상북도 영주시 휴천동,경상사고,0,0,2,0,차대사람 - 횡단중,보행자보호의무위반,건조,맑음,교차로 - 교차로횡단보도내,승용,남,23세,상해없음,보행자,여,63세,경상
2018041200100564,2018년 4월 12일 20시,목요일,경상북도 영천시 창구동,경상사고,0,0,1,0,차대사람 - 횡단중,안전운전불이행,건조,맑음,단일로 - 기타,승용,여,28세,상해없음,보행자,여,68세,경상
2018041200100565,2018년 4월 12일 20시,목요일,경상북도 봉화군 석포면,중상사고,0,4,1,0,차대차 - 정면충돌,중앙선침범,건조,맑음,단일로 - 기타,승용,여,54세,중상,승용,남,30세,중상
2018041200100626,2018년 4월 12일 22시,목요일,경상북도 영주시 하망동,중상사고,0,1,1,0,차대차 - 추돌,안전운전불이행,건조,맑음,단일로 - 기타,승용,남,43세,상해없음,승용,여,46세,중상
2018041200100627,2018년 4월 12일 22시,목요일,경상북도 경산시 조영동,경상사고,0,0,3,0,차대차 - 측면충돌,직진우회전진행방해,건조,맑음,교차로 - 교차로안,승용,남,25세,경상,승용,남,26세,경상
2018041200100650,2018년 4월 12일 23시,목요일,경상북도 포항시 북구 양덕동,중상사고,0,1,0,0,차대차 - 측면충돌,신호위반,건조,맑음,교차로 - 교차로안,원동기,남,40세,중상,승용,남,59세,상해없음
2018041300100006,2018년 4월 13일 00시,금요일,경상북도 경주시 양남면,경상사고,0,0,1,0,차대차 - 측면충돌,안전운전불이행,건조,맑음,단일로 - 기타,승용,남,33세,상해없음,승용,남,38세,경상
2018041300100007,2018년 4월 13일 00시,금요일,경상북도 경산시 진량읍,경상사고,0,0,2,0,차대차 - 추돌,안전운전불이행,건조,맑음,교차로 - 교차로부근,승용,남,38세,상해없음,승용,여,32세,경상
2018041300100021,2018년 4월 13일 01시,금요일,경상북도 구미시 옥성면,중상사고,0,1,2,0,차대차 - 추돌,안전운전불이행,건조,맑음,단일로 - 기타,화물,남,37세,중상,화물,남,40세,경상
2018041300100048,2018년 4월 13일 04시,금요일,경상북도 포항시 남구 상도동,경상사고,0,0,1,0,차대사람 - 차도통행중,안전운전불이행,건조,맑음,단일로 - 기타,승용,남,46세,상해없음,보행자,남,37세,경상
2018041300100054,2018년 4월 13일 05시,금요일,경상북도 구미시 남통동,부상신고사고,0,0,0,1,차량단독 - 도로외이탈 - 추락,안전운전불이행,건조,맑음,단일로 - 기타,이륜,남,18세,부상신고,,,,
2018041300100090,2018년 4월 13일 07시,금요일,경상북도 김천시 남면,경상사고,0,0,2,0,차대차 - 추돌,안전운전불이행,건조,맑음,단일로 - 기타,화물,남,64세,상해없음,화물,남,64세,경상
2018041300100091,2018년 4월 13일 07시,금요일,경상북도 포항시 남구 연일읍,경상사고,0,0,1,0,차대차 - 추돌,안전운전불이행,건조,맑음,단일로 - 기타,승용,남,36세,경상,승용,남,55세,상해없음
2018041300100092,2018년 4월 13일 07시,금요일,경상북도 포항시 남구 청림동,중상사고,0,1,0,0,차대차 - 측면충돌,신호위반,건조,맑음,교차로 - 교차로안,승용,남,31세,상해없음,자전거,남,62세,중상
2018041300100126,2018년 4월 13일 08시,금요일,경상북도 경주시 안강읍,부상신고사고,0,0,0,1,차대차 - 측면충돌,안전운전불이행,건조,맑음,교차로 - 교차로안,이륜,남,79세,부상신고,이륜,남,76세,상해없음
2018041300100127,2018년 4월 13일 08시,금요일,경상북도 경주시 성건동,경상사고,0,0,1,0,차대차 - 측면충돌,안전운전불이행,건조,맑음,단일로 - 지하차도(도로)내,승용,여,44세,상해없음,자전거,여,69세,경상
2018041300100128,2018년 4월 13일 08시,금요일,경상북도 포항시 북구 우현동,경상사고,0,0,1,0,차대차 - 측면충돌,안전거리미확보,건조,맑음,단일로 - 기타,화물,남,64세,상해없음,승용,남,53세,경상
2018041300100129,2018년 4월 13일 08시,금요일,경상북도 포항시 남구 대도동,중상사고,0,1,0,0,차대차 - 측면충돌,안전운전불이행,건조,맑음,단일로 - 기타,자전거,남,65세,중상,승용,여,46세,상해없음
2018041300100178,2018년 4월 13일 09시,금요일,경상북도 영주시 창진동,경상사고,0,0,1,0,차대차 - 측면충돌,안전운전불이행,건조,맑음,단일로 - 기타,화물,남,62세,상해없음,자전거,남,77세,경상
2018041300100179,2018년 4월 13일 09시,금요일,경상북도 영천시 문외동,중상사고,0,1,0,0,차대사람 - 보도통행중,과속,건조,맑음,교차로 - 교차로부근,승용,남,26세,상해없음,보행자,남,71세,중상
2018041300100180,2018년 4월 13일 09시,금요일,경상북도 구미시 공단동,경상사고,0,0,3,1,차대차 - 측면충돌,교차로운행방법위반,건조,맑음,교차로 - 교차로안,승용,여,47세,부상신고,승합,남,55세,경상
2018041300100181,2018년 4월 13일 09시,금요일,경상북도 포항시 남구 대도동,경상사고,0,0,1,0,차대차 - 측면충돌,안전운전불이행,건조,맑음,단일로 - 기타,승합,남,68세,상해없음,승합,남,57세,경상
2018041300100205,2018년 4월 13일 10시,금요일,경상북도 포항시 북구 용흥동,중상사고,0,1,0,0,차대차 - 측면충돌,신호위반,건조,맑음,교차로 - 교차로안,승용,여,51세,상해없음,이륜,남,54세,중상
2018041300100233,2018년 4월 13일 11시,금요일,경상북도 경주시 성건동,경상사고,0,0,1,0,차대차 - 추돌,안전운전불이행,건조,맑음,단일로 - 기타,승합,여,44세,상해없음,승용,남,57세,경상
2018041300100234,2018년 4월 13일 11시,금요일,경상북도 구미시 송정동,경상사고,0,0,1,0,차대차 - 측면충돌,안전운전불이행,건조,맑음,교차로 - 교차로부근,승용,여,26세,경상,승용,남,57세,기타불명
2018041300100258,2018년 4월 13일 12시,금요일,경상북도 구미시 인의동,부상신고사고,0,0,0,1,차대차 - 측면충돌,안전운전불이행,건조,맑음,단일로 - 기타,이륜,남,60세,부상신고,승용,남,71세,상해없음
2018041300100286,2018년 4월 13일 13시,금요일,경상북도 안동시 천리동,중상사고,0,1,0,0,차대사람 - 기타,안전운전불이행,건조,맑음,단일로 - 기타,승용,남,61세,상해없음,보행자,남,71세,중상
2018041300100287,2018년 4월 13일 13시,금요일,경상북도 봉화군 소천면,중상사고,0,1,1,0,차대차 - 추돌,안전운전불이행,건조,맑음,단일로 - 터널,승용,남,71세,상해없음,건설기계,남,60세,상해없음
2018041300100314,2018년 4월 13일 14시,금요일,경상북도 김천시 부곡동,경상사고,0,0,1,0,차대차 - 측면충돌,안전운전불이행,건조,맑음,교차로 - 교차로안,건설기계,남,59세,상해없음,이륜,남,62세,경상
2018041300100315,2018년 4월 13일 14시,금요일,경상북도 의성군 다인면,중상사고,0,1,0,0,차대차 - 측면충돌,안전운전불이행,건조,맑음,단일로 - 기타,이륜,남,47세,중상,화물,남,55세,상해없음
2018041300100316,2018년 4월 13일 14시,금요일,경상북도 영천시 신령면,중상사고,0,1,0,0,차대차 - 측면충돌,안전운전불이행,건조,맑음,단일로 - 기타,승용,여,62세,상해없음,이륜,남,82세,중상
2018041300100317,2018년 4월 13일 14시,금요일,경상북도 문경시 호계면,중상사고,0,1,0,0,차량단독 - 공작물충돌,안전운전불이행,건조,맑음,단일로 - 기타,이륜,남,58세,중상,,,,
2018041300100318,2018년 4월 13일 14시,금요일,경상북도 구미시 봉곡동,경상사고,0,0,1,0,차대차 - 기타,안전운전불이행,건조,맑음,단일로 - 기타,승용,남,40세,상해없음,이륜,남,21세,경상
2018041300100346,2018년 4월 13일 15시,금요일,경상북도 구미시 공단동,중상사고,0,1,1,0,차대차 - 기타,직진우회전진행방해,건조,맑음,교차로 - 교차로안,승용,여,40세,경상,승용,남,48세,중상
2018041300100392,2018년 4월 13일 16시,금요일,경상북도 포항시 북구 항구동,경상사고,0,0,1,0,차대차 - 측면충돌,안전운전불이행,건조,맑음,단일로 - 기타,화물,남,67세,상해없음,승용,남,36세,경상
2018041300100393,2018년 4월 13일 16시,금요일,경상북도 김천시 감천면,경상사고,0,0,1,0,차대차 - 추돌,안전운전불이행,건조,맑음,단일로 - 기타,승용,남,42세,상해없음,화물,남,27세,상해없음
2018041300100394,2018년 4월 13일 16시,금요일,경상북도 구미시 인의동,경상사고,0,0,2,0,차대차 - 측면충돌,교차로운행방법위반,건조,맑음,교차로 - 교차로안,승용,여,29세,상해없음,승합,남,55세,경상
2018041300100395,2018년 4월 13일 16시,금요일,경상북도 포항시 남구 연일읍,중상사고,0,1,0,0,차대차 - 기타,중앙선침범,건조,맑음,단일로 - 기타,화물,남,77세,중상,승용,남,51세,상해없음
2018041300100396,2018년 4월 13일 16시,금요일,경상북도 포항시 남구 대도동,경상사고,0,0,1,0,차대차 - 추돌,안전거리미확보,건조,맑음,단일로 - 기타,화물,남,67세,상해없음,승용,남,23세,경상
2018041300100435,2018년 4월 13일 17시,금요일,경상북도 포항시 북구 죽도동,경상사고,0,0,1,0,차대차 - 측면충돌,기타,건조,맑음,단일로 - 기타,승용,남,61세,상해없음,이륜,남,27세,경상
2018041300100436,2018년 4월 13일 17시,금요일,경상북도 영주시 풍기읍,경상사고,0,0,1,0,차대차 - 측면충돌,안전운전불이행,건조,맑음,단일로 - 기타,화물,여,58세,상해없음,승용,남,56세,경상
2018041300100437,2018년 4월 13일 17시,금요일,경상북도 구미시 해평면,경상사고,0,0,1,0,차대차 - 기타,기타,건조,맑음,단일로 - 기타,화물,남,66세,상해없음,승용,여,56세,경상
2018041300100474,2018년 4월 13일 18시,금요일,경상북도 구미시 공단동,경상사고,0,0,1,0,차대차 - 기타,교차로운행방법위반,건조,맑음,교차로 - 교차로안,승용,남,32세,상해없음,승용,남,36세,경상
2018041300100503,2018년 4월 13일 19시,금요일,경상북도 영주시 이산면,경상사고,0,0,1,0,차량단독 - 공작물충돌,안전운전불이행,건조,맑음,교차로 - 교차로안,승용,남,78세,경상,,,,
2018041300100504,2018년 4월 13일 19시,금요일,경상북도 칠곡군 가산면,중상사고,0,2,6,0,차대차 - 추돌,안전운전불이행,건조,맑음,단일로 - 기타,승용,남,25세,상해없음,승합,남,49세,중상
2018041300100545,2018년 4월 13일 20시,금요일,경상북도 안동시 정하동,경상사고,0,0,2,0,차대차 - 추돌,안전운전불이행,건조,흐림,교차로 - 교차로부근,승용,남,53세,경상,승용,남,67세,경상
2018041300100546,2018년 4월 13일 20시,금요일,경상북도 포항시 남구 오천읍,중상사고,0,1,0,0,차대차 - 측면충돌,중앙선침범,건조,맑음,교차로 - 교차로안,이륜,남,27세,상해없음,이륜,남,17세,중상
2018041300100547,2018년 4월 13일 20시,금요일,경상북도 포항시 남구 구룡포읍,경상사고,0,0,1,0,차대차 - 기타,안전운전불이행,건조,맑음,단일로 - 기타,승용,남,51세,경상,승용,남,68세,기타불명
2018041300100589,2018년 4월 13일 21시,금요일,경상북도 경주시 동천동,중상사고,0,1,0,0,차대사람 - 기타,안전운전불이행,건조,맑음,단일로 - 기타,승용,남,52세,상해없음,보행자,남,58세,중상
2018041300100590,2018년 4월 13일 21시,금요일,경상북도 김천시 부곡동,경상사고,0,0,1,0,차대사람 - 길가장자리구역통행중,안전운전불이행,건조,맑음,단일로 - 기타,승용,남,32세,상해없음,보행자,남,24세,경상
2018041300100624,2018년 4월 13일 22시,금요일,경상북도 경산시 사동,경상사고,0,0,1,0,차대차 - 추돌,안전운전불이행,건조,맑음,단일로 - 기타,승용,여,37세,상해없음,승용,여,54세,경상
2018041300100625,2018년 4월 13일 22시,금요일,경상북도 청도군 이서면,경상사고,0,0,2,0,차대차 - 측면충돌,안전거리미확보,건조,맑음,단일로 - 기타,승용,남,28세,경상,승용,남,73세,경상
2018041300100626,2018년 4월 13일 22시,금요일,경상북도 구미시 공단동,경상사고,0,0,3,0,차대차 - 기타,직진우회전진행방해,건조,맑음,교차로 - 교차로안,승용,남,30세,상해없음,화물,남,19세,경상
2018041300100653,2018년 4월 13일 23시,금요일,경상북도 경주시 용강동,경상사고,0,0,1,0,차대사람 - 횡단중,보행자보호의무위반,건조,맑음,단일로 - 기타,화물,남,60세,상해없음,보행자,여,57세,경상
2018041300100654,2018년 4월 13일 23시,금요일,경상북도 구미시 황상동,경상사고,0,0,1,0,차대차 - 기타,안전운전불이행,건조,맑음,기타 - 기타,승용,남,30세,상해없음,이륜,남,36세,경상
2018041400100009,2018년 4월 14일 00시,토요일,경상북도 포항시 북구 용흥동,경상사고,0,0,2,0,차대차 - 추돌,안전운전불이행,건조,맑음,교차로 - 교차로부근,승용,남,26세,상해없음,승용,남,38세,경상
2018041400100120,2018년 4월 14일 06시,토요일,경상북도 김천시 아포읍,중상사고,0,1,0,0,차대차 - 기타,안전거리미확보,젖음/습기,비,단일로 - 기타,승용,남,66세,상해없음,승용,남,43세,중상
2018041400100138,2018년 4월 14일 07시,토요일,경상북도 김천시 성내동,경상사고,0,0,1,0,차대차 - 측면충돌,안전운전불이행,건조,맑음,교차로 - 교차로횡단보도내,승용,남,56세,상해없음,자전거,남,22세,경상
2018041400100139,2018년 4월 14일 07시,토요일,경상북도 칠곡군 북삼읍,중상사고,0,1,0,0,차대차 - 측면충돌,교차로운행방법위반,건조,맑음,교차로 - 교차로안,승용,남,55세,상해없음,승용,여,55세,중상
2018041400100140,2018년 4월 14일 07시,토요일,경상북도 구미시 공단동,부상신고사고,0,0,0,1,차량단독 - 공작물충돌,안전운전불이행,젖음/습기,흐림,단일로 - 기타,화물,남,29세,부상신고,,,,
2018041400100154,2018년 4월 14일 08시,토요일,경상북도 의성군 옥산면,경상사고,0,0,2,0,차대차 - 측면충돌,안전운전불이행,젖음/습기,비,단일로 - 기타,승용,남,36세,경상,승용,남,79세,경상
2018041400100155,2018년 4월 14일 08시,토요일,경상북도 영덕군 축산면,경상사고,0,0,1,0,차대차 - 추돌,안전운전불이행,젖음/습기,비,단일로 - 기타,승용,남,86세,상해없음,화물,남,55세,경상
2018041400100182,2018년 4월 14일 09시,토요일,경상북도 영주시 하망동,중상사고,0,1,0,0,차대차 - 추돌,안전운전불이행,젖음/습기,비,단일로 - 기타,화물,남,68세,중상,승합,남,44세,상해없음
2018041400100183,2018년 4월 14일 09시,토요일,경상북도 경산시 진량읍,경상사고,0,0,1,1,차대차 - 측면충돌,중앙선침범,젖음/습기,비,단일로 - 기타,승용,남,23세,기타불명,승용,남,28세,부상신고
2018041400100184,2018년 4월 14일 09시,토요일,경상북도 구미시 선산읍,경상사고,0,0,1,0,차대차 - 기타,안전운전불이행,젖음/습기,비,단일로 - 기타,승용,남,62세,상해없음,승용,여,44세,경상
2018041400100185,2018년 4월 14일 09시,토요일,경상북도 포항시 남구 연일읍,중상사고,0,2,1,0,차대차 - 기타,직진우회전진행방해,젖음/습기,비,교차로 - 교차로안,화물,남,56세,경상,승용,여,43세,중상
2018041400100186,2018년 4월 14일 09시,토요일,경상북도 포항시 남구 동촌동,경상사고,0,0,1,0,차대차 - 기타,안전거리미확보,젖음/습기,비,교차로 - 교차로부근,승용,남,25세,상해없음,화물,남,26세,경상
2018041400100207,2018년 4월 14일 10시,토요일,경상북도 봉화군 춘양면,경상사고,0,0,2,0,차대차 - 측면충돌,교차로운행방법위반,젖음/습기,비,교차로 - 교차로안,화물,남,62세,상해없음,승용,여,60세,경상
2018041400100238,2018년 4월 14일 11시,토요일,경상북도 포항시 남구 대잠동,경상사고,0,0,2,0,차대차 - 측면충돌,안전운전불이행,건조,맑음,단일로 - 기타,화물,남,59세,경상,승용,남,30세,경상
2018041400100276,2018년 4월 14일 12시,토요일,경상북도 포항시 북구 흥해읍,경상사고,0,0,1,0,차량단독 - 전도전복 - 전도,안전운전불이행,젖음/습기,비,단일로 - 교량,원동기,남,22세,경상,미분류,미분류,미분류,미분류
2018041400100277,2018년 4월 14일 12시,토요일,경상북도 안동시 정상동,중상사고,0,2,1,0,차대차 - 측면충돌,교차로운행방법위반,젖음/습기,비,교차로 - 교차로안,화물,남,70세,상해없음,승용,남,32세,중상
2018041400100278,2018년 4월 14일 12시,토요일,경상북도 영천시 금호읍,중상사고,0,1,1,0,차대차 - 측면충돌,기타,젖음/습기,비,교차로 - 교차로안,승용,남,74세,상해없음,승용,남,52세,중상
2018041400100279,2018년 4월 14일 12시,토요일,경상북도 문경시 문경읍,중상사고,0,1,1,0,차대차 - 측면충돌,직진우회전진행방해,젖음/습기,비,교차로 - 교차로안,승용,여,50세,상해없음,승용,남,31세,경상
2018041400100306,2018년 4월 14일 13시,토요일,경상북도 안동시 정하동,경상사고,0,0,1,0,차대차 - 측면충돌,안전운전불이행,건조,맑음,단일로 - 기타,승용,남,36세,상해없음,승용,여,56세,경상
2018041400100344,2018년 4월 14일 14시,토요일,경상북도 포항시 북구 득량동,경상사고,0,0,1,0,차대차 - 측면충돌,직진우회전진행방해,건조,맑음,교차로 - 교차로안,승용,남,66세,상해없음,승용,여,52세,경상
2018041400100345,2018년 4월 14일 14시,토요일,경상북도 안동시 임하면,경상사고,0,0,1,0,차대차 - 정면충돌,중앙선침범,젖음/습기,비,단일로 - 기타,화물,남,53세,상해없음,승용,남,38세,경상
2018041400100372,2018년 4월 14일 15시,토요일,경상북도 울릉군 서면,경상사고,0,0,4,1,차대차 - 정면충돌,안전운전불이행,젖음/습기,비,단일로 - 터널,승합,남,65세,상해없음,승합,남,42세,부상신고
2018041400100373,2018년 4월 14일 15시,토요일,경상북도 구미시 공단동,경상사고,0,0,1,0,차량단독 - 기타,안전운전불이행,건조,맑음,단일로 - 기타,승용,여,57세,경상,,,,
2018041400100374,2018년 4월 14일 15시,토요일,경상북도 포항시 남구 해도동,경상사고,0,0,2,0,차대차 - 측면충돌,안전운전불이행,젖음/습기,비,단일로 - 기타,승용,남,64세,상해없음,승용,남,49세,경상
2018041400100403,2018년 4월 14일 16시,토요일,경상북도 포항시 북구 대신동,경상사고,0,0,1,0,차대사람 - 기타,중앙선침범,건조,맑음,단일로 - 기타,승용,남,73세,상해없음,보행자,여,22세,경상
2018041400100404,2018년 4월 14일 16시,토요일,경상북도 상주시 화북면,중상사고,0,1,0,0,차대차 - 추돌,기타,건조,맑음,교차로 - 교차로안,승용,남,40세,상해없음,화물,남,48세,중상
2018041400100405,2018년 4월 14일 16시,토요일,경상북도 영덕군 병곡면,중상사고,0,1,3,0,차대차 - 추돌,안전운전불이행,젖음/습기,흐림,단일로 - 고가도로위,승용,남,59세,상해없음,승용,여,62세,경상
2018041400100406,2018년 4월 14일 16시,토요일,경상북도 예천군 예천읍,중상사고,0,1,0,0,차대차 - 측면충돌,중앙선침범,건조,맑음,단일로 - 기타,승용,남,57세,상해없음,승용,여,35세,중상
2018041400100407,2018년 4월 14일 16시,토요일,경상북도 구미시 비산동,경상사고,0,0,3,0,차대차 - 기타,안전운전불이행,건조,맑음,단일로 - 기타,승용,남,39세,상해없음,승용,남,23세,경상
2018041400100408,2018년 4월 14일 16시,토요일,경상북도 구미시 인의동,중상사고,0,1,0,0,차대차 - 기타,안전운전불이행,젖음/습기,비,단일로 - 기타,승용,남,75세,상해없음,이륜,남,65세,중상
2018041400100409,2018년 4월 14일 16시,토요일,경상북도 포항시 남구 해도동,경상사고,0,0,1,0,차대차 - 기타,안전운전불이행,젖음/습기,비,단일로 - 기타,승용,남,77세,상해없음,이륜,남,47세,경상
2018041400100433,2018년 4월 14일 17시,토요일,경상북도 포항시 남구 대잠동,중상사고,0,2,0,0,차량단독 - 전도전복 - 전도,안전운전불이행,젖음/습기,비,교차로 - 교차로안,이륜,남,19세,중상,미분류,미분류,미분류,미분류
2018041400100457,2018년 4월 14일 18시,토요일,경상북도 상주시 무양동,중상사고,0,1,4,0,차대차 - 측면충돌,신호위반,건조,맑음,교차로 - 교차로안,승용,여,32세,상해없음,승합,남,55세,중상
2018041400100458,2018년 4월 14일 18시,토요일,경상북도 포항시 남구 이동,경상사고,0,0,1,0,차대차 - 측면충돌,기타,건조,맑음,교차로 - 교차로안,이륜,남,25세,경상,승용,여,37세,상해없음
2018041400100482,2018년 4월 14일 19시,토요일,경상북도 경주시 동천동,경상사고,0,0,2,0,차대차 - 측면충돌,안전운전불이행,건조,맑음,교차로 - 교차로안,승용,여,54세,경상,승용,남,26세,경상
2018041400100483,2018년 4월 14일 19시,토요일,경상북도 포항시 북구 대흥동,경상사고,0,0,1,0,차대차 - 측면충돌,차로위반,젖음/습기,흐림,단일로 - 기타,승용,남,20세,상해없음,원동기,남,49세,경상
2018041400100484,2018년 4월 14일 19시,토요일,경상북도 포항시 북구 우현동,경상사고,0,0,1,0,차대차 - 측면충돌,안전운전불이행,건조,맑음,단일로 - 기타,승용,남,22세,상해없음,승용,남,40세,경상
2018041400100485,2018년 4월 14일 19시,토요일,경상북도 구미시 도량동,경상사고,0,0,1,0,차대차 - 기타,안전운전불이행,건조,맑음,교차로 - 교차로안,승용,남,48세,상해없음,이륜,남,44세,경상
2018041400100508,2018년 4월 14일 20시,토요일,경상북도 고령군 성산면,경상사고,0,0,1,0,차대차 - 측면충돌,신호위반,건조,맑음,교차로 - 교차로안,승용,여,57세,상해없음,승용,여,51세,경상
2018041400100509,2018년 4월 14일 20시,토요일,경상북도 구미시 오태동,경상사고,0,0,2,0,차대차 - 기타,중앙선침범,건조,맑음,교차로 - 교차로부근,승용,여,55세,상해없음,승용,남,48세,경상
2018041400100532,2018년 4월 14일 21시,토요일,경상북도 경주시 서부동,경상사고,0,0,1,0,차대차 - 추돌,안전운전불이행,건조,맑음,단일로 - 기타,승용,남,32세,기타불명,승합,남,45세,경상
2018041400100533,2018년 4월 14일 21시,토요일,경상북도 고령군 대가야읍,경상사고,0,0,1,0,차량단독 - 공작물충돌,안전운전불이행,건조,맑음,교차로 - 교차로부근,화물,남,34세,경상,,,,
2018041400100534,2018년 4월 14일 21시,토요일,경상북도 구미시 고아읍,경상사고,0,0,1,0,차대차 - 기타,차로위반,건조,맑음,교차로 - 교차로부근,이륜,남,40세,경상,승용,여,40세,상해없음
2018041400100550,2018년 4월 14일 22시,토요일,경상북도 경주시 석장동,중상사고,0,2,0,0,차대사람 - 횡단중,보행자보호의무위반,건조,맑음,교차로 - 교차로부근,승용,남,21세,상해없음,보행자,남,54세,중상
2018041400100551,2018년 4월 14일 22시,토요일,경상북도 문경시 우지동,경상사고,0,0,1,0,차량단독 - 도로외이탈 - 기타,안전운전불이행,건조,맑음,단일로 - 기타,승용,남,41세,경상,,,,
2018041400100575,2018년 4월 14일 23시,토요일,경상북도 김천시 부곡동,중상사고,0,1,1,0,차대차 - 추돌,안전운전불이행,건조,맑음,교차로 - 교차로부근,화물,남,47세,상해없음,승용,남,57세,중상
2018041400100576,2018년 4월 14일 23시,토요일,경상북도 칠곡군 기산면,경상사고,0,0,1,0,차대차 - 측면충돌,안전운전불이행,건조,흐림,단일로 - 교량,승용,남,50세,상해없음,승용,남,54세,상해없음
2018041500100025,2018년 4월 15일 01시,일요일,경상북도 포항시 북구 청하면,경상사고,0,0,1,0,차대차 - 추돌,안전운전불이행,건조,맑음,단일로 - 기타,승용,남,51세,상해없음,승용,여,33세,경상
2018041500100026,2018년 4월 15일 01시,일요일,경상북도 칠곡군 석적읍,중상사고,0,1,1,0,차대사람 - 보도통행중,안전운전불이행,건조,맑음,단일로 - 기타,승용,남,27세,상해없음,보행자,남,48세,중상
2018041500100034,2018년 4월 15일 02시,일요일,경상북도 안동시 정하동,경상사고,0,0,1,0,차대차 - 추돌,교차로운행방법위반,건조,맑음,교차로 - 교차로안,승용,남,47세,상해없음,화물,남,60세,경상
2018041500100067,2018년 4월 15일 05시,일요일,경상북도 경산시 임당동,경상사고,0,0,1,0,차대사람 - 길가장자리구역통행중,안전운전불이행,건조,맑음,단일로 - 기타,승용,남,27세,상해없음,보행자,남,23세,경상
2018041500100090,2018년 4월 15일 08시,일요일,경상북도 안동시 도산면,경상사고,0,0,2,0,차대차 - 측면충돌,직진우회전진행방해,건조,맑음,교차로 - 교차로안,화물,남,66세,상해없음,승용,남,74세,경상
2018041500100155,2018년 4월 15일 11시,일요일,경상북도 안동시 옥동,중상사고,0,1,0,0,차량단독 - 공작물충돌,안전운전불이행,건조,맑음,교차로 - 교차로부근,승용,남,46세,중상,,,,
2018041500100156,2018년 4월 15일 11시,일요일,경상북도 경산시 압량면,중상사고,0,1,0,0,차대사람 - 기타,신호위반,건조,맑음,교차로 - 교차로안,승용,남,67세,상해없음,보행자,여,6세,중상
2018041500100209,2018년 4월 15일 13시,일요일,경상북도 경주시 구황동,경상사고,0,0,5,0,차대차 - 측면충돌,안전운전불이행,건조,맑음,교차로 - 교차로안,승용,여,23세,경상,건설기계,남,56세,경상
2018041500100225,2018년 4월 15일 14시,일요일,경상북도 경주시 양북면,중상사고,0,1,0,0,차대차 - 기타,신호위반,건조,맑음,단일로 - 터널,승용,남,49세,상해없음,승용,남,55세,중상
2018041500100248,2018년 4월 15일 14시,일요일,경상북도 경주시 강동면,경상사고,0,0,1,0,차대차 - 측면충돌,안전운전불이행,건조,맑음,단일로 - 지하차도(도로)내,자전거,남,61세,경상,자전거,남,65세,상해없음
2018041500100249,2018년 4월 15일 14시,일요일,경상북도 고령군 대가야읍,경상사고,0,0,1,0,차대차 - 측면충돌,안전운전불이행,건조,맑음,단일로 - 기타,이륜,남,18세,상해없음,자전거,남,13세,경상
2018041500100276,2018년 4월 15일 15시,일요일,경상북도 경주시 황남동,경상사고,0,0,1,0,차대사람 - 차도통행중,안전운전불이행,건조,맑음,단일로 - 기타,승용,여,22세,상해없음,보행자,여,21세,경상
2018041500100277,2018년 4월 15일 15시,일요일,경상북도 경주시 황성동,중상사고,0,1,0,0,차대사람 - 차도통행중,안전운전불이행,건조,맑음,단일로 - 기타,승용,남,46세,상해없음,보행자,여,16세,중상
2018041500100278,2018년 4월 15일 15시,일요일,경상북도 칠곡군 동명면,경상사고,0,0,1,0,차대차 - 측면충돌,안전운전불이행,건조,맑음,단일로 - 기타,승용,남,66세,상해없음,승용,여,45세,경상