사고번호,사고일시,요일,시군구,사고내용,사망자수,중상자수,경상자수,부상신고자수,사고유형,법규위반,노면상태,기상상태,도로형태,가해운전자 차종,가해운전자 성별,가해운전자 연령,가해운전자 상해정도,피해운전자 차종,피해운전자 성별,피해운전자 연령,피해운전자 상해정도
2018041800100570,2018년 4월 18일 21시,수요일,경상북도 경주시 안강읍,경상사고,0,0,1,0,차대차 - 측면충돌,안전운전불이행,건조,맑음,단일로 - 기타,승용,남,72세,상해없음,이륜,남,18세,경상
2018041800100571,2018년 4월 18일 21시,수요일,경상북도 구미시 봉곡동,경상사고,0,0,2,0,차대차 - 측면충돌,교차로운행방법위반,건조,맑음,교차로 - 교차로안,승용,여,54세,경상,승합,남,59세,경상
2018041900100042,2018년 4월 19일 02시,목요일,경상북도 포항시 남구 대도동,경상사고,0,0,1,0,차대차 - 측면충돌,안전운전불이행,건조,맑음,교차로 - 교차로부근,승용,남,38세,상해없음,승용,남,25세,경상
2018041900100056,2018년 4월 19일 05시,목요일,경상북도 영주시 영주동,중상사고,0,1,0,0,차대차 - 측면충돌,안전운전불이행,건조,맑음,단일로 - 교량,승용,남,34세,상해없음,이륜,남,68세,중상
2018041900100057,2018년 4월 19일 05시,목요일,경상북도 구미시 산동면,경상사고,0,0,2,0,차대차 - 기타,안전운전불이행,건조,맑음,교차로 - 교차로횡단보도내,승용,여,56세,경상,승용,여,37세,경상
2018041900100088,2018년 4월 19일 07시,목요일,경상북도 경주시 성동동,경상사고,0,0,1,0,차대차 - 추돌,안전운전불이행,건조,맑음,단일로 - 기타,승용,여,48세,상해없음,승용,남,46세,경상
2018041900100089,2018년 4월 19일 07시,목요일,경상북도 포항시 북구 두호동,경상사고,0,0,2,0,차대차 - 기타,안전운전불이행,건조,맑음,단일로 - 기타,승합,남,74세,상해없음,승용,남,31세,경상
2018041900100133,2018년 4월 19일 08시,목요일,경상북도 경주시 석장동,중상사고,0,1,0,0,차대사람 - 횡단중,안전운전불이행,건조,맑음,단일로 - 기타,승용,여,57세,상해없음,보행자,여,21세,중상
2018041900100134,2018년 4월 19일 08시,목요일,경상북도 구미시 원평동,중상사고,0,1,0,0,차대사람 - 횡단중,보행자보호의무위반,건조,맑음,교차로 - 교차로부근,승용,여,50세,기타불명,보행자,여,80세,중상
2018041900100156,2018년 4월 19일 09시,목요일,경상북도 포항시 북구 장성동,경상사고,0,0,1,0,차대차 - 정면충돌,불법유턴,건조,맑음,단일로 - 기타,화물,남,48세,상해없음,승용,여,28세,경상
2018041900100157,2018년 4월 19일 09시,목요일,경상북도 칠곡군 동명면,중상사고,0,1,0,0,차량단독 - 전도전복 - 전복,안전운전불이행,건조,맑음,단일로 - 기타,자전거,여,63세,중상,미분류,미분류,미분류,미분류
2018041900100183,2018년 4월 19일 10시,목요일,경상북도 경주시 성동동,경상사고,0,0,1,0,차대차 - 측면충돌,안전운전불이행,건조,맑음,단일로 - 기타,승용,여,67세,상해없음,자전거,여,59세,경상
2018041900100184,2018년 4월 19일 10시,목요일,경상북도 상주시 서성동,중상사고,0,1,0,0,차대사람 - 횡단중,보행자보호의무위반,건조,맑음,교차로 - 교차로횡단보도내,승용,여,68세,상해없음,보행자,남,63세,중상
2018041900100185,2018년 4월 19일 10시,목요일,경상북도 영주시 휴천동,경상사고,0,0,1,0,차대차 - 측면충돌,안전운전불이행,건조,맑음,단일로 - 기타,승용,여,58세,상해없음,승용,남,65세,경상
2018041900100186,2018년 4월 19일 10시,목요일,경상북도 영주시 영주동,부상신고사고,0,0,0,1,차대차 - 측면충돌,안전운전불이행,건조,맑음,단일로 - 기타,이륜,여,73세,부상신고,화물,남,47세,상해없음
2018041900100218,2018년 4월 19일 11시,목요일,경상북도 구미시 원평동,중상사고,0,1,0,0,차대사람 - 기타,보행자보호의무위반,건조,맑음,교차로 - 교차로횡단보도내,승용,여,45세,상해없음,보행자,여,65세,중상
2018041900100219,2018년 4월 19일 11시,목요일,경상북도 포항시 남구 구룡포읍,중상사고,0,1,0,0,차대사람 - 길가장자리구역통행중,안전운전불이행,건조,맑음,단일로 - 기타,승용,남,50세,상해없음,보행자,여,60세,중상
2018041900100237,2018년 4월 19일 12시,목요일,경상북도 경주시 외동읍,경상사고,0,0,1,0,차대차 - 측면충돌,중앙선침범,건조,맑음,단일로 - 기타,화물,남,68세,상해없음,승용,남,38세,경상
2018041900100238,2018년 4월 19일 12시,목요일,경상북도 문경시 흥덕동,중상사고,0,1,0,0,차대차 - 측면충돌,안전운전불이행,건조,맑음,단일로 - 기타,승용,여,74세,상해없음,이륜,여,61세,중상
2018041900100271,2018년 4월 19일 13시,목요일,경상북도 포항시 북구 흥해읍,경상사고,0,0,1,0,차대차 - 측면충돌,신호위반,건조,맑음,교차로 - 교차로안,승용,남,68세,상해없음,이륜,남,82세,경상
2018041900100307,2018년 4월 19일 14시,목요일,경상북도 상주시 외남면,중상사고,0,1,0,0,차량단독 - 도로외이탈 - 기타,안전운전불이행,건조,맑음,단일로 - 기타,이륜,남,75세,중상,,,,
2018041900100308,2018년 4월 19일 14시,목요일,경상북도 포항시 남구 오천읍,경상사고,0,0,2,0,차대차 - 측면충돌,안전운전불이행,건조,맑음,교차로 - 교차로안,화물,남,70세,상해없음,승합,여,35세,경상
2018041900100309,2018년 4월 19일 14시,목요일,경상북도 의성군 안계면,중상사고,0,1,0,0,차대사람 - 기타,안전운전불이행,건조,맑음,단일로 - 기타,승용,여,68세,상해없음,보행자,남,75세,중상
2018041900100341,2018년 4월 19일 15시,목요일,경상북도 경산시 하양읍,중상사고,0,2,0,0,차대차 - 측면충돌,안전운전불이행,건조,맑음,단일로 - 기타,승용,남,62세,상해없음,승용,여,36세,중상
2018041900100428,2018년 4월 19일 17시,목요일,경상북도 포항시 북구 죽도동,경상사고,0,0,1,0,차대차 - 추돌,안전운전불이행,건조,맑음,단일로 - 기타,이륜,남,30세,경상,승용,여,53세,상해없음
2018041900100429,2018년 4월 19일 17시,목요일,경상북도 상주시 외서면,중상사고,0,1,0,0,차량단독 - 도로외이탈 - 기타,안전운전불이행,건조,맑음,단일로 - 기타,승용,여,59세,중상,,,,
2018041900100471,2018년 4월 19일 18시,목요일,경상북도 경주시 탑동,중상사고,0,1,0,0,차대차 - 측면충돌,신호위반,건조,맑음,교차로 - 교차로안,승용,남,31세,상해없음,승용,남,59세,중상
2018041900100472,2018년 4월 19일 18시,목요일,경상북도 경주시 강동면,경상사고,0,0,1,0,차대사람 - 횡단중,중앙선침범,건조,맑음,교차로 - 교차로부근,화물,여,61세,상해없음,보행자,여,81세,경상
2018041900100473,2018년 4월 19일 18시,목요일,경상북도 안동시 남선면,경상사고,0,0,1,0,차대차 - 정면충돌,안전운전불이행,건조,맑음,교차로 - 교차로안,이륜,남,24세,경상,승용,여,23세,상해없음
2018041900100475,2018년 4월 19일 18시,목요일,경상북도 영천시 문외동,경상사고,0,0,1,0,차대사람 - 보도통행중,안전운전불이행,건조,맑음,단일로 - 기타,화물,여,38세,상해없음,보행자,여,76세,경상
2018041900100476,2018년 4월 19일 18시,목요일,경상북도 구미시 선산읍,중상사고,0,1,0,0,차대사람 - 횡단중,안전운전불이행,건조,맑음,단일로 - 기타,이륜,남,43세,상해없음,보행자,남,14세,중상
2018041900100512,2018년 4월 19일 19시,목요일,경상북도 경주시 황성동,경상사고,0,0,1,0,차대사람 - 길가장자리구역통행중,안전운전불이행,건조,맑음,교차로 - 교차로부근,승용,여,38세,상해없음,보행자,여,11세,경상
2018041900100513,2018년 4월 19일 19시,목요일,경상북도 영덕군 영덕읍,중상사고,0,1,0,0,차대사람 - 차도통행중,안전운전불이행,건조,맑음,단일로 - 기타,승용,남,56세,상해없음,보행자,여,82세,중상
2018041900100538,2018년 4월 19일 20시,목요일,경상북도 안동시 송현동,경상사고,0,0,2,0,차대차 - 측면충돌,안전운전불이행,건조,맑음,단일로 - 기타,승용,여,43세,경상,승용,남,35세,경상
2018041900100539,2018년 4월 19일 20시,목요일,경상북도 상주시 무양동,중상사고,0,1,0,0,차대사람 - 횡단중,안전운전불이행,건조,맑음,단일로 - 기타,승용,여,36세,상해없음,보행자,여,76세,중상
2018041900100574,2018년 4월 19일 21시,목요일,경상북도 안동시 옥동,경상사고,0,0,2,0,차대차 - 측면충돌,안전거리미확보,건조,맑음,단일로 - 기타,승용,여,45세,상해없음,승용,남,23세,경상
2018041900100591,2018년 4월 19일 22시,목요일,경상북도 울진군 죽변면,경상사고,0,0,1,0,차량단독 - 공작물충돌,안전운전불이행,건조,맑음,단일로 - 기타,이륜,남,53세,경상,,,,
2018041900100592,2018년 4월 19일 22시,목요일,경상북도 포항시 남구 해도동,중상사고,0,2,0,0,차대차 - 측면충돌,신호위반,건조,맑음,교차로 - 교차로안,승용,남,34세,중상,승용,여,57세,중상
2018041900100608,2018년 4월 19일 23시,목요일,경상북도 의성군 단북면,중상사고,0,1,0,0,차대사람 - 길가장자리구역통행중,안전운전불이행,건조,맑음,단일로 - 기타,승용,여,45세,상해없음,보행자,남,47세,중상
2018042000100008,2018년 4월 20일 00시,금요일,경상북도 영천시 청통면,경상사고,0,0,3,0,차대차 - 측면충돌,교차로운행방법위반,건조,맑음,교차로 - 교차로안,승용,남,57세,경상,승용,남,50세,경상
2018042000100084,2018년 4월 20일 07시,금요일,경상북도 포항시 북구 흥해읍,경상사고,0,0,1,0,차대사람 - 기타,안전운전불이행,건조,맑음,단일로 - 기타,화물,남,46세,상해없음,보행자,여,51세,경상
2018042000100085,2018년 4월 20일 07시,금요일,경상북도 칠곡군 왜관읍,경상사고,0,0,1,0,차대차 - 측면충돌,신호위반,건조,맑음,교차로 - 교차로안,승용,남,60세,상해없음,승용,남,19세,경상
2018042000100117,2018년 4월 20일 08시,금요일,경상북도 성주군 성주읍,경상사고,0,0,1,0,차대차 - 측면충돌,안전운전불이행,건조,맑음,단일로 - 기타,승용,여,30세,상해없음,승용,남,63세,경상
2018042000100118,2018년 4월 20일 08시,금요일,경상북도 포항시 남구 연일읍,경상사고,0,0,4,0,차대차 - 추돌,안전운전불이행,건조,맑음,단일로 - 기타,화물,남,47세,경상,승합,여,46세,경상
2018042000100143,2018년 4월 20일 09시,금요일,경상북도 경주시 성동동,중상사고,0,1,0,0,차대차 - 측면충돌,안전운전불이행,건조,맑음,단일로 - 기타,승용,남,57세,상해없음,승용,남,29세,중상
2018042000100144,2018년 4월 20일 09시,금요일,경상북도 영천시 조교동,경상사고,0,0,1,0,차대사람 - 횡단중,보행자보호의무위반,건조,맑음,교차로 - 교차로안,기타불명,기타불명,미분류,기타불명,보행자,남,21세,경상
2018042000100145,2018년 4월 20일 09시,금요일,경상북도 구미시 원평동,중상사고,0,2,0,0,차대차 - 기타,신호위반,건조,맑음,교차로 - 교차로안,승용,여,61세,중상,승용,여,49세,중상
2018042000100177,2018년 4월 20일 10시,금요일,경상북도 김천시 황금동,부상신고사고,0,0,0,1,차대사람 - 횡단중,안전운전불이행,건조,맑음,단일로 - 기타,기타불명,기타불명,미분류,기타불명,보행자,여,79세,부상신고
2018042000100178,2018년 4월 20일 10시,금요일,경상북도 청도군 풍각면,중상사고,0,1,0,0,차대사람 - 횡단중,보행자보호의무위반,건조,맑음,교차로 - 교차로안,화물,남,56세,상해없음,보행자,여,84세,중상
2018042000100179,2018년 4월 20일 10시,금요일,경상북도 고령군 우곡면,중상사고,0,1,0,0,차대차 - 측면충돌,안전운전불이행,건조,맑음,교차로 - 교차로안,이륜,남,81세,중상,승용,남,35세,상해없음
2018042000100180,2018년 4월 20일 10시,금요일,경상북도 구미시 신평동,경상사고,0,0,2,0,차대차 - 기타,안전거리미확보,건조,맑음,교차로 - 교차로부근,승용,여,30세,경상,승용,남,22세,경상
2018042000100216,2018년 4월 20일 11시,금요일,경상북도 경주시 양북면,경상사고,0,0,1,0,차대차 - 측면충돌,안전거리미확보,건조,맑음,단일로 - 기타,화물,남,60세,상해없음,승용,남,36세,경상
2018042000100244,2018년 4월 20일 12시,금요일,경상북도 포항시 북구 흥해읍,중상사고,0,1,0,0,차대차 - 추돌,안전운전불이행,건조,맑음,단일로 - 기타,승용,여,53세,중상,승용,남,29세,기타불명
2018042000100245,2018년 4월 20일 12시,금요일,경상북도 문경시 모전동,중상사고,0,2,1,0,차대차 - 측면충돌,기타,건조,맑음,교차로 - 교차로안,승용,여,57세,경상,이륜,남,75세,중상
2018042000100246,2018년 4월 20일 12시,금요일,경상북도 포항시 남구 구룡포읍,경상사고,0,0,1,0,차대차 - 측면충돌,안전운전불이행,건조,맑음,교차로 - 교차로안,이륜,남,75세,경상,승용,남,68세,상해없음
2018042000100247,2018년 4월 20일 12시,금요일,경상북도 영천시 임고면,중상사고,0,2,0,0,차대차 - 기타,안전운전불이행,건조,맑음,단일로 - 기타,승용,남,69세,상해없음,승용,여,34세,중상
2018042000100279,2018년 4월 20일 13시,금요일,경상북도 칠곡군 석적읍,중상사고,0,1,1,0,차량단독 - 공작물충돌,안전운전불이행,건조,맑음,단일로 - 기타,화물,남,52세,경상,,,,
2018042000100337,2018년 4월 20일 15시,금요일,경상북도 김천시 다수동,경상사고,0,0,1,0,차대차 - 추돌,안전운전불이행,건조,맑음,단일로 - 기타,화물,남,59세,상해없음,농기계,남,79세,경상
2018042000100338,2018년 4월 20일 15시,금요일,경상북도 구미시 원평동,중상사고,0,1,0,0,차량단독 - 공작물충돌,안전운전불이행,건조,맑음,교차로 - 교차로부근,승용,남,47세,상해없음,,,,
2018042000100339,2018년 4월 20일 15시,금요일,경상북도 구미시 고아읍,경상사고,0,0,1,0,차대차 - 추돌,안전거리미확보,건조,맑음,단일로 - 기타,농기계,남,75세,상해없음,승합,남,50세,상해없음
2018042000100340,2018년 4월 20일 15시,금요일,경상북도 포항시 남구 효자동,경상사고,0,0,1,0,차대차 - 측면충돌,안전운전불이행,건조,맑음,단일로 - 기타,승용,남,31세,상해없음,자전거,여,27세,경상
2018042000100341,2018년 4월 20일 15시,금요일,경상북도 구미시 옥성면,사망사고,1,2,3,0,차대차 - 추돌,안전운전불이행,건조,맑음,단일로 - 기타,화물,남,58세,상해없음,승용,남,33세,사망
2018042000100386,2018년 4월 20일 16시,금요일,경상북도 안동시 안막동,경상사고,0,0,1,0,차대차 - 측면충돌,안전운전불이행,건조,맑음,교차로 - 교차로부근,승용,남,60세,상해없음,이륜,남,28세,경상
2018042000100387,2018년 4월 20일 16시,금요일,경상북도 칠곡군 북삼읍,경상사고,0,0,1,0,차대차 - 측면충돌,중앙선침범,건조,맑음,단일로 - 기타,승용,남,45세,상해없음,승용,여,66세,경상
2018042000100388,2018년 4월 20일 16시,금요일,경상북도 칠곡군 가산면,경상사고,0,0,2,1,차대차 - 추돌,안전운전불이행,건조,맑음,단일로 - 기타,승용,남,54세,상해없음,승용,여,70세,경상
2018042000100389,2018년 4월 20일 16시,금요일,경상북도 문경시 산양면,경상사고,0,0,3,0,차대차 - 추돌,안전운전불이행,건조,맑음,단일로 - 기타,승용,남,47세,상해없음,승용,남,42세,경상
2018042000100444,2018년 4월 20일 17시,금요일,경상북도 경주시 내남면,경상사고,0,0,2,0,차대차 - 정면충돌,직진우회전진행방해,건조,맑음,교차로 - 교차로안,승용,여,22세,경상,승용,여,42세,경상
2018042000100445,2018년 4월 20일 17시,금요일,경상북도 상주시 공성면,중상사고,0,1,0,0,차량단독 - 전도전복 - 전도,안전운전불이행,건조,맑음,단일로 - 기타,이륜,남,60세,중상,미분류,미분류,미분류,미분류
2018042000100446,2018년 4월 20일 17시,금요일,경상북도 구미시 산동면,경상사고,0,0,1,0,차대사람 - 기타,기타,건조,맑음,기타 - 기타,승용,남,39세,상해없음,보행자,남,5세,경상
2018042000100447,2018년 4월 20일 17시,금요일,경상북도 포항시 남구 구룡포읍,경상사고,0,0,1,0,차대차 - 측면충돌,안전운전불이행,건조,맑음,교차로 - 교차로부근,승용,여,49세,상해없음,승용,남,44세,상해없음
2018042000100496,2018년 4월 20일 18시,금요일,경상북도 포항시 북구 죽도동,경상사고,0,0,1,0,차대사람 - 기타,안전운전불이행,건조,맑음,단일로 - 기타,승용,남,79세,상해없음,보행자,여,59세,경상
2018042000100497,2018년 4월 20일 18시,금요일,경상북도 안동시 일직면,사망사고,1,0,0,0,차대차 - 측면충돌,직진우회전진행방해,건조,맑음,교차로 - 교차로안,승용,남,56세,상해없음,이륜,여,71세,사망
2018042000100498,2018년 4월 20일 18시,금요일,경상북도 포항시 남구 대도동,경상사고,0,0,1,0,차대차 - 측면충돌,안전운전불이행,건조,맑음,교차로 - 교차로안,승용,여,44세,상해없음,이륜,남,17세,경상
2018042000100499,2018년 4월 20일 18시,금요일,경상북도 포항시 남구 오천읍,경상사고,0,0,2,0,차대차 - 측면충돌,안전운전불이행,건조,맑음,단일로 - 기타,이륜,남,18세,경상,승용,남,65세,경상
2018042000100500,2018년 4월 20일 18시,금요일,경상북도 포항시 남구 대잠동,경상사고,0,0,1,0,차대차 - 기타,안전거리미확보,건조,맑음,교차로 - 교차로부근,이륜,남,34세,경상,승용,남,51세,상해없음
2018042000100540,2018년 4월 20일 19시,금요일,경상북도 포항시 북구 동빈1가,중상사고,0,1,0,0,차대차 - 정면충돌,안전운전불이행,건조,맑음,교차로 - 교차로안,승용,남,27세,상해없음,승용,남,36세,중상
2018042000100583,2018년 4월 20일 20시,금요일,경상북도 포항시 북구 죽도동,중상사고,0,1,0,0,차대사람 - 길가장자리구역통행중,안전운전불이행,건조,맑음,기타 - 기타,승용,남,60세,상해없음,보행자,여,76세,중상
2018042000100584,2018년 4월 20일 20시,금요일,경상북도 문경시 흥덕동,중상사고,0,1,0,0,차대사람 - 기타,교차로운행방법위반,건조,맑음,단일로 - 기타,승용,여,31세,상해없음,보행자,남,72세,중상
2018042000100618,2018년 4월 20일 21시,금요일,경상북도 영천시 금호읍,경상사고,0,0,1,0,차대사람 - 길가장자리구역통행중,중앙선침범,건조,맑음,단일로 - 기타,화물,남,68세,상해없음,보행자,남,55세,경상
2018042000100649,2018년 4월 20일 22시,금요일,경상북도 경주시 황오동,사망사고,1,0,0,0,차대사람 - 차도통행중,안전운전불이행,건조,맑음,단일로 - 기타,사륜오토바이(ATV),남,58세,상해없음,보행자,남,77세,사망
2018042000100650,2018년 4월 20일 22시,금요일,경상북도 경산시 남산면,경상사고,0,0,1,0,차대차 - 측면충돌,안전운전불이행,건조,맑음,단일로 - 기타,승용,남,76세,상해없음,승용,남,36세,경상
2018042000100651,2018년 4월 20일 22시,금요일,경상북도 포항시 남구 오천읍,경상사고,0,0,1,0,차대사람 - 횡단중,보행자보호의무위반,건조,맑음,교차로 - 교차로횡단보도내,이륜,남,19세,상해없음,보행자,여,14세,경상
2018042000100675,2018년 4월 20일 23시,금요일,경상북도 김천시 평화동,중상사고,0,1,0,0,차대사람 - 차도통행중,안전운전불이행,건조,맑음,단일로 - 기타,승용,남,28세,상해없음,보행자,남,26세,중상
2018042000100676,2018년 4월 20일 23시,금요일,경상북도 김천시 부곡동,중상사고,0,1,0,0,차대사람 - 차도통행중,안전운전불이행,건조,맑음,교차로 - 교차로안,승합,남,70세,상해없음,보행자,남,38세,중상
2018042100100051,2018년 4월 21일 02시,토요일,경상북도 김천시 아포읍,사망사고,1,0,0,0,차량단독 - 공작물충돌,안전운전불이행,건조,맑음,단일로 - 기타,특수,남,54세,사망,,,,
2018042100100074,2018년 4월 21일 04시,토요일,경상북도 경산시 진량읍,경상사고,0,0,1,0,차대차 - 측면충돌,안전운전불이행,건조,맑음,단일로 - 기타,승용,남,28세,상해없음,승용,남,31세,경상
2018042100100122,2018년 4월 21일 07시,토요일,경상북도 영천시 교촌동,경상사고,0,0,2,0,차대차 - 정면충돌,교차로운행방법위반,건조,맑음,교차로 - 교차로안,승용,여,44세,경상,화물,남,59세,경상
2018042100100139,2018년 4월 21일 08시,토요일,경상북도 포항시 북구 흥해읍,경상사고,0,0,2,0,차대차 - 추돌,안전거리미확보,건조,맑음,단일로 - 기타,화물,남,41세,상해없음,승용,여,49세,경상
2018042100100140,2018년 4월 21일 08시,토요일,경상북도 영덕군 강구면,중상사고,0,1,0,0,차대차 - 측면충돌,안전운전불이행,건조,맑음,단일로 - 기타,승용,남,49세,상해없음,이륜,남,76세,중상
2018042100100141,2018년 4월 21일 08시,토요일,경상북도 예천군 예천읍,중상사고,0,1,0,0,차대차 - 측면충돌,신호위반,건조,맑음,교차로 - 교차로안,화물,남,56세,상해없음,승용,남,45세,중상
2018042100100142,2018년 4월 21일 08시,토요일,경상북도 구미시 선산읍,중상사고,0,1,0,0,차대차 - 기타,안전운전불이행,건조,맑음,교차로 - 교차로부근,화물,남,66세,상해없음,이륜,남,79세,중상
2018042100100143,2018년 4월 21일 08시,토요일,경상북도 구미시 옥성면,중상사고,0,8,1,0,차대차 - 측면충돌,안전거리미확보,건조,맑음,단일로 - 기타,화물,남,60세,상해없음,승용,남,25세,중상
2018042100100166,2018년 4월 21일 09시,토요일,경상북도 포항시 북구 동빈1가,중상사고,0,1,0,0,차대차 - 기타,교차로운행방법위반,건조,맑음,교차로 - 교차로부근,승용,여,45세,상해없음,이륜,남,34세,중상
2018042100100167,2018년 4월 21일 09시,토요일,경상북도 포항시 북구 동빈1가,경상사고,0,0,1,0,차대차 - 기타,안전운전불이행,건조,맑음,단일로 - 기타,승용,여,58세,상해없음,이륜,남,29세,경상
2018042100100194,2018년 4월 21일 10시,토요일,경상북도 상주시 남성동,경상사고,0,0,1,0,차대차 - 추돌,안전운전불이행,건조,맑음,단일로 - 기타,승용,남,37세,상해없음,자전거,여,50세,경상
2018042100100195,2018년 4월 21일 10시,토요일,경상북도 영천시 금호읍,중상사고,0,1,0,0,차대차 - 측면충돌,과속,건조,맑음,단일로 - 기타,화물,남,75세,중상,화물,남,51세,상해없음
2018042100100196,2018년 4월 21일 10시,토요일,경상북도 경산시 계양동,중상사고,0,1,0,0,차대사람 - 길가장자리구역통행중,기타,건조,맑음,단일로 - 기타,승합,남,55세,상해없음,보행자,남,11세,중상
2018042100100231,2018년 4월 21일 11시,토요일,경상북도 안동시 동문동,경상사고,0,0,3,0,차대차 - 측면충돌,교차로운행방법위반,건조,맑음,교차로 - 교차로안,승용,남,84세,상해없음,승용,남,55세,상해없음
2018042100100232,2018년 4월 21일 11시,토요일,경상북도 성주군 성주읍,경상사고,0,0,3,0,차대차 - 측면충돌,안전운전불이행,건조,맑음,교차로 - 교차로안,승용,남,74세,경상,승용,여,35세,경상
2018042100100272,2018년 4월 21일 12시,토요일,경상북도 영주시 가흥동,경상사고,0,0,2,0,차대차 - 측면충돌,안전운전불이행,건조,맑음,교차로 - 교차로안,승용,여,71세,경상,승용,남,51세,경상
2018042100100273,2018년 4월 21일 12시,토요일,경상북도 문경시 불정동,중상사고,0,1,4,0,차대차 - 추돌,안전운전불이행,건조,맑음,주차장 - 주차장,승용,남,32세,중상,승용,남,29세,경상
2018042100100274,2018년 4월 21일 12시,토요일,경상북도 구미시 고아읍,사망사고,1,0,0,0,차대차 - 측면충돌,안전운전불이행,건조,맑음,단일로 - 기타,승용,여,22세,상해없음,자전거,남,84세,사망
2018042100100303,2018년 4월 21일 13시,토요일,경상북도 경주시 강동면,중상사고,0,3,2,0,차대차 - 측면충돌,안전운전불이행,건조,맑음,교차로 - 교차로안,승용,여,44세,상해없음,화물,남,76세,경상
2018042100100304,2018년 4월 21일 13시,토요일,경상북도 경주시 천북면,경상사고,0,0,3,0,차대차 - 추돌,안전운전불이행,건조,맑음,단일로 - 기타,승용,남,39세,상해없음,승용,여,47세,경상
2018042100100305,2018년 4월 21일 13시,토요일,경상북도 구미시 선산읍,중상사고,0,1,0,0,차대사람 - 기타,안전운전불이행,건조,맑음,교차로 - 교차로안,승용,여,41세,상해없음,보행자,남,5세,중상
2018042100100335,2018년 4월 21일 14시,토요일,경상북도 경주시 시래동,경상사고,0,0,4,0,차대차 - 추돌,안전운전불이행,건조,맑음,단일로 - 교량,이륜,남,20세,경상,승용,남,19세,경상
2018042100100336,2018년 4월 21일 14시,토요일,경상북도 안동시 안기동,경상사고,0,0,3,0,차대차 - 추돌,안전운전불이행,건조,맑음,교차로 - 교차로부근,승용,남,29세,경상,화물,남,46세,경상
2018042100100337,2018년 4월 21일 14시,토요일,경상북도 구미시 인의동,중상사고,0,1,0,0,차대차 - 기타,교차로운행방법위반,건조,맑음,교차로 - 교차로안,승용,남,27세,상해없음,자전거,남,79세,중상
2018042100100338,2018년 4월 21일 14시,토요일,경상북도 의성군 단촌면,중상사고,0,1,0,0,차대차 - 기타,안전운전불이행,건조,맑음,단일로 - 기타,승용,여,30세,상해없음,승용,남,41세,상해없음
2018042100100380,2018년 4월 21일 15시,토요일,경상북도 포항시 남구 오천읍,부상신고사고,0,0,0,1,차대차 - 측면충돌,안전운전불이행,건조,맑음,교차로 - 교차로부근,이륜,여,26세,부상신고,승용,남,44세,상해없음
2018042100100427,2018년 4월 21일 16시,토요일,경상북도 경주시 동천동,경상사고,0,0,4,0,차대차 - 측면충돌,안전운전불이행,건조,맑음,교차로 - 교차로안,원동기,여,28세,경상,승용,여,34세,경상
2018042100100428,2018년 4월 21일 16시,토요일,경상북도 예천군 예천읍,중상사고,0,1,0,0,차대차 - 측면충돌,안전운전불이행,건조,맑음,교차로 - 교차로안,화물,남,60세,상해없음,자전거,남,57세,중상
2018042100100482,2018년 4월 21일 17시,토요일,경상북도 경주시 탑동,중상사고,0,1,0,0,차대차 - 추돌,안전운전불이행,건조,맑음,교차로 - 교차로부근,승용,남,41세,상해없음,화물,남,48세,중상
2018042100100483,2018년 4월 21일 17시,토요일,경상북도 예천군 예천읍,중상사고,0,1,0,0,차대차 - 측면충돌,안전운전불이행,건조,맑음,단일로 - 기타,원동기,남,58세,중상,농기계,남,69세,상해없음
2018042100100484,2018년 4월 21일 17시,토요일,경상북도 군위군 부계면,경상사고,0,0,3,0,차대차 - 측면충돌,중앙선침범,건조,맑음,단일로 - 기타,승용,남,67세,상해없음,승용,남,29세,경상
2018042100100485,2018년 4월 21일 17시,토요일,경상북도 구미시 봉곡동,중상사고,0,1,0,0,차대사람 - 기타,안전운전불이행,건조,맑음,교차로 - 교차로안,승용,남,37세,상해없음,보행자,여,5세,중상
2018042100100535,2018년 4월 21일 18시,토요일,경상북도 안동시 풍산읍,경상사고,0,0,1,0,차대차 - 측면충돌,안전운전불이행,건조,맑음,단일로 - 기타,화물,남,47세,상해없음,승용,남,43세,상해없음
2018042100100536,2018년 4월 21일 18시,토요일,경상북도 문경시 모전동,경상사고,0,0,1,0,차대차 - 측면충돌,안전운전불이행,건조,맑음,교차로 - 교차로안,승용,여,50세,상해없음,승합,여,37세,경상
2018042100100575,2018년 4월 21일 19시,토요일,경상북도 포항시 북구 장성동,중상사고,0,1,0,0,차대차 - 측면충돌,직진우회전진행방해,건조,맑음,단일로 - 기타,승용,남,56세,상해없음,자전거,남,12세,중상
2018042100100610,2018년 4월 21일 20시,토요일,경상북도 영주시 풍기읍,경상사고,0,0,2,0,차대차 - 측면충돌,안전운전불이행,건조,맑음,교차로 - 교차로안,승용,여,51세,경상,승용,남,60세,상해없음
2018042100100611,2018년 4월 21일 20시,토요일,경상북도 봉화군 봉화읍,경상사고,0,0,1,0,차대차 - 기타,교차로운행방법위반,건조,맑음,교차로 - 교차로안,승합,남,59세,상해없음,승용,여,57세,경상
2018042100100638,2018년 4월 21일 21시,토요일,경상북도 경주시 외동읍,경상사고,0,0,1,0,차대차 - 측면충돌,안전운전불이행,건조,맑음,교차로 - 교차로안,승용,남,43세,상해없음,승용,여,54세,경상