사고번호,사고일시,요일,시군구,사고내용,사망자수,중상자수,경상자수,부상신고자수,사고유형,법규위반,노면상태,기상상태,도로형태,가해운전자 차종,가해운전자 성별,가해운전자 연령,가해운전자 상해정도,피해운전자 차종,피해운전자 성별,피해운전자 연령,피해운전자 상해정도
2018042100100639,2018년 4월 21일 21시,토요일,경상북도 경산시 옥산동,중상사고,0,1,0,0,차대차 - 측면충돌,기타,건조,맑음,교차로 - 교차로부근,승용,남,39세,기타불명,자전거,남,48세,중상
2018042100100682,2018년 4월 21일 22시,토요일,경상북도 경주시 안강읍,중상사고,0,1,0,0,차대차 - 측면충돌,중앙선침범,건조,맑음,단일로 - 지하차도(도로)내,승용,남,43세,상해없음,이륜,남,73세,중상
2018042100100683,2018년 4월 21일 22시,토요일,경상북도 칠곡군 석적읍,경상사고,0,0,1,0,차대차 - 추돌,안전운전불이행,건조,흐림,교차로 - 교차로부근,승용,남,44세,상해없음,승용,남,37세,경상
2018042100100684,2018년 4월 21일 22시,토요일,경상북도 문경시 모전동,경상사고,0,0,1,0,차대차 - 측면충돌,교차로운행방법위반,건조,맑음,교차로 - 교차로안,이륜,남,50세,경상,승용,남,53세,상해없음
2018042100100685,2018년 4월 21일 22시,토요일,경상북도 포항시 남구 구룡포읍,경상사고,0,0,1,0,차대차 - 정면충돌,중앙선침범,건조,맑음,단일로 - 기타,승용,남,36세,상해없음,이륜,남,16세,경상
2018042200100023,2018년 4월 22일 01시,일요일,경상북도 구미시 장천면,경상사고,0,0,1,0,차대차 - 측면충돌,차로위반,건조,맑음,단일로 - 기타,승용,남,56세,상해없음,승용,남,38세,경상
2018042200100055,2018년 4월 22일 04시,일요일,경상북도 영덕군 강구면,부상신고사고,0,0,0,1,차량단독 - 공작물충돌,안전운전불이행,건조,맑음,단일로 - 기타,승용,남,23세,부상신고,,,,
2018042200100067,2018년 4월 22일 05시,일요일,경상북도 구미시 황상동,중상사고,0,2,0,0,차대차 - 기타,신호위반,건조,맑음,교차로 - 교차로안,승용,남,21세,상해없음,승용,남,70세,중상
2018042200100107,2018년 4월 22일 09시,일요일,경상북도 구미시 고아읍,사망사고,1,7,1,0,차대차 - 측면충돌,직진우회전진행방해,건조,맑음,교차로 - 교차로안,화물,남,57세,중상,승용,남,68세,경상
2018042200100123,2018년 4월 22일 10시,일요일,경상북도 영천시 임고면,중상사고,0,1,0,0,차대차 - 측면충돌,중앙선침범,건조,맑음,단일로 - 기타,원동기,남,80세,중상,승용,남,52세,상해없음
2018042200100124,2018년 4월 22일 10시,일요일,경상북도 성주군 성주읍,경상사고,0,0,1,0,차대사람 - 차도통행중,안전운전불이행,젖음/습기,비,교차로 - 교차로부근,승용,남,30세,상해없음,보행자,남,8세,경상
2018042200100150,2018년 4월 22일 11시,일요일,경상북도 경주시 구황동,경상사고,0,0,3,0,차대차 - 측면충돌,안전운전불이행,건조,맑음,단일로 - 기타,승용,남,79세,상해없음,승용,남,32세,경상
2018042200100234,2018년 4월 22일 14시,일요일,경상북도 포항시 남구 구룡포읍,중상사고,0,1,0,0,차대차 - 기타,안전운전불이행,건조,맑음,단일로 - 기타,승용,남,22세,상해없음,이륜,여,57세,중상
2018042200100254,2018년 4월 22일 15시,일요일,경상북도 문경시 모전동,경상사고,0,0,1,0,차대차 - 측면충돌,안전운전불이행,건조,맑음,단일로 - 기타,승용,남,31세,상해없음,승용,남,26세,경상
2018042200100255,2018년 4월 22일 15시,일요일,경상북도 경산시 사정동,경상사고,0,0,4,0,차대차 - 기타,안전운전불이행,건조,맑음,단일로 - 기타,승용,남,73세,상해없음,승용,여,34세,경상
2018042200100256,2018년 4월 22일 15시,일요일,경상북도 포항시 남구 해도동,경상사고,0,0,1,0,차대차 - 기타,안전운전불이행,건조,흐림,교차로 - 교차로안,승용,여,37세,상해없음,자전거,남,56세,경상
2018042200100304,2018년 4월 22일 17시,일요일,경상북도 김천시 성내동,중상사고,0,1,0,0,차량단독 - 전도전복 - 전도,안전운전불이행,건조,맑음,단일로 - 기타,이륜,남,40세,중상,미분류,미분류,미분류,미분류
2018042200100305,2018년 4월 22일 17시,일요일,경상북도 구미시 상모동,경상사고,0,0,2,0,차대차 - 측면충돌,신호위반,건조,맑음,교차로 - 교차로안,이륜,남,33세,경상,이륜,남,27세,경상
2018042200100336,2018년 4월 22일 18시,일요일,경상북도 김천시 성내동,중상사고,0,1,0,0,차대차 - 측면충돌,안전운전불이행,건조,맑음,교차로 - 교차로부근,승용,남,38세,상해없음,이륜,남,81세,중상
2018042200100337,2018년 4월 22일 18시,일요일,경상북도 영주시 가흥동,중상사고,0,1,0,0,차대차 - 측면충돌,안전운전불이행,건조,맑음,단일로 - 기타,승용,여,53세,상해없음,자전거,남,30세,중상
2018042200100338,2018년 4월 22일 18시,일요일,경상북도 구미시 원평동,경상사고,0,0,1,0,차대사람 - 기타,안전운전불이행,건조,흐림,기타 - 기타,승용,남,35세,상해없음,보행자,여,73세,경상
2018042200100363,2018년 4월 22일 19시,일요일,경상북도 안동시 송현동,경상사고,0,0,1,0,차대차 - 측면충돌,신호위반,건조,흐림,교차로 - 교차로안,승용,여,61세,상해없음,이륜,남,44세,경상
2018042200100364,2018년 4월 22일 19시,일요일,경상북도 상주시 냉림동,경상사고,0,0,1,0,차대사람 - 길가장자리구역통행중,안전운전불이행,건조,흐림,단일로 - 기타,화물,남,51세,상해없음,보행자,여,23세,경상
2018042200100365,2018년 4월 22일 19시,일요일,경상북도 영덕군 강구면,경상사고,0,0,1,0,차대차 - 측면충돌,신호위반,건조,맑음,교차로 - 교차로안,승용,남,61세,상해없음,화물,남,51세,경상
2018042200100366,2018년 4월 22일 19시,일요일,경상북도 포항시 남구 오천읍,경상사고,0,0,12,0,차대차 - 측면충돌,신호위반,건조,맑음,교차로 - 교차로안,승용,남,58세,상해없음,승용,남,46세,경상
2018042200100367,2018년 4월 22일 19시,일요일,경상북도 포항시 남구 오천읍,경상사고,0,0,1,0,차대차 - 정면충돌,중앙선침범,건조,맑음,교차로 - 교차로부근,승용,여,23세,상해없음,이륜,남,24세,경상
2018042200100437,2018년 4월 22일 21시,일요일,경상북도 김천시 감호동,경상사고,0,0,1,0,차대차 - 측면충돌,안전운전불이행,건조,맑음,단일로 - 기타,승용,여,22세,상해없음,이륜,남,23세,경상
2018042200100438,2018년 4월 22일 21시,일요일,경상북도 포항시 남구 해도동,경상사고,0,0,1,0,차대차 - 측면충돌,안전거리미확보,건조,흐림,단일로 - 기타,승용,여,63세,상해없음,승용,남,77세,경상
2018042200100467,2018년 4월 22일 22시,일요일,경상북도 구미시 비산동,경상사고,0,0,2,0,차대차 - 추돌,안전거리미확보,젖음/습기,비,단일로 - 기타,승용,남,46세,상해없음,승용,여,22세,경상
2018042200100468,2018년 4월 22일 22시,일요일,경상북도 영천시 대창면,경상사고,0,0,1,0,차대차 - 기타,안전운전불이행,건조,맑음,단일로 - 기타,승용,남,56세,상해없음,승용,남,45세,경상
2018042200100491,2018년 4월 22일 23시,일요일,경상북도 안동시 옥동,부상신고사고,0,0,0,1,차대사람 - 길가장자리구역통행중,안전운전불이행,건조,맑음,교차로 - 교차로부근,승용,남,48세,상해없음,보행자,남,21세,부상신고
2018042300100051,2018년 4월 23일 05시,월요일,경상북도 안동시 풍산읍,경상사고,0,0,1,0,차대차 - 측면충돌,안전운전불이행,젖음/습기,비,주차장 - 주차장,화물,남,71세,상해없음,승용,여,53세,경상
2018042300100066,2018년 4월 23일 06시,월요일,경상북도 경주시 동천동,경상사고,0,0,1,0,차대차 - 기타,중앙선침범,젖음/습기,비,단일로 - 기타,기타불명,기타불명,미분류,기타불명,승용,남,24세,경상
2018042300100088,2018년 4월 23일 07시,월요일,경상북도 포항시 남구 대송면,경상사고,0,0,1,0,차대차 - 측면충돌,교차로운행방법위반,젖음/습기,비,교차로 - 교차로안,특수,남,45세,상해없음,승용,남,38세,경상
2018042300100125,2018년 4월 23일 08시,월요일,경상북도 칠곡군 동명면,경상사고,0,0,2,0,차대차 - 추돌,안전운전불이행,젖음/습기,비,교차로 - 교차로부근,화물,남,65세,상해없음,화물,남,70세,경상
2018042300100126,2018년 4월 23일 08시,월요일,경상북도 예천군 예천읍,경상사고,0,0,2,0,차대차 - 측면충돌,신호위반,젖음/습기,비,교차로 - 교차로안,승합,여,40세,상해없음,승용,남,54세,경상
2018042300100127,2018년 4월 23일 08시,월요일,경상북도 포항시 남구 연일읍,경상사고,0,0,2,0,차대차 - 측면충돌,신호위반,젖음/습기,비,교차로 - 교차로안,승합,남,61세,상해없음,화물,남,55세,경상
2018042300100173,2018년 4월 23일 09시,월요일,경상북도 경주시 안강읍,경상사고,0,0,2,0,차대차 - 측면충돌,안전운전불이행,젖음/습기,비,단일로 - 기타,승용,남,71세,상해없음,화물,남,59세,경상
2018042300100202,2018년 4월 23일 10시,월요일,경상북도 김천시 신음동,중상사고,0,1,0,0,차대사람 - 차도통행중,안전운전불이행,젖음/습기,비,단일로 - 기타,승용,여,44세,상해없음,보행자,남,86세,중상
2018042300100253,2018년 4월 23일 12시,월요일,경상북도 포항시 북구 흥해읍,중상사고,0,1,1,0,차대차 - 기타,안전운전불이행,건조,맑음,교차로 - 교차로안,건설기계,남,40세,상해없음,승용,남,51세,경상
2018042300100254,2018년 4월 23일 12시,월요일,경상북도 포항시 북구 우현동,경상사고,0,0,2,0,차대차 - 기타,안전운전불이행,젖음/습기,흐림,단일로 - 기타,화물,남,37세,상해없음,승용,남,70세,경상
2018042300100255,2018년 4월 23일 12시,월요일,경상북도 구미시 산동면,중상사고,0,1,1,0,차대차 - 기타,안전운전불이행,젖음/습기,맑음,교차로 - 교차로안,승용,남,26세,경상,승용,남,56세,중상
2018042300100282,2018년 4월 23일 13시,월요일,경상북도 안동시 옥동,경상사고,0,0,2,0,차대차 - 측면충돌,안전거리미확보,젖음/습기,비,단일로 - 기타,화물,남,60세,상해없음,승용,여,64세,경상
2018042300100283,2018년 4월 23일 13시,월요일,경상북도 영덕군 영덕읍,경상사고,0,0,2,0,차대차 - 측면충돌,차로위반,젖음/습기,비,단일로 - 기타,화물,남,71세,상해없음,승용,여,58세,경상
2018042300100284,2018년 4월 23일 13시,월요일,경상북도 구미시 신평동,중상사고,0,2,0,0,차대차 - 측면충돌,교차로운행방법위반,젖음/습기,비,교차로 - 교차로안,승용,남,68세,상해없음,승용,여,35세,중상
2018042300100316,2018년 4월 23일 14시,월요일,경상북도 구미시 공단동,경상사고,0,0,1,1,차대차 - 정면충돌,안전운전불이행,젖음/습기,비,교차로 - 교차로안,승용,여,42세,부상신고,승용,여,45세,경상
2018042300100338,2018년 4월 23일 15시,월요일,경상북도 영주시 가흥동,경상사고,0,0,2,0,차대차 - 측면충돌,안전운전불이행,젖음/습기,비,교차로 - 교차로안,승용,남,69세,경상,승용,남,57세,경상
2018042300100339,2018년 4월 23일 15시,월요일,경상북도 영덕군 병곡면,경상사고,0,0,2,0,차대차 - 추돌,안전거리미확보,젖음/습기,비,교차로 - 교차로부근,승용,남,51세,상해없음,승용,남,59세,경상
2018042300100340,2018년 4월 23일 15시,월요일,경상북도 구미시 봉곡동,경상사고,0,0,1,0,차대사람 - 기타,안전운전불이행,젖음/습기,비,단일로 - 기타,승용,여,52세,상해없음,보행자,여,34세,경상
2018042300100361,2018년 4월 23일 16시,월요일,경상북도 안동시 풍천면,경상사고,0,0,2,0,차대차 - 측면충돌,중앙선침범,젖음/습기,비,단일로 - 기타,승용,남,48세,상해없음,화물,남,50세,경상
2018042300100362,2018년 4월 23일 16시,월요일,경상북도 구미시 봉곡동,경상사고,0,0,2,0,차대차 - 기타,안전운전불이행,건조,맑음,단일로 - 기타,승합,남,51세,상해없음,승용,여,37세,경상
2018042300100396,2018년 4월 23일 17시,월요일,경상북도 김천시 부곡동,경상사고,0,0,1,0,차대차 - 기타,안전운전불이행,젖음/습기,비,단일로 - 기타,승용,여,49세,상해없음,승용,여,49세,경상
2018042300100397,2018년 4월 23일 17시,월요일,경상북도 상주시 함창읍,중상사고,0,1,0,0,차대사람 - 횡단중,안전운전불이행,젖음/습기,비,단일로 - 기타,승용,여,69세,상해없음,보행자,여,66세,중상
2018042300100398,2018년 4월 23일 17시,월요일,경상북도 칠곡군 지천면,경상사고,0,0,2,0,차대차 - 측면충돌,안전운전불이행,젖음/습기,비,단일로 - 기타,화물,남,67세,상해없음,승용,남,59세,경상
2018042300100399,2018년 4월 23일 17시,월요일,경상북도 영천시 도동,경상사고,0,0,2,0,차대차 - 측면충돌,중앙선침범,젖음/습기,비,교차로 - 교차로부근,화물,남,35세,경상,승용,남,65세,경상
2018042300100400,2018년 4월 23일 17시,월요일,경상북도 경산시 중방동,경상사고,0,0,1,0,차대차 - 측면충돌,교차로운행방법위반,건조,맑음,교차로 - 교차로안,승용,여,55세,상해없음,승용,남,23세,경상
2018042300100401,2018년 4월 23일 17시,월요일,경상북도 구미시 공단동,경상사고,0,0,1,0,차대차 - 측면충돌,교차로운행방법위반,젖음/습기,비,교차로 - 교차로안,승용,여,50세,상해없음,승용,남,40세,경상
2018042300100432,2018년 4월 23일 18시,월요일,경상북도 안동시 태화동,경상사고,0,0,1,0,차대차 - 추돌,안전운전불이행,젖음/습기,비,교차로 - 교차로부근,승용,남,43세,상해없음,승용,여,54세,경상
2018042300100433,2018년 4월 23일 18시,월요일,경상북도 영천시 금호읍,경상사고,0,0,3,0,차대차 - 추돌,안전운전불이행,젖음/습기,비,단일로 - 교량,화물,남,61세,경상,승용,여,33세,경상
2018042300100468,2018년 4월 23일 19시,월요일,경상북도 경주시 용강동,경상사고,0,0,2,0,차대차 - 정면충돌,중앙선침범,젖음/습기,비,교차로 - 교차로부근,승용,남,68세,상해없음,승용,남,29세,경상
2018042300100469,2018년 4월 23일 19시,월요일,경상북도 경주시 외동읍,중상사고,0,1,1,0,차대차 - 추돌,안전운전불이행,젖음/습기,비,단일로 - 기타,승용,남,34세,상해없음,승용,남,22세,경상
2018042300100470,2018년 4월 23일 19시,월요일,경상북도 포항시 남구 대도동,중상사고,0,1,1,0,차대차 - 측면충돌,신호위반,젖음/습기,비,교차로 - 교차로안,화물,남,29세,경상,승용,남,63세,중상
2018042300100520,2018년 4월 23일 20시,월요일,경상북도 경주시 황성동,경상사고,0,0,1,0,차대차 - 추돌,안전운전불이행,젖음/습기,비,단일로 - 기타,승용,남,38세,상해없음,승용,여,25세,경상
2018042300100521,2018년 4월 23일 20시,월요일,경상북도 안동시 태화동,경상사고,0,0,2,0,차대차 - 추돌,안전운전불이행,젖음/습기,비,단일로 - 기타,승용,남,67세,상해없음,승용,여,24세,경상
2018042300100522,2018년 4월 23일 20시,월요일,경상북도 김천시 율곡동,경상사고,0,0,1,0,차대차 - 측면충돌,안전운전불이행,젖음/습기,비,기타 - 기타,승용,남,42세,상해없음,이륜,남,20세,경상
2018042300100560,2018년 4월 23일 21시,월요일,경상북도 경산시 조영동,경상사고,0,0,2,0,차대차 - 후진중충돌,안전운전불이행,젖음/습기,비,단일로 - 기타,승용,남,27세,상해없음,승용,남,28세,경상
2018042300100590,2018년 4월 23일 22시,월요일,경상북도 포항시 북구 죽도동,경상사고,0,0,1,0,차대차 - 측면충돌,교차로운행방법위반,건조,맑음,교차로 - 교차로안,승용,여,25세,상해없음,원동기,남,24세,경상
2018042300100591,2018년 4월 23일 22시,월요일,경상북도 안동시 남문동,경상사고,0,0,6,0,차대차 - 측면충돌,직진우회전진행방해,젖음/습기,비,교차로 - 교차로안,승용,남,25세,경상,승용,여,50세,경상
2018042300100592,2018년 4월 23일 22시,월요일,경상북도 경산시 중방동,경상사고,0,0,2,0,차대차 - 추돌,안전운전불이행,젖음/습기,비,단일로 - 기타,화물,남,66세,상해없음,승용,남,27세,경상
2018042300100593,2018년 4월 23일 22시,월요일,경상북도 청송군 현서면,경상사고,0,0,1,0,차량단독 - 공작물충돌,안전운전불이행,젖음/습기,비,단일로 - 기타,화물,남,56세,경상,,,,
2018042400100010,2018년 4월 24일 00시,화요일,경상북도 경주시 건천읍,사망사고,1,0,0,0,차량단독 - 공작물충돌,안전운전불이행,젖음/습기,비,단일로 - 기타,승용,남,42세,사망,,,,
2018042400100023,2018년 4월 24일 01시,화요일,경상북도 안동시 용상동,경상사고,0,0,1,0,차대차 - 측면충돌,안전운전불이행,젖음/습기,비,교차로 - 교차로안,승용,남,22세,경상,승용,남,27세,상해없음
2018042400100024,2018년 4월 24일 01시,화요일,경상북도 칠곡군 약목면,부상신고사고,0,0,0,1,차량단독 - 공작물충돌,안전운전불이행,젖음/습기,비,단일로 - 기타,승용,남,35세,부상신고,,,,
2018042400100044,2018년 4월 24일 03시,화요일,경상북도 경산시 상방동,경상사고,0,0,1,0,차대차 - 측면충돌,안전운전불이행,젖음/습기,비,단일로 - 기타,승용,남,57세,상해없음,승용,남,44세,경상
2018042400100060,2018년 4월 24일 05시,화요일,경상북도 구미시 진평동,부상신고사고,0,0,0,1,차량단독 - 기타,안전운전불이행,젖음/습기,비,단일로 - 기타,이륜,여,62세,부상신고,,,,
2018042400100088,2018년 4월 24일 07시,화요일,경상북도 경산시 상방동,경상사고,0,0,1,0,차대차 - 측면충돌,신호위반,젖음/습기,비,단일로 - 기타,승용,여,58세,상해없음,승용,남,47세,경상
2018042400100163,2018년 4월 24일 09시,화요일,경상북도 의성군 의성읍,중상사고,0,1,1,0,차대차 - 측면충돌,직진우회전진행방해,건조,맑음,교차로 - 교차로안,승용,남,73세,상해없음,화물,여,51세,중상
2018042400100164,2018년 4월 24일 09시,화요일,경상북도 청송군 파천면,중상사고,0,1,1,0,차대차 - 정면충돌,중앙선침범,건조,맑음,단일로 - 기타,승용,남,26세,경상,화물,남,52세,중상
2018042400100229,2018년 4월 24일 11시,화요일,경상북도 구미시 인의동,경상사고,0,0,1,0,차대차 - 측면충돌,교차로운행방법위반,젖음/습기,비,교차로 - 교차로안,화물,남,51세,상해없음,이륜,남,74세,경상
2018042400100254,2018년 4월 24일 12시,화요일,경상북도 봉화군 봉화읍,경상사고,0,0,2,0,차대차 - 기타,안전운전불이행,건조,맑음,단일로 - 기타,승용,여,39세,상해없음,화물,남,64세,경상
2018042400100255,2018년 4월 24일 12시,화요일,경상북도 봉화군 봉화읍,경상사고,0,0,1,0,차대사람 - 기타,안전운전불이행,건조,맑음,단일로 - 기타,승용,남,57세,상해없음,보행자,남,37세,경상
2018042400100256,2018년 4월 24일 12시,화요일,경상북도 고령군 대가야읍,경상사고,0,0,1,0,차대사람 - 횡단중,안전운전불이행,젖음/습기,비,단일로 - 기타,이륜,남,61세,상해없음,보행자,남,69세,경상
2018042400100257,2018년 4월 24일 12시,화요일,경상북도 청송군 진보면,경상사고,0,0,2,0,차대차 - 측면충돌,중앙선침범,건조,맑음,단일로 - 기타,승합,남,70세,경상,화물,남,49세,경상
2018042400100258,2018년 4월 24일 12시,화요일,경상북도 포항시 남구 대잠동,경상사고,0,0,1,0,차대차 - 측면충돌,교차로운행방법위반,젖음/습기,비,교차로 - 교차로안,승용,여,53세,상해없음,승용,남,56세,경상
2018042400100288,2018년 4월 24일 13시,화요일,경상북도 경주시 보문동,중상사고,0,2,0,0,차대차 - 측면충돌,중앙선침범,젖음/습기,비,교차로 - 교차로부근,승용,남,66세,상해없음,승용,남,75세,중상
2018042400100289,2018년 4월 24일 13시,화요일,경상북도 의성군 봉양면,중상사고,0,1,0,0,차대사람 - 차도통행중,안전운전불이행,젖음/습기,흐림,교차로 - 교차로부근,승합,남,43세,상해없음,보행자,남,90세 이상,중상
2018042400100319,2018년 4월 24일 14시,화요일,경상북도 경주시 성건동,중상사고,0,1,0,0,차대차 - 측면충돌,안전운전불이행,건조,맑음,교차로 - 교차로안,이륜,여,69세,중상,승용,남,63세,상해없음
2018042400100320,2018년 4월 24일 14시,화요일,경상북도 안동시 옥동,경상사고,0,0,1,0,차대차 - 측면충돌,안전운전불이행,건조,맑음,교차로 - 교차로횡단보도내,자전거,남,7세,경상,승용,남,47세,상해없음
2018042400100360,2018년 4월 24일 15시,화요일,경상북도 포항시 북구 덕산동,경상사고,0,0,1,0,차대차 - 기타,안전운전불이행,건조,맑음,단일로 - 기타,승용,여,61세,상해없음,승합,남,48세,경상
2018042400100361,2018년 4월 24일 15시,화요일,경상북도 영천시 도남동,중상사고,0,1,1,0,차대차 - 측면충돌,중앙선침범,건조,흐림,단일로 - 기타,화물,남,68세,중상,화물,남,62세,경상
2018042400100362,2018년 4월 24일 15시,화요일,경상북도 구미시 형곡동,부상신고사고,0,0,0,1,차대차 - 측면충돌,안전거리미확보,건조,맑음,기타 - 기타,승용,남,65세,상해없음,승용,여,46세,부상신고
2018042400100363,2018년 4월 24일 15시,화요일,경상북도 포항시 남구 해도동,중상사고,0,1,0,0,차대차 - 기타,직진우회전진행방해,건조,맑음,교차로 - 교차로안,화물,남,28세,상해없음,자전거,남,77세,중상
2018042400100364,2018년 4월 24일 15시,화요일,경상북도 포항시 남구 대송면,경상사고,0,0,1,0,차대차 - 측면충돌,안전운전불이행,건조,맑음,단일로 - 기타,승용,여,55세,경상,화물,남,55세,상해없음
2018042400100408,2018년 4월 24일 16시,화요일,경상북도 안동시 용상동,중상사고,0,1,0,0,차대차 - 측면충돌,안전운전불이행,건조,맑음,교차로 - 교차로부근,승용,여,36세,상해없음,자전거,여,68세,중상
2018042400100409,2018년 4월 24일 16시,화요일,경상북도 문경시 모전동,경상사고,0,0,2,0,차대차 - 측면충돌,직진우회전진행방해,건조,흐림,교차로 - 교차로안,승용,남,67세,경상,승합,남,54세,경상
2018042400100438,2018년 4월 24일 17시,화요일,경상북도 칠곡군 북삼읍,경상사고,0,0,3,0,차대차 - 추돌,안전운전불이행,건조,맑음,단일로 - 기타,화물,남,50세,상해없음,승용,여,47세,경상
2018042400100439,2018년 4월 24일 17시,화요일,경상북도 칠곡군 북삼읍,중상사고,0,1,0,0,차대차 - 측면충돌,교차로운행방법위반,건조,맑음,교차로 - 교차로안,승용,남,49세,상해없음,화물,남,61세,중상
2018042400100477,2018년 4월 24일 18시,화요일,경상북도 경산시 하양읍,경상사고,0,0,1,0,차대사람 - 횡단중,안전운전불이행,건조,맑음,교차로 - 교차로안,승용,여,60세,상해없음,보행자,남,75세,경상
2018042400100540,2018년 4월 24일 20시,화요일,경상북도 포항시 북구 양덕동,경상사고,0,0,3,0,차대차 - 측면충돌,교차로운행방법위반,건조,맑음,교차로 - 교차로안,승용,여,37세,경상,승용,여,57세,경상
2018042400100541,2018년 4월 24일 20시,화요일,경상북도 칠곡군 동명면,부상신고사고,0,0,0,1,차량단독 - 공작물충돌,안전운전불이행,건조,맑음,단일로 - 기타,승용,여,52세,부상신고,,,,
2018042400100542,2018년 4월 24일 20시,화요일,경상북도 구미시 공단동,중상사고,0,1,0,0,차대차 - 기타,신호위반,건조,맑음,교차로 - 교차로부근,이륜,남,22세,상해없음,자전거,여,21세,중상
2018042400100543,2018년 4월 24일 20시,화요일,경상북도 구미시 송정동,경상사고,0,0,1,0,차대사람 - 횡단중,신호위반,건조,맑음,교차로 - 교차로안,원동기,남,46세,상해없음,보행자,여,57세,경상
2018042400100544,2018년 4월 24일 20시,화요일,경상북도 구미시 형곡동,경상사고,0,0,1,0,차대차 - 기타,안전운전불이행,건조,맑음,단일로 - 기타,승용,남,28세,상해없음,이륜,남,25세,경상
2018042400100578,2018년 4월 24일 21시,화요일,경상북도 영주시 휴천동,중상사고,0,1,3,0,차대차 - 측면충돌,안전운전불이행,건조,맑음,단일로 - 기타,승용,남,65세,상해없음,승용,남,43세,경상
2018042400100579,2018년 4월 24일 21시,화요일,경상북도 경산시 중방동,경상사고,0,0,1,0,차대차 - 측면충돌,안전운전불이행,건조,맑음,단일로 - 기타,승용,남,34세,상해없음,이륜,남,40세,경상
2018042400100636,2018년 4월 24일 23시,화요일,경상북도 영양군 영양읍,경상사고,0,0,1,0,차량단독 - 공작물충돌,안전운전불이행,건조,맑음,단일로 - 기타,승용,남,42세,경상,,,,
2018042400100637,2018년 4월 24일 23시,화요일,경상북도 포항시 남구 오천읍,경상사고,0,0,2,0,차대차 - 추돌,안전거리미확보,건조,맑음,교차로 - 교차로부근,승용,남,55세,상해없음,승용,남,30세,경상
2018042500100011,2018년 4월 25일 00시,수요일,경상북도 포항시 남구 상도동,부상신고사고,0,0,0,2,차대차 - 측면충돌,안전거리미확보,건조,맑음,단일로 - 기타,승용,남,26세,상해없음,승용,남,20세,상해없음
2018042500100021,2018년 4월 25일 01시,수요일,경상북도 상주시 함창읍,사망사고,1,0,0,0,차대차 - 추돌,안전운전불이행,건조,맑음,단일로 - 기타,승용,남,39세,사망,화물,남,71세,상해없음
2018042500100044,2018년 4월 25일 05시,수요일,경상북도 경주시 외동읍,경상사고,0,0,6,0,차대차 - 측면충돌,과속,건조,맑음,단일로 - 기타,승용,남,35세,상해없음,승용,남,48세,경상
2018042500100111,2018년 4월 25일 08시,수요일,경상북도 상주시 중동면,중상사고,0,1,0,0,차량단독 - 전도전복 - 전복,안전운전불이행,건조,맑음,단일로 - 기타,화물,남,33세,상해없음,미분류,미분류,미분류,미분류
2018042500100146,2018년 4월 25일 09시,수요일,경상북도 안동시 길안면,경상사고,0,0,1,0,차대차 - 측면충돌,안전운전불이행,건조,맑음,교차로 - 교차로안,이륜,남,81세,경상,승용,남,70세,상해없음
2018042500100147,2018년 4월 25일 09시,수요일,경상북도 상주시 낙동면,경상사고,0,0,1,0,차대차 - 추돌,안전운전불이행,건조,맑음,단일로 - 기타,화물,남,60세,경상,화물,남,48세,상해없음
2018042500100148,2018년 4월 25일 09시,수요일,경상북도 칠곡군 동명면,경상사고,0,0,10,0,차대차 - 추돌,안전운전불이행,건조,맑음,단일로 - 기타,승합,남,68세,상해없음,승용,남,46세,경상
2018042500100149,2018년 4월 25일 09시,수요일,경상북도 영천시 과전동,경상사고,0,0,2,0,차대차 - 추돌,안전운전불이행,건조,맑음,교차로 - 교차로부근,승용,남,27세,상해없음,승용,여,49세,경상
2018042500100150,2018년 4월 25일 09시,수요일,경상북도 구미시 공단동,경상사고,0,0,3,0,차대차 - 측면충돌,직진우회전진행방해,건조,맑음,교차로 - 교차로안,승용,남,27세,상해없음,승용,남,63세,경상
2018042500100182,2018년 4월 25일 10시,수요일,경상북도 영천시 완산동,경상사고,0,0,2,0,차대차 - 측면충돌,직진우회전진행방해,건조,맑음,교차로 - 교차로안,화물,남,23세,경상,화물,남,61세,경상
2018042500100210,2018년 4월 25일 11시,수요일,경상북도 경주시 서면,중상사고,0,1,0,0,차량단독 - 전도전복 - 전도,안전운전불이행,건조,맑음,단일로 - 기타,이륜,남,42세,중상,미분류,미분류,미분류,미분류
2018042500100211,2018년 4월 25일 11시,수요일,경상북도 상주시 지천동,경상사고,0,0,1,0,차대차 - 측면충돌,안전운전불이행,건조,맑음,단일로 - 기타,승용,여,47세,상해없음,원동기,남,80세,경상
2018042500100240,2018년 4월 25일 12시,수요일,경상북도 김천시 교동,경상사고,0,0,1,0,차대차 - 측면충돌,안전운전불이행,건조,맑음,교차로 - 교차로안,승용,남,75세,상해없음,승용,여,26세,경상
2018042500100241,2018년 4월 25일 12시,수요일,경상북도 성주군 초전면,경상사고,0,0,1,0,차대차 - 측면충돌,안전운전불이행,건조,맑음,교차로 - 교차로안,화물,남,59세,상해없음,이륜,남,75세,경상
2018042500100270,2018년 4월 25일 13시,수요일,경상북도 영천시 북안면,경상사고,0,0,1,0,차대차 - 후진중충돌,안전운전불이행,건조,맑음,단일로 - 기타,화물,남,61세,경상,건설기계,남,49세,상해없음
2018042500100271,2018년 4월 25일 13시,수요일,경상북도 경산시 대동,경상사고,0,0,2,0,차대차 - 측면충돌,안전운전불이행,건조,맑음,단일로 - 기타,승용,남,19세,상해없음,승용,남,75세,경상