사고번호,사고일시,요일,시군구,사고내용,사망자수,중상자수,경상자수,부상신고자수,사고유형,법규위반,노면상태,기상상태,도로형태,가해운전자 차종,가해운전자 성별,가해운전자 연령,가해운전자 상해정도,피해운전자 차종,피해운전자 성별,피해운전자 연령,피해운전자 상해정도
2018042500100272,2018년 4월 25일 13시,수요일,경상북도 영덕군 영덕읍,경상사고,0,0,3,0,차대차 - 추돌,안전운전불이행,건조,맑음,단일로 - 기타,화물,남,65세,경상,화물,남,51세,경상
2018042500100273,2018년 4월 25일 13시,수요일,경상북도 구미시 송정동,중상사고,0,1,0,0,차대차 - 기타,차로위반,건조,맑음,단일로 - 기타,화물,남,42세,상해없음,이륜,남,21세,중상
2018042500100311,2018년 4월 25일 14시,수요일,경상북도 경주시 성건동,경상사고,0,0,1,0,차대차 - 측면충돌,안전운전불이행,건조,맑음,단일로 - 지하차도(도로)내,승용,남,39세,상해없음,승용,남,66세,상해없음
2018042500100312,2018년 4월 25일 14시,수요일,경상북도 문경시 공평동,중상사고,0,1,1,0,차대차 - 추돌,과속,건조,맑음,단일로 - 기타,승용,남,30세,경상,화물,남,58세,중상
2018042500100313,2018년 4월 25일 14시,수요일,경상북도 포항시 남구 상도동,경상사고,0,0,1,0,차대차 - 측면충돌,안전운전불이행,건조,맑음,교차로 - 교차로안,자전거,여,70세,경상,승용,여,50세,상해없음
2018042500100350,2018년 4월 25일 15시,수요일,경상북도 경산시 중방동,경상사고,0,0,1,0,차대차 - 측면충돌,안전운전불이행,건조,맑음,교차로 - 교차로안,승용,여,57세,상해없음,승용,남,24세,경상
2018042500100351,2018년 4월 25일 15시,수요일,경상북도 고령군 운수면,중상사고,0,1,0,0,차대차 - 추돌,안전운전불이행,건조,맑음,단일로 - 기타,화물,남,57세,상해없음,사륜오토바이(ATV),남,90세 이상,중상
2018042500100352,2018년 4월 25일 15시,수요일,경상북도 구미시 도량동,중상사고,0,1,0,0,차대사람 - 횡단중,안전운전불이행,건조,맑음,교차로 - 교차로안,승합,남,65세,상해없음,보행자,여,48세,중상
2018042500100353,2018년 4월 25일 15시,수요일,경상북도 포항시 남구 대도동,중상사고,0,1,0,0,차대사람 - 횡단중,보행자보호의무위반,건조,맑음,단일로 - 기타,승용,남,48세,상해없음,보행자,여,10세,중상
2018042500100392,2018년 4월 25일 16시,수요일,경상북도 성주군 성주읍,경상사고,0,0,1,0,차대차 - 측면충돌,중앙선침범,건조,맑음,기타 - 기타,승합,여,62세,상해없음,승용,남,64세,경상
2018042500100393,2018년 4월 25일 16시,수요일,경상북도 성주군 성주읍,경상사고,0,0,1,0,차대사람 - 횡단중,신호위반,건조,맑음,교차로 - 교차로부근,승용,남,60세,상해없음,보행자,남,22세,경상
2018042500100394,2018년 4월 25일 16시,수요일,경상북도 구미시 공단동,경상사고,0,0,1,0,차대차 - 기타,안전운전불이행,건조,맑음,교차로 - 교차로안,승용,여,36세,상해없음,승용,여,36세,경상
2018042500100429,2018년 4월 25일 17시,수요일,경상북도 상주시 신봉동,경상사고,0,0,1,0,차대사람 - 차도통행중,안전운전불이행,건조,맑음,단일로 - 기타,원동기,남,73세,상해없음,보행자,남,6세,경상
2018042500100430,2018년 4월 25일 17시,수요일,경상북도 의성군 사곡면,사망사고,1,1,0,0,차량단독 - 공작물충돌,안전운전불이행,건조,맑음,단일로 - 기타,농기계,남,80세,사망,,,,
2018042500100431,2018년 4월 25일 17시,수요일,경상북도 성주군 용암면,사망사고,1,1,1,0,차대차 - 정면충돌,안전운전불이행,건조,맑음,교차로 - 교차로안,승용,남,46세,경상,승용,남,75세,중상
2018042500100432,2018년 4월 25일 17시,수요일,경상북도 청송군 진보면,사망사고,1,0,0,0,차대차 - 추돌,안전운전불이행,건조,맑음,단일로 - 기타,화물,남,75세,상해없음,이륜,남,57세,사망
2018042500100433,2018년 4월 25일 17시,수요일,경상북도 구미시 선산읍,중상사고,0,1,2,0,차대차 - 기타,과속,건조,맑음,단일로 - 기타,화물,남,27세,중상,화물,남,63세,경상
2018042500100472,2018년 4월 25일 18시,수요일,경상북도 안동시 목성동,경상사고,0,0,1,0,차대사람 - 횡단중,안전운전불이행,건조,맑음,단일로 - 기타,화물,남,44세,상해없음,보행자,여,53세,경상
2018042500100473,2018년 4월 25일 18시,수요일,경상북도 칠곡군 석적읍,경상사고,0,0,1,0,차대차 - 후진중충돌,안전운전불이행,건조,맑음,단일로 - 기타,승용,남,45세,상해없음,승용,남,37세,상해없음
2018042500100474,2018년 4월 25일 18시,수요일,경상북도 경산시 자인면,경상사고,0,0,1,0,차대차 - 측면충돌,안전운전불이행,건조,맑음,교차로 - 교차로부근,승합,남,62세,경상,승용,남,27세,상해없음
2018042500100506,2018년 4월 25일 19시,수요일,경상북도 포항시 북구 신흥동,경상사고,0,0,1,0,차대차 - 추돌,안전운전불이행,건조,맑음,교차로 - 교차로부근,화물,남,67세,상해없음,승용,여,42세,경상
2018042500100507,2018년 4월 25일 19시,수요일,경상북도 안동시 옥동,중상사고,0,2,1,0,차대차 - 추돌,신호위반,건조,맑음,단일로 - 기타,승용,남,40세,경상,승용,남,39세,중상
2018042500100508,2018년 4월 25일 19시,수요일,경상북도 경산시 압량면,경상사고,0,0,1,0,차대차 - 기타,직진우회전진행방해,건조,맑음,교차로 - 교차로안,승용,남,35세,상해없음,승합,남,45세,상해없음
2018042500100610,2018년 4월 25일 23시,수요일,경상북도 구미시 비산동,부상신고사고,0,0,0,1,차량단독 - 공작물충돌,안전운전불이행,건조,맑음,교차로 - 교차로안,승용,남,29세,부상신고,,,,
2018042500100611,2018년 4월 25일 23시,수요일,경상북도 포항시 남구 대도동,중상사고,0,1,1,0,차대사람 - 횡단중,안전운전불이행,건조,맑음,단일로 - 기타,이륜,남,30세,경상,보행자,남,46세,중상
2018042600100016,2018년 4월 26일 01시,목요일,경상북도 경주시 용강동,경상사고,0,0,3,0,차대차 - 측면충돌,안전운전불이행,건조,맑음,단일로 - 기타,승용,남,22세,경상,승합,남,63세,경상
2018042600100033,2018년 4월 26일 03시,목요일,경상북도 경산시 하양읍,중상사고,0,1,0,0,차량단독 - 기타,안전운전불이행,건조,맑음,단일로 - 기타,승용,남,29세,중상,,,,
2018042600100061,2018년 4월 26일 06시,목요일,경상북도 경주시 감포읍,중상사고,0,1,0,0,차대차 - 정면충돌,안전운전불이행,건조,맑음,단일로 - 기타,자전거,남,64세,중상,화물,남,63세,상해없음
2018042600100112,2018년 4월 26일 08시,목요일,경상북도 포항시 남구 연일읍,중상사고,0,1,0,0,차대차 - 측면충돌,직진우회전진행방해,건조,맑음,교차로 - 교차로안,승용,여,52세,상해없음,승용,여,36세,중상
2018042600100145,2018년 4월 26일 09시,목요일,경상북도 경주시 외동읍,경상사고,0,0,1,0,차대사람 - 기타,안전운전불이행,건조,맑음,교차로 - 교차로안,화물,남,70세,상해없음,보행자,여,21세,경상
2018042600100146,2018년 4월 26일 09시,목요일,경상북도 포항시 북구 죽도동,중상사고,0,1,0,0,차대차 - 추돌,안전운전불이행,건조,맑음,단일로 - 기타,승용,남,35세,상해없음,승용,여,50세,중상
2018042600100147,2018년 4월 26일 09시,목요일,경상북도 영주시 상망동,중상사고,0,1,0,0,차대차 - 기타,안전운전불이행,건조,맑음,단일로 - 기타,이륜,남,53세,중상,건설기계,남,53세,상해없음
2018042600100205,2018년 4월 26일 11시,목요일,경상북도 김천시 개령면,경상사고,0,0,1,0,차대차 - 측면충돌,교차로운행방법위반,건조,맑음,교차로 - 교차로안,승용,여,55세,상해없음,승용,남,31세,경상
2018042600100206,2018년 4월 26일 11시,목요일,경상북도 경산시 하양읍,중상사고,0,1,0,0,차대차 - 추돌,안전거리미확보,건조,맑음,교차로 - 교차로부근,화물,남,71세,상해없음,승용,여,56세,중상
2018042600100207,2018년 4월 26일 11시,목요일,경상북도 예천군 지보면,중상사고,0,1,0,0,차대차 - 측면충돌,안전거리미확보,건조,맑음,단일로 - 기타,이륜,남,66세,상해없음,자전거,남,80세,중상
2018042600100239,2018년 4월 26일 12시,목요일,경상북도 경산시 중방동,경상사고,0,0,1,0,차대사람 - 횡단중,교차로운행방법위반,건조,맑음,교차로 - 교차로안,승용,남,55세,상해없음,보행자,남,49세,경상
2018042600100240,2018년 4월 26일 12시,목요일,경상북도 구미시 봉곡동,부상신고사고,0,0,0,1,차량단독 - 전도전복 - 전도,안전운전불이행,건조,맑음,교차로 - 교차로부근,이륜,남,20세,부상신고,미분류,미분류,미분류,미분류
2018042600100264,2018년 4월 26일 13시,목요일,경상북도 경주시 동부동,경상사고,0,0,1,0,차대사람 - 길가장자리구역통행중,안전운전불이행,건조,맑음,단일로 - 기타,이륜,남,62세,상해없음,보행자,여,59세,경상
2018042600100265,2018년 4월 26일 13시,목요일,경상북도 상주시 서성동,경상사고,0,0,1,0,차대차 - 측면충돌,보행자보호의무위반,건조,맑음,교차로 - 교차로안,승용,남,67세,상해없음,자전거,남,79세,경상
2018042600100266,2018년 4월 26일 13시,목요일,경상북도 상주시 외서면,중상사고,0,1,0,0,차대차 - 추돌,과속,건조,맑음,단일로 - 기타,화물,남,45세,상해없음,승용,남,36세,중상
2018042600100267,2018년 4월 26일 13시,목요일,경상북도 포항시 남구 연일읍,경상사고,0,0,3,0,차대차 - 측면충돌,차로위반,건조,맑음,교차로 - 교차로부근,승용,여,48세,경상,승용,여,32세,경상
2018042600100297,2018년 4월 26일 14시,목요일,경상북도 경주시 성동동,중상사고,0,1,0,0,차대차 - 측면충돌,안전운전불이행,건조,맑음,교차로 - 교차로안,승용,여,39세,상해없음,자전거,여,83세,중상
2018042600100298,2018년 4월 26일 14시,목요일,경상북도 경주시 외동읍,경상사고,0,0,1,0,차대차 - 측면충돌,기타,건조,맑음,단일로 - 기타,화물,남,53세,상해없음,승용,여,63세,경상
2018042600100299,2018년 4월 26일 14시,목요일,경상북도 포항시 북구 득량동,경상사고,0,0,1,0,차대사람 - 횡단중,신호위반,건조,맑음,단일로 - 기타,승용,여,36세,상해없음,보행자,여,60세,경상
2018042600100300,2018년 4월 26일 14시,목요일,경상북도 안동시 용상동,중상사고,0,1,0,0,차량단독 - 기타,안전운전불이행,건조,맑음,단일로 - 기타,승합,남,47세,상해없음,,,,
2018042600100339,2018년 4월 26일 15시,목요일,경상북도 경주시 신평동,경상사고,0,0,1,0,차대차 - 측면충돌,과속,건조,맑음,단일로 - 기타,승용,남,66세,상해없음,자전거,여,26세,경상
2018042600100340,2018년 4월 26일 15시,목요일,경상북도 칠곡군 석적읍,부상신고사고,0,0,0,1,차대차 - 측면충돌,안전운전불이행,건조,맑음,교차로 - 교차로안,이륜,남,41세,부상신고,승용,남,26세,상해없음
2018042600100341,2018년 4월 26일 15시,목요일,경상북도 칠곡군 지천면,사망사고,1,0,0,0,차대차 - 추돌,안전운전불이행,건조,맑음,단일로 - 교량,화물,남,71세,사망,화물,남,32세,상해없음
2018042600100342,2018년 4월 26일 15시,목요일,경상북도 봉화군 법전면,중상사고,0,1,1,0,차대차 - 추돌,안전운전불이행,건조,맑음,단일로 - 기타,화물,남,79세,상해없음,화물,남,56세,경상
2018042600100343,2018년 4월 26일 15시,목요일,경상북도 포항시 남구 해도동,경상사고,0,0,1,0,차대차 - 측면충돌,안전운전불이행,건조,맑음,교차로 - 교차로부근,자전거,여,64세,경상,승용,여,60세,상해없음
2018042600100372,2018년 4월 26일 16시,목요일,경상북도 성주군 선남면,경상사고,0,0,1,0,차대차 - 측면충돌,안전운전불이행,건조,맑음,교차로 - 교차로부근,이륜,남,68세,경상,화물,남,56세,상해없음
2018042600100373,2018년 4월 26일 16시,목요일,경상북도 성주군 선남면,경상사고,0,0,1,0,차대차 - 측면충돌,안전운전불이행,건조,맑음,단일로 - 기타,특수,남,52세,상해없음,승용,여,56세,경상
2018042600100407,2018년 4월 26일 17시,목요일,경상북도 경주시 강동면,경상사고,0,0,1,0,차대차 - 측면충돌,안전운전불이행,건조,맑음,단일로 - 기타,승용,남,55세,경상,특수,남,54세,상해없음
2018042600100408,2018년 4월 26일 17시,목요일,경상북도 경주시 사정동,중상사고,0,1,0,0,차대차 - 측면충돌,안전운전불이행,건조,맑음,교차로 - 교차로안,승용,여,27세,상해없음,자전거,남,75세,중상
2018042600100409,2018년 4월 26일 17시,목요일,경상북도 경산시 사동,경상사고,0,0,1,0,차대사람 - 횡단중,안전운전불이행,건조,맑음,단일로 - 기타,승용,여,60세,상해없음,보행자,여,14세,경상
2018042600100410,2018년 4월 26일 17시,목요일,경상북도 경산시 조영동,부상신고사고,0,0,0,1,차대차 - 측면충돌,안전운전불이행,건조,맑음,단일로 - 기타,자전거,여,28세,부상신고,승용,남,43세,기타불명
2018042600100447,2018년 4월 26일 18시,목요일,경상북도 영주시 순흥면,중상사고,0,1,0,0,차대차 - 측면충돌,안전운전불이행,건조,맑음,교차로 - 교차로안,이륜,여,64세,상해없음,자전거,남,78세,중상
2018042600100448,2018년 4월 26일 18시,목요일,경상북도 칠곡군 석적읍,중상사고,0,1,0,1,차대차 - 측면충돌,신호위반,건조,맑음,교차로 - 교차로안,승용,여,50세,부상신고,승용,남,51세,중상
2018042600100449,2018년 4월 26일 18시,목요일,경상북도 칠곡군 왜관읍,경상사고,0,0,1,0,차대차 - 측면충돌,교차로운행방법위반,건조,맑음,교차로 - 교차로안,농기계,남,79세,상해없음,승용,여,34세,상해없음
2018042600100450,2018년 4월 26일 18시,목요일,경상북도 포항시 남구 청림동,경상사고,0,0,1,0,차대차 - 추돌,안전운전불이행,건조,맑음,교차로 - 교차로부근,이륜,남,31세,경상,화물,남,54세,상해없음
2018042600100451,2018년 4월 26일 18시,목요일,경상북도 포항시 남구 동촌동,경상사고,0,0,2,0,차대차 - 측면충돌,안전운전불이행,건조,맑음,교차로 - 교차로부근,승용,남,35세,경상,승용,남,56세,경상
2018042600100473,2018년 4월 26일 19시,목요일,경상북도 김천시 신음동,경상사고,0,0,1,0,차대차 - 측면충돌,중앙선침범,건조,맑음,단일로 - 기타,이륜,남,27세,상해없음,이륜,남,73세,경상
2018042600100474,2018년 4월 26일 19시,목요일,경상북도 상주시 신봉동,경상사고,0,0,1,0,차대차 - 추돌,안전운전불이행,건조,맑음,단일로 - 기타,승용,남,45세,경상,승용,남,62세,상해없음
2018042600100475,2018년 4월 26일 19시,목요일,경상북도 영주시 영주동,경상사고,0,0,1,0,차대사람 - 횡단중,안전운전불이행,건조,맑음,교차로 - 교차로부근,특수,남,55세,상해없음,보행자,남,13세,경상
2018042600100497,2018년 4월 26일 20시,목요일,경상북도 구미시 옥계동,경상사고,0,0,1,1,차대차 - 기타,안전운전불이행,건조,맑음,단일로 - 기타,이륜,남,25세,부상신고,이륜,남,30세,경상
2018042600100535,2018년 4월 26일 21시,목요일,경상북도 성주군 선남면,중상사고,0,1,0,0,차대사람 - 기타,안전운전불이행,건조,맑음,단일로 - 기타,승용,남,42세,상해없음,보행자,여,58세,중상
2018042600100536,2018년 4월 26일 21시,목요일,경상북도 포항시 남구 상도동,경상사고,0,0,1,0,차대차 - 기타,안전거리미확보,건조,맑음,교차로 - 교차로부근,승용,남,29세,상해없음,승용,남,52세,상해없음
2018042700100006,2018년 4월 27일 00시,금요일,경상북도 구미시 공단동,경상사고,0,0,2,0,차대차 - 기타,교차로운행방법위반,건조,맑음,교차로 - 교차로안,승용,여,30세,경상,승용,남,42세,경상
2018042700100023,2018년 4월 27일 01시,금요일,경상북도 포항시 북구 용흥동,경상사고,0,0,1,0,차대차 - 측면충돌,안전운전불이행,건조,맑음,단일로 - 고가도로위,승용,남,59세,상해없음,승용,여,44세,경상
2018042700100055,2018년 4월 27일 05시,금요일,경상북도 상주시 낙동면,중상사고,0,1,0,0,차대차 - 측면충돌,신호위반,건조,맑음,교차로 - 교차로안,승용,남,42세,상해없음,승용,남,34세,중상
2018042700100067,2018년 4월 27일 06시,금요일,경상북도 경주시 성동동,경상사고,0,0,1,0,차대사람 - 길가장자리구역통행중,안전운전불이행,건조,맑음,단일로 - 기타,승용,남,65세,상해없음,보행자,남,60세,경상
2018042700100084,2018년 4월 27일 07시,금요일,경상북도 구미시 사곡동,경상사고,0,0,1,0,차량단독 - 기타,안전운전불이행,건조,맑음,단일로 - 기타,승합,남,57세,상해없음,,,,
2018042700100118,2018년 4월 27일 08시,금요일,경상북도 포항시 북구 죽도동,경상사고,0,0,1,0,차대차 - 후진중충돌,안전운전불이행,건조,맑음,단일로 - 기타,승용,여,34세,상해없음,승용,여,40세,경상
2018042700100119,2018년 4월 27일 08시,금요일,경상북도 안동시 풍천면,중상사고,0,1,1,0,차대차 - 추돌,안전거리미확보,건조,맑음,단일로 - 기타,화물,여,59세,상해없음,승용,여,42세,중상
2018042700100120,2018년 4월 27일 08시,금요일,경상북도 칠곡군 왜관읍,경상사고,0,0,1,1,차대차 - 추돌,안전운전불이행,건조,맑음,단일로 - 기타,승용,남,51세,부상신고,화물,남,60세,경상
2018042700100121,2018년 4월 27일 08시,금요일,경상북도 경산시 압량면,중상사고,0,1,0,0,차대차 - 측면충돌,안전운전불이행,건조,맑음,교차로 - 교차로부근,승용,여,28세,상해없음,이륜,남,40세,중상
2018042700100122,2018년 4월 27일 08시,금요일,경상북도 구미시 오태동,경상사고,0,0,1,0,차대사람 - 횡단중,안전운전불이행,건조,맑음,교차로 - 교차로부근,승용,남,53세,상해없음,보행자,남,17세,경상
2018042700100154,2018년 4월 27일 09시,금요일,경상북도 영덕군 강구면,경상사고,0,0,1,0,차대차 - 측면충돌,안전운전불이행,건조,맑음,교차로 - 교차로부근,승용,여,58세,상해없음,이륜,남,52세,경상
2018042700100155,2018년 4월 27일 09시,금요일,경상북도 영덕군 남정면,사망사고,1,1,0,0,차대차 - 측면충돌,안전운전불이행,건조,맑음,단일로 - 기타,승용,남,61세,상해없음,화물,남,49세,중상
2018042700100156,2018년 4월 27일 09시,금요일,경상북도 성주군 선남면,경상사고,0,0,1,0,차대차 - 측면충돌,기타,건조,맑음,교차로 - 교차로부근,사륜오토바이(ATV),남,82세,경상,화물,남,33세,상해없음
2018042700100157,2018년 4월 27일 09시,금요일,경상북도 고령군 쌍림면,중상사고,0,1,0,0,차대차 - 추돌,안전운전불이행,건조,맑음,단일로 - 기타,화물,남,67세,상해없음,승용,여,60세,중상
2018042700100189,2018년 4월 27일 10시,금요일,경상북도 군위군 우보면,중상사고,0,1,0,0,차대사람 - 기타,기타,건조,맑음,기타 - 기타,승합,남,40세,상해없음,보행자,여,79세,중상
2018042700100261,2018년 4월 27일 13시,금요일,경상북도 의성군 안계면,중상사고,0,1,0,0,차대사람 - 횡단중,안전운전불이행,건조,맑음,단일로 - 기타,화물,남,53세,상해없음,보행자,여,48세,중상
2018042700100262,2018년 4월 27일 13시,금요일,경상북도 칠곡군 약목면,중상사고,0,1,1,0,차대차 - 측면충돌,교차로운행방법위반,건조,맑음,교차로 - 교차로안,화물,남,58세,상해없음,화물,남,27세,경상
2018042700100263,2018년 4월 27일 13시,금요일,경상북도 칠곡군 북삼읍,경상사고,0,0,1,0,차대차 - 측면충돌,교차로운행방법위반,건조,맑음,교차로 - 교차로안,승용,여,51세,상해없음,승용,남,73세,경상
2018042700100264,2018년 4월 27일 13시,금요일,경상북도 영천시 오수동,경상사고,0,0,3,0,차대차 - 후진중충돌,안전운전불이행,건조,맑음,교차로 - 교차로부근,화물,남,58세,상해없음,승용,여,56세,경상
2018042700100265,2018년 4월 27일 13시,금요일,경상북도 구미시 원평동,경상사고,0,0,1,0,차대차 - 기타,안전운전불이행,건조,맑음,교차로 - 교차로안,승용,여,49세,상해없음,승용,여,35세,경상
2018042700100298,2018년 4월 27일 14시,금요일,경상북도 영천시 완산동,경상사고,0,0,1,0,차대차 - 측면충돌,중앙선침범,건조,맑음,교차로 - 교차로부근,이륜,여,69세,경상,화물,남,73세,상해없음
2018042700100299,2018년 4월 27일 14시,금요일,경상북도 성주군 초전면,중상사고,0,1,0,0,차대차 - 측면충돌,안전운전불이행,건조,맑음,교차로 - 교차로안,화물,남,59세,상해없음,자전거,여,69세,중상
2018042700100300,2018년 4월 27일 14시,금요일,경상북도 청송군 청송읍,경상사고,0,0,1,0,차대사람 - 길가장자리구역통행중,안전운전불이행,건조,맑음,교차로 - 교차로부근,승용,여,48세,상해없음,보행자,여,64세,경상
2018042700100335,2018년 4월 27일 15시,금요일,경상북도 경주시 충효동,중상사고,0,1,0,0,차대사람 - 보도통행중,보행자보호의무위반,건조,맑음,교차로 - 교차로횡단보도내,승용,남,70세,상해없음,보행자,여,7세,중상
2018042700100336,2018년 4월 27일 15시,금요일,경상북도 경산시 대동,경상사고,0,0,1,0,차대사람 - 기타,기타,건조,맑음,단일로 - 기타,승합,남,59세,상해없음,보행자,여,21세,경상
2018042700100337,2018년 4월 27일 15시,금요일,경상북도 구미시 고아읍,중상사고,0,1,0,0,차대차 - 추돌,안전운전불이행,건조,맑음,단일로 - 기타,승용,남,39세,상해없음,승합,남,34세,중상
2018042700100338,2018년 4월 27일 15시,금요일,경상북도 상주시 화서면,사망사고,1,2,7,0,차대차 - 추돌,안전운전불이행,건조,맑음,단일로 - 기타,승합,남,63세,상해없음,승용,여,44세,중상
2018042700100385,2018년 4월 27일 16시,금요일,경상북도 포항시 북구 대신동,중상사고,0,1,0,0,차대차 - 측면충돌,중앙선침범,건조,맑음,단일로 - 기타,승용,여,54세,상해없음,이륜,남,37세,중상
2018042700100386,2018년 4월 27일 16시,금요일,경상북도 안동시 남후면,경상사고,0,0,1,0,차대차 - 측면충돌,안전운전불이행,건조,맑음,단일로 - 기타,화물,남,55세,상해없음,승용,여,41세,경상
2018042700100387,2018년 4월 27일 16시,금요일,경상북도 상주시 공검면,중상사고,0,1,0,0,차대차 - 측면충돌,안전운전불이행,건조,맑음,단일로 - 기타,화물,남,64세,상해없음,이륜,남,77세,중상
2018042700100388,2018년 4월 27일 16시,금요일,경상북도 성주군 월항면,경상사고,0,0,1,0,차대차 - 측면충돌,안전운전불이행,건조,맑음,교차로 - 교차로부근,이륜,여,57세,경상,화물,남,48세,상해없음
2018042700100389,2018년 4월 27일 16시,금요일,경상북도 구미시 황상동,경상사고,0,0,2,0,차대차 - 추돌,안전운전불이행,건조,맑음,교차로 - 교차로안,승용,남,25세,상해없음,승용,남,41세,경상
2018042700100390,2018년 4월 27일 16시,금요일,경상북도 상주시 화남면,경상사고,0,0,1,0,차대차 - 추돌,안전운전불이행,건조,맑음,단일로 - 기타,화물,남,33세,상해없음,승용,남,44세,경상
2018042700100423,2018년 4월 27일 17시,금요일,경상북도 포항시 북구 장성동,경상사고,0,0,1,0,차대차 - 측면충돌,안전운전불이행,건조,맑음,단일로 - 기타,자전거,여,21세,경상,승용,남,29세,상해없음
2018042700100425,2018년 4월 27일 17시,금요일,경상북도 상주시 청리면,경상사고,0,0,1,0,차량단독 - 전도전복 - 전도,안전운전불이행,건조,맑음,단일로 - 기타,원동기,남,80세,경상,미분류,미분류,미분류,미분류
2018042700100426,2018년 4월 27일 17시,금요일,경상북도 경산시 사동,중상사고,0,1,0,0,차대사람 - 기타,안전운전불이행,건조,맑음,단일로 - 기타,승합,남,58세,상해없음,보행자,여,83세,중상
2018042700100471,2018년 4월 27일 18시,금요일,경상북도 경주시 황오동,경상사고,0,0,1,0,차대차 - 측면충돌,안전운전불이행,건조,맑음,단일로 - 기타,승용,남,52세,상해없음,승용,남,64세,경상
2018042700100472,2018년 4월 27일 18시,금요일,경상북도 예천군 지보면,경상사고,0,0,1,0,차대차 - 측면충돌,안전운전불이행,건조,맑음,교차로 - 교차로안,사륜오토바이(ATV),여,64세,경상,승용,여,28세,상해없음
2018042700100473,2018년 4월 27일 18시,금요일,경상북도 포항시 남구 오천읍,경상사고,0,0,1,0,차대차 - 측면충돌,교차로운행방법위반,건조,맑음,교차로 - 교차로안,승용,여,33세,상해없음,승용,여,45세,경상
2018042700100518,2018년 4월 27일 19시,금요일,경상북도 칠곡군 약목면,부상신고사고,0,0,0,1,차량단독 - 공작물충돌,안전운전불이행,건조,맑음,단일로 - 기타,승용,남,67세,부상신고,,,,
2018042700100519,2018년 4월 27일 19시,금요일,경상북도 영덕군 남정면,경상사고,0,0,1,0,차대차 - 추돌,안전운전불이행,건조,맑음,단일로 - 기타,화물,남,74세,상해없음,승용,남,33세,경상
2018042700100549,2018년 4월 27일 20시,금요일,경상북도 영주시 봉현면,경상사고,0,0,2,0,차대차 - 측면충돌,직진우회전진행방해,건조,맑음,교차로 - 교차로안,승용,남,38세,상해없음,승합,남,38세,경상
2018042700100550,2018년 4월 27일 20시,금요일,경상북도 경산시 정평동,중상사고,0,1,1,0,차대사람 - 횡단중,신호위반,건조,맑음,교차로 - 교차로부근,이륜,여,45세,상해없음,보행자,여,55세,중상
2018042700100584,2018년 4월 27일 21시,금요일,경상북도 안동시 용상동,중상사고,0,1,1,0,차대차 - 측면충돌,중앙선침범,건조,맑음,단일로 - 기타,승용,남,27세,상해없음,승용,남,41세,경상
2018042700100585,2018년 4월 27일 21시,금요일,경상북도 김천시 감호동,경상사고,0,0,2,0,차대차 - 추돌,안전운전불이행,건조,기타,단일로 - 기타,승용,여,38세,상해없음,승용,여,31세,경상
2018042700100616,2018년 4월 27일 22시,금요일,경상북도 경주시 성동동,경상사고,0,0,1,0,차대차 - 측면충돌,안전운전불이행,건조,맑음,교차로 - 교차로부근,승용,남,37세,상해없음,승용,남,55세,경상
2018042700100617,2018년 4월 27일 22시,금요일,경상북도 경산시 상방동,경상사고,0,0,1,0,차대차 - 측면충돌,안전운전불이행,건조,맑음,교차로 - 교차로안,이륜,남,17세,상해없음,승용,남,40세,상해없음
2018042700100618,2018년 4월 27일 22시,금요일,경상북도 청도군 운문면,사망사고,1,0,0,0,차대사람 - 차도통행중,과속,건조,맑음,단일로 - 기타,승용,남,29세,상해없음,보행자,남,60세,사망
2018042700100645,2018년 4월 27일 23시,금요일,경상북도 김천시 율곡동,경상사고,0,0,2,0,차대차 - 측면충돌,교차로운행방법위반,건조,맑음,교차로 - 교차로안,화물,남,60세,상해없음,승용,남,34세,경상
2018042700100646,2018년 4월 27일 23시,금요일,경상북도 포항시 남구 구룡포읍,경상사고,0,0,1,0,차대차 - 추돌,안전운전불이행,건조,맑음,교차로 - 교차로안,승용,남,43세,상해없음,화물,남,28세,경상
2018042800100037,2018년 4월 28일 01시,토요일,경상북도 문경시 점촌동,중상사고,0,1,0,0,차대사람 - 차도통행중,안전운전불이행,건조,맑음,교차로 - 교차로부근,승합,남,19세,상해없음,보행자,남,57세,중상
2018042800100038,2018년 4월 28일 01시,토요일,경상북도 구미시 황상동,경상사고,0,0,2,1,차대차 - 기타,안전운전불이행,건조,맑음,단일로 - 기타,승용,여,32세,부상신고,승용,남,59세,경상
2018042800100086,2018년 4월 28일 04시,토요일,경상북도 영주시 휴천동,중상사고,0,1,0,0,차대사람 - 횡단중,안전운전불이행,건조,맑음,단일로 - 기타,승용,남,22세,상해없음,보행자,남,44세,중상
2018042800100095,2018년 4월 28일 05시,토요일,경상북도 영덕군 강구면,사망사고,1,0,0,0,차대차 - 정면충돌,안전운전불이행,건조,맑음,교차로 - 교차로안,이륜,여,67세,사망,승용,여,35세,상해없음
2018042800100157,2018년 4월 28일 08시,토요일,경상북도 안동시 안흥동,중상사고,0,1,1,0,차대사람 - 횡단중,신호위반,건조,맑음,단일로 - 기타,화물,남,71세,상해없음,보행자,여,70세,경상