사고번호,사고일시,요일,시군구,사고내용,사망자수,중상자수,경상자수,부상신고자수,사고유형,법규위반,노면상태,기상상태,도로형태,가해운전자 차종,가해운전자 성별,가해운전자 연령,가해운전자 상해정도,피해운전자 차종,피해운전자 성별,피해운전자 연령,피해운전자 상해정도
2018050100100093,2018년 5월 1일 07시,화요일,경상북도 영천시 금호읍,중상사고,0,1,1,0,차대차 - 측면충돌,안전운전불이행,건조,맑음,단일로 - 기타,이륜,남,39세,중상,승용,남,48세,경상
2018050100100094,2018년 5월 1일 07시,화요일,경상북도 성주군 용암면,중상사고,0,1,1,0,차대차 - 정면충돌,안전운전불이행,건조,맑음,교차로 - 교차로안,화물,남,44세,중상,화물,여,63세,경상
2018050100100122,2018년 5월 1일 08시,화요일,경상북도 구미시 봉곡동,경상사고,0,0,1,0,차대차 - 측면충돌,교차로운행방법위반,건조,맑음,교차로 - 교차로안,승용,남,60세,상해없음,승용,여,34세,경상
2018050100100149,2018년 5월 1일 09시,화요일,경상북도 경주시 안강읍,경상사고,0,0,2,0,차대차 - 측면충돌,안전운전불이행,건조,맑음,교차로 - 교차로안,승용,여,36세,상해없음,승용,남,44세,경상
2018050100100150,2018년 5월 1일 09시,화요일,경상북도 영양군 영양읍,중상사고,0,1,0,0,차대차 - 측면충돌,교차로운행방법위반,건조,맑음,교차로 - 교차로안,승합,남,45세,상해없음,이륜,남,78세,중상
2018050100100174,2018년 5월 1일 10시,화요일,경상북도 포항시 북구 두호동,경상사고,0,0,4,0,차량단독 - 기타,안전운전불이행,건조,맑음,단일로 - 기타,승용,남,53세,상해없음,,,,
2018050100100175,2018년 5월 1일 10시,화요일,경상북도 의성군 금성면,중상사고,0,1,0,0,차대사람 - 차도통행중,안전운전불이행,건조,맑음,단일로 - 기타,승용,여,64세,상해없음,보행자,여,75세,중상
2018050100100192,2018년 5월 1일 11시,화요일,경상북도 경산시 하양읍,경상사고,0,0,1,0,차대차 - 측면충돌,신호위반,건조,맑음,교차로 - 교차로안,화물,남,76세,상해없음,승용,남,40세,경상
2018050100100220,2018년 5월 1일 12시,화요일,경상북도 상주시 만산동,중상사고,0,2,0,0,차대차 - 측면충돌,안전운전불이행,건조,맑음,단일로 - 기타,승용,여,44세,상해없음,이륜,남,62세,중상
2018050100100253,2018년 5월 1일 13시,화요일,경상북도 포항시 남구 오천읍,경상사고,0,0,2,0,차대차 - 기타,안전거리미확보,건조,맑음,교차로 - 교차로부근,이륜,남,28세,경상,승용,여,57세,경상
2018050100100285,2018년 5월 1일 14시,화요일,경상북도 경산시 상방동,경상사고,0,0,2,0,차대차 - 측면충돌,신호위반,건조,맑음,교차로 - 교차로안,승용,남,27세,경상,승용,남,34세,경상
2018050100100286,2018년 5월 1일 14시,화요일,경상북도 경산시 남산면,중상사고,0,1,0,0,차대차 - 측면충돌,중앙선침범,건조,맑음,교차로 - 교차로부근,승용,남,68세,상해없음,이륜,남,28세,중상
2018050100100287,2018년 5월 1일 14시,화요일,경상북도 고령군 다산면,중상사고,0,1,3,0,차대차 - 추돌,안전운전불이행,건조,맑음,교차로 - 교차로부근,화물,남,41세,상해없음,승용,남,42세,경상
2018050100100320,2018년 5월 1일 15시,화요일,경상북도 포항시 북구 신광면,경상사고,0,0,2,0,차대차 - 측면충돌,직진우회전진행방해,건조,맑음,교차로 - 교차로안,승용,남,65세,경상,화물,남,60세,경상
2018050100100321,2018년 5월 1일 15시,화요일,경상북도 포항시 북구 양덕동,경상사고,0,0,4,0,차대차 - 측면충돌,직진우회전진행방해,건조,맑음,교차로 - 교차로안,승용,여,32세,경상,승용,여,61세,경상
2018050100100350,2018년 5월 1일 16시,화요일,경상북도 김천시 교동,경상사고,0,0,1,0,차대차 - 추돌,안전운전불이행,건조,맑음,교차로 - 교차로부근,승용,남,40세,상해없음,승용,여,63세,경상
2018050100100382,2018년 5월 1일 17시,화요일,경상북도 상주시 낙양동,경상사고,0,0,1,0,차대차 - 측면충돌,안전운전불이행,건조,맑음,단일로 - 기타,승합,남,66세,상해없음,자전거,남,8세,경상
2018050100100383,2018년 5월 1일 17시,화요일,경상북도 포항시 남구 지곡동,경상사고,0,0,1,0,차대차 - 측면충돌,교차로운행방법위반,건조,맑음,교차로 - 교차로부근,승용,남,36세,상해없음,이륜,남,25세,경상
2018050100100406,2018년 5월 1일 18시,화요일,경상북도 안동시 태화동,경상사고,0,0,1,0,차대사람 - 길가장자리구역통행중,안전운전불이행,건조,맑음,교차로 - 교차로부근,승용,남,81세,상해없음,보행자,여,46세,경상
2018050100100407,2018년 5월 1일 18시,화요일,경상북도 경산시 중방동,경상사고,0,0,3,0,차대차 - 측면충돌,안전운전불이행,건조,맑음,단일로 - 기타,승용,남,74세,상해없음,승용,여,32세,경상
2018050100100408,2018년 5월 1일 18시,화요일,경상북도 청송군 청송읍,경상사고,0,0,2,0,차대차 - 측면충돌,직진우회전진행방해,건조,맑음,교차로 - 교차로안,승용,여,54세,상해없음,승용,여,50세,경상
2018050100100430,2018년 5월 1일 19시,화요일,경상북도 경주시 용강동,중상사고,0,2,0,0,차대차 - 측면충돌,안전운전불이행,건조,맑음,교차로 - 교차로안,승용,남,29세,상해없음,승용,남,44세,중상
2018050100100431,2018년 5월 1일 19시,화요일,경상북도 포항시 북구 대흥동,경상사고,0,0,2,0,차대차 - 측면충돌,안전운전불이행,건조,맑음,교차로 - 교차로안,승용,남,53세,상해없음,승용,여,30세,경상
2018050100100432,2018년 5월 1일 19시,화요일,경상북도 영주시 풍기읍,중상사고,0,1,0,0,차대차 - 측면충돌,안전운전불이행,건조,흐림,교차로 - 교차로안,사륜오토바이(ATV),남,75세,중상,승용,남,47세,상해없음
2018050100100433,2018년 5월 1일 19시,화요일,경상북도 칠곡군 기산면,경상사고,0,0,2,0,차대차 - 측면충돌,안전운전불이행,건조,맑음,단일로 - 기타,화물,여,68세,상해없음,승용,남,37세,경상
2018050100100434,2018년 5월 1일 19시,화요일,경상북도 경산시 압량면,경상사고,0,0,1,0,차대차 - 추돌,안전운전불이행,건조,맑음,주차장 - 주차장,승용,남,58세,상해없음,승용,남,46세,경상
2018050100100464,2018년 5월 1일 20시,화요일,경상북도 포항시 북구 송라면,경상사고,0,0,1,0,차량단독 - 기타,안전운전불이행,건조,맑음,단일로 - 기타,이륜,남,69세,경상,,,,
2018050100100465,2018년 5월 1일 20시,화요일,경상북도 영주시 가흥동,중상사고,0,1,0,0,차대사람 - 횡단중,안전운전불이행,젖음/습기,비,단일로 - 기타,승용,남,59세,상해없음,보행자,남,46세,중상
2018050100100494,2018년 5월 1일 21시,화요일,경상북도 안동시 송현동,경상사고,0,0,3,0,차대차 - 측면충돌,안전운전불이행,건조,맑음,교차로 - 교차로안,화물,남,58세,상해없음,승용,여,71세,경상
2018050100100495,2018년 5월 1일 21시,화요일,경상북도 김천시 덕곡동,경상사고,0,0,1,0,차량단독 - 공작물충돌,안전운전불이행,건조,맑음,단일로 - 기타,승용,남,39세,경상,,,,
2018050100100496,2018년 5월 1일 21시,화요일,경상북도 김천시 아포읍,사망사고,2,0,0,0,차대차 - 정면충돌,중앙선침범,건조,기타,단일로 - 기타,화물,여,53세,사망,승용,남,52세,사망
2018050100100497,2018년 5월 1일 21시,화요일,경상북도 청도군 화양읍,경상사고,0,0,2,0,차대차 - 추돌,안전운전불이행,건조,맑음,교차로 - 교차로부근,승용,여,53세,경상,승용,여,49세,경상
2018050100100512,2018년 5월 1일 22시,화요일,경상북도 경산시 하양읍,경상사고,0,0,1,0,차량단독 - 공작물충돌,안전운전불이행,건조,맑음,단일로 - 기타,승합,남,60세,상해없음,,,,
2018050200100023,2018년 5월 2일 01시,수요일,경상북도 상주시 외서면,중상사고,0,1,0,0,차대차 - 추돌,안전운전불이행,건조,맑음,단일로 - 기타,화물,남,40세,상해없음,승용,여,36세,중상
2018050200100024,2018년 5월 2일 01시,수요일,경상북도 구미시 원평동,중상사고,0,1,2,0,차대차 - 기타,안전운전불이행,건조,맑음,교차로 - 교차로안,승용,남,47세,상해없음,승용,남,59세,중상
2018050200100030,2018년 5월 2일 02시,수요일,경상북도 구미시 진평동,경상사고,0,0,4,0,차대차 - 추돌,안전운전불이행,젖음/습기,비,단일로 - 기타,승용,남,45세,상해없음,승용,남,59세,경상
2018050200100074,2018년 5월 2일 06시,수요일,경상북도 칠곡군 석적읍,중상사고,0,1,0,0,차대차 - 측면충돌,교차로운행방법위반,젖음/습기,흐림,교차로 - 교차로안,특수,남,46세,상해없음,승용,남,63세,중상
2018050200100097,2018년 5월 2일 07시,수요일,경상북도 의성군 의성읍,중상사고,0,1,0,0,차대차 - 측면충돌,직진우회전진행방해,건조,맑음,교차로 - 교차로안,승용,여,42세,상해없음,이륜,남,74세,중상
2018050200100098,2018년 5월 2일 07시,수요일,경상북도 성주군 월항면,중상사고,0,1,1,0,차대차 - 측면충돌,직진우회전진행방해,젖음/습기,비,교차로 - 교차로안,승용,남,52세,경상,화물,남,56세,중상
2018050200100179,2018년 5월 2일 09시,수요일,경상북도 경주시 성동동,중상사고,0,2,0,0,차대차 - 측면충돌,신호위반,젖음/습기,비,교차로 - 교차로안,승용,남,65세,상해없음,승용,남,63세,상해없음
2018050200100180,2018년 5월 2일 09시,수요일,경상북도 김천시 어모면,경상사고,0,0,1,0,차량단독 - 도로외이탈 - 추락,안전운전불이행,건조,맑음,단일로 - 기타,화물,남,20세,경상,,,,
2018050200100181,2018년 5월 2일 09시,수요일,경상북도 구미시 산동면,부상신고사고,0,0,0,1,차량단독 - 공작물충돌,안전운전불이행,젖음/습기,비,단일로 - 기타,승용,남,49세,부상신고,,,,
2018050200100213,2018년 5월 2일 10시,수요일,경상북도 칠곡군 동명면,경상사고,0,0,1,0,차대차 - 추돌,안전운전불이행,건조,맑음,단일로 - 기타,화물,남,31세,상해없음,승용,남,32세,경상
2018050200100214,2018년 5월 2일 10시,수요일,경상북도 울진군 북면,중상사고,0,2,0,0,차대차 - 정면충돌,중앙선침범,건조,맑음,단일로 - 기타,승용,남,58세,상해없음,승용,남,74세,중상
2018050200100215,2018년 5월 2일 10시,수요일,경상북도 포항시 남구 대잠동,경상사고,0,0,1,0,차대차 - 측면충돌,교차로운행방법위반,건조,맑음,교차로 - 교차로안,승용,남,69세,상해없음,승용,여,50세,경상
2018050200100247,2018년 5월 2일 11시,수요일,경상북도 영주시 조암동,경상사고,0,0,1,0,차대차 - 추돌,안전운전불이행,젖음/습기,비,교차로 - 교차로안,화물,남,58세,상해없음,승용,여,54세,경상
2018050200100248,2018년 5월 2일 11시,수요일,경상북도 칠곡군 북삼읍,경상사고,0,0,1,1,차대차 - 측면충돌,안전운전불이행,건조,맑음,교차로 - 교차로안,화물,남,68세,부상신고,화물,남,42세,경상
2018050200100276,2018년 5월 2일 12시,수요일,경상북도 포항시 북구 상원동,중상사고,0,1,0,0,차대사람 - 기타,안전운전불이행,건조,맑음,교차로 - 교차로부근,승용,여,47세,상해없음,보행자,남,62세,중상
2018050200100277,2018년 5월 2일 12시,수요일,경상북도 포항시 북구 장성동,경상사고,0,0,1,0,차대차 - 측면충돌,차로위반,건조,맑음,단일로 - 기타,승용,남,73세,상해없음,승용,여,42세,경상
2018050200100303,2018년 5월 2일 13시,수요일,경상북도 경산시 계양동,경상사고,0,0,1,0,차대차 - 측면충돌,안전운전불이행,건조,맑음,단일로 - 기타,화물,남,59세,상해없음,이륜,남,25세,경상
2018050200100304,2018년 5월 2일 13시,수요일,경상북도 예천군 풍양면,중상사고,0,2,0,0,차대차 - 정면충돌,중앙선침범,건조,맑음,교차로 - 교차로부근,승용,여,64세,상해없음,화물,남,32세,중상
2018050200100305,2018년 5월 2일 13시,수요일,경상북도 청도군 청도읍,경상사고,0,0,2,0,차대차 - 측면충돌,중앙선침범,젖음/습기,비,단일로 - 기타,화물,남,59세,상해없음,승용,여,40세,경상
2018050200100306,2018년 5월 2일 13시,수요일,경상북도 구미시 인의동,경상사고,0,0,1,0,차대차 - 기타,안전운전불이행,건조,맑음,교차로 - 교차로안,승용,여,31세,상해없음,승용,남,26세,경상
2018050200100342,2018년 5월 2일 14시,수요일,경상북도 구미시 형곡동,경상사고,0,0,1,0,차대사람 - 횡단중,보행자보호의무위반,건조,맑음,교차로 - 교차로안,승용,남,45세,상해없음,보행자,여,9세,경상
2018050200100343,2018년 5월 2일 14시,수요일,경상북도 포항시 남구 오천읍,경상사고,0,0,2,0,차대차 - 기타,직진우회전진행방해,건조,맑음,교차로 - 교차로안,승용,여,48세,경상,승용,여,26세,경상
2018050200100371,2018년 5월 2일 15시,수요일,경상북도 안동시 옥동,경상사고,0,0,1,0,차대사람 - 횡단중,보행자보호의무위반,건조,맑음,단일로 - 기타,화물,여,57세,상해없음,보행자,남,7세,경상
2018050200100372,2018년 5월 2일 15시,수요일,경상북도 영천시 금노동,경상사고,0,0,1,0,차대차 - 측면충돌,안전거리미확보,건조,맑음,교차로 - 교차로부근,원동기,남,54세,경상,승용,남,54세,상해없음
2018050200100373,2018년 5월 2일 15시,수요일,경상북도 경산시 사동,경상사고,0,0,2,0,차대차 - 측면충돌,교차로운행방법위반,건조,맑음,교차로 - 교차로안,승용,남,70세,경상,승용,여,51세,경상
2018050200100374,2018년 5월 2일 15시,수요일,경상북도 봉화군 봉화읍,경상사고,0,0,2,0,차대차 - 측면충돌,직진우회전진행방해,젖음/습기,비,교차로 - 교차로안,화물,남,71세,상해없음,승용,여,55세,경상
2018050200100412,2018년 5월 2일 16시,수요일,경상북도 경산시 하양읍,경상사고,0,0,1,0,차대차 - 정면충돌,중앙선침범,건조,맑음,교차로 - 교차로부근,승용,여,48세,상해없음,화물,남,41세,경상
2018050200100443,2018년 5월 2일 17시,수요일,경상북도 영천시 임고면,중상사고,0,2,1,0,차대차 - 추돌,안전운전불이행,건조,흐림,교차로 - 교차로부근,승용,남,46세,경상,승용,여,46세,중상
2018050200100475,2018년 5월 2일 18시,수요일,경상북도 포항시 남구 이동,경상사고,0,0,2,0,차대차 - 측면충돌,직진우회전진행방해,건조,맑음,교차로 - 교차로안,승용,남,28세,경상,승용,남,29세,경상
2018050200100546,2018년 5월 2일 20시,수요일,경상북도 청도군 청도읍,경상사고,0,0,1,0,차대차 - 측면충돌,교차로운행방법위반,젖음/습기,흐림,단일로 - 기타,승용,남,51세,상해없음,이륜,남,20세,경상
2018050200100581,2018년 5월 2일 21시,수요일,경상북도 경주시 천군동,사망사고,1,0,0,0,차대차 - 정면충돌,중앙선침범,건조,맑음,단일로 - 기타,승용,남,31세,상해없음,승용,여,50세,사망
2018050200100599,2018년 5월 2일 22시,수요일,경상북도 안동시 남문동,경상사고,0,0,1,0,차대차 - 측면충돌,교차로운행방법위반,건조,맑음,교차로 - 교차로안,승용,남,27세,상해없음,승용,여,56세,경상
2018050200100600,2018년 5월 2일 22시,수요일,경상북도 문경시 호계면,중상사고,0,1,0,0,차대차 - 측면충돌,직진우회전진행방해,건조,맑음,교차로 - 교차로안,화물,남,69세,상해없음,승용,여,62세,중상
2018050200100628,2018년 5월 2일 23시,수요일,경상북도 구미시 진평동,중상사고,0,2,0,0,차대차 - 측면충돌,신호위반,건조,맑음,교차로 - 교차로안,이륜,남,47세,중상,이륜,남,45세,중상
2018050200100629,2018년 5월 2일 23시,수요일,경상북도 구미시 지산동,경상사고,0,0,1,0,차대차 - 추돌,안전운전불이행,건조,흐림,단일로 - 교량,승용,남,35세,상해없음,승용,여,37세,경상
2018050300100017,2018년 5월 3일 00시,목요일,경상북도 포항시 북구 죽도동,경상사고,0,0,2,0,차대차 - 추돌,안전운전불이행,건조,맑음,교차로 - 교차로부근,승용,남,33세,상해없음,승용,남,55세,경상
2018050300100018,2018년 5월 3일 00시,목요일,경상북도 청도군 화양읍,중상사고,0,2,0,0,차대차 - 측면충돌,안전운전불이행,건조,맑음,단일로 - 기타,승용,남,34세,상해없음,이륜,남,18세,중상
2018050300100034,2018년 5월 3일 01시,목요일,경상북도 경주시 건천읍,경상사고,0,0,3,0,차대차 - 측면충돌,안전거리미확보,건조,맑음,단일로 - 기타,승용,남,47세,경상,승용,여,43세,경상
2018050300100076,2018년 5월 3일 06시,목요일,경상북도 포항시 남구 인덕동,경상사고,0,0,1,0,차대차 - 기타,직진우회전진행방해,건조,맑음,교차로 - 교차로부근,특수,남,52세,상해없음,승용,남,26세,경상
2018050300100143,2018년 5월 3일 08시,목요일,경상북도 안동시 길안면,경상사고,0,0,2,0,차대차 - 정면충돌,중앙선침범,건조,맑음,단일로 - 기타,화물,남,56세,상해없음,승용,남,69세,경상
2018050300100144,2018년 5월 3일 08시,목요일,경상북도 영주시 가흥동,경상사고,0,0,1,0,차량단독 - 공작물충돌,안전운전불이행,건조,맑음,단일로 - 기타,승용,남,72세,경상,,,,
2018050300100145,2018년 5월 3일 08시,목요일,경상북도 경산시 계양동,경상사고,0,0,2,0,차대차 - 측면충돌,안전운전불이행,건조,맑음,교차로 - 교차로부근,승용,남,36세,상해없음,승합,여,51세,경상
2018050300100172,2018년 5월 3일 09시,목요일,경상북도 포항시 북구 우현동,경상사고,0,0,1,0,차대차 - 측면충돌,안전운전불이행,건조,맑음,단일로 - 기타,승용,남,32세,상해없음,승용,여,44세,경상
2018050300100173,2018년 5월 3일 09시,목요일,경상북도 포항시 북구 죽장면,경상사고,0,0,2,0,차대차 - 측면충돌,중앙선침범,건조,맑음,단일로 - 기타,승용,남,75세,상해없음,화물,남,55세,경상
2018050300100174,2018년 5월 3일 09시,목요일,경상북도 상주시 중덕동,중상사고,0,1,2,0,차대차 - 측면충돌,안전운전불이행,건조,맑음,교차로 - 교차로안,승용,여,51세,상해없음,승용,여,47세,중상
2018050300100175,2018년 5월 3일 09시,목요일,경상북도 경산시 중방동,중상사고,0,1,0,0,차대차 - 추돌,안전거리미확보,건조,맑음,교차로 - 교차로부근,화물,남,45세,상해없음,승용,여,44세,중상
2018050300100208,2018년 5월 3일 10시,목요일,경상북도 김천시 부곡동,경상사고,0,0,1,0,차대사람 - 차도통행중,안전운전불이행,건조,맑음,단일로 - 기타,승용,여,53세,상해없음,보행자,남,54세,경상
2018050300100237,2018년 5월 3일 11시,목요일,경상북도 구미시 봉곡동,경상사고,0,0,1,0,차량단독 - 공작물충돌,안전운전불이행,건조,맑음,기타 - 기타,승용,여,55세,경상,,,,
2018050300100266,2018년 5월 3일 12시,목요일,경상북도 칠곡군 기산면,부상신고사고,0,0,0,1,차량단독 - 공작물충돌,안전운전불이행,건조,맑음,단일로 - 기타,승용,남,74세,부상신고,,,,
2018050300100295,2018년 5월 3일 13시,목요일,경상북도 안동시 일직면,경상사고,0,0,1,0,차량단독 - 공작물충돌,안전운전불이행,건조,맑음,단일로 - 기타,승용,남,68세,경상,,,,
2018050300100296,2018년 5월 3일 13시,목요일,경상북도 군위군 우보면,중상사고,0,1,1,0,차대차 - 추돌,안전운전불이행,건조,맑음,단일로 - 기타,화물,남,64세,상해없음,승용,여,46세,경상
2018050300100297,2018년 5월 3일 13시,목요일,경상북도 구미시 부곡동,경상사고,0,0,1,0,차대차 - 기타,안전운전불이행,건조,맑음,단일로 - 기타,승용,여,33세,상해없음,승용,남,54세,상해없음
2018050300100298,2018년 5월 3일 13시,목요일,경상북도 포항시 남구 동해면,경상사고,0,0,1,0,차대사람 - 기타,안전운전불이행,건조,맑음,단일로 - 기타,승용,남,59세,상해없음,보행자,남,70세,경상
2018050300100325,2018년 5월 3일 14시,목요일,경상북도 경주시 양북면,경상사고,0,0,1,0,차대차 - 측면충돌,안전운전불이행,건조,맑음,교차로 - 교차로안,승용,남,23세,경상,화물,남,59세,상해없음
2018050300100326,2018년 5월 3일 14시,목요일,경상북도 포항시 북구 양덕동,경상사고,0,0,1,0,차대사람 - 횡단중,신호위반,건조,맑음,교차로 - 교차로안,승용,여,54세,상해없음,보행자,여,66세,경상
2018050300100327,2018년 5월 3일 14시,목요일,경상북도 포항시 남구 대송면,경상사고,0,0,1,0,차대차 - 기타,직진우회전진행방해,건조,맑음,교차로 - 교차로안,승용,여,66세,상해없음,이륜,남,72세,경상
2018050300100368,2018년 5월 3일 15시,목요일,경상북도 경주시 동부동,경상사고,0,0,1,0,차대차 - 측면충돌,안전운전불이행,건조,맑음,교차로 - 교차로안,승용,남,61세,상해없음,승용,남,55세,경상
2018050300100369,2018년 5월 3일 15시,목요일,경상북도 김천시 구성면,경상사고,0,0,1,0,차대사람 - 기타,안전운전불이행,건조,맑음,기타 - 기타,승용,여,58세,상해없음,보행자,남,8세,경상
2018050300100370,2018년 5월 3일 15시,목요일,경상북도 상주시 낙양동,중상사고,0,1,1,0,차대차 - 정면충돌,안전운전불이행,건조,맑음,단일로 - 기타,승용,남,56세,상해없음,승용,남,23세,중상
2018050300100371,2018년 5월 3일 15시,목요일,경상북도 포항시 남구 장흥동,경상사고,0,0,1,0,차대차 - 추돌,안전운전불이행,건조,맑음,교차로 - 교차로부근,승용,남,64세,상해없음,승용,여,44세,경상
2018050300100372,2018년 5월 3일 15시,목요일,경상북도 포항시 남구 장기면,중상사고,0,2,0,0,차대차 - 정면충돌,중앙선침범,건조,맑음,단일로 - 기타,승용,남,62세,상해없음,화물,남,62세,중상
2018050300100457,2018년 5월 3일 17시,목요일,경상북도 경주시 성건동,중상사고,0,1,0,0,차대차 - 측면충돌,안전운전불이행,건조,맑음,교차로 - 교차로안,승용,여,59세,상해없음,자전거,여,67세,중상
2018050300100458,2018년 5월 3일 17시,목요일,경상북도 안동시 당북동,경상사고,0,0,3,0,차대차 - 측면충돌,안전운전불이행,건조,맑음,교차로 - 교차로안,승용,남,63세,상해없음,자전거,기타불명,미분류,기타불명
2018050300100499,2018년 5월 3일 18시,목요일,경상북도 포항시 북구 동빈2가,경상사고,0,0,2,0,차대차 - 기타,안전운전불이행,건조,맑음,단일로 - 기타,화물,남,59세,상해없음,승용,남,55세,경상
2018050300100500,2018년 5월 3일 18시,목요일,경상북도 안동시 상아동,사망사고,2,0,0,0,차량단독 - 도로외이탈 - 추락,안전운전불이행,젖음/습기,비,단일로 - 기타,화물,남,58세,사망,,,,
2018050300100566,2018년 5월 3일 20시,목요일,경상북도 구미시 원평동,중상사고,0,1,0,1,차대사람 - 기타,보행자보호의무위반,건조,맑음,단일로 - 기타,이륜,남,23세,부상신고,보행자,남,76세,중상
2018050300100567,2018년 5월 3일 20시,목요일,경상북도 포항시 남구 상도동,경상사고,0,0,1,0,차대차 - 기타,기타,건조,맑음,단일로 - 기타,승용,여,42세,상해없음,자전거,남,34세,경상
2018050300100604,2018년 5월 3일 21시,목요일,경상북도 경주시 용강동,경상사고,0,0,1,0,차대차 - 측면충돌,중앙선침범,건조,맑음,단일로 - 기타,승용,여,68세,상해없음,승용,남,60세,경상
2018050300100605,2018년 5월 3일 21시,목요일,경상북도 구미시 산동면,경상사고,0,0,1,0,차대차 - 기타,안전운전불이행,건조,맑음,단일로 - 기타,승용,남,58세,상해없음,이륜,남,31세,경상
2018050300100631,2018년 5월 3일 22시,목요일,경상북도 포항시 남구 오천읍,경상사고,0,0,1,0,차대차 - 추돌,안전운전불이행,건조,맑음,단일로 - 기타,화물,남,38세,경상,화물,남,47세,기타불명
2018050400100013,2018년 5월 4일 00시,금요일,경상북도 경산시 압량면,중상사고,0,2,0,0,차대차 - 정면충돌,안전운전불이행,건조,맑음,단일로 - 기타,승용,여,40세,중상,화물,남,42세,중상
2018050400100014,2018년 5월 4일 00시,금요일,경상북도 경산시 진량읍,경상사고,0,0,1,0,차대사람 - 차도통행중,안전운전불이행,건조,맑음,단일로 - 기타,승용,남,50세,상해없음,보행자,남,52세,경상
2018050400100068,2018년 5월 4일 06시,금요일,경상북도 경주시 외동읍,중상사고,0,2,1,0,차대차 - 측면충돌,중앙선침범,건조,맑음,단일로 - 기타,승용,남,52세,상해없음,승용,여,27세,경상
2018050400100069,2018년 5월 4일 06시,금요일,경상북도 상주시 사벌면,중상사고,0,1,0,0,차대차 - 측면충돌,안전운전불이행,건조,맑음,교차로 - 교차로안,원동기,남,86세,중상,승용,여,63세,상해없음
2018050400100070,2018년 5월 4일 06시,금요일,경상북도 영천시 성내동,경상사고,0,0,1,0,차대차 - 측면충돌,안전거리미확보,건조,맑음,단일로 - 기타,승용,여,66세,경상,승용,여,55세,상해없음
2018050400100091,2018년 5월 4일 07시,금요일,경상북도 안동시 평화동,경상사고,0,0,1,0,차대사람 - 차도통행중,안전운전불이행,건조,맑음,교차로 - 교차로안,승용,여,43세,기타불명,보행자,여,37세,경상
2018050400100092,2018년 5월 4일 07시,금요일,경상북도 김천시 성내동,중상사고,0,1,0,0,차대차 - 측면충돌,안전운전불이행,건조,맑음,미분류 - 미분류,승용,여,60세,상해없음,승용,남,65세,상해없음
2018050400100093,2018년 5월 4일 07시,금요일,경상북도 영주시 휴천동,중상사고,0,1,0,0,차량단독 - 전도전복 - 전도,안전운전불이행,건조,맑음,단일로 - 기타,자전거,남,1세,중상,미분류,미분류,미분류,미분류
2018050400100094,2018년 5월 4일 07시,금요일,경상북도 경산시 중방동,경상사고,0,0,1,0,차대차 - 기타,안전운전불이행,건조,맑음,단일로 - 기타,승용,여,22세,상해없음,승용,남,56세,상해없음
2018050400100095,2018년 5월 4일 07시,금요일,경상북도 고령군 대가야읍,중상사고,0,1,0,0,차대사람 - 횡단중,안전운전불이행,건조,맑음,교차로 - 교차로안,화물,남,60세,상해없음,보행자,여,74세,중상
2018050400100124,2018년 5월 4일 08시,금요일,경상북도 안동시 수상동,경상사고,0,0,2,0,차대차 - 정면충돌,안전운전불이행,건조,맑음,단일로 - 기타,승용,여,55세,경상,승용,여,44세,경상
2018050400100125,2018년 5월 4일 08시,금요일,경상북도 영주시 가흥동,경상사고,0,0,1,0,차대차 - 측면충돌,교차로운행방법위반,건조,맑음,교차로 - 교차로안,승용,여,41세,상해없음,이륜,여,66세,경상
2018050400100155,2018년 5월 4일 09시,금요일,경상북도 경주시 건천읍,중상사고,0,1,0,0,차대차 - 측면충돌,안전운전불이행,건조,맑음,교차로 - 교차로안,승용,여,40세,상해없음,승용,남,64세,중상
2018050400100156,2018년 5월 4일 09시,금요일,경상북도 포항시 북구 학잠동,중상사고,0,1,0,0,차량단독 - 공작물충돌,안전운전불이행,건조,맑음,단일로 - 기타,승용,여,60세,중상,,,,
2018050400100157,2018년 5월 4일 09시,금요일,경상북도 영주시 휴천동,경상사고,0,0,1,0,차대차 - 측면충돌,안전운전불이행,건조,맑음,단일로 - 기타,승용,남,76세,상해없음,자전거,남,85세,경상
2018050400100158,2018년 5월 4일 09시,금요일,경상북도 봉화군 봉성면,부상신고사고,0,0,0,1,차대차 - 추돌,안전운전불이행,건조,맑음,교차로 - 교차로안,이륜,남,80세,부상신고,화물,남,35세,상해없음
2018050400100195,2018년 5월 4일 10시,금요일,경상북도 상주시 남성동,경상사고,0,0,2,0,차대차 - 측면충돌,신호위반,건조,맑음,교차로 - 교차로안,화물,남,68세,상해없음,승용,남,51세,경상
2018050400100196,2018년 5월 4일 10시,금요일,경상북도 영천시 조교동,경상사고,0,0,1,0,차대차 - 추돌,안전운전불이행,건조,맑음,단일로 - 기타,승용,여,60세,상해없음,화물,남,33세,경상
2018050400100241,2018년 5월 4일 12시,금요일,경상북도 포항시 북구 대흥동,경상사고,0,0,1,0,차대차 - 측면충돌,안전운전불이행,건조,맑음,단일로 - 기타,이륜,남,66세,경상,특수,남,39세,기타불명
2018050400100242,2018년 5월 4일 12시,금요일,경상북도 구미시 송정동,중상사고,0,1,0,0,차대차 - 기타,안전운전불이행,건조,맑음,교차로 - 교차로안,승용,남,64세,상해없음,이륜,남,22세,중상
2018050400100275,2018년 5월 4일 13시,금요일,경상북도 포항시 북구 대흥동,경상사고,0,0,2,0,차대차 - 측면충돌,신호위반,건조,맑음,교차로 - 교차로안,승용,남,59세,상해없음,승용,남,65세,경상