사고번호,사고일시,요일,시군구,사고내용,사망자수,중상자수,경상자수,부상신고자수,사고유형,법규위반,노면상태,기상상태,도로형태,가해운전자 차종,가해운전자 성별,가해운전자 연령,가해운전자 상해정도,피해운전자 차종,피해운전자 성별,피해운전자 연령,피해운전자 상해정도
2018050400100329,2018년 5월 4일 14시,금요일,경상북도 영천시 신령면,경상사고,0,0,1,0,차량단독 - 공작물충돌,중앙선침범,건조,맑음,단일로 - 기타,승용,남,65세,경상,,,,
2018050400100412,2018년 5월 4일 16시,금요일,경상북도 포항시 북구 동빈2가,경상사고,0,0,1,0,차대차 - 측면충돌,신호위반,건조,맑음,교차로 - 교차로안,승용,남,43세,상해없음,승용,여,49세,경상
2018050400100413,2018년 5월 4일 16시,금요일,경상북도 의성군 단촌면,중상사고,0,1,0,0,차대차 - 측면충돌,안전운전불이행,건조,맑음,단일로 - 기타,화물,남,56세,상해없음,자전거,남,62세,중상
2018050400100414,2018년 5월 4일 16시,금요일,경상북도 경산시 유곡동,경상사고,0,0,2,0,차대차 - 기타,안전운전불이행,건조,맑음,교차로 - 교차로안,승용,남,40세,상해없음,승용,남,29세,경상
2018050400100415,2018년 5월 4일 16시,금요일,경상북도 울진군 울진읍,중상사고,0,1,0,0,차대사람 - 횡단중,안전운전불이행,건조,맑음,단일로 - 기타,화물,남,46세,상해없음,보행자,여,70세,중상
2018050400100416,2018년 5월 4일 16시,금요일,경상북도 포항시 남구 효자동,경상사고,0,0,1,0,차대차 - 기타,안전운전불이행,건조,맑음,단일로 - 기타,이륜,남,20세,경상,승용,남,33세,상해없음
2018050400100472,2018년 5월 4일 17시,금요일,경상북도 김천시 용두동,경상사고,0,0,1,0,차량단독 - 공작물충돌,안전운전불이행,건조,맑음,단일로 - 기타,화물,남,47세,상해없음,,,,
2018050400100473,2018년 5월 4일 17시,금요일,경상북도 상주시 남성동,경상사고,0,0,2,0,차대차 - 추돌,안전거리미확보,건조,맑음,단일로 - 기타,승용,여,32세,상해없음,승용,여,57세,경상
2018050400100474,2018년 5월 4일 17시,금요일,경상북도 칠곡군 석적읍,경상사고,0,0,2,0,차대사람 - 횡단중,안전운전불이행,건조,맑음,단일로 - 기타,승용,여,31세,경상,보행자,남,11세,경상
2018050400100475,2018년 5월 4일 17시,금요일,경상북도 예천군 유천면,사망사고,1,0,0,0,차대사람 - 길가장자리구역통행중,안전운전불이행,건조,맑음,단일로 - 기타,승용,남,28세,상해없음,보행자,여,73세,사망
2018050400100476,2018년 5월 4일 17시,금요일,경상북도 포항시 남구 대잠동,경상사고,0,0,1,0,차대차 - 기타,안전운전불이행,건조,맑음,교차로 - 교차로안,기타불명,기타불명,미분류,기타불명,승용,여,36세,경상
2018050400100515,2018년 5월 4일 18시,금요일,경상북도 경산시 진량읍,경상사고,0,0,1,0,차대차 - 기타,안전운전불이행,건조,맑음,단일로 - 기타,승합,남,67세,상해없음,승용,남,36세,경상
2018050400100516,2018년 5월 4일 18시,금요일,경상북도 포항시 남구 이동,중상사고,0,1,0,0,차대차 - 추돌,안전운전불이행,건조,맑음,단일로 - 기타,승용,남,52세,상해없음,승용,남,34세,중상
2018050400100561,2018년 5월 4일 19시,금요일,경상북도 김천시 신음동,경상사고,0,0,1,0,차대차 - 측면충돌,교차로운행방법위반,건조,맑음,교차로 - 교차로안,승용,남,59세,상해없음,이륜,남,18세,경상
2018050400100562,2018년 5월 4일 19시,금요일,경상북도 경산시 중방동,경상사고,0,0,1,0,차대차 - 기타,안전거리미확보,건조,맑음,단일로 - 기타,승용,남,21세,상해없음,승합,남,59세,상해없음
2018050400100611,2018년 5월 4일 20시,금요일,경상북도 포항시 북구 우현동,경상사고,0,0,1,0,차대차 - 측면충돌,신호위반,건조,맑음,교차로 - 교차로안,승용,남,61세,상해없음,승용,남,49세,경상
2018050400100638,2018년 5월 4일 21시,금요일,경상북도 포항시 북구 용흥동,경상사고,0,0,1,0,차대차 - 측면충돌,안전운전불이행,건조,맑음,단일로 - 기타,승용,남,58세,상해없음,승용,남,44세,경상
2018050400100639,2018년 5월 4일 21시,금요일,경상북도 문경시 모전동,경상사고,0,0,1,0,차대차 - 측면충돌,안전운전불이행,건조,맑음,교차로 - 교차로안,승용,남,48세,상해없음,화물,남,60세,경상
2018050400100640,2018년 5월 4일 21시,금요일,경상북도 성주군 초전면,사망사고,1,0,0,0,차량단독 - 전도전복 - 전도,안전운전불이행,건조,맑음,단일로 - 기타,이륜,남,61세,사망,미분류,미분류,미분류,미분류
2018050400100641,2018년 5월 4일 21시,금요일,경상북도 구미시 산동면,경상사고,0,0,4,0,차대차 - 측면충돌,교차로운행방법위반,건조,맑음,교차로 - 교차로안,승용,남,39세,경상,승용,남,40세,경상
2018050400100642,2018년 5월 4일 21시,금요일,경상북도 포항시 남구 해도동,경상사고,0,0,1,0,차대사람 - 횡단중,안전운전불이행,건조,맑음,단일로 - 기타,화물,남,43세,상해없음,보행자,남,9세,경상
2018050400100672,2018년 5월 4일 22시,금요일,경상북도 영천시 문외동,경상사고,0,0,1,0,차대차 - 측면충돌,안전운전불이행,건조,맑음,단일로 - 기타,승용,남,33세,상해없음,승합,남,50세,경상
2018050400100673,2018년 5월 4일 22시,금요일,경상북도 구미시 원평동,중상사고,0,1,0,0,차대사람 - 보도통행중,기타,건조,맑음,기타 - 기타,이륜,남,52세,상해없음,보행자,남,35세,중상
2018050400100703,2018년 5월 4일 23시,금요일,경상북도 안동시 태화동,중상사고,0,1,0,0,차대사람 - 길가장자리구역통행중,안전운전불이행,건조,맑음,교차로 - 교차로안,특수,남,48세,상해없음,보행자,여,67세,중상
2018050400100704,2018년 5월 4일 23시,금요일,경상북도 구미시 원평동,중상사고,0,1,0,0,차대차 - 측면충돌,차로위반,건조,맑음,교차로 - 교차로부근,승용,남,39세,상해없음,이륜,남,26세,중상
2018050500100019,2018년 5월 5일 00시,토요일,경상북도 경산시 사정동,경상사고,0,0,4,0,차대차 - 추돌,교차로운행방법위반,건조,맑음,교차로 - 교차로안,승용,남,55세,상해없음,승용,여,57세,경상
2018050500100050,2018년 5월 5일 02시,토요일,경상북도 포항시 북구 흥해읍,경상사고,0,0,2,0,차대차 - 정면충돌,안전운전불이행,건조,맑음,교차로 - 교차로안,승용,남,45세,상해없음,승용,남,60세,경상
2018050500100051,2018년 5월 5일 02시,토요일,경상북도 구미시 임수동,경상사고,0,0,2,0,차대차 - 기타,안전운전불이행,건조,맑음,단일로 - 기타,승용,여,54세,상해없음,승용,여,51세,경상
2018050500100067,2018년 5월 5일 03시,토요일,경상북도 안동시 풍산읍,부상신고사고,0,0,0,1,차량단독 - 공작물충돌,안전운전불이행,건조,맑음,단일로 - 기타,승용,남,26세,부상신고,,,,
2018050500100068,2018년 5월 5일 03시,토요일,경상북도 칠곡군 석적읍,중상사고,0,1,0,1,차대차 - 측면충돌,교차로운행방법위반,건조,맑음,교차로 - 교차로안,승용,남,28세,부상신고,승용,남,59세,중상
2018050500100082,2018년 5월 5일 04시,토요일,경상북도 포항시 북구 용흥동,사망사고,1,0,0,0,차대사람 - 횡단중,안전운전불이행,건조,흐림,단일로 - 기타,승용,남,62세,상해없음,보행자,여,78세,사망
2018050500100083,2018년 5월 5일 04시,토요일,경상북도 경산시 옥곡동,경상사고,0,0,4,0,차대차 - 추돌,안전운전불이행,건조,맑음,교차로 - 교차로부근,승용,남,25세,상해없음,승용,남,24세,경상
2018050500100084,2018년 5월 5일 04시,토요일,경상북도 구미시 고아읍,경상사고,0,0,5,0,차대차 - 기타,안전운전불이행,건조,맑음,단일로 - 기타,승용,남,39세,상해없음,승용,여,46세,경상
2018050500100130,2018년 5월 5일 07시,토요일,경상북도 포항시 북구 흥해읍,경상사고,0,0,1,0,차대차 - 측면충돌,안전운전불이행,건조,맑음,단일로 - 기타,화물,남,24세,경상,승합,남,56세,상해없음
2018050500100131,2018년 5월 5일 07시,토요일,경상북도 상주시 은척면,중상사고,0,1,1,0,차대차 - 측면충돌,안전운전불이행,건조,맑음,단일로 - 기타,승용,남,56세,경상,농기계,남,70세,중상
2018050500100153,2018년 5월 5일 08시,토요일,경상북도 경주시 석장동,경상사고,0,0,4,0,차대차 - 측면충돌,안전운전불이행,건조,맑음,교차로 - 교차로안,승용,남,72세,상해없음,승용,남,27세,경상
2018050500100154,2018년 5월 5일 08시,토요일,경상북도 구미시 선산읍,부상신고사고,0,0,0,1,차대차 - 기타,중앙선침범,건조,맑음,단일로 - 기타,자전거,남,14세,부상신고,기타불명,기타불명,미분류,기타불명
2018050500100187,2018년 5월 5일 09시,토요일,경상북도 경주시 황성동,경상사고,0,0,3,0,차대차 - 추돌,안전운전불이행,건조,맑음,단일로 - 지하차도(도로)내,승용,남,28세,상해없음,승용,남,59세,경상
2018050500100188,2018년 5월 5일 09시,토요일,경상북도 안동시 옥동,경상사고,0,0,2,0,차대차 - 측면충돌,안전거리미확보,건조,맑음,단일로 - 기타,승합,여,43세,경상,승용,남,28세,경상
2018050500100189,2018년 5월 5일 09시,토요일,경상북도 경산시 조영동,경상사고,0,0,1,0,차대차 - 측면충돌,안전운전불이행,건조,맑음,단일로 - 기타,화물,남,43세,상해없음,자전거,남,49세,경상
2018050500100209,2018년 5월 5일 10시,토요일,경상북도 영천시 대창면,경상사고,0,0,1,0,차대차 - 측면충돌,안전운전불이행,건조,맑음,단일로 - 기타,승용,남,58세,상해없음,승용,남,58세,경상
2018050500100210,2018년 5월 5일 10시,토요일,경상북도 경산시 갑제동,경상사고,0,0,1,0,차대차 - 측면충돌,교차로운행방법위반,건조,맑음,교차로 - 교차로안,승용,여,58세,상해없음,승용,남,76세,경상
2018050500100211,2018년 5월 5일 10시,토요일,경상북도 예천군 예천읍,중상사고,0,1,0,0,차대차 - 측면충돌,교차로운행방법위반,건조,맑음,교차로 - 교차로안,승용,남,67세,상해없음,승용,남,73세,중상
2018050500100234,2018년 5월 5일 11시,토요일,경상북도 안동시 용상동,경상사고,0,0,3,0,차대차 - 측면충돌,기타,건조,맑음,교차로 - 교차로안,승용,여,48세,경상,화물,남,68세,경상
2018050500100235,2018년 5월 5일 11시,토요일,경상북도 영천시 화북면,중상사고,0,3,0,0,차대차 - 측면충돌,안전운전불이행,건조,맑음,단일로 - 기타,기타불명,기타불명,미분류,기타불명,승용,남,68세,중상
2018050500100236,2018년 5월 5일 11시,토요일,경상북도 고령군 대가야읍,경상사고,0,0,1,0,차대사람 - 기타,안전운전불이행,건조,맑음,단일로 - 기타,이륜,남,35세,상해없음,보행자,남,47세,경상
2018050500100237,2018년 5월 5일 11시,토요일,경상북도 상주시 낙동면,중상사고,0,1,0,0,차대차 - 기타,안전운전불이행,건조,맑음,단일로 - 기타,승용,남,66세,상해없음,승용,남,46세,중상
2018050500100268,2018년 5월 5일 12시,토요일,경상북도 포항시 북구 죽도동,경상사고,0,0,1,0,차대차 - 측면충돌,중앙선침범,건조,맑음,단일로 - 기타,자전거,남,68세,경상,승용,여,50세,상해없음
2018050500100269,2018년 5월 5일 12시,토요일,경상북도 안동시 풍산읍,사망사고,1,0,0,0,차량단독 - 공작물충돌,안전운전불이행,건조,맑음,단일로 - 기타,이륜,남,76세,사망,,,,
2018050500100270,2018년 5월 5일 12시,토요일,경상북도 봉화군 소천면,경상사고,0,0,2,1,차대차 - 추돌,안전운전불이행,건조,맑음,단일로 - 기타,승용,남,61세,부상신고,승용,남,35세,경상
2018050500100296,2018년 5월 5일 13시,토요일,경상북도 포항시 남구 연일읍,중상사고,0,2,2,0,차대차 - 측면충돌,안전운전불이행,건조,맑음,단일로 - 기타,승용,남,56세,경상,승용,여,28세,경상
2018050500100335,2018년 5월 5일 14시,토요일,경상북도 안동시 송현동,경상사고,0,0,1,0,차대차 - 측면충돌,안전운전불이행,건조,맑음,교차로 - 교차로부근,승용,여,73세,상해없음,이륜,남,21세,경상
2018050500100336,2018년 5월 5일 14시,토요일,경상북도 김천시 부곡동,경상사고,0,0,1,0,차대사람 - 횡단중,안전운전불이행,건조,맑음,단일로 - 기타,승용,여,61세,상해없음,보행자,여,63세,경상
2018050500100337,2018년 5월 5일 14시,토요일,경상북도 영덕군 강구면,경상사고,0,0,3,0,차대차 - 추돌,안전운전불이행,건조,맑음,단일로 - 기타,화물,남,20세,상해없음,승용,남,38세,경상
2018050500100372,2018년 5월 5일 15시,토요일,경상북도 봉화군 재산면,경상사고,0,0,4,0,차대차 - 정면충돌,중앙선침범,건조,맑음,단일로 - 기타,화물,남,64세,상해없음,승용,남,68세,경상
2018050500100414,2018년 5월 5일 16시,토요일,경상북도 영덕군 영덕읍,경상사고,0,0,1,0,차대차 - 측면충돌,안전운전불이행,건조,맑음,단일로 - 기타,승용,남,64세,상해없음,이륜,남,64세,경상
2018050500100463,2018년 5월 5일 17시,토요일,경상북도 영주시 문수면,경상사고,0,0,1,0,차대차 - 측면충돌,직진우회전진행방해,건조,맑음,교차로 - 교차로안,승용,남,63세,상해없음,승용,남,35세,경상
2018050500100464,2018년 5월 5일 17시,토요일,경상북도 문경시 모전동,경상사고,0,0,2,0,차대차 - 측면충돌,안전운전불이행,건조,맑음,교차로 - 교차로부근,승용,남,23세,경상,승용,남,52세,경상
2018050500100465,2018년 5월 5일 17시,토요일,경상북도 구미시 원평동,경상사고,0,0,1,0,차대차 - 측면충돌,신호위반,건조,맑음,단일로 - 기타,승용,남,59세,상해없음,개인형이동수단(PM),남,41세,경상
2018050500100466,2018년 5월 5일 17시,토요일,경상북도 포항시 남구 인덕동,중상사고,0,1,1,0,차대차 - 측면충돌,직진우회전진행방해,건조,맑음,교차로 - 교차로안,승용,남,28세,상해없음,승용,여,37세,경상
2018050500100529,2018년 5월 5일 19시,토요일,경상북도 포항시 북구 장성동,경상사고,0,0,1,0,차대사람 - 기타,안전운전불이행,건조,맑음,단일로 - 기타,승용,여,41세,상해없음,보행자,여,6세,경상
2018050500100530,2018년 5월 5일 19시,토요일,경상북도 상주시 만산동,경상사고,0,0,1,0,차대차 - 측면충돌,신호위반,건조,맑음,교차로 - 교차로안,화물,남,51세,상해없음,화물,남,72세,경상
2018050500100531,2018년 5월 5일 19시,토요일,경상북도 구미시 형곡동,경상사고,0,0,1,0,차대사람 - 기타,안전운전불이행,건조,맑음,교차로 - 교차로부근,승용,남,59세,상해없음,보행자,남,6세,경상
2018050500100562,2018년 5월 5일 20시,토요일,경상북도 구미시 봉곡동,부상신고사고,0,0,0,1,차대차 - 측면충돌,직진우회전진행방해,건조,맑음,교차로 - 교차로안,이륜,남,25세,부상신고,화물,남,34세,상해없음
2018050500100591,2018년 5월 5일 21시,토요일,경상북도 영주시 가흥동,경상사고,0,0,3,0,차대차 - 후진중충돌,안전운전불이행,건조,맑음,단일로 - 기타,승용,남,50세,상해없음,승용,남,50세,경상
2018050500100616,2018년 5월 5일 22시,토요일,경상북도 구미시 옥계동,경상사고,0,0,1,0,차대차 - 추돌,안전운전불이행,건조,맑음,주차장 - 주차장,승용,남,43세,상해없음,승용,남,36세,경상
2018050600100021,2018년 5월 6일 00시,일요일,경상북도 구미시 도량동,경상사고,0,0,1,0,차대차 - 추돌,안전운전불이행,건조,맑음,단일로 - 기타,승용,여,49세,상해없음,승용,남,33세,경상
2018050600100034,2018년 5월 6일 01시,일요일,경상북도 경산시 진량읍,사망사고,1,0,0,0,차량단독 - 기타,안전운전불이행,젖음/습기,비,단일로 - 기타,이륜,남,58세,사망,,,,
2018050600100054,2018년 5월 6일 02시,일요일,경상북도 영천시 화남면,경상사고,0,0,1,0,차량단독 - 공작물충돌,안전운전불이행,건조,맑음,단일로 - 기타,화물,남,53세,경상,,,,
2018050600100073,2018년 5월 6일 03시,일요일,경상북도 칠곡군 왜관읍,중상사고,0,1,0,1,차대차 - 측면충돌,교차로운행방법위반,젖음/습기,비,교차로 - 교차로안,승용,여,27세,부상신고,화물,남,31세,중상
2018050600100092,2018년 5월 6일 05시,일요일,경상북도 구미시 선산읍,경상사고,0,0,1,0,차대차 - 추돌,안전운전불이행,건조,맑음,단일로 - 기타,화물,남,41세,상해없음,농기계,남,67세,경상
2018050600100103,2018년 5월 6일 06시,일요일,경상북도 김천시 성내동,중상사고,0,1,0,0,차대차 - 측면충돌,중앙선침범,젖음/습기,비,단일로 - 기타,승용,여,60세,상해없음,화물,남,65세,중상
2018050600100111,2018년 5월 6일 07시,일요일,경상북도 구미시 진평동,경상사고,0,0,1,0,차대사람 - 기타,안전운전불이행,기타,맑음,단일로 - 기타,승용,여,44세,상해없음,보행자,여,29세,경상
2018050600100123,2018년 5월 6일 08시,일요일,경상북도 칠곡군 왜관읍,중상사고,0,1,0,0,차대차 - 측면충돌,안전운전불이행,젖음/습기,비,교차로 - 교차로안,승용,남,40세,상해없음,승용,여,55세,중상
2018050600100151,2018년 5월 6일 10시,일요일,경상북도 영주시 하망동,경상사고,0,0,4,0,차대차 - 측면충돌,차로위반,건조,맑음,교차로 - 교차로안,승용,남,30세,상해없음,승용,여,33세,경상
2018050600100164,2018년 5월 6일 11시,일요일,경상북도 의성군 단촌면,경상사고,0,0,1,0,차대차 - 정면충돌,안전운전불이행,젖음/습기,비,단일로 - 기타,승용,여,51세,상해없음,승용,남,23세,경상
2018050600100165,2018년 5월 6일 11시,일요일,경상북도 경산시 계양동,경상사고,0,0,1,0,차대차 - 측면충돌,교차로운행방법위반,건조,맑음,교차로 - 교차로안,이륜,남,20세,상해없음,승용,남,64세,경상
2018050600100166,2018년 5월 6일 11시,일요일,경상북도 경산시 자인면,경상사고,0,0,1,0,차대차 - 측면충돌,교차로운행방법위반,건조,맑음,교차로 - 교차로안,승용,남,39세,기타불명,승합,남,74세,경상
2018050600100167,2018년 5월 6일 11시,일요일,경상북도 성주군 성주읍,경상사고,0,0,1,0,차대차 - 측면충돌,안전운전불이행,건조,맑음,단일로 - 기타,자전거,남,80세,경상,화물,남,55세,상해없음
2018050600100183,2018년 5월 6일 12시,일요일,경상북도 구미시 송정동,경상사고,0,0,2,0,차대차 - 측면충돌,안전운전불이행,젖음/습기,비,교차로 - 교차로안,승용,여,48세,상해없음,승용,남,32세,경상
2018050600100223,2018년 5월 6일 13시,일요일,경상북도 구미시 도량동,부상신고사고,0,0,0,1,차대차 - 추돌,안전운전불이행,젖음/습기,비,교차로 - 교차로부근,이륜,남,55세,부상신고,승용,여,40세,상해없음
2018050600100269,2018년 5월 6일 15시,일요일,경상북도 예천군 지보면,경상사고,0,0,1,0,차대차 - 측면충돌,신호위반,젖음/습기,비,교차로 - 교차로안,승용,여,36세,상해없음,승용,남,54세,상해없음
2018050600100270,2018년 5월 6일 15시,일요일,경상북도 봉화군 물야면,경상사고,0,0,2,0,차대차 - 기타,안전운전불이행,젖음/습기,비,단일로 - 기타,승용,남,65세,상해없음,승용,남,52세,경상
2018050600100271,2018년 5월 6일 15시,일요일,경상북도 포항시 남구 장기면,경상사고,0,0,2,0,차대차 - 기타,중앙선침범,건조,맑음,단일로 - 기타,화물,남,73세,상해없음,승용,여,44세,경상
2018050600100285,2018년 5월 6일 16시,일요일,경상북도 영주시 영주동,경상사고,0,0,2,0,차대차 - 측면충돌,안전운전불이행,젖음/습기,비,단일로 - 기타,승용,여,35세,상해없음,승용,남,35세,경상
2018050600100286,2018년 5월 6일 16시,일요일,경상북도 칠곡군 석적읍,중상사고,0,1,0,0,차대차 - 측면충돌,안전운전불이행,젖음/습기,비,교차로 - 교차로안,승용,남,38세,상해없음,이륜,남,38세,중상
2018050600100287,2018년 5월 6일 16시,일요일,경상북도 청송군 진보면,중상사고,0,5,2,1,차대차 - 정면충돌,중앙선침범,젖음/습기,비,단일로 - 기타,승용,여,31세,경상,승합,남,61세,중상
2018050600100303,2018년 5월 6일 17시,일요일,경상북도 청송군 진보면,경상사고,0,0,1,0,차대차 - 측면충돌,안전운전불이행,젖음/습기,비,단일로 - 기타,승용,남,65세,상해없음,승용,여,42세,경상
2018050600100304,2018년 5월 6일 17시,일요일,경상북도 포항시 남구 연일읍,경상사고,0,0,2,0,차대차 - 기타,불법유턴,젖음/습기,비,교차로 - 교차로안,승용,남,48세,상해없음,승용,여,35세,경상
2018050600100328,2018년 5월 6일 18시,일요일,경상북도 상주시 서문동,중상사고,0,1,0,0,차대차 - 측면충돌,안전운전불이행,젖음/습기,비,단일로 - 기타,승용,여,31세,상해없음,이륜,남,26세,중상
2018050600100329,2018년 5월 6일 18시,일요일,경상북도 포항시 남구 송도동,경상사고,0,0,2,0,차대차 - 정면충돌,신호위반,젖음/습기,비,교차로 - 교차로안,승용,남,76세,상해없음,승용,남,22세,경상
2018050600100354,2018년 5월 6일 19시,일요일,경상북도 경주시 안강읍,중상사고,0,1,0,0,차대사람 - 차도통행중,안전운전불이행,젖음/습기,비,교차로 - 교차로안,승용,남,57세,상해없음,보행자,여,56세,중상
2018050600100355,2018년 5월 6일 19시,일요일,경상북도 봉화군 춘양면,경상사고,0,0,1,0,차대차 - 기타,안전운전불이행,젖음/습기,흐림,단일로 - 기타,승용,남,32세,상해없음,화물,남,80세,상해없음
2018050600100356,2018년 5월 6일 19시,일요일,경상북도 봉화군 소천면,경상사고,0,0,1,0,차대사람 - 기타,안전운전불이행,건조,맑음,단일로 - 기타,화물,남,64세,상해없음,보행자,여,19세,경상
2018050600100375,2018년 5월 6일 20시,일요일,경상북도 포항시 북구 흥해읍,경상사고,0,0,2,0,차대차 - 후진중충돌,안전운전불이행,건조,맑음,교차로 - 교차로부근,승용,남,53세,상해없음,승용,남,28세,경상
2018050600100376,2018년 5월 6일 20시,일요일,경상북도 경산시 하양읍,중상사고,0,2,2,1,차대차 - 추돌,안전운전불이행,젖음/습기,흐림,단일로 - 기타,승용,남,53세,상해없음,승용,여,56세,중상
2018050600100377,2018년 5월 6일 20시,일요일,경상북도 경산시 백천동,중상사고,0,1,0,0,차대사람 - 기타,교차로운행방법위반,젖음/습기,비,교차로 - 교차로안,승용,여,63세,상해없음,보행자,여,17세,중상
2018050600100378,2018년 5월 6일 20시,일요일,경상북도 고령군 쌍림면,사망사고,1,3,5,0,차대차 - 정면충돌,중앙선침범,젖음/습기,비,단일로 - 기타,승용,남,71세,사망,승용,남,50세,경상
2018050600100422,2018년 5월 6일 22시,일요일,경상북도 경산시 상방동,경상사고,0,0,1,0,차대차 - 측면충돌,안전운전불이행,건조,맑음,교차로 - 교차로안,화물,남,60세,상해없음,승용,여,40세,경상
2018050600100441,2018년 5월 6일 23시,일요일,경상북도 의성군 단촌면,경상사고,0,0,2,1,차량단독 - 전도전복 - 전도,안전운전불이행,젖음/습기,흐림,단일로 - 기타,이륜,남,18세,경상,미분류,미분류,미분류,미분류
2018050700100029,2018년 5월 7일 01시,월요일,경상북도 포항시 북구 용흥동,부상신고사고,0,0,0,1,차대차 - 측면충돌,안전운전불이행,젖음/습기,맑음,단일로 - 기타,승용,여,55세,상해없음,승용,남,36세,부상신고
2018050700100030,2018년 5월 7일 01시,월요일,경상북도 포항시 남구 해도동,경상사고,0,0,1,0,차대차 - 측면충돌,안전거리미확보,젖음/습기,비,단일로 - 기타,이륜,남,19세,경상,승용,남,62세,상해없음
2018050700100039,2018년 5월 7일 02시,월요일,경상북도 포항시 북구 죽도동,중상사고,0,1,0,0,차대사람 - 차도통행중,안전운전불이행,건조,맑음,단일로 - 기타,승용,남,34세,상해없음,보행자,남,52세,중상
2018050700100049,2018년 5월 7일 03시,월요일,경상북도 경주시 외동읍,중상사고,0,2,0,0,차대차 - 추돌,안전운전불이행,건조,맑음,교차로 - 교차로부근,화물,남,47세,상해없음,승용,남,53세,중상
2018050700100056,2018년 5월 7일 04시,월요일,경상북도 상주시 개운동,경상사고,0,0,1,0,차량단독 - 공작물충돌,안전운전불이행,건조,맑음,단일로 - 기타,승용,남,45세,경상,,,,
2018050700100081,2018년 5월 7일 06시,월요일,경상북도 구미시 공단동,경상사고,0,0,3,0,차대차 - 측면충돌,안전운전불이행,젖음/습기,비,교차로 - 교차로안,승용,여,63세,경상,승용,남,58세,경상
2018050700100105,2018년 5월 7일 08시,월요일,경상북도 포항시 남구 이동,중상사고,0,1,1,0,차량단독 - 기타,안전운전불이행,젖음/습기,비,단일로 - 기타,승용,여,49세,경상,,,,
2018050700100122,2018년 5월 7일 09시,월요일,경상북도 경산시 조영동,중상사고,0,1,3,0,차대차 - 기타,안전운전불이행,젖음/습기,비,교차로 - 교차로안,승용,여,47세,상해없음,승용,남,59세,경상
2018050700100123,2018년 5월 7일 09시,월요일,경상북도 포항시 남구 해도동,경상사고,0,0,1,0,차량단독 - 공작물충돌,안전운전불이행,젖음/습기,비,교차로 - 교차로안,승용,남,56세,상해없음,,,,
2018050700100146,2018년 5월 7일 10시,월요일,경상북도 의성군 봉양면,중상사고,0,1,1,0,차대차 - 측면충돌,직진우회전진행방해,젖음/습기,비,교차로 - 교차로안,승용,남,47세,상해없음,승용,남,79세,상해없음
2018050700100147,2018년 5월 7일 10시,월요일,경상북도 영천시 금호읍,경상사고,0,0,1,0,차대차 - 추돌,안전거리미확보,젖음/습기,비,단일로 - 기타,승용,남,67세,상해없음,승용,남,27세,경상
2018050700100199,2018년 5월 7일 12시,월요일,경상북도 상주시 낙동면,중상사고,0,2,1,0,차대차 - 측면충돌,교차로운행방법위반,건조,맑음,교차로 - 교차로안,승용,여,66세,상해없음,승용,여,37세,중상
2018050700100200,2018년 5월 7일 12시,월요일,경상북도 경산시 계양동,경상사고,0,0,2,0,차대차 - 측면충돌,안전운전불이행,젖음/습기,비,교차로 - 교차로횡단보도내,승용,남,32세,기타불명,승용,여,51세,경상
2018050700100233,2018년 5월 7일 13시,월요일,경상북도 경주시 진현동,경상사고,0,0,6,0,차대차 - 정면충돌,중앙선침범,젖음/습기,비,기타 - 기타,승합,남,27세,경상,승용,여,58세,경상
2018050700100234,2018년 5월 7일 13시,월요일,경상북도 포항시 북구 죽도동,경상사고,0,0,1,0,차대차 - 측면충돌,안전운전불이행,젖음/습기,비,단일로 - 기타,승합,남,53세,상해없음,승용,남,43세,경상
2018050700100235,2018년 5월 7일 13시,월요일,경상북도 안동시 와룡면,경상사고,0,0,2,0,차대차 - 추돌,안전거리미확보,건조,흐림,단일로 - 기타,승용,남,29세,경상,승용,여,56세,경상
2018050700100236,2018년 5월 7일 13시,월요일,경상북도 영천시 신령면,중상사고,0,1,0,0,차량단독 - 공작물충돌,안전운전불이행,젖음/습기,비,단일로 - 기타,화물,남,61세,중상,,,,
2018050700100264,2018년 5월 7일 14시,월요일,경상북도 고령군 우곡면,경상사고,0,0,1,0,차대차 - 정면충돌,중앙선침범,건조,맑음,단일로 - 기타,원동기,남,75세,경상,승용,남,78세,상해없음
2018050700100325,2018년 5월 7일 16시,월요일,경상북도 칠곡군 왜관읍,부상신고사고,0,0,0,1,차대차 - 측면충돌,안전운전불이행,건조,맑음,단일로 - 기타,승용,남,50세,부상신고,승용,남,23세,기타불명
2018050700100326,2018년 5월 7일 16시,월요일,경상북도 구미시 도량동,경상사고,0,0,1,0,차대사람 - 횡단중,안전운전불이행,젖음/습기,맑음,단일로 - 기타,승용,여,42세,상해없음,보행자,남,8세,경상
2018050700100367,2018년 5월 7일 17시,월요일,경상북도 경주시 성동동,중상사고,0,2,0,1,차대차 - 측면충돌,안전운전불이행,건조,맑음,단일로 - 기타,화물,여,57세,부상신고,이륜,남,20세,중상
2018050700100368,2018년 5월 7일 17시,월요일,경상북도 포항시 북구 동빈2가,중상사고,0,1,0,0,차대차 - 기타,안전운전불이행,건조,맑음,단일로 - 기타,이륜,남,28세,상해없음,이륜,남,44세,중상
2018050700100403,2018년 5월 7일 18시,월요일,경상북도 구미시 진평동,중상사고,0,1,0,0,차대사람 - 횡단중,안전운전불이행,건조,맑음,기타 - 기타,승용,남,50세,상해없음,보행자,남,4세,중상
2018050700100404,2018년 5월 7일 18시,월요일,경상북도 구미시 송정동,경상사고,0,0,3,1,차대차 - 기타,신호위반,건조,맑음,교차로 - 교차로안,승용,여,49세,부상신고,승용,남,44세,경상