사고번호,사고일시,요일,시군구,사고내용,사망자수,중상자수,경상자수,부상신고자수,사고유형,법규위반,노면상태,기상상태,도로형태,가해운전자 차종,가해운전자 성별,가해운전자 연령,가해운전자 상해정도,피해운전자 차종,피해운전자 성별,피해운전자 연령,피해운전자 상해정도
2018051000100635,2018년 5월 10일 22시,목요일,경상북도 포항시 북구 양덕동,중상사고,0,1,0,0,차대사람 - 횡단중,안전운전불이행,건조,맑음,단일로 - 기타,승용,여,48세,기타불명,보행자,남,31세,중상
2018051000100636,2018년 5월 10일 22시,목요일,경상북도 포항시 남구 해도동,경상사고,0,0,1,0,차대차 - 추돌,안전운전불이행,건조,맑음,단일로 - 기타,승용,남,37세,상해없음,승용,여,46세,경상
2018051000100654,2018년 5월 10일 23시,목요일,경상북도 경산시 계양동,경상사고,0,0,1,0,차대차 - 측면충돌,불법유턴,건조,맑음,교차로 - 교차로부근,승용,남,56세,상해없음,이륜,남,20세,경상
2018051100100021,2018년 5월 11일 01시,금요일,경상북도 구미시 원평동,부상신고사고,0,0,0,1,차대사람 - 횡단중,안전운전불이행,건조,맑음,단일로 - 기타,승용,여,20세,상해없음,보행자,남,49세,부상신고
2018051100100028,2018년 5월 11일 02시,금요일,경상북도 포항시 남구 구룡포읍,경상사고,0,0,1,0,차량단독 - 공작물충돌,안전운전불이행,건조,맑음,단일로 - 기타,승용,남,59세,경상,,,,
2018051100100041,2018년 5월 11일 04시,금요일,경상북도 구미시 원평동,경상사고,0,0,1,0,차대차 - 기타,안전운전불이행,건조,맑음,단일로 - 기타,승용,남,22세,상해없음,승용,남,28세,경상
2018051100100049,2018년 5월 11일 05시,금요일,경상북도 경산시 하양읍,경상사고,0,0,1,0,차대차 - 측면충돌,교차로운행방법위반,건조,맑음,교차로 - 교차로안,승용,여,58세,상해없음,승합,남,39세,경상
2018051100100075,2018년 5월 11일 07시,금요일,경상북도 칠곡군 북삼읍,경상사고,0,0,1,0,차대차 - 측면충돌,교차로운행방법위반,건조,맑음,교차로 - 교차로안,승용,남,52세,상해없음,화물,남,68세,경상
2018051100100110,2018년 5월 11일 08시,금요일,경상북도 구미시 오태동,경상사고,0,0,1,0,차대차 - 기타,안전운전불이행,건조,맑음,교차로 - 교차로부근,승용,남,45세,상해없음,승용,남,49세,경상
2018051100100111,2018년 5월 11일 08시,금요일,경상북도 포항시 남구 지곡동,중상사고,0,1,0,0,차대사람 - 횡단중,안전운전불이행,건조,맑음,단일로 - 기타,승용,남,25세,상해없음,보행자,여,32세,중상
2018051100100149,2018년 5월 11일 09시,금요일,경상북도 영주시 부석면,사망사고,1,0,0,0,차대사람 - 길가장자리구역통행중,안전운전불이행,건조,맑음,단일로 - 기타,화물,남,72세,상해없음,보행자,남,86세,사망
2018051100100150,2018년 5월 11일 09시,금요일,경상북도 영천시 창구동,경상사고,0,0,1,0,차대차 - 측면충돌,교차로운행방법위반,건조,맑음,교차로 - 교차로안,승용,여,70세,경상,승용,여,31세,상해없음
2018051100100151,2018년 5월 11일 09시,금요일,경상북도 청도군 금천면,경상사고,0,0,1,0,차대차 - 후진중충돌,안전운전불이행,건조,맑음,기타 - 기타,화물,남,72세,상해없음,이륜,여,54세,경상
2018051100100152,2018년 5월 11일 09시,금요일,경상북도 청도군 금천면,경상사고,0,0,1,0,차대차 - 측면충돌,안전운전불이행,기타,맑음,단일로 - 기타,승용,여,26세,경상,승합,남,63세,상해없음
2018051100100153,2018년 5월 11일 09시,금요일,경상북도 성주군 선남면,중상사고,0,1,0,0,차대차 - 측면충돌,안전운전불이행,건조,맑음,교차로 - 교차로안,화물,남,59세,상해없음,이륜,여,54세,중상
2018051100100154,2018년 5월 11일 09시,금요일,경상북도 구미시 옥계동,중상사고,0,1,0,1,차대차 - 기타,안전운전불이행,건조,맑음,단일로 - 기타,승용,여,29세,부상신고,승용,여,62세,중상
2018051100100155,2018년 5월 11일 09시,금요일,경상북도 구미시 원평동,중상사고,0,1,0,0,차대차 - 기타,안전운전불이행,건조,맑음,단일로 - 기타,승용,여,54세,상해없음,이륜,남,85세,중상
2018051100100186,2018년 5월 11일 10시,금요일,경상북도 경주시 신평동,중상사고,0,2,0,0,차대사람 - 횡단중,보행자보호의무위반,건조,맑음,교차로 - 교차로횡단보도내,승용,남,20세,상해없음,보행자,여,22세,중상
2018051100100187,2018년 5월 11일 10시,금요일,경상북도 안동시 송현동,경상사고,0,0,1,0,차대사람 - 길가장자리구역통행중,안전운전불이행,건조,맑음,단일로 - 기타,승합,남,37세,상해없음,보행자,남,37세,경상
2018051100100188,2018년 5월 11일 10시,금요일,경상북도 영양군 일월면,중상사고,0,1,0,0,차대사람 - 길가장자리구역통행중,안전운전불이행,건조,맑음,단일로 - 기타,승용,남,32세,상해없음,보행자,여,70세,중상
2018051100100255,2018년 5월 11일 12시,금요일,경상북도 경주시 외동읍,경상사고,0,0,1,0,차대차 - 측면충돌,안전운전불이행,건조,맑음,교차로 - 교차로안,화물,남,55세,상해없음,화물,남,41세,경상
2018051100100256,2018년 5월 11일 12시,금요일,경상북도 안동시 와룡면,경상사고,0,0,1,0,차대차 - 측면충돌,안전운전불이행,건조,맑음,교차로 - 교차로안,이륜,남,71세,경상,승용,남,55세,상해없음
2018051100100294,2018년 5월 11일 13시,금요일,경상북도 구미시 도량동,중상사고,0,1,0,0,차대차 - 측면충돌,불법유턴,건조,맑음,단일로 - 기타,승용,남,19세,상해없음,원동기,남,45세,중상
2018051100100295,2018년 5월 11일 13시,금요일,경상북도 구미시 산동면,경상사고,0,0,2,0,차대차 - 측면충돌,안전거리미확보,건조,맑음,단일로 - 기타,승용,남,54세,경상,승용,남,57세,경상
2018051100100296,2018년 5월 11일 13시,금요일,경상북도 포항시 남구 해도동,경상사고,0,0,1,0,차대차 - 측면충돌,교차로운행방법위반,건조,맑음,교차로 - 교차로안,승용,남,50세,상해없음,화물,남,58세,경상
2018051100100325,2018년 5월 11일 14시,금요일,경상북도 포항시 북구 흥해읍,경상사고,0,0,1,0,차량단독 - 기타,안전운전불이행,건조,맑음,단일로 - 기타,이륜,남,18세,경상,,,,
2018051100100326,2018년 5월 11일 14시,금요일,경상북도 포항시 북구 송라면,중상사고,0,1,0,0,차대차 - 기타,직진우회전진행방해,건조,맑음,교차로 - 교차로안,농기계,남,78세,중상,승용,남,70세,상해없음
2018051100100327,2018년 5월 11일 14시,금요일,경상북도 포항시 북구 상원동,경상사고,0,0,2,0,차대차 - 측면충돌,안전운전불이행,건조,맑음,단일로 - 기타,승용,남,66세,상해없음,승용,남,39세,상해없음
2018051100100328,2018년 5월 11일 14시,금요일,경상북도 상주시 서문동,경상사고,0,0,1,0,차대차 - 측면충돌,안전운전불이행,건조,맑음,교차로 - 교차로안,건설기계,남,50세,상해없음,승용,여,25세,경상
2018051100100329,2018년 5월 11일 14시,금요일,경상북도 포항시 남구 청림동,경상사고,0,0,2,0,차대차 - 기타,신호위반,건조,맑음,교차로 - 교차로안,화물,남,66세,상해없음,승용,남,51세,경상
2018051100100355,2018년 5월 11일 15시,금요일,경상북도 포항시 북구 장성동,경상사고,0,0,1,0,차대차 - 측면충돌,신호위반,건조,맑음,교차로 - 교차로안,이륜,남,51세,상해없음,승용,여,45세,경상
2018051100100356,2018년 5월 11일 15시,금요일,경상북도 김천시 조마면,경상사고,0,0,1,0,차대차 - 측면충돌,안전운전불이행,건조,맑음,단일로 - 기타,농기계,남,59세,경상,화물,남,61세,상해없음
2018051100100357,2018년 5월 11일 15시,금요일,경상북도 상주시 중동면,경상사고,0,0,1,0,차대차 - 추돌,안전운전불이행,건조,맑음,단일로 - 기타,승용,남,58세,상해없음,화물,남,56세,경상
2018051100100358,2018년 5월 11일 15시,금요일,경상북도 고령군 개진면,중상사고,0,1,0,0,차대차 - 추돌,안전운전불이행,건조,맑음,교차로 - 교차로안,건설기계,남,62세,상해없음,화물,남,57세,중상
2018051100100359,2018년 5월 11일 15시,금요일,경상북도 구미시 임수동,중상사고,0,1,0,0,차대사람 - 기타,안전운전불이행,건조,맑음,단일로 - 기타,승용,여,45세,상해없음,보행자,여,53세,중상
2018051100100360,2018년 5월 11일 15시,금요일,경상북도 구미시 옥계동,경상사고,0,0,1,0,차대사람 - 횡단중,보행자보호의무위반,건조,맑음,교차로 - 교차로부근,승합,남,58세,상해없음,보행자,여,7세,경상
2018051100100405,2018년 5월 11일 16시,금요일,경상북도 의성군 의성읍,중상사고,0,1,0,0,차대차 - 측면충돌,신호위반,건조,맑음,교차로 - 교차로안,화물,남,65세,상해없음,승합,남,48세,중상
2018051100100406,2018년 5월 11일 16시,금요일,경상북도 영천시 야사동,경상사고,0,0,1,0,차대차 - 추돌,안전운전불이행,건조,맑음,단일로 - 기타,승용,남,68세,상해없음,이륜,남,22세,경상
2018051100100407,2018년 5월 11일 16시,금요일,경상북도 성주군 월항면,중상사고,0,1,1,0,차대차 - 측면충돌,신호위반,건조,맑음,교차로 - 교차로안,승용,남,79세,상해없음,화물,남,66세,경상
2018051100100450,2018년 5월 11일 17시,금요일,경상북도 포항시 북구 동빈1가,경상사고,0,0,1,0,차대사람 - 기타,안전운전불이행,건조,맑음,단일로 - 기타,승용,남,62세,상해없음,보행자,남,54세,경상
2018051100100451,2018년 5월 11일 17시,금요일,경상북도 영주시 문수면,경상사고,0,0,1,0,차대차 - 측면충돌,중앙선침범,건조,맑음,단일로 - 기타,농기계,남,66세,상해없음,화물,남,63세,상해없음
2018051100100452,2018년 5월 11일 17시,금요일,경상북도 청도군 풍각면,중상사고,0,1,0,0,차대사람 - 횡단중,보행자보호의무위반,건조,맑음,교차로 - 교차로횡단보도내,화물,남,61세,상해없음,보행자,여,85세,중상
2018051100100491,2018년 5월 11일 18시,금요일,경상북도 문경시 모전동,경상사고,0,0,4,0,차대차 - 측면충돌,신호위반,건조,맑음,교차로 - 교차로안,승용,여,41세,경상,승용,남,64세,경상
2018051100100492,2018년 5월 11일 18시,금요일,경상북도 울진군 매화면,중상사고,0,1,0,0,차량단독 - 도로외이탈 - 추락,안전운전불이행,건조,맑음,단일로 - 기타,농기계,남,78세,중상,,,,
2018051100100527,2018년 5월 11일 19시,금요일,경상북도 경주시 시래동,사망사고,1,0,0,0,차대사람 - 횡단중,안전운전불이행,건조,맑음,교차로 - 교차로부근,승용,남,58세,상해없음,보행자,여,87세,사망
2018051100100528,2018년 5월 11일 19시,금요일,경상북도 김천시 어모면,경상사고,0,0,1,0,차량단독 - 전도전복 - 전도,안전운전불이행,건조,맑음,단일로 - 기타,이륜,남,59세,경상,미분류,미분류,미분류,미분류
2018051100100529,2018년 5월 11일 19시,금요일,경상북도 경산시 압량면,경상사고,0,0,1,0,차대차 - 측면충돌,안전운전불이행,건조,맑음,교차로 - 교차로부근,승용,남,60세,상해없음,이륜,여,74세,경상
2018051100100530,2018년 5월 11일 19시,금요일,경상북도 포항시 남구 대잠동,경상사고,0,0,1,0,차대차 - 기타,신호위반,건조,맑음,교차로 - 교차로안,승용,남,28세,상해없음,승용,여,56세,경상
2018051100100636,2018년 5월 11일 22시,금요일,경상북도 포항시 북구 양덕동,경상사고,0,0,1,0,차대차 - 기타,중앙선침범,건조,맑음,단일로 - 기타,승용,남,32세,상해없음,이륜,남,18세,경상
2018051100100637,2018년 5월 11일 22시,금요일,경상북도 구미시 임수동,경상사고,0,0,2,0,차대차 - 기타,중앙선침범,건조,맑음,교차로 - 교차로부근,승용,남,38세,상해없음,승용,남,35세,경상
2018051100100660,2018년 5월 11일 23시,금요일,경상북도 경주시 사정동,중상사고,0,1,3,0,차대차 - 측면충돌,신호위반,건조,맑음,교차로 - 교차로안,화물,남,26세,상해없음,승용,남,29세,중상
2018051100100661,2018년 5월 11일 23시,금요일,경상북도 경주시 구정동,경상사고,0,0,2,0,차대차 - 추돌,안전운전불이행,건조,맑음,교차로 - 교차로부근,승용,남,37세,상해없음,승용,남,37세,경상
2018051100100662,2018년 5월 11일 23시,금요일,경상북도 칠곡군 석적읍,경상사고,0,0,2,0,차대차 - 측면충돌,교차로운행방법위반,건조,맑음,교차로 - 교차로안,승용,여,37세,상해없음,이륜,남,19세,경상
2018051100100663,2018년 5월 11일 23시,금요일,경상북도 경산시 중방동,중상사고,0,1,1,0,차대차 - 측면충돌,교차로운행방법위반,건조,맑음,교차로 - 교차로안,승용,남,69세,상해없음,승용,남,48세,경상
2018051200100054,2018년 5월 12일 02시,토요일,경상북도 안동시 태화동,경상사고,0,0,1,0,차대차 - 추돌,안전운전불이행,건조,흐림,교차로 - 교차로부근,승용,남,38세,상해없음,승용,남,73세,경상
2018051200100055,2018년 5월 12일 02시,토요일,경상북도 경산시 하양읍,경상사고,0,0,1,0,차대차 - 정면충돌,중앙선침범,건조,맑음,단일로 - 기타,승용,남,23세,상해없음,승용,남,49세,경상
2018051200100069,2018년 5월 12일 03시,토요일,경상북도 칠곡군 왜관읍,부상신고사고,0,0,0,1,차대차 - 측면충돌,안전운전불이행,건조,맑음,단일로 - 기타,승용,남,29세,부상신고,승용,남,50세,상해없음
2018051200100087,2018년 5월 12일 05시,토요일,경상북도 경주시 양남면,경상사고,0,0,1,0,차대차 - 측면충돌,신호위반,건조,맑음,교차로 - 교차로안,승용,남,26세,상해없음,승용,남,71세,경상
2018051200100117,2018년 5월 12일 07시,토요일,경상북도 상주시 공검면,중상사고,0,1,0,0,차량단독 - 도로외이탈 - 추락,안전운전불이행,젖음/습기,비,단일로 - 기타,자전거,여,64세,중상,,,,
2018051200100137,2018년 5월 12일 08시,토요일,경상북도 포항시 북구 우현동,중상사고,0,1,1,0,차대차 - 측면충돌,교차로운행방법위반,건조,맑음,교차로 - 교차로안,승용,여,75세,경상,이륜,남,31세,중상
2018051200100138,2018년 5월 12일 08시,토요일,경상북도 고령군 개진면,중상사고,0,1,0,0,차대차 - 측면충돌,안전운전불이행,건조,맑음,단일로 - 기타,화물,남,54세,상해없음,이륜,여,70세,중상
2018051200100160,2018년 5월 12일 09시,토요일,경상북도 안동시 송현동,중상사고,0,2,1,0,차대차 - 추돌,안전운전불이행,젖음/습기,흐림,단일로 - 기타,승용,여,48세,상해없음,화물,남,59세,경상
2018051200100161,2018년 5월 12일 09시,토요일,경상북도 상주시 냉림동,중상사고,0,2,0,0,차대차 - 측면충돌,안전운전불이행,젖음/습기,비,단일로 - 기타,승용,여,40세,상해없음,승용,남,65세,중상
2018051200100162,2018년 5월 12일 09시,토요일,경상북도 칠곡군 가산면,부상신고사고,0,0,0,1,차량단독 - 공작물충돌,안전운전불이행,젖음/습기,비,단일로 - 기타,승용,여,24세,부상신고,,,,
2018051200100189,2018년 5월 12일 10시,토요일,경상북도 군위군 군위읍,중상사고,0,1,0,0,차대사람 - 횡단중,안전운전불이행,젖음/습기,비,단일로 - 기타,승용,여,59세,상해없음,보행자,여,84세,중상
2018051200100251,2018년 5월 12일 12시,토요일,경상북도 경주시 동천동,경상사고,0,0,1,0,차대차 - 측면충돌,안전운전불이행,건조,맑음,교차로 - 교차로안,승용,남,30세,상해없음,승용,남,46세,경상
2018051200100252,2018년 5월 12일 12시,토요일,경상북도 안동시 송현동,중상사고,0,1,2,0,차대차 - 기타,안전운전불이행,건조,맑음,단일로 - 기타,화물,남,43세,경상,승합,남,50세,중상
2018051200100253,2018년 5월 12일 12시,토요일,경상북도 포항시 남구 오천읍,경상사고,0,0,1,0,차대사람 - 길가장자리구역통행중,안전운전불이행,건조,맑음,단일로 - 기타,승용,여,29세,상해없음,보행자,남,13세,경상
2018051200100282,2018년 5월 12일 13시,토요일,경상북도 칠곡군 동명면,경상사고,0,0,1,0,차대차 - 측면충돌,안전운전불이행,젖음/습기,비,단일로 - 기타,건설기계,남,52세,상해없음,승용,남,66세,경상
2018051200100283,2018년 5월 12일 13시,토요일,경상북도 문경시 흥덕동,경상사고,0,0,1,1,차대차 - 측면충돌,직진우회전진행방해,젖음/습기,흐림,교차로 - 교차로안,승용,남,45세,경상,승용,여,45세,부상신고
2018051200100284,2018년 5월 12일 13시,토요일,경상북도 포항시 남구 장기면,경상사고,0,0,1,0,차대차 - 측면충돌,안전운전불이행,건조,맑음,교차로 - 교차로부근,승용,남,58세,상해없음,승용,남,51세,경상
2018051200100319,2018년 5월 12일 14시,토요일,경상북도 칠곡군 석적읍,경상사고,0,0,1,0,차대차 - 추돌,안전운전불이행,젖음/습기,흐림,단일로 - 기타,화물,남,28세,경상,화물,남,45세,상해없음
2018051200100320,2018년 5월 12일 14시,토요일,경상북도 칠곡군 북삼읍,경상사고,0,0,1,0,차대사람 - 기타,안전운전불이행,건조,맑음,단일로 - 기타,승용,여,46세,상해없음,보행자,여,46세,경상
2018051200100321,2018년 5월 12일 14시,토요일,경상북도 구미시 공단동,중상사고,0,1,1,0,차대차 - 기타,안전운전불이행,건조,흐림,단일로 - 기타,승용,남,30세,상해없음,승용,여,52세,중상
2018051200100389,2018년 5월 12일 16시,토요일,경상북도 경주시 성건동,중상사고,0,1,0,0,차대차 - 측면충돌,안전운전불이행,젖음/습기,흐림,교차로 - 교차로안,승용,여,38세,상해없음,이륜,남,20세,중상
2018051200100390,2018년 5월 12일 16시,토요일,경상북도 영천시 문외동,경상사고,0,0,1,1,차대차 - 측면충돌,교차로운행방법위반,젖음/습기,흐림,교차로 - 교차로안,승합,남,50세,상해없음,승용,남,49세,부상신고
2018051200100391,2018년 5월 12일 16시,토요일,경상북도 영천시 언하동,중상사고,0,1,0,0,차대차 - 추돌,안전거리미확보,젖음/습기,비,단일로 - 기타,승합,남,54세,상해없음,승용,여,68세,중상
2018051200100432,2018년 5월 12일 17시,토요일,경상북도 포항시 북구 흥해읍,중상사고,0,1,1,0,차대차 - 측면충돌,안전운전불이행,건조,맑음,교차로 - 교차로안,승용,남,44세,상해없음,승용,남,35세,중상
2018051200100434,2018년 5월 12일 17시,토요일,경상북도 구미시 옥계동,경상사고,0,0,1,0,차대차 - 기타,안전운전불이행,젖음/습기,흐림,교차로 - 교차로안,이륜,남,29세,경상,기타불명,기타불명,미분류,기타불명
2018051200100476,2018년 5월 12일 18시,토요일,경상북도 경주시 탑동,경상사고,0,0,3,0,차대차 - 측면충돌,안전운전불이행,건조,맑음,교차로 - 교차로안,승용,여,51세,경상,승합,남,61세,상해없음
2018051200100477,2018년 5월 12일 18시,토요일,경상북도 영천시 서산동,중상사고,0,1,0,0,차대차 - 측면충돌,신호위반,젖음/습기,비,교차로 - 교차로안,승용,여,60세,상해없음,이륜,남,73세,중상
2018051200100478,2018년 5월 12일 18시,토요일,경상북도 구미시 도량동,부상신고사고,0,0,0,1,차대차 - 기타,안전운전불이행,건조,흐림,단일로 - 기타,승용,남,29세,부상신고,승용,남,25세,기타불명
2018051200100528,2018년 5월 12일 19시,토요일,경상북도 구미시 사곡동,중상사고,0,1,2,0,차대차 - 기타,안전운전불이행,건조,맑음,교차로 - 교차로부근,승용,남,58세,상해없음,승용,여,57세,중상
2018051200100529,2018년 5월 12일 19시,토요일,경상북도 구미시 형곡동,경상사고,0,0,1,0,차대차 - 기타,안전운전불이행,건조,맑음,단일로 - 기타,이륜,남,49세,상해없음,승용,남,38세,경상
2018051200100624,2018년 5월 12일 21시,토요일,경상북도 구미시 봉곡동,경상사고,0,0,1,0,차대차 - 기타,안전운전불이행,젖음/습기,흐림,교차로 - 교차로부근,승용,남,63세,상해없음,승용,여,55세,경상
2018051200100700,2018년 5월 12일 23시,토요일,경상북도 경주시 용강동,중상사고,0,2,1,0,차대차 - 추돌,안전운전불이행,젖음/습기,비,교차로 - 교차로안,화물,남,68세,상해없음,승용,여,49세,중상
2018051200100701,2018년 5월 12일 23시,토요일,경상북도 포항시 남구 오천읍,중상사고,0,3,1,0,차대차 - 측면충돌,신호위반,건조,맑음,교차로 - 교차로안,승용,여,49세,경상,승용,남,40세,중상
2018051300100066,2018년 5월 13일 03시,일요일,경상북도 경주시 강동면,경상사고,0,0,1,0,차대차 - 측면충돌,안전운전불이행,젖음/습기,비,교차로 - 교차로안,승용,여,74세,경상,승용,여,62세,상해없음
2018051300100078,2018년 5월 13일 04시,일요일,경상북도 포항시 남구 오천읍,경상사고,0,0,1,0,차량단독 - 공작물충돌,안전운전불이행,건조,맑음,단일로 - 기타,승용,남,33세,경상,,,,
2018051300100112,2018년 5월 13일 08시,일요일,경상북도 경산시 백천동,경상사고,0,0,1,0,차대차 - 측면충돌,안전거리미확보,건조,맑음,단일로 - 기타,화물,남,66세,상해없음,승용,여,57세,경상
2018051300100129,2018년 5월 13일 09시,일요일,경상북도 영천시 금호읍,중상사고,0,1,0,0,차대사람 - 횡단중,안전운전불이행,젖음/습기,맑음,단일로 - 기타,승용,남,64세,상해없음,보행자,여,82세,중상
2018051300100147,2018년 5월 13일 10시,일요일,경상북도 경주시 황오동,중상사고,0,1,3,0,차대차 - 측면충돌,안전운전불이행,건조,맑음,교차로 - 교차로안,승용,남,39세,경상,승용,남,70세,경상
2018051300100148,2018년 5월 13일 10시,일요일,경상북도 김천시 삼락동,중상사고,0,1,2,0,차대차 - 기타,교차로운행방법위반,건조,맑음,교차로 - 교차로안,승용,남,60세,상해없음,승용,여,54세,경상
2018051300100167,2018년 5월 13일 11시,일요일,경상북도 구미시 인의동,경상사고,0,0,1,0,차대차 - 기타,안전운전불이행,건조,맑음,단일로 - 기타,자전거,남,12세,경상,승용,남,44세,상해없음
2018051300100191,2018년 5월 13일 12시,일요일,경상북도 포항시 남구 장기면,경상사고,0,0,1,0,차대차 - 추돌,안전운전불이행,건조,맑음,교차로 - 교차로부근,승용,남,28세,상해없음,승용,여,38세,경상
2018051300100212,2018년 5월 13일 13시,일요일,경상북도 경산시 평산동,경상사고,0,0,1,0,차대차 - 측면충돌,안전운전불이행,건조,맑음,교차로 - 교차로안,승용,남,31세,상해없음,승용,남,63세,경상
2018051300100213,2018년 5월 13일 13시,일요일,경상북도 구미시 원평동,경상사고,0,0,1,0,차대차 - 기타,안전운전불이행,건조,맑음,단일로 - 기타,이륜,남,65세,상해없음,자전거,남,17세,경상
2018051300100245,2018년 5월 13일 14시,일요일,경상북도 경주시 산내면,부상신고사고,0,0,0,1,차량단독 - 공작물충돌,안전운전불이행,건조,맑음,교차로 - 교차로부근,이륜,남,34세,부상신고,,,,
2018051300100246,2018년 5월 13일 14시,일요일,경상북도 안동시 태화동,경상사고,0,0,2,0,차대차 - 추돌,안전거리미확보,건조,맑음,단일로 - 기타,화물,남,57세,상해없음,승용,남,57세,경상
2018051300100247,2018년 5월 13일 14시,일요일,경상북도 경산시 자인면,중상사고,0,1,0,0,차대차 - 측면충돌,기타,건조,맑음,교차로 - 교차로안,이륜,남,22세,중상,승용,남,56세,상해없음
2018051300100291,2018년 5월 13일 15시,일요일,경상북도 구미시 인의동,중상사고,0,1,3,0,차대차 - 기타,신호위반,건조,맑음,교차로 - 교차로부근,승용,남,25세,상해없음,승용,남,34세,경상
2018051300100322,2018년 5월 13일 16시,일요일,경상북도 경주시 감포읍,중상사고,0,1,0,0,차대차 - 측면충돌,안전운전불이행,건조,맑음,단일로 - 기타,승용,남,60세,상해없음,이륜,여,50세,중상
2018051300100323,2018년 5월 13일 16시,일요일,경상북도 영덕군 강구면,중상사고,0,2,0,0,차대차 - 추돌,안전운전불이행,건조,맑음,교차로 - 교차로부근,화물,남,57세,상해없음,화물,남,56세,중상
2018051300100324,2018년 5월 13일 16시,일요일,경상북도 울진군 후포면,경상사고,0,0,1,0,차대차 - 기타,안전운전불이행,건조,맑음,교차로 - 교차로안,자전거,남,66세,경상,승용,남,70세,상해없음
2018051300100363,2018년 5월 13일 17시,일요일,경상북도 상주시 낙동면,경상사고,0,0,1,0,차대차 - 기타,안전운전불이행,건조,맑음,단일로 - 기타,승용,남,30세,경상,승용,남,38세,상해없음
2018051300100364,2018년 5월 13일 17시,일요일,경상북도 칠곡군 동명면,경상사고,0,0,1,0,차대차 - 측면충돌,안전운전불이행,건조,맑음,교차로 - 교차로부근,승용,남,38세,상해없음,자전거,여,62세,경상
2018051300100394,2018년 5월 13일 18시,일요일,경상북도 경주시 외동읍,경상사고,0,0,4,0,차대차 - 추돌,안전운전불이행,건조,맑음,단일로 - 기타,승용,남,22세,상해없음,승용,남,59세,경상
2018051300100422,2018년 5월 13일 19시,일요일,경상북도 청도군 청도읍,경상사고,0,0,5,0,차대차 - 추돌,안전운전불이행,건조,맑음,단일로 - 기타,승용,남,46세,상해없음,화물,남,66세,경상
2018051300100451,2018년 5월 13일 20시,일요일,경상북도 경주시 현곡면,중상사고,0,1,0,0,차대사람 - 기타,안전운전불이행,건조,맑음,주차장 - 주차장,승용,남,59세,상해없음,보행자,남,60세,중상
2018051300100452,2018년 5월 13일 20시,일요일,경상북도 성주군 월항면,중상사고,0,1,1,0,차대차 - 측면충돌,안전거리미확보,건조,맑음,기타 - 기타,화물,남,55세,경상,화물,남,56세,상해없음
2018051300100453,2018년 5월 13일 20시,일요일,경상북도 구미시 송정동,경상사고,0,0,4,0,차대차 - 기타,안전운전불이행,건조,맑음,교차로 - 교차로안,승용,남,36세,상해없음,승용,여,26세,경상
2018051300100454,2018년 5월 13일 20시,일요일,경상북도 포항시 남구 연일읍,중상사고,0,3,0,0,차대차 - 정면충돌,중앙선침범,건조,맑음,단일로 - 기타,승용,남,74세,중상,승용,여,53세,중상
2018051300100485,2018년 5월 13일 21시,일요일,경상북도 김천시 교동,경상사고,0,0,1,0,차대차 - 측면충돌,교차로운행방법위반,건조,맑음,교차로 - 교차로안,이륜,남,24세,경상,승용,여,44세,상해없음
2018051300100486,2018년 5월 13일 21시,일요일,경상북도 상주시 신봉동,경상사고,0,0,1,0,차대차 - 추돌,안전운전불이행,건조,맑음,단일로 - 기타,화물,남,54세,상해없음,승용,남,31세,경상
2018051300100501,2018년 5월 13일 22시,일요일,경상북도 포항시 북구 흥해읍,중상사고,0,1,0,0,차대차 - 추돌,안전운전불이행,건조,맑음,단일로 - 기타,승용,남,58세,상해없음,승용,남,28세,중상
2018051300100502,2018년 5월 13일 22시,일요일,경상북도 안동시 상아동,중상사고,0,1,3,0,차대차 - 측면충돌,안전운전불이행,건조,맑음,단일로 - 기타,이륜,남,42세,중상,승용,여,33세,경상
2018051400100004,2018년 5월 14일 00시,월요일,경상북도 구미시 선산읍,부상신고사고,0,0,0,1,차량단독 - 공작물충돌,안전운전불이행,건조,맑음,교차로 - 교차로안,승용,남,46세,부상신고,,,,
2018051400100052,2018년 5월 14일 06시,월요일,경상북도 영주시 영주동,중상사고,0,1,0,0,차대사람 - 횡단중,보행자보호의무위반,건조,맑음,교차로 - 교차로횡단보도내,화물,남,54세,상해없음,보행자,남,81세,중상
2018051400100053,2018년 5월 14일 06시,월요일,경상북도 포항시 남구 지곡동,중상사고,0,1,1,0,차대차 - 측면충돌,안전운전불이행,건조,맑음,교차로 - 교차로부근,이륜,남,29세,경상,승용,여,38세,중상
2018051400100076,2018년 5월 14일 07시,월요일,경상북도 구미시 고아읍,중상사고,0,1,0,0,차대차 - 측면충돌,신호위반,건조,맑음,교차로 - 교차로안,화물,남,33세,상해없음,승용,여,33세,중상
2018051400100117,2018년 5월 14일 08시,월요일,경상북도 봉화군 봉성면,경상사고,0,0,2,0,차대차 - 기타,중앙선침범,건조,맑음,단일로 - 기타,승용,남,67세,상해없음,승용,여,59세,경상
2018051400100118,2018년 5월 14일 08시,월요일,경상북도 포항시 남구 대잠동,경상사고,0,0,1,0,차대차 - 측면충돌,안전운전불이행,건조,맑음,교차로 - 교차로부근,자전거,남,85세,경상,승용,남,52세,상해없음