사고번호,사고일시,요일,시군구,사고내용,사망자수,중상자수,경상자수,부상신고자수,사고유형,법규위반,노면상태,기상상태,도로형태,가해운전자 차종,가해운전자 성별,가해운전자 연령,가해운전자 상해정도,피해운전자 차종,피해운전자 성별,피해운전자 연령,피해운전자 상해정도
2018051400100119,2018년 5월 14일 08시,월요일,경상북도 포항시 남구 해도동,경상사고,0,0,1,0,차대차 - 측면충돌,중앙선침범,건조,맑음,단일로 - 기타,자전거,남,54세,경상,승용,여,42세,상해없음
2018051400100150,2018년 5월 14일 09시,월요일,경상북도 경주시 동천동,경상사고,0,0,1,0,차대차 - 측면충돌,안전운전불이행,건조,맑음,교차로 - 교차로안,이륜,남,82세,경상,승용,여,34세,상해없음
2018051400100151,2018년 5월 14일 09시,월요일,경상북도 의성군 금성면,중상사고,0,1,0,0,차대사람 - 기타,불법유턴,건조,맑음,교차로 - 교차로안,화물,남,41세,상해없음,보행자,여,77세,중상
2018051400100152,2018년 5월 14일 09시,월요일,경상북도 구미시 원평동,경상사고,0,0,1,0,차대차 - 기타,안전운전불이행,건조,맑음,교차로 - 교차로안,승용,여,28세,상해없음,승용,여,40세,경상
2018051400100171,2018년 5월 14일 10시,월요일,경상북도 경주시 강동면,중상사고,0,2,3,0,차대차 - 측면충돌,중앙선침범,건조,맑음,단일로 - 기타,승용,여,68세,상해없음,화물,남,27세,경상
2018051400100172,2018년 5월 14일 10시,월요일,경상북도 포항시 북구 우현동,중상사고,0,1,0,0,차대차 - 측면충돌,신호위반,건조,맑음,교차로 - 교차로안,승용,여,47세,상해없음,승용,남,65세,중상
2018051400100173,2018년 5월 14일 10시,월요일,경상북도 칠곡군 동명면,중상사고,0,1,0,0,차대차 - 정면충돌,안전운전불이행,건조,맑음,단일로 - 기타,건설기계,남,49세,상해없음,이륜,남,71세,중상
2018051400100174,2018년 5월 14일 10시,월요일,경상북도 성주군 성주읍,중상사고,0,1,2,0,차대차 - 측면충돌,안전운전불이행,건조,맑음,교차로 - 교차로안,승용,남,25세,상해없음,승용,남,57세,경상
2018051400100175,2018년 5월 14일 10시,월요일,경상북도 포항시 북구 기계면,사망사고,1,0,0,0,차대차 - 정면충돌,중앙선침범,건조,맑음,단일로 - 기타,이륜,남,82세,사망,승용,남,41세,상해없음
2018051400100203,2018년 5월 14일 11시,월요일,경상북도 포항시 북구 양덕동,경상사고,0,0,3,0,차대차 - 정면충돌,중앙선침범,건조,맑음,교차로 - 교차로부근,승용,여,34세,상해없음,승용,여,22세,경상
2018051400100204,2018년 5월 14일 11시,월요일,경상북도 칠곡군 왜관읍,중상사고,0,1,0,0,차대차 - 추돌,안전운전불이행,건조,맑음,단일로 - 기타,화물,남,34세,상해없음,승용,남,60세,중상
2018051400100205,2018년 5월 14일 11시,월요일,경상북도 포항시 남구 대도동,경상사고,0,0,1,0,차대차 - 추돌,안전운전불이행,건조,맑음,단일로 - 기타,화물,남,43세,상해없음,승용,남,40세,경상
2018051400100238,2018년 5월 14일 12시,월요일,경상북도 안동시 정하동,경상사고,0,0,3,0,차대차 - 측면충돌,안전운전불이행,건조,맑음,교차로 - 교차로부근,기타불명,기타불명,미분류,기타불명,승용,여,29세,경상
2018051400100239,2018년 5월 14일 12시,월요일,경상북도 안동시 당북동,경상사고,0,0,1,0,차대사람 - 보도통행중,안전운전불이행,건조,맑음,단일로 - 기타,자전거,남,76세,상해없음,보행자,여,21세,경상
2018051400100240,2018년 5월 14일 12시,월요일,경상북도 칠곡군 약목면,경상사고,0,0,3,1,차대차 - 측면충돌,안전운전불이행,건조,맑음,단일로 - 기타,승용,남,68세,부상신고,화물,남,53세,경상
2018051400100267,2018년 5월 14일 13시,월요일,경상북도 영천시 망정동,경상사고,0,0,1,0,차대차 - 측면충돌,안전운전불이행,건조,맑음,교차로 - 교차로부근,승용,남,78세,상해없음,승용,여,56세,경상
2018051400100303,2018년 5월 14일 14시,월요일,경상북도 경주시 현곡면,경상사고,0,0,1,0,차대사람 - 길가장자리구역통행중,안전운전불이행,건조,맑음,단일로 - 기타,승용,남,73세,상해없음,보행자,여,21세,경상
2018051400100304,2018년 5월 14일 14시,월요일,경상북도 칠곡군 북삼읍,경상사고,0,0,2,0,차대차 - 측면충돌,안전운전불이행,건조,맑음,단일로 - 기타,승용,여,41세,상해없음,승합,여,41세,경상
2018051400100305,2018년 5월 14일 14시,월요일,경상북도 고령군 덕곡면,경상사고,0,0,1,0,차대차 - 측면충돌,안전운전불이행,건조,맑음,단일로 - 기타,화물,남,73세,상해없음,화물,남,52세,경상
2018051400100306,2018년 5월 14일 14시,월요일,경상북도 포항시 남구 연일읍,경상사고,0,0,1,0,차대차 - 측면충돌,직진우회전진행방해,건조,맑음,교차로 - 교차로안,승용,남,63세,상해없음,승용,여,61세,경상
2018051400100307,2018년 5월 14일 14시,월요일,경상북도 포항시 남구 연일읍,중상사고,0,1,0,0,차대사람 - 보도통행중,기타,건조,맑음,단일로 - 기타,승용,남,71세,상해없음,보행자,여,24세,중상
2018051400100332,2018년 5월 14일 15시,월요일,경상북도 경주시 광명동,중상사고,0,1,0,0,차대차 - 측면충돌,안전운전불이행,건조,맑음,교차로 - 교차로부근,건설기계,남,49세,상해없음,이륜,남,80세,중상
2018051400100333,2018년 5월 14일 15시,월요일,경상북도 의성군 의성읍,중상사고,0,1,0,0,차량단독 - 공작물충돌,안전운전불이행,건조,맑음,단일로 - 기타,승용,여,62세,중상,,,,
2018051400100334,2018년 5월 14일 15시,월요일,경상북도 의성군 봉양면,중상사고,0,1,1,0,차대차 - 추돌,안전운전불이행,건조,맑음,단일로 - 기타,화물,남,73세,상해없음,승합,남,66세,경상
2018051400100335,2018년 5월 14일 15시,월요일,경상북도 문경시 문경읍,경상사고,0,0,2,0,차대차 - 측면충돌,직진우회전진행방해,건조,맑음,교차로 - 교차로안,승용,여,53세,경상,화물,남,29세,경상
2018051400100336,2018년 5월 14일 15시,월요일,경상북도 구미시 옥계동,경상사고,0,0,1,0,차대사람 - 기타,안전운전불이행,건조,맑음,단일로 - 기타,자전거,남,11세,상해없음,보행자,여,74세,경상
2018051400100373,2018년 5월 14일 16시,월요일,경상북도 칠곡군 동명면,경상사고,0,0,1,0,차대차 - 측면충돌,안전운전불이행,건조,맑음,단일로 - 기타,승용,여,25세,상해없음,승용,여,62세,상해없음
2018051400100374,2018년 5월 14일 16시,월요일,경상북도 포항시 남구 해도동,경상사고,0,0,1,0,차대사람 - 횡단중,안전운전불이행,건조,맑음,기타 - 기타,승용,남,45세,상해없음,보행자,남,6세,경상
2018051400100411,2018년 5월 14일 17시,월요일,경상북도 경주시 성동동,경상사고,0,0,1,0,차대차 - 측면충돌,안전운전불이행,건조,맑음,단일로 - 기타,승용,남,76세,상해없음,자전거,남,13세,경상
2018051400100412,2018년 5월 14일 17시,월요일,경상북도 영덕군 강구면,중상사고,0,1,3,0,차대차 - 측면충돌,안전운전불이행,건조,맑음,단일로 - 기타,화물,남,61세,중상,화물,남,65세,경상
2018051400100450,2018년 5월 14일 18시,월요일,경상북도 경주시 건천읍,중상사고,0,1,0,0,차대차 - 측면충돌,안전운전불이행,건조,맑음,교차로 - 교차로안,사륜오토바이(ATV),남,73세,중상,승용,남,50세,상해없음
2018051400100451,2018년 5월 14일 18시,월요일,경상북도 의성군 봉양면,중상사고,0,1,0,0,차량단독 - 공작물충돌,안전운전불이행,건조,맑음,단일로 - 기타,화물,남,59세,중상,,,,
2018051400100452,2018년 5월 14일 18시,월요일,경상북도 영주시 상망동,경상사고,0,0,1,0,차대차 - 측면충돌,신호위반,건조,맑음,교차로 - 교차로안,승용,여,64세,상해없음,승용,여,50세,경상
2018051400100453,2018년 5월 14일 18시,월요일,경상북도 경산시 하양읍,경상사고,0,0,1,0,차대사람 - 횡단중,안전운전불이행,건조,맑음,교차로 - 교차로안,화물,남,22세,상해없음,보행자,남,21세,경상
2018051400100454,2018년 5월 14일 18시,월요일,경상북도 예천군 용문면,경상사고,0,0,1,0,차량단독 - 공작물충돌,안전운전불이행,건조,맑음,단일로 - 기타,이륜,남,80세,경상,,,,
2018051400100476,2018년 5월 14일 19시,월요일,경상북도 경주시 서부동,경상사고,0,0,1,0,차대사람 - 횡단중,안전운전불이행,건조,맑음,교차로 - 교차로부근,승용,남,65세,상해없음,보행자,여,65세,경상
2018051400100506,2018년 5월 14일 20시,월요일,경상북도 경주시 성동동,중상사고,0,1,0,0,차대사람 - 차도통행중,안전운전불이행,건조,맑음,단일로 - 기타,화물,남,68세,상해없음,보행자,여,64세,중상
2018051400100507,2018년 5월 14일 20시,월요일,경상북도 경주시 황성동,경상사고,0,0,1,0,차대사람 - 차도통행중,안전운전불이행,건조,맑음,단일로 - 기타,승용,여,57세,상해없음,보행자,여,14세,경상
2018051400100508,2018년 5월 14일 20시,월요일,경상북도 김천시 남면,중상사고,0,1,0,0,차대사람 - 길가장자리구역통행중,안전운전불이행,건조,맑음,단일로 - 기타,승용,남,43세,상해없음,보행자,여,77세,중상
2018051500100006,2018년 5월 15일 00시,화요일,경상북도 포항시 남구 오천읍,경상사고,0,0,1,0,차대차 - 측면충돌,안전운전불이행,건조,맑음,단일로 - 기타,화물,남,38세,상해없음,승용,남,58세,경상
2018051500100025,2018년 5월 15일 02시,화요일,경상북도 상주시 이안면,중상사고,0,1,0,0,차대사람 - 길가장자리구역통행중,안전운전불이행,건조,맑음,단일로 - 기타,승용,남,24세,상해없음,보행자,남,77세,중상
2018051500100032,2018년 5월 15일 03시,화요일,경상북도 영덕군 강구면,경상사고,0,0,1,0,차대차 - 측면충돌,신호위반,건조,맑음,교차로 - 교차로안,화물,남,58세,상해없음,건설기계,남,38세,경상
2018051500100035,2018년 5월 15일 04시,화요일,경상북도 구미시 도개면,사망사고,1,0,1,0,차대차 - 기타,안전운전불이행,건조,맑음,단일로 - 기타,승용,남,35세,사망,화물,남,62세,경상
2018051500100042,2018년 5월 15일 05시,화요일,경상북도 구미시 임수동,중상사고,0,1,0,0,차량단독 - 전도전복 - 전도,안전운전불이행,건조,맑음,교차로 - 교차로안,원동기,남,32세,중상,미분류,미분류,미분류,미분류
2018051500100055,2018년 5월 15일 06시,화요일,경상북도 경주시 외동읍,중상사고,0,1,1,0,차대차 - 측면충돌,안전운전불이행,건조,맑음,교차로 - 교차로부근,화물,남,59세,경상,승용,남,58세,중상
2018051500100056,2018년 5월 15일 06시,화요일,경상북도 포항시 북구 청하면,경상사고,0,0,1,0,차대차 - 측면충돌,안전운전불이행,건조,맑음,단일로 - 기타,화물,남,56세,상해없음,이륜,남,77세,경상
2018051500100079,2018년 5월 15일 07시,화요일,경상북도 경주시 황오동,중상사고,0,1,0,0,차대차 - 측면충돌,안전운전불이행,건조,맑음,단일로 - 기타,승용,남,67세,상해없음,자전거,여,57세,중상
2018051500100080,2018년 5월 15일 07시,화요일,경상북도 포항시 북구 흥해읍,경상사고,0,0,1,0,차대차 - 추돌,안전거리미확보,건조,맑음,단일로 - 기타,승용,남,76세,상해없음,승용,남,28세,경상
2018051500100081,2018년 5월 15일 07시,화요일,경상북도 칠곡군 북삼읍,경상사고,0,0,1,0,차대사람 - 길가장자리구역통행중,안전운전불이행,건조,맑음,단일로 - 기타,승용,남,40세,상해없음,보행자,여,14세,경상
2018051500100082,2018년 5월 15일 07시,화요일,경상북도 영천시 금노동,경상사고,0,0,2,0,차대차 - 측면충돌,안전운전불이행,건조,맑음,단일로 - 기타,승용,남,25세,상해없음,승용,남,68세,경상
2018051500100122,2018년 5월 15일 08시,화요일,경상북도 구미시 구포동,부상신고사고,0,0,0,1,차대차 - 기타,안전운전불이행,건조,맑음,교차로 - 교차로안,이륜,남,59세,부상신고,승합,남,58세,상해없음
2018051500100156,2018년 5월 15일 09시,화요일,경상북도 경주시 안강읍,중상사고,0,1,0,0,차대사람 - 횡단중,중앙선침범,건조,맑음,교차로 - 교차로부근,화물,남,49세,상해없음,보행자,남,82세,중상
2018051500100157,2018년 5월 15일 09시,화요일,경상북도 포항시 북구 흥해읍,사망사고,1,0,0,0,차대차 - 측면충돌,신호위반,건조,맑음,교차로 - 교차로안,이륜,남,75세,사망,화물,남,28세,상해없음
2018051500100158,2018년 5월 15일 09시,화요일,경상북도 영주시 문정동,경상사고,0,0,1,0,차량단독 - 공작물충돌,안전운전불이행,건조,맑음,단일로 - 기타,이륜,남,64세,경상,,,,
2018051500100159,2018년 5월 15일 09시,화요일,경상북도 영양군 영양읍,경상사고,0,0,1,0,차대차 - 측면충돌,교차로운행방법위반,건조,맑음,교차로 - 교차로안,승용,여,62세,경상,승용,남,65세,상해없음
2018051500100183,2018년 5월 15일 10시,화요일,경상북도 청도군 청도읍,경상사고,0,0,1,0,차대차 - 후진중충돌,안전운전불이행,건조,맑음,기타 - 기타,화물,남,63세,상해없음,승용,여,37세,경상
2018051500100254,2018년 5월 15일 13시,화요일,경상북도 안동시 수상동,경상사고,0,0,2,0,차대차 - 측면충돌,차로위반,건조,맑음,단일로 - 기타,승용,남,59세,상해없음,승용,여,63세,경상
2018051500100255,2018년 5월 15일 13시,화요일,경상북도 상주시 복룡동,경상사고,0,0,1,0,차대사람 - 횡단중,안전운전불이행,건조,맑음,교차로 - 교차로안,승용,남,79세,상해없음,보행자,여,14세,경상
2018051500100256,2018년 5월 15일 13시,화요일,경상북도 영천시 문외동,경상사고,0,0,1,0,차대차 - 측면충돌,교차로운행방법위반,건조,맑음,교차로 - 교차로안,승용,남,66세,상해없음,이륜,남,49세,경상
2018051500100257,2018년 5월 15일 13시,화요일,경상북도 경산시 중방동,경상사고,0,0,1,0,차대차 - 측면충돌,교차로운행방법위반,건조,맑음,교차로 - 교차로안,승용,남,72세,상해없음,승용,여,29세,경상
2018051500100287,2018년 5월 15일 14시,화요일,경상북도 경주시 천북면,중상사고,0,1,0,0,차대사람 - 길가장자리구역통행중,안전운전불이행,건조,맑음,단일로 - 기타,화물,남,42세,상해없음,보행자,남,66세,중상
2018051500100288,2018년 5월 15일 14시,화요일,경상북도 포항시 북구 장성동,경상사고,0,0,1,0,차대사람 - 횡단중,신호위반,건조,맑음,교차로 - 교차로횡단보도내,승용,남,70세,상해없음,보행자,남,13세,경상
2018051500100289,2018년 5월 15일 14시,화요일,경상북도 영덕군 남정면,중상사고,0,1,0,0,차대차 - 추돌,안전거리미확보,건조,맑음,교차로 - 교차로부근,건설기계,남,61세,상해없음,화물,남,46세,중상
2018051500100370,2018년 5월 15일 16시,화요일,경상북도 포항시 북구 두호동,중상사고,0,1,0,0,차대차 - 측면충돌,안전운전불이행,건조,맑음,교차로 - 교차로안,승용,남,21세,상해없음,승용,남,43세,중상
2018051500100371,2018년 5월 15일 16시,화요일,경상북도 안동시 옥동,경상사고,0,0,3,0,차대차 - 추돌,안전운전불이행,건조,맑음,단일로 - 기타,승용,여,52세,경상,승합,남,41세,경상
2018051500100372,2018년 5월 15일 16시,화요일,경상북도 상주시 낙동면,중상사고,0,1,0,0,차대차 - 측면충돌,중앙선침범,건조,맑음,교차로 - 교차로부근,승용,여,52세,상해없음,승합,남,60세,중상
2018051500100399,2018년 5월 15일 17시,화요일,경상북도 경주시 노서동,경상사고,0,0,1,0,차대사람 - 차도통행중,안전운전불이행,건조,맑음,단일로 - 기타,승용,남,64세,기타불명,보행자,여,52세,경상
2018051500100400,2018년 5월 15일 17시,화요일,경상북도 영덕군 영덕읍,중상사고,0,1,0,0,차대차 - 측면충돌,직진우회전진행방해,건조,맑음,교차로 - 교차로안,승용,여,40세,상해없음,이륜,여,64세,중상
2018051500100401,2018년 5월 15일 17시,화요일,경상북도 구미시 해평면,경상사고,0,0,2,0,차대차 - 정면충돌,안전운전불이행,건조,맑음,교차로 - 교차로안,승용,여,45세,경상,승용,여,60세,경상
2018051500100402,2018년 5월 15일 17시,화요일,경상북도 포항시 남구 송도동,경상사고,0,0,1,0,차대차 - 측면충돌,신호위반,건조,맑음,교차로 - 교차로안,기타불명,기타불명,미분류,기타불명,승용,여,62세,경상
2018051500100443,2018년 5월 15일 18시,화요일,경상북도 안동시 옥동,경상사고,0,0,12,0,차대차 - 추돌,안전거리미확보,건조,맑음,단일로 - 기타,승용,남,46세,상해없음,승합,여,60세,경상
2018051500100444,2018년 5월 15일 18시,화요일,경상북도 구미시 공단동,중상사고,0,1,0,0,차대차 - 기타,안전운전불이행,건조,맑음,단일로 - 기타,승용,여,61세,상해없음,승용,여,24세,중상
2018051500100445,2018년 5월 15일 18시,화요일,경상북도 포항시 남구 오천읍,중상사고,0,1,0,0,차대사람 - 횡단중,안전운전불이행,건조,맑음,교차로 - 교차로안,승용,여,47세,상해없음,보행자,남,68세,중상
2018051500100446,2018년 5월 15일 18시,화요일,경상북도 포항시 남구 인덕동,중상사고,0,1,0,0,차대사람 - 횡단중,안전운전불이행,건조,맑음,교차로 - 교차로부근,승용,남,27세,상해없음,보행자,남,8세,중상
2018051500100476,2018년 5월 15일 19시,화요일,경상북도 포항시 북구 흥해읍,경상사고,0,0,3,0,차대차 - 측면충돌,안전운전불이행,건조,맑음,교차로 - 교차로안,승용,남,59세,상해없음,승합,남,58세,경상
2018051500100477,2018년 5월 15일 19시,화요일,경상북도 포항시 북구 죽도동,경상사고,0,0,2,0,차대차 - 후진중충돌,불법유턴,건조,맑음,단일로 - 기타,승용,여,63세,경상,승용,남,36세,기타불명
2018051500100478,2018년 5월 15일 19시,화요일,경상북도 안동시 풍천면,중상사고,0,1,0,0,차대차 - 측면충돌,안전운전불이행,건조,맑음,단일로 - 기타,기타불명,기타불명,미분류,기타불명,자전거,남,75세,중상
2018051500100479,2018년 5월 15일 19시,화요일,경상북도 경산시 진량읍,중상사고,0,1,0,0,차대사람 - 기타,안전운전불이행,건조,맑음,단일로 - 기타,이륜,남,24세,상해없음,보행자,남,25세,중상
2018051500100480,2018년 5월 15일 19시,화요일,경상북도 고령군 다산면,중상사고,0,1,0,0,차대차 - 측면충돌,교차로운행방법위반,건조,맑음,교차로 - 교차로안,승용,여,37세,상해없음,자전거,남,76세,중상
2018051500100508,2018년 5월 15일 20시,화요일,경상북도 안동시 금곡동,경상사고,0,0,1,0,차대차 - 정면충돌,신호위반,건조,맑음,교차로 - 교차로안,승용,남,42세,상해없음,화물,남,62세,경상
2018051500100533,2018년 5월 15일 21시,화요일,경상북도 경주시 성건동,중상사고,0,1,0,0,차대사람 - 차도통행중,안전운전불이행,건조,맑음,교차로 - 교차로안,승용,남,46세,상해없음,보행자,남,51세,중상
2018051500100534,2018년 5월 15일 21시,화요일,경상북도 김천시 평화동,경상사고,0,0,1,0,차대사람 - 차도통행중,안전운전불이행,건조,맑음,주차장 - 주차장,승용,남,60세,상해없음,보행자,남,55세,경상
2018051500100535,2018년 5월 15일 21시,화요일,경상북도 포항시 남구 오천읍,경상사고,0,0,2,1,차대차 - 정면충돌,중앙선침범,건조,맑음,교차로 - 교차로부근,승용,여,57세,부상신고,승용,여,54세,경상
2018051500100582,2018년 5월 15일 23시,화요일,경상북도 경산시 남천면,사망사고,1,0,0,0,차대차 - 추돌,안전운전불이행,건조,맑음,단일로 - 기타,승용,남,27세,상해없음,자전거,남,68세,사망
2018051500100583,2018년 5월 15일 23시,화요일,경상북도 구미시 고아읍,경상사고,0,0,1,0,차대사람 - 기타,안전운전불이행,건조,맑음,교차로 - 교차로부근,이륜,남,51세,상해없음,보행자,여,44세,경상
2018051600100029,2018년 5월 16일 03시,수요일,경상북도 구미시 장천면,부상신고사고,0,0,0,1,차량단독 - 공작물충돌,안전운전불이행,건조,맑음,단일로 - 기타,화물,남,61세,부상신고,,,,
2018051600100068,2018년 5월 16일 07시,수요일,경상북도 포항시 남구 일월동,경상사고,0,0,1,0,차대차 - 기타,안전운전불이행,건조,맑음,단일로 - 기타,화물,남,52세,상해없음,자전거,남,35세,경상
2018051600100103,2018년 5월 16일 08시,수요일,경상북도 칠곡군 북삼읍,경상사고,0,0,2,3,차대차 - 측면충돌,교차로운행방법위반,건조,맑음,교차로 - 교차로안,승용,여,44세,부상신고,승용,남,44세,경상
2018051600100126,2018년 5월 16일 09시,수요일,경상북도 경산시 사동,중상사고,0,1,0,0,차대차 - 추돌,안전운전불이행,건조,맑음,단일로 - 기타,화물,남,35세,상해없음,승용,여,36세,중상
2018051600100148,2018년 5월 16일 10시,수요일,경상북도 영천시 야사동,경상사고,0,0,1,0,차대사람 - 차도통행중,안전운전불이행,건조,맑음,교차로 - 교차로안,승용,여,50세,상해없음,보행자,여,73세,경상
2018051600100170,2018년 5월 16일 11시,수요일,경상북도 경산시 옥산동,경상사고,0,0,1,0,차대사람 - 횡단중,신호위반,건조,맑음,교차로 - 교차로안,이륜,남,19세,상해없음,보행자,여,73세,경상
2018051600100199,2018년 5월 16일 12시,수요일,경상북도 구미시 원평동,경상사고,0,0,1,0,차대차 - 측면충돌,직진우회전진행방해,건조,맑음,교차로 - 교차로안,이륜,남,22세,경상,승용,남,54세,상해없음
2018051600100228,2018년 5월 16일 13시,수요일,경상북도 경주시 구정동,경상사고,0,0,4,0,차대차 - 측면충돌,안전운전불이행,건조,맑음,교차로 - 교차로부근,승용,여,59세,경상,승용,남,58세,경상
2018051600100229,2018년 5월 16일 13시,수요일,경상북도 경주시 동천동,중상사고,0,1,0,0,차대차 - 측면충돌,안전운전불이행,건조,맑음,교차로 - 교차로안,이륜,남,75세,중상,승용,여,28세,상해없음
2018051600100230,2018년 5월 16일 13시,수요일,경상북도 포항시 북구 우현동,경상사고,0,0,1,0,차대차 - 측면충돌,안전운전불이행,건조,맑음,교차로 - 교차로안,자전거,여,32세,경상,승용,여,49세,상해없음
2018051600100231,2018년 5월 16일 13시,수요일,경상북도 포항시 북구 득량동,경상사고,0,0,1,0,차대차 - 측면충돌,차로위반,건조,맑음,단일로 - 기타,승용,여,63세,상해없음,승용,여,31세,경상
2018051600100232,2018년 5월 16일 13시,수요일,경상북도 안동시 이천동,중상사고,0,3,1,0,차대차 - 정면충돌,중앙선침범,건조,맑음,단일로 - 기타,화물,남,40세,중상,승용,여,49세,중상
2018051600100282,2018년 5월 16일 15시,수요일,경상북도 의성군 의성읍,경상사고,0,0,1,0,차대차 - 측면충돌,직진우회전진행방해,건조,맑음,교차로 - 교차로안,이륜,남,86세,경상,승용,남,64세,상해없음
2018051600100308,2018년 5월 16일 16시,수요일,경상북도 상주시 은척면,중상사고,0,1,0,0,차대차 - 측면충돌,교차로운행방법위반,건조,맑음,교차로 - 교차로안,사륜오토바이(ATV),남,87세,중상,승용,여,64세,상해없음
2018051600100309,2018년 5월 16일 16시,수요일,경상북도 영천시 조교동,경상사고,0,0,4,0,차대차 - 추돌,안전운전불이행,건조,흐림,교차로 - 교차로부근,화물,남,71세,경상,승용,남,51세,경상
2018051600100310,2018년 5월 16일 16시,수요일,경상북도 영천시 임고면,중상사고,0,2,1,0,차대차 - 측면충돌,교차로운행방법위반,건조,맑음,교차로 - 교차로안,화물,남,74세,경상,화물,남,57세,중상
2018051600100339,2018년 5월 16일 17시,수요일,경상북도 경산시 중방동,경상사고,0,0,1,0,차대차 - 추돌,안전거리미확보,건조,맑음,단일로 - 기타,승용,남,27세,상해없음,승용,여,58세,경상
2018051600100340,2018년 5월 16일 17시,수요일,경상북도 포항시 남구 해도동,중상사고,0,1,0,0,차대차 - 기타,직진우회전진행방해,건조,맑음,교차로 - 교차로안,승용,남,78세,상해없음,이륜,남,66세,중상
2018051600100341,2018년 5월 16일 17시,수요일,경상북도 포항시 남구 이동,중상사고,0,1,2,0,차대차 - 측면충돌,차로위반,건조,맑음,교차로 - 교차로부근,화물,남,41세,상해없음,승용,남,50세,경상
2018051600100380,2018년 5월 16일 18시,수요일,경상북도 경주시 동천동,경상사고,0,0,2,0,차대차 - 측면충돌,안전운전불이행,건조,맑음,교차로 - 교차로안,승용,남,36세,경상,승용,남,51세,경상
2018051600100381,2018년 5월 16일 18시,수요일,경상북도 경주시 강동면,경상사고,0,0,1,1,차대차 - 추돌,안전운전불이행,건조,맑음,단일로 - 기타,승용,여,57세,상해없음,승용,여,62세,경상
2018051600100438,2018년 5월 16일 20시,수요일,경상북도 경주시 현곡면,중상사고,0,1,0,0,차대차 - 추돌,안전운전불이행,건조,맑음,단일로 - 기타,승용,남,48세,상해없음,승용,여,26세,중상
2018051600100476,2018년 5월 16일 21시,수요일,경상북도 구미시 인의동,부상신고사고,0,0,0,1,차량단독 - 기타,기타,건조,맑음,기타 - 기타,승합,남,52세,상해없음,,,,
2018051600100477,2018년 5월 16일 21시,수요일,경상북도 포항시 남구 해도동,부상신고사고,0,0,0,1,차대사람 - 차도통행중,불법유턴,건조,맑음,교차로 - 교차로안,승용,여,58세,상해없음,보행자,남,55세,부상신고
2018051600100497,2018년 5월 16일 22시,수요일,경상북도 포항시 남구 오천읍,중상사고,0,1,0,0,차대사람 - 기타,안전운전불이행,건조,맑음,주차장 - 주차장,화물,남,57세,상해없음,보행자,남,65세,중상
2018051600100498,2018년 5월 16일 22시,수요일,경상북도 포항시 남구 동촌동,중상사고,0,1,0,0,차대차 - 기타,안전운전불이행,건조,맑음,단일로 - 기타,건설기계,남,32세,상해없음,이륜,남,33세,중상
2018051600100520,2018년 5월 16일 23시,수요일,경상북도 구미시 산동면,경상사고,0,0,1,0,차량단독 - 공작물충돌,안전운전불이행,건조,맑음,단일로 - 기타,승용,여,23세,경상,,,,
2018051600100521,2018년 5월 16일 23시,수요일,경상북도 구미시 황상동,경상사고,0,0,3,0,차대차 - 추돌,안전운전불이행,건조,맑음,교차로 - 교차로부근,승용,여,49세,상해없음,승용,여,33세,경상
2018051700100029,2018년 5월 17일 01시,목요일,경상북도 구미시 비산동,사망사고,1,0,0,0,차대차 - 추돌,안전운전불이행,건조,흐림,단일로 - 교량,승용,남,36세,상해없음,승용,남,46세,사망
2018051700100045,2018년 5월 17일 04시,목요일,경상북도 포항시 북구 죽도동,경상사고,0,0,1,0,차대차 - 기타,안전운전불이행,건조,맑음,단일로 - 기타,이륜,남,16세,경상,승용,남,55세,상해없음
2018051700100063,2018년 5월 17일 06시,목요일,경상북도 영천시 망정동,경상사고,0,0,1,0,차대차 - 측면충돌,신호위반,건조,맑음,교차로 - 교차로안,승용,남,44세,상해없음,화물,남,51세,경상
2018051700100076,2018년 5월 17일 07시,목요일,경상북도 포항시 북구 흥해읍,경상사고,0,0,2,0,차대차 - 측면충돌,안전운전불이행,건조,맑음,단일로 - 기타,승용,여,53세,경상,승용,여,69세,경상
2018051700100077,2018년 5월 17일 07시,목요일,경상북도 의성군 단촌면,경상사고,0,0,1,0,차대차 - 측면충돌,직진우회전진행방해,건조,맑음,교차로 - 교차로안,특수,남,58세,상해없음,화물,남,34세,경상
2018051700100078,2018년 5월 17일 07시,목요일,경상북도 영천시 대창면,경상사고,0,0,1,0,차대차 - 측면충돌,안전운전불이행,건조,맑음,교차로 - 교차로안,승용,남,41세,상해없음,이륜,남,69세,경상
2018051700100079,2018년 5월 17일 07시,목요일,경상북도 영천시 북안면,경상사고,0,0,1,0,차대차 - 추돌,안전거리미확보,건조,맑음,단일로 - 기타,화물,남,62세,경상,화물,남,64세,상해없음
2018051700100080,2018년 5월 17일 07시,목요일,경상북도 구미시 구포동,중상사고,0,1,0,0,차대사람 - 기타,안전운전불이행,건조,맑음,단일로 - 기타,승용,남,43세,상해없음,보행자,여,63세,중상
2018051700100114,2018년 5월 17일 08시,목요일,경상북도 포항시 북구 흥해읍,경상사고,0,0,2,0,차대차 - 추돌,안전거리미확보,건조,맑음,단일로 - 기타,승용,여,51세,상해없음,승용,여,36세,경상
2018051700100115,2018년 5월 17일 08시,목요일,경상북도 김천시 율곡동,중상사고,0,1,0,0,차대사람 - 횡단중,보행자보호의무위반,건조,맑음,단일로 - 기타,승용,여,32세,상해없음,보행자,남,16세,중상