사고번호,사고일시,요일,시군구,사고내용,사망자수,중상자수,경상자수,부상신고자수,사고유형,법규위반,노면상태,기상상태,도로형태,가해운전자 차종,가해운전자 성별,가해운전자 연령,가해운전자 상해정도,피해운전자 차종,피해운전자 성별,피해운전자 연령,피해운전자 상해정도
2018052200100562,2018년 5월 22일 21시,화요일,경상북도 구미시 옥계동,경상사고,0,0,1,0,차대차 - 기타,신호위반,젖음/습기,비,교차로 - 교차로안,승용,여,42세,상해없음,이륜,남,48세,경상
2018052200100598,2018년 5월 22일 22시,화요일,경상북도 칠곡군 지천면,경상사고,0,0,1,0,차대차 - 측면충돌,안전운전불이행,젖음/습기,비,교차로 - 교차로안,승용,남,54세,상해없음,승용,남,28세,경상
2018052200100624,2018년 5월 22일 23시,화요일,경상북도 구미시 고아읍,경상사고,0,0,1,0,차대차 - 측면충돌,신호위반,젖음/습기,비,교차로 - 교차로안,승용,남,47세,상해없음,승용,남,57세,경상
2018052300100009,2018년 5월 23일 00시,수요일,경상북도 영주시 가흥동,중상사고,0,2,1,0,차량단독 - 공작물충돌,안전운전불이행,젖음/습기,비,단일로 - 기타,화물,남,54세,중상,,,,
2018052300100010,2018년 5월 23일 00시,수요일,경상북도 구미시 원평동,경상사고,0,0,1,0,차대차 - 기타,안전운전불이행,젖음/습기,비,교차로 - 교차로안,승용,남,44세,상해없음,화물,남,50세,경상
2018052300100041,2018년 5월 23일 04시,수요일,경상북도 포항시 북구 장성동,중상사고,0,2,1,0,차대차 - 측면충돌,신호위반,젖음/습기,비,교차로 - 교차로안,승용,여,62세,상해없음,승용,여,61세,중상
2018052300100042,2018년 5월 23일 04시,수요일,경상북도 칠곡군 왜관읍,부상신고사고,0,0,0,1,차량단독 - 공작물충돌,안전운전불이행,젖음/습기,비,단일로 - 기타,승용,남,34세,부상신고,,,,
2018052300100056,2018년 5월 23일 06시,수요일,경상북도 상주시 외서면,중상사고,0,1,0,0,차량단독 - 공작물충돌,안전운전불이행,젖음/습기,비,단일로 - 기타,승용,여,56세,중상,,,,
2018052300100057,2018년 5월 23일 06시,수요일,경상북도 영주시 휴천동,중상사고,0,1,0,0,차대사람 - 횡단중,안전운전불이행,건조,맑음,단일로 - 기타,승용,남,28세,상해없음,보행자,여,42세,중상
2018052300100058,2018년 5월 23일 06시,수요일,경상북도 구미시 원평동,중상사고,0,1,0,0,차대차 - 기타,중앙선침범,젖음/습기,비,교차로 - 교차로부근,특수,남,26세,상해없음,화물,남,39세,중상
2018052300100059,2018년 5월 23일 06시,수요일,경상북도 구미시 신평동,중상사고,0,1,2,0,차대차 - 추돌,안전운전불이행,젖음/습기,비,단일로 - 기타,승용,남,27세,경상,승용,남,55세,경상
2018052300100087,2018년 5월 23일 07시,수요일,경상북도 문경시 문경읍,경상사고,0,0,1,1,차대차 - 측면충돌,안전운전불이행,건조,맑음,교차로 - 교차로안,승용,남,64세,부상신고,승용,여,59세,경상
2018052300100131,2018년 5월 23일 08시,수요일,경상북도 경산시 신천동,경상사고,0,0,1,0,차대사람 - 기타,안전운전불이행,건조,맑음,단일로 - 기타,승용,남,58세,상해없음,보행자,남,40세,경상
2018052300100132,2018년 5월 23일 08시,수요일,경상북도 경산시 중방동,경상사고,0,0,1,0,차대차 - 측면충돌,안전거리미확보,건조,맑음,단일로 - 기타,승용,여,45세,상해없음,자전거,남,30세,경상
2018052300100134,2018년 5월 23일 08시,수요일,경상북도 예천군 풍양면,중상사고,0,1,0,0,차대차 - 측면충돌,신호위반,건조,맑음,교차로 - 교차로안,화물,남,56세,상해없음,이륜,남,74세,중상
2018052300100169,2018년 5월 23일 09시,수요일,경상북도 칠곡군 왜관읍,중상사고,0,1,0,0,차대사람 - 횡단중,보행자보호의무위반,건조,맑음,교차로 - 교차로부근,화물,남,45세,상해없음,보행자,남,76세,중상
2018052300100170,2018년 5월 23일 09시,수요일,경상북도 영천시 오수동,경상사고,0,0,1,0,차대차 - 측면충돌,안전거리미확보,건조,맑음,단일로 - 기타,이륜,남,76세,경상,승합,여,54세,상해없음
2018052300100206,2018년 5월 23일 10시,수요일,경상북도 경주시 인왕동,경상사고,0,0,1,0,차대차 - 측면충돌,신호위반,건조,맑음,교차로 - 교차로안,화물,남,70세,상해없음,승용,여,67세,경상
2018052300100207,2018년 5월 23일 10시,수요일,경상북도 경산시 중방동,경상사고,0,0,1,0,차대차 - 정면충돌,안전운전불이행,건조,맑음,교차로 - 교차로안,승용,남,80세,상해없음,이륜,남,22세,경상
2018052300100208,2018년 5월 23일 10시,수요일,경상북도 구미시 도량동,경상사고,0,0,1,0,차대차 - 측면충돌,안전운전불이행,건조,맑음,주차장 - 주차장,화물,여,52세,상해없음,승용,여,36세,경상
2018052300100236,2018년 5월 23일 11시,수요일,경상북도 포항시 북구 용흥동,경상사고,0,0,1,0,차량단독 - 기타,기타,건조,맑음,단일로 - 기타,승용,여,60세,상해없음,,,,
2018052300100237,2018년 5월 23일 11시,수요일,경상북도 영천시 화북면,부상신고사고,0,0,0,1,차량단독 - 공작물충돌,안전운전불이행,건조,맑음,단일로 - 교량,화물,남,61세,부상신고,,,,
2018052300100238,2018년 5월 23일 11시,수요일,경상북도 문경시 모전동,중상사고,0,1,0,0,차대차 - 측면충돌,직진우회전진행방해,건조,맑음,교차로 - 교차로안,승용,여,46세,상해없음,이륜,여,64세,중상
2018052300100279,2018년 5월 23일 12시,수요일,경상북도 문경시 가은읍,경상사고,0,0,1,0,차대차 - 측면충돌,안전운전불이행,건조,맑음,단일로 - 기타,화물,남,63세,상해없음,농기계,남,40세,경상
2018052300100313,2018년 5월 23일 13시,수요일,경상북도 칠곡군 약목면,경상사고,0,0,1,1,차대차 - 측면충돌,교차로운행방법위반,건조,맑음,교차로 - 교차로안,승용,여,44세,부상신고,승용,여,56세,경상
2018052300100314,2018년 5월 23일 13시,수요일,경상북도 경산시 옥산동,경상사고,0,0,1,0,차량단독 - 기타,안전운전불이행,건조,맑음,단일로 - 기타,승합,남,46세,상해없음,,,,
2018052300100351,2018년 5월 23일 14시,수요일,경상북도 안동시 와룡면,중상사고,0,1,0,0,차대차 - 기타,중앙선침범,건조,맑음,단일로 - 기타,화물,남,66세,상해없음,이륜,남,77세,중상
2018052300100352,2018년 5월 23일 14시,수요일,경상북도 영주시 조암동,경상사고,0,0,1,0,차대차 - 측면충돌,안전운전불이행,건조,맑음,단일로 - 기타,화물,남,50세,상해없음,승용,여,47세,경상
2018052300100353,2018년 5월 23일 14시,수요일,경상북도 포항시 남구 연일읍,경상사고,0,0,1,0,차대차 - 기타,신호위반,건조,맑음,교차로 - 교차로안,승용,남,89세,상해없음,이륜,남,37세,경상
2018052300100354,2018년 5월 23일 14시,수요일,경상북도 포항시 남구 대도동,경상사고,0,0,1,0,차대차 - 기타,안전운전불이행,건조,맑음,단일로 - 기타,화물,남,39세,상해없음,승용,여,47세,경상
2018052300100419,2018년 5월 23일 16시,수요일,경상북도 영천시 금호읍,경상사고,0,0,2,1,차대차 - 측면충돌,안전운전불이행,건조,맑음,교차로 - 교차로안,화물,남,33세,부상신고,승합,남,59세,경상
2018052300100420,2018년 5월 23일 16시,수요일,경상북도 경산시 압량면,경상사고,0,0,1,0,차대차 - 측면충돌,안전운전불이행,건조,맑음,교차로 - 교차로안,승용,여,55세,기타불명,승용,여,40세,경상
2018052300100421,2018년 5월 23일 16시,수요일,경상북도 성주군 대가면,중상사고,0,1,3,0,차대차 - 추돌,안전거리미확보,건조,맑음,교차로 - 교차로안,승용,남,26세,경상,화물,남,46세,경상
2018052300100460,2018년 5월 23일 17시,수요일,경상북도 칠곡군 기산면,경상사고,0,0,1,0,차대사람 - 기타,안전운전불이행,건조,맑음,단일로 - 기타,승용,여,35세,상해없음,보행자,남,6세,경상
2018052300100461,2018년 5월 23일 17시,수요일,경상북도 경산시 평산동,중상사고,0,1,2,0,차대차 - 추돌,안전거리미확보,건조,맑음,교차로 - 교차로부근,화물,남,47세,중상,승용,남,52세,경상
2018052300100462,2018년 5월 23일 17시,수요일,경상북도 봉화군 봉화읍,경상사고,0,0,1,0,차대차 - 추돌,안전운전불이행,건조,맑음,단일로 - 기타,화물,남,32세,상해없음,화물,남,63세,경상
2018052300100518,2018년 5월 23일 18시,수요일,경상북도 영주시 영주동,경상사고,0,0,1,0,차대차 - 측면충돌,안전운전불이행,건조,맑음,교차로 - 교차로부근,화물,남,73세,상해없음,승용,남,51세,경상
2018052300100563,2018년 5월 23일 19시,수요일,경상북도 포항시 북구 항구동,경상사고,0,0,2,0,차대차 - 측면충돌,직진우회전진행방해,건조,맑음,교차로 - 교차로안,승용,남,48세,상해없음,승용,남,23세,경상
2018052300100592,2018년 5월 23일 20시,수요일,경상북도 의성군 안계면,중상사고,0,1,0,0,차대차 - 추돌,안전운전불이행,건조,맑음,단일로 - 기타,승용,여,67세,상해없음,농기계,남,71세,중상
2018052300100593,2018년 5월 23일 20시,수요일,경상북도 구미시 인의동,경상사고,0,0,1,0,차대차 - 측면충돌,직진우회전진행방해,건조,맑음,교차로 - 교차로안,승용,남,31세,상해없음,원동기,남,41세,경상
2018052300100594,2018년 5월 23일 20시,수요일,경상북도 포항시 남구 해도동,중상사고,0,1,0,0,차대사람 - 기타,안전운전불이행,건조,맑음,단일로 - 기타,이륜,남,52세,상해없음,보행자,남,13세,중상
2018052300100621,2018년 5월 23일 21시,수요일,경상북도 포항시 남구 송도동,중상사고,0,1,0,0,차대사람 - 길가장자리구역통행중,안전운전불이행,건조,맑음,교차로 - 교차로부근,승용,남,24세,상해없음,보행자,남,52세,중상
2018052300100642,2018년 5월 23일 22시,수요일,경상북도 영양군 영양읍,중상사고,0,1,0,0,차대차 - 추돌,안전운전불이행,건조,맑음,단일로 - 기타,승용,여,64세,중상,화물,남,63세,상해없음
2018052400100010,2018년 5월 24일 00시,목요일,경상북도 포항시 북구 흥해읍,경상사고,0,0,1,0,차대사람 - 기타,안전운전불이행,건조,맑음,단일로 - 기타,승용,남,15세,상해없음,보행자,남,49세,경상
2018052400100024,2018년 5월 24일 01시,목요일,경상북도 경산시 하양읍,경상사고,0,0,1,0,차대차 - 기타,안전운전불이행,건조,맑음,단일로 - 기타,승용,남,35세,경상,승용,남,37세,상해없음
2018052400100031,2018년 5월 24일 02시,목요일,경상북도 성주군 선남면,사망사고,1,0,0,0,차대차 - 추돌,안전운전불이행,건조,맑음,단일로 - 기타,화물,남,58세,사망,특수,남,68세,상해없음
2018052400100059,2018년 5월 24일 06시,목요일,경상북도 경산시 하양읍,경상사고,0,0,1,0,차대차 - 추돌,안전운전불이행,건조,맑음,교차로 - 교차로부근,승용,남,26세,상해없음,승용,남,65세,경상
2018052400100060,2018년 5월 24일 06시,목요일,경상북도 영양군 청기면,경상사고,0,0,1,0,차대차 - 측면충돌,안전운전불이행,건조,맑음,단일로 - 기타,승용,여,65세,경상,화물,남,37세,상해없음
2018052400100061,2018년 5월 24일 06시,목요일,경상북도 포항시 남구 괴동동,중상사고,0,1,0,0,차대차 - 기타,안전운전불이행,건조,맑음,교차로 - 교차로안,승용,남,51세,상해없음,이륜,남,30세,중상
2018052400100080,2018년 5월 24일 07시,목요일,경상북도 김천시 개령면,경상사고,0,0,1,0,차대차 - 측면충돌,안전운전불이행,건조,맑음,교차로 - 교차로안,이륜,여,69세,경상,승용,남,50세,상해없음
2018052400100081,2018년 5월 24일 07시,목요일,경상북도 영천시 금노동,경상사고,0,0,4,0,차대차 - 추돌,안전운전불이행,건조,맑음,교차로 - 교차로부근,화물,남,74세,상해없음,승용,남,55세,경상
2018052400100082,2018년 5월 24일 07시,목요일,경상북도 포항시 남구 장흥동,경상사고,0,0,1,0,차대차 - 추돌,안전운전불이행,건조,맑음,교차로 - 교차로부근,화물,남,62세,상해없음,특수,남,55세,상해없음
2018052400100132,2018년 5월 24일 08시,목요일,경상북도 경주시 안강읍,경상사고,0,0,1,0,차대차 - 측면충돌,안전거리미확보,건조,맑음,교차로 - 교차로부근,화물,여,46세,상해없음,승용,남,34세,경상
2018052400100133,2018년 5월 24일 08시,목요일,경상북도 김천시 지좌동,경상사고,0,0,2,0,차대차 - 측면충돌,신호위반,건조,맑음,교차로 - 교차로안,승용,여,58세,경상,승용,여,39세,경상
2018052400100134,2018년 5월 24일 08시,목요일,경상북도 칠곡군 왜관읍,경상사고,0,0,2,0,차대차 - 측면충돌,안전운전불이행,건조,맑음,교차로 - 교차로부근,승용,남,52세,경상,승용,여,30세,경상
2018052400100135,2018년 5월 24일 08시,목요일,경상북도 경산시 압량면,중상사고,0,1,0,0,차대차 - 측면충돌,교차로운행방법위반,건조,맑음,교차로 - 교차로안,화물,남,45세,상해없음,이륜,남,70세,중상
2018052400100136,2018년 5월 24일 08시,목요일,경상북도 구미시 시미동,경상사고,0,0,1,0,차대차 - 추돌,안전운전불이행,건조,맑음,교차로 - 교차로부근,화물,남,41세,상해없음,승용,여,52세,경상
2018052400100167,2018년 5월 24일 09시,목요일,경상북도 경주시 구정동,중상사고,0,1,0,0,차대차 - 측면충돌,안전운전불이행,건조,맑음,단일로 - 기타,화물,남,59세,상해없음,이륜,남,84세,중상
2018052400100168,2018년 5월 24일 09시,목요일,경상북도 경산시 하양읍,경상사고,0,0,1,0,차량단독 - 공작물충돌,안전운전불이행,건조,맑음,단일로 - 기타,승용,남,21세,상해없음,,,,
2018052400100202,2018년 5월 24일 10시,목요일,경상북도 경산시 하양읍,경상사고,0,0,1,0,차대사람 - 횡단중,보행자보호의무위반,건조,맑음,교차로 - 교차로안,건설기계,남,58세,상해없음,보행자,여,79세,경상
2018052400100203,2018년 5월 24일 10시,목요일,경상북도 성주군 용암면,중상사고,0,1,0,0,차량단독 - 전도전복 - 전복,안전운전불이행,건조,맑음,단일로 - 기타,이륜,남,65세,중상,미분류,미분류,미분류,미분류
2018052400100204,2018년 5월 24일 10시,목요일,경상북도 포항시 남구 구룡포읍,중상사고,0,1,0,0,차대차 - 측면충돌,교차로운행방법위반,건조,맑음,교차로 - 교차로안,승용,남,33세,상해없음,승용,여,48세,중상
2018052400100239,2018년 5월 24일 11시,목요일,경상북도 구미시 산동면,경상사고,0,0,1,0,차대차 - 기타,안전운전불이행,건조,맑음,단일로 - 기타,승용,남,32세,경상,화물,남,41세,상해없음
2018052400100268,2018년 5월 24일 12시,목요일,경상북도 경주시 서면,경상사고,0,0,1,0,차대차 - 측면충돌,안전운전불이행,건조,맑음,단일로 - 기타,이륜,남,74세,경상,승용,남,63세,상해없음
2018052400100269,2018년 5월 24일 12시,목요일,경상북도 포항시 남구 호미곶면,중상사고,0,1,0,0,차량단독 - 전도전복 - 전도,안전운전불이행,건조,맑음,단일로 - 기타,이륜,남,57세,중상,미분류,미분류,미분류,미분류
2018052400100329,2018년 5월 24일 14시,목요일,경상북도 경주시 성동동,중상사고,0,1,0,0,차대사람 - 횡단중,신호위반,건조,맑음,교차로 - 교차로횡단보도내,승합,남,69세,상해없음,보행자,여,68세,중상
2018052400100356,2018년 5월 24일 15시,목요일,경상북도 상주시 은척면,경상사고,0,0,1,0,차대차 - 정면충돌,안전운전불이행,건조,맑음,단일로 - 기타,원동기,남,78세,경상,화물,남,47세,상해없음
2018052400100357,2018년 5월 24일 15시,목요일,경상북도 영주시 가흥동,경상사고,0,0,1,0,차대차 - 측면충돌,신호위반,건조,맑음,교차로 - 교차로안,승용,남,73세,상해없음,승용,여,44세,경상
2018052400100358,2018년 5월 24일 15시,목요일,경상북도 칠곡군 동명면,중상사고,0,1,0,0,차대사람 - 횡단중,교차로운행방법위반,건조,맑음,교차로 - 교차로안,화물,남,41세,상해없음,보행자,여,72세,중상
2018052400100359,2018년 5월 24일 15시,목요일,경상북도 영천시 야사동,경상사고,0,0,1,0,차대차 - 후진중충돌,안전운전불이행,건조,맑음,단일로 - 기타,승용,남,47세,상해없음,이륜,남,78세,경상
2018052400100360,2018년 5월 24일 15시,목요일,경상북도 구미시 남통동,중상사고,0,1,0,0,차대사람 - 횡단중,안전운전불이행,건조,맑음,단일로 - 기타,승용,남,66세,상해없음,보행자,남,80세,중상
2018052400100361,2018년 5월 24일 15시,목요일,경상북도 포항시 남구 동촌동,경상사고,0,0,1,0,차대차 - 추돌,안전운전불이행,건조,맑음,단일로 - 기타,승용,여,49세,상해없음,승용,여,59세,경상
2018052400100432,2018년 5월 24일 17시,목요일,경상북도 김천시 신음동,경상사고,0,0,1,0,차대사람 - 차도통행중,안전운전불이행,건조,맑음,단일로 - 기타,승용,남,59세,상해없음,보행자,남,38세,경상
2018052400100433,2018년 5월 24일 17시,목요일,경상북도 고령군 개진면,경상사고,0,0,1,0,차대차 - 기타,안전운전불이행,건조,맑음,단일로 - 기타,기타불명,기타불명,미분류,기타불명,승용,남,31세,경상
2018052400100482,2018년 5월 24일 18시,목요일,경상북도 경주시 강동면,중상사고,0,1,0,0,차대차 - 측면충돌,안전운전불이행,건조,맑음,교차로 - 교차로안,승용,남,75세,상해없음,이륜,여,67세,중상
2018052400100483,2018년 5월 24일 18시,목요일,경상북도 경주시 황오동,중상사고,0,1,0,0,차대차 - 측면충돌,안전운전불이행,건조,맑음,교차로 - 교차로안,화물,남,34세,상해없음,자전거,여,77세,중상
2018052400100515,2018년 5월 24일 19시,목요일,경상북도 성주군 선남면,경상사고,0,0,1,0,차대사람 - 횡단중,신호위반,건조,맑음,단일로 - 기타,승용,여,70세,상해없음,보행자,남,13세,경상
2018052400100516,2018년 5월 24일 19시,목요일,경상북도 포항시 남구 대도동,경상사고,0,0,4,0,차대차 - 추돌,안전운전불이행,건조,맑음,단일로 - 기타,승용,남,58세,경상,승용,남,64세,경상
2018052400100551,2018년 5월 24일 20시,목요일,경상북도 경주시 강동면,중상사고,0,1,0,0,차대사람 - 길가장자리구역통행중,안전운전불이행,건조,맑음,단일로 - 지하차도(도로)내,승용,남,27세,상해없음,보행자,남,73세,중상
2018052400100552,2018년 5월 24일 20시,목요일,경상북도 의성군 안계면,중상사고,0,1,0,0,차대사람 - 기타,안전운전불이행,건조,맑음,단일로 - 기타,이륜,남,33세,상해없음,보행자,남,40세,중상
2018052400100553,2018년 5월 24일 20시,목요일,경상북도 영주시 순흥면,경상사고,0,0,1,0,차량단독 - 기타,안전운전불이행,건조,맑음,단일로 - 기타,승용,남,60세,상해없음,,,,
2018052400100554,2018년 5월 24일 20시,목요일,경상북도 성주군 선남면,사망사고,1,0,0,0,차대차 - 정면충돌,중앙선침범,건조,맑음,단일로 - 기타,원동기,남,35세,사망,화물,남,49세,상해없음
2018052400100580,2018년 5월 24일 21시,목요일,경상북도 포항시 북구 양덕동,경상사고,0,0,1,0,차대차 - 측면충돌,직진우회전진행방해,건조,맑음,교차로 - 교차로안,승용,남,25세,상해없음,승용,남,41세,경상
2018052400100581,2018년 5월 24일 21시,목요일,경상북도 구미시 도량동,중상사고,0,2,2,0,차대차 - 추돌,안전운전불이행,건조,맑음,단일로 - 기타,승용,남,65세,상해없음,승용,여,53세,경상
2018052400100608,2018년 5월 24일 22시,목요일,경상북도 포항시 남구 연일읍,경상사고,0,0,2,0,차대차 - 측면충돌,직진우회전진행방해,건조,맑음,교차로 - 교차로안,승용,여,56세,경상,승합,여,58세,경상
2018052500100028,2018년 5월 25일 01시,금요일,경상북도 김천시 평화동,경상사고,0,0,1,0,차대차 - 추돌,안전운전불이행,건조,맑음,단일로 - 기타,승용,남,51세,상해없음,승용,남,53세,상해없음
2018052500100064,2018년 5월 25일 05시,금요일,경상북도 경산시 조영동,중상사고,0,1,0,0,차대사람 - 길가장자리구역통행중,안전운전불이행,건조,맑음,교차로 - 교차로부근,승용,남,25세,상해없음,보행자,여,21세,중상
2018052500100075,2018년 5월 25일 06시,금요일,경상북도 봉화군 법전면,중상사고,0,1,0,0,차대차 - 기타,안전운전불이행,건조,맑음,교차로 - 교차로안,화물,남,53세,중상,화물,남,67세,상해없음
2018052500100098,2018년 5월 25일 07시,금요일,경상북도 구미시 산동면,경상사고,0,0,2,0,차대차 - 기타,안전운전불이행,건조,맑음,교차로 - 교차로안,화물,남,43세,경상,화물,남,41세,경상
2018052500100099,2018년 5월 25일 07시,금요일,경상북도 포항시 남구 송내동,중상사고,0,1,0,0,차대차 - 추돌,안전거리미확보,건조,맑음,단일로 - 교량,승용,여,46세,상해없음,승용,여,46세,중상
2018052500100127,2018년 5월 25일 08시,금요일,경상북도 포항시 북구 두호동,경상사고,0,0,1,0,차대사람 - 횡단중,안전운전불이행,건조,맑음,교차로 - 교차로횡단보도내,승용,남,66세,상해없음,보행자,여,17세,경상
2018052500100128,2018년 5월 25일 08시,금요일,경상북도 김천시 신음동,경상사고,0,0,2,0,차대차 - 측면충돌,신호위반,건조,맑음,교차로 - 교차로안,승용,여,36세,경상,승용,여,37세,경상
2018052500100129,2018년 5월 25일 08시,금요일,경상북도 김천시 신음동,중상사고,0,1,0,0,차대차 - 측면충돌,안전운전불이행,건조,맑음,단일로 - 기타,승용,여,44세,상해없음,이륜,남,79세,중상
2018052500100130,2018년 5월 25일 08시,금요일,경상북도 포항시 남구 송도동,중상사고,0,1,0,0,차대차 - 기타,안전운전불이행,건조,맑음,단일로 - 기타,승합,남,55세,상해없음,이륜,남,42세,중상
2018052500100131,2018년 5월 25일 08시,금요일,경상북도 경산시 하양읍,경상사고,0,0,1,0,차대차 - 추돌,안전운전불이행,건조,맑음,단일로 - 기타,승용,남,26세,상해없음,승용,여,47세,경상
2018052500100169,2018년 5월 25일 09시,금요일,경상북도 칠곡군 가산면,부상신고사고,0,0,0,1,차대차 - 측면충돌,안전운전불이행,건조,맑음,단일로 - 기타,사륜오토바이(ATV),여,73세,부상신고,화물,남,44세,상해없음
2018052500100209,2018년 5월 25일 10시,금요일,경상북도 경주시 황성동,경상사고,0,0,1,0,차대차 - 측면충돌,안전거리미확보,건조,맑음,단일로 - 기타,승용,남,61세,상해없음,승용,남,57세,경상
2018052500100210,2018년 5월 25일 10시,금요일,경상북도 경주시 배동,중상사고,0,1,0,0,차대차 - 측면충돌,안전운전불이행,건조,맑음,단일로 - 기타,이륜,남,77세,상해없음,자전거,남,26세,중상
2018052500100211,2018년 5월 25일 10시,금요일,경상북도 경주시 성동동,경상사고,0,0,1,0,차대차 - 측면충돌,안전운전불이행,건조,맑음,주차장 - 주차장,화물,남,65세,상해없음,자전거,여,74세,경상
2018052500100212,2018년 5월 25일 10시,금요일,경상북도 포항시 북구 흥해읍,경상사고,0,0,1,0,차대차 - 기타,안전운전불이행,건조,맑음,단일로 - 기타,건설기계,남,56세,상해없음,승용,여,45세,경상
2018052500100213,2018년 5월 25일 10시,금요일,경상북도 영덕군 영덕읍,경상사고,0,0,1,0,차대사람 - 차도통행중,안전운전불이행,건조,맑음,교차로 - 교차로안,승용,여,63세,상해없음,보행자,여,75세,경상
2018052500100214,2018년 5월 25일 10시,금요일,경상북도 예천군 예천읍,중상사고,0,1,0,0,차대차 - 측면충돌,중앙선침범,건조,맑음,단일로 - 기타,승용,남,24세,상해없음,승용,남,46세,중상
2018052500100215,2018년 5월 25일 10시,금요일,경상북도 포항시 남구 이동,경상사고,0,0,1,0,차대차 - 기타,안전운전불이행,건조,맑음,교차로 - 교차로안,승용,여,27세,상해없음,승용,여,36세,경상
2018052500100243,2018년 5월 25일 11시,금요일,경상북도 안동시 대석동,경상사고,0,0,2,0,차대차 - 측면충돌,신호위반,건조,맑음,교차로 - 교차로안,이륜,남,66세,경상,승용,남,63세,경상
2018052500100277,2018년 5월 25일 12시,금요일,경상북도 경주시 성동동,중상사고,0,1,1,0,차대차 - 측면충돌,신호위반,건조,맑음,단일로 - 기타,승용,여,20세,중상,승용,여,23세,경상
2018052500100278,2018년 5월 25일 12시,금요일,경상북도 영천시 오미동,중상사고,0,1,2,0,차대차 - 측면충돌,안전운전불이행,건조,맑음,교차로 - 교차로안,화물,남,64세,경상,승용,남,48세,경상
2018052500100279,2018년 5월 25일 12시,금요일,경상북도 구미시 도량동,경상사고,0,0,2,0,차대차 - 측면충돌,안전운전불이행,건조,맑음,단일로 - 기타,승용,여,47세,경상,승합,남,57세,상해없음
2018052500100306,2018년 5월 25일 13시,금요일,경상북도 영주시 휴천동,중상사고,0,1,0,0,차대차 - 측면충돌,안전운전불이행,건조,맑음,교차로 - 교차로안,승용,남,43세,상해없음,이륜,남,44세,중상
2018052500100345,2018년 5월 25일 14시,금요일,경상북도 포항시 북구 죽도동,경상사고,0,0,1,0,차대차 - 측면충돌,신호위반,건조,맑음,교차로 - 교차로안,승용,여,48세,상해없음,승용,남,48세,경상
2018052500100346,2018년 5월 25일 14시,금요일,경상북도 안동시 남선면,중상사고,0,1,1,0,차량단독 - 전도전복 - 전도,안전운전불이행,건조,맑음,단일로 - 기타,화물,남,58세,경상,미분류,미분류,미분류,미분류
2018052500100347,2018년 5월 25일 14시,금요일,경상북도 상주시 내서면,사망사고,1,1,0,0,차대차 - 측면충돌,교차로운행방법위반,건조,맑음,교차로 - 교차로안,특수,남,46세,상해없음,이륜,남,75세,중상
2018052500100348,2018년 5월 25일 14시,금요일,경상북도 경산시 옥곡동,경상사고,0,0,4,0,차대차 - 정면충돌,교차로운행방법위반,건조,맑음,교차로 - 교차로안,승용,여,31세,경상,이륜,남,46세,경상
2018052500100382,2018년 5월 25일 15시,금요일,경상북도 포항시 북구 우현동,경상사고,0,0,1,0,차대차 - 측면충돌,안전운전불이행,건조,맑음,교차로 - 교차로부근,승용,여,33세,상해없음,승용,남,66세,경상
2018052500100383,2018년 5월 25일 15시,금요일,경상북도 영주시 풍기읍,경상사고,0,0,1,0,차대차 - 측면충돌,안전운전불이행,건조,맑음,단일로 - 기타,화물,남,65세,상해없음,승용,남,42세,경상
2018052500100384,2018년 5월 25일 15시,금요일,경상북도 포항시 남구 대송면,중상사고,0,1,1,0,차대차 - 측면충돌,안전운전불이행,건조,맑음,단일로 - 기타,이륜,남,51세,경상,이륜,남,81세,중상
2018052500100414,2018년 5월 25일 16시,금요일,경상북도 울진군 죽변면,경상사고,0,0,1,0,차대차 - 측면충돌,교차로운행방법위반,건조,맑음,교차로 - 교차로안,승용,남,27세,상해없음,농기계,남,79세,상해없음
2018052500100468,2018년 5월 25일 17시,금요일,경상북도 안동시 태화동,경상사고,0,0,1,0,차대차 - 측면충돌,중앙선침범,건조,맑음,교차로 - 교차로안,자전거,여,69세,경상,승용,여,63세,상해없음
2018052500100469,2018년 5월 25일 17시,금요일,경상북도 김천시 아포읍,경상사고,0,0,3,0,차대차 - 추돌,안전운전불이행,건조,맑음,교차로 - 교차로부근,승용,남,48세,상해없음,승용,남,57세,상해없음
2018052500100470,2018년 5월 25일 17시,금요일,경상북도 경산시 중방동,경상사고,0,0,1,0,차대차 - 측면충돌,교차로운행방법위반,건조,맑음,교차로 - 교차로안,승용,여,51세,상해없음,승용,남,71세,경상
2018052500100507,2018년 5월 25일 18시,금요일,경상북도 경주시 동천동,경상사고,0,0,1,0,차대사람 - 횡단중,보행자보호의무위반,건조,맑음,교차로 - 교차로횡단보도내,승용,남,71세,상해없음,보행자,여,58세,경상
2018052500100508,2018년 5월 25일 18시,금요일,경상북도 김천시 신음동,경상사고,0,0,1,0,차대차 - 측면충돌,안전운전불이행,건조,맑음,기타 - 기타,승용,남,32세,상해없음,이륜,남,18세,경상
2018052500100509,2018년 5월 25일 18시,금요일,경상북도 칠곡군 왜관읍,부상신고사고,0,0,0,1,차대차 - 측면충돌,교차로운행방법위반,건조,흐림,교차로 - 교차로안,이륜,남,20세,부상신고,승용,여,39세,상해없음