사고번호,사고일시,요일,시군구,사고내용,사망자수,중상자수,경상자수,부상신고자수,사고유형,법규위반,노면상태,기상상태,도로형태,가해운전자 차종,가해운전자 성별,가해운전자 연령,가해운전자 상해정도,피해운전자 차종,피해운전자 성별,피해운전자 연령,피해운전자 상해정도
2018052500100510,2018년 5월 25일 18시,금요일,경상북도 구미시 원평동,경상사고,0,0,1,0,차대차 - 측면충돌,교차로운행방법위반,건조,맑음,교차로 - 교차로안,화물,남,44세,상해없음,이륜,남,66세,경상
2018052500100557,2018년 5월 25일 19시,금요일,경상북도 경주시 노서동,경상사고,0,0,1,0,차량단독 - 공작물충돌,안전운전불이행,건조,맑음,단일로 - 기타,승합,남,70세,상해없음,,,,
2018052500100558,2018년 5월 25일 19시,금요일,경상북도 안동시 옥동,경상사고,0,0,6,0,차대차 - 추돌,안전거리미확보,건조,맑음,단일로 - 기타,승용,남,60세,상해없음,승용,여,43세,경상
2018052500100587,2018년 5월 25일 20시,금요일,경상북도 경주시 강동면,사망사고,1,0,0,0,차대차 - 측면충돌,중앙선침범,건조,맑음,단일로 - 기타,사륜오토바이(ATV),여,78세,사망,승용,남,54세,상해없음
2018052500100588,2018년 5월 25일 20시,금요일,경상북도 경주시 동천동,중상사고,0,1,0,0,차대차 - 측면충돌,안전운전불이행,건조,맑음,주차장 - 주차장,승용,남,66세,상해없음,승용,남,41세,상해없음
2018052500100589,2018년 5월 25일 20시,금요일,경상북도 경산시 하양읍,경상사고,0,0,1,0,차량단독 - 전도전복 - 전도,안전운전불이행,건조,맑음,단일로 - 기타,자전거,남,66세,경상,미분류,미분류,미분류,미분류
2018052500100590,2018년 5월 25일 20시,금요일,경상북도 구미시 신평동,중상사고,0,1,0,0,차대사람 - 기타,안전운전불이행,건조,맑음,단일로 - 기타,승용,남,28세,상해없음,보행자,여,55세,중상
2018052500100624,2018년 5월 25일 21시,금요일,경상북도 문경시 점촌동,경상사고,0,0,2,0,차대차 - 추돌,안전운전불이행,건조,맑음,단일로 - 기타,승용,여,55세,상해없음,승용,여,59세,상해없음
2018052500100625,2018년 5월 25일 21시,금요일,경상북도 경산시 진량읍,경상사고,0,0,1,0,차대차 - 측면충돌,기타,건조,맑음,교차로 - 교차로부근,승용,남,55세,상해없음,자전거,남,17세,경상
2018052500100664,2018년 5월 25일 22시,금요일,경상북도 김천시 황금동,중상사고,0,1,0,0,차대사람 - 횡단중,보행자보호의무위반,건조,기타,교차로 - 교차로횡단보도내,승용,남,47세,상해없음,보행자,남,62세,중상
2018052500100665,2018년 5월 25일 22시,금요일,경상북도 구미시 상모동,경상사고,0,0,1,0,차대차 - 측면충돌,안전운전불이행,건조,맑음,교차로 - 교차로부근,승용,남,34세,상해없음,이륜,남,26세,경상
2018052600100035,2018년 5월 26일 01시,토요일,경상북도 칠곡군 석적읍,중상사고,0,1,0,0,차대차 - 측면충돌,안전운전불이행,건조,맑음,교차로 - 교차로안,이륜,남,18세,중상,승용,남,38세,상해없음
2018052600100078,2018년 5월 26일 04시,토요일,경상북도 구미시 광평동,경상사고,0,0,1,0,차대차 - 기타,신호위반,건조,맑음,교차로 - 교차로안,승용,남,26세,상해없음,승용,남,24세,경상
2018052600100149,2018년 5월 26일 08시,토요일,경상북도 포항시 남구 오천읍,경상사고,0,0,3,0,차대차 - 측면충돌,직진우회전진행방해,건조,맑음,교차로 - 교차로안,승용,남,25세,경상,화물,남,42세,경상
2018052600100175,2018년 5월 26일 09시,토요일,경상북도 경주시 성동동,사망사고,1,0,1,0,차대차 - 추돌,안전운전불이행,건조,맑음,단일로 - 기타,승용,남,55세,사망,승용,여,27세,경상
2018052600100176,2018년 5월 26일 09시,토요일,경상북도 포항시 북구 죽도동,중상사고,0,1,0,0,차대차 - 측면충돌,신호위반,건조,맑음,교차로 - 교차로안,승용,남,71세,상해없음,이륜,남,56세,중상
2018052600100177,2018년 5월 26일 09시,토요일,경상북도 영천시 성내동,경상사고,0,0,2,0,차대차 - 측면충돌,교차로운행방법위반,건조,맑음,교차로 - 교차로안,승용,여,61세,상해없음,화물,여,60세,경상
2018052600100178,2018년 5월 26일 09시,토요일,경상북도 경산시 백천동,경상사고,0,0,2,0,차대차 - 측면충돌,교차로운행방법위반,건조,맑음,교차로 - 교차로안,승용,여,46세,상해없음,승용,남,24세,경상
2018052600100179,2018년 5월 26일 09시,토요일,경상북도 포항시 남구 대송면,중상사고,0,1,0,0,차대차 - 측면충돌,안전운전불이행,건조,맑음,교차로 - 교차로부근,승용,남,36세,상해없음,이륜,남,52세,중상
2018052600100217,2018년 5월 26일 10시,토요일,경상북도 포항시 북구 두호동,경상사고,0,0,1,0,차대차 - 측면충돌,중앙선침범,건조,맑음,단일로 - 기타,이륜,남,56세,상해없음,승용,남,47세,경상
2018052600100242,2018년 5월 26일 11시,토요일,경상북도 경산시 대동,경상사고,0,0,1,0,차대차 - 측면충돌,기타,건조,맑음,단일로 - 기타,화물,남,66세,상해없음,승용,여,34세,경상
2018052600100243,2018년 5월 26일 11시,토요일,경상북도 구미시 진평동,중상사고,0,1,0,0,차대차 - 측면충돌,안전운전불이행,건조,맑음,교차로 - 교차로안,승용,남,27세,상해없음,이륜,남,24세,중상
2018052600100283,2018년 5월 26일 12시,토요일,경상북도 문경시 가은읍,경상사고,0,0,1,0,차대차 - 추돌,안전운전불이행,건조,맑음,단일로 - 기타,이륜,남,58세,경상,농기계,남,57세,기타불명
2018052600100324,2018년 5월 26일 13시,토요일,경상북도 포항시 북구 흥해읍,경상사고,0,0,1,0,차대차 - 측면충돌,직진우회전진행방해,건조,맑음,교차로 - 교차로안,이륜,남,77세,경상,화물,남,51세,상해없음
2018052600100359,2018년 5월 26일 14시,토요일,경상북도 경주시 사정동,경상사고,0,0,1,0,차대차 - 측면충돌,신호위반,건조,맑음,교차로 - 교차로안,승용,남,27세,상해없음,승용,남,58세,경상
2018052600100360,2018년 5월 26일 14시,토요일,경상북도 포항시 남구 장흥동,경상사고,0,0,1,0,차대차 - 기타,안전운전불이행,건조,맑음,단일로 - 기타,승용,남,25세,상해없음,승용,여,40세,경상
2018052600100396,2018년 5월 26일 15시,토요일,경상북도 안동시 풍산읍,경상사고,0,0,1,0,차대차 - 측면충돌,안전운전불이행,건조,맑음,단일로 - 기타,특수,남,57세,상해없음,승용,남,58세,경상
2018052600100397,2018년 5월 26일 15시,토요일,경상북도 구미시 봉곡동,경상사고,0,0,1,0,차대차 - 추돌,안전거리미확보,건조,맑음,단일로 - 기타,승용,남,42세,상해없음,승용,남,45세,경상
2018052600100443,2018년 5월 26일 16시,토요일,경상북도 경주시 양북면,경상사고,0,0,1,0,차대차 - 측면충돌,안전운전불이행,건조,맑음,단일로 - 기타,승용,남,60세,상해없음,승용,남,61세,상해없음
2018052600100444,2018년 5월 26일 16시,토요일,경상북도 고령군 쌍림면,경상사고,0,0,2,0,차대차 - 추돌,안전운전불이행,건조,맑음,단일로 - 기타,승합,남,63세,상해없음,이륜,남,57세,경상
2018052600100542,2018년 5월 26일 18시,토요일,경상북도 구미시 공단동,경상사고,0,0,1,0,차대차 - 기타,중앙선침범,건조,맑음,교차로 - 교차로안,자전거,남,11세,경상,이륜,남,48세,상해없음
2018052600100543,2018년 5월 26일 18시,토요일,경상북도 구미시 장천면,경상사고,0,0,3,0,차대차 - 측면충돌,안전운전불이행,건조,맑음,교차로 - 교차로안,승용,여,35세,상해없음,화물,남,55세,경상
2018052600100568,2018년 5월 26일 19시,토요일,경상북도 구미시 지산동,부상신고사고,0,0,0,1,차량단독 - 도로외이탈 - 추락,안전운전불이행,건조,맑음,단일로 - 기타,이륜,남,59세,부상신고,,,,
2018052600100569,2018년 5월 26일 19시,토요일,경상북도 포항시 남구 대잠동,경상사고,0,0,1,0,차대차 - 기타,안전운전불이행,건조,맑음,교차로 - 교차로안,이륜,남,49세,경상,승용,남,56세,상해없음
2018052600100618,2018년 5월 26일 21시,토요일,경상북도 경산시 계양동,중상사고,0,1,0,0,차대차 - 측면충돌,안전운전불이행,건조,맑음,교차로 - 교차로안,승용,여,26세,기타불명,자전거,남,23세,중상
2018052600100664,2018년 5월 26일 23시,토요일,경상북도 경주시 동천동,경상사고,0,0,5,0,차대차 - 측면충돌,기타,건조,맑음,교차로 - 교차로안,승용,남,59세,상해없음,승용,남,32세,경상
2018052700100031,2018년 5월 27일 01시,일요일,경상북도 경산시 정평동,경상사고,0,0,5,0,차대차 - 추돌,안전거리미확보,건조,맑음,교차로 - 교차로부근,승용,남,59세,상해없음,승용,남,61세,경상
2018052700100045,2018년 5월 27일 02시,일요일,경상북도 구미시 원평동,부상신고사고,0,0,0,1,차대사람 - 기타,안전운전불이행,건조,맑음,단일로 - 기타,기타불명,기타불명,미분류,기타불명,보행자,남,24세,부상신고
2018052700100068,2018년 5월 27일 04시,일요일,경상북도 구미시 황상동,경상사고,0,0,1,0,차대차 - 후진중충돌,안전운전불이행,건조,맑음,단일로 - 기타,승용,여,23세,상해없음,승용,남,59세,경상
2018052700100079,2018년 5월 27일 06시,일요일,경상북도 포항시 남구 장기면,중상사고,0,2,0,0,차량단독 - 공작물충돌,안전운전불이행,건조,맑음,단일로 - 기타,화물,남,65세,중상,,,,
2018052700100090,2018년 5월 27일 07시,일요일,경상북도 포항시 남구 장기면,중상사고,0,1,0,0,차대차 - 측면충돌,안전운전불이행,건조,맑음,단일로 - 기타,화물,여,55세,상해없음,이륜,남,76세,중상
2018052700100102,2018년 5월 27일 08시,일요일,경상북도 포항시 북구 대신동,경상사고,0,0,1,0,차대차 - 측면충돌,차로위반,건조,맑음,단일로 - 기타,승용,여,53세,상해없음,승용,여,48세,경상
2018052700100121,2018년 5월 27일 09시,일요일,경상북도 예천군 유천면,중상사고,0,1,0,0,차대차 - 측면충돌,직진우회전진행방해,건조,맑음,교차로 - 교차로안,이륜,남,68세,중상,승용,여,45세,상해없음
2018052700100205,2018년 5월 27일 13시,일요일,경상북도 문경시 호계면,경상사고,0,0,1,0,차대차 - 측면충돌,안전운전불이행,건조,맑음,교차로 - 교차로부근,승용,남,72세,상해없음,화물,남,69세,경상
2018052700100206,2018년 5월 27일 13시,일요일,경상북도 포항시 남구 연일읍,경상사고,0,0,2,0,차대차 - 기타,안전운전불이행,건조,맑음,단일로 - 기타,승합,남,62세,상해없음,승용,남,59세,경상
2018052700100256,2018년 5월 27일 15시,일요일,경상북도 경주시 감포읍,경상사고,0,0,1,0,차대사람 - 길가장자리구역통행중,안전운전불이행,건조,맑음,단일로 - 기타,승용,여,54세,상해없음,보행자,남,65세,경상
2018052700100257,2018년 5월 27일 15시,일요일,경상북도 영덕군 영덕읍,중상사고,0,1,0,0,차대사람 - 기타,안전운전불이행,건조,맑음,기타 - 기타,승합,남,69세,상해없음,보행자,남,60세,중상
2018052700100258,2018년 5월 27일 15시,일요일,경상북도 포항시 남구 송도동,경상사고,0,0,1,0,차대차 - 기타,안전운전불이행,건조,맑음,단일로 - 기타,승용,남,59세,상해없음,승용,여,31세,경상
2018052700100282,2018년 5월 27일 16시,일요일,경상북도 상주시 만산동,경상사고,0,0,1,0,차대차 - 측면충돌,중앙선침범,건조,맑음,단일로 - 기타,승용,남,65세,상해없음,화물,남,58세,경상
2018052700100283,2018년 5월 27일 16시,일요일,경상북도 영덕군 축산면,중상사고,0,1,0,0,차량단독 - 공작물충돌,안전운전불이행,건조,맑음,단일로 - 기타,승용,남,66세,중상,,,,
2018052700100284,2018년 5월 27일 16시,일요일,경상북도 구미시 지산동,경상사고,0,0,1,0,차대차 - 측면충돌,차로위반,건조,맑음,교차로 - 교차로안,승용,남,50세,상해없음,승용,여,66세,경상
2018052700100285,2018년 5월 27일 16시,일요일,경상북도 포항시 남구 송도동,경상사고,0,0,1,0,차대차 - 측면충돌,안전운전불이행,건조,맑음,교차로 - 교차로부근,이륜,남,61세,경상,승용,여,48세,상해없음
2018052700100311,2018년 5월 27일 17시,일요일,경상북도 경산시 계양동,경상사고,0,0,1,0,차대차 - 측면충돌,신호위반,건조,맑음,교차로 - 교차로안,승용,남,21세,상해없음,이륜,남,29세,경상
2018052700100312,2018년 5월 27일 17시,일요일,경상북도 구미시 구평동,중상사고,0,1,0,0,차대사람 - 기타,안전운전불이행,건조,맑음,단일로 - 기타,승용,여,41세,상해없음,보행자,남,6세,중상
2018052700100334,2018년 5월 27일 18시,일요일,경상북도 경주시 구황동,경상사고,0,0,2,0,차대차 - 측면충돌,신호위반,건조,맑음,교차로 - 교차로안,승용,여,43세,경상,승용,남,32세,경상
2018052700100335,2018년 5월 27일 18시,일요일,경상북도 구미시 인의동,경상사고,0,0,1,0,차대차 - 기타,안전운전불이행,건조,맑음,단일로 - 기타,승용,여,22세,상해없음,승용,남,56세,상해없음
2018052700100360,2018년 5월 27일 19시,일요일,경상북도 칠곡군 석적읍,경상사고,0,0,1,0,차량단독 - 전도전복 - 전복,안전운전불이행,건조,맑음,단일로 - 기타,승용,남,31세,경상,미분류,미분류,미분류,미분류
2018052700100361,2018년 5월 27일 19시,일요일,경상북도 구미시 원평동,경상사고,0,0,2,0,차대사람 - 기타,안전운전불이행,건조,맑음,단일로 - 기타,승용,여,22세,상해없음,보행자,여,35세,경상
2018052700100362,2018년 5월 27일 19시,일요일,경상북도 포항시 남구 대잠동,경상사고,0,0,1,0,차대차 - 측면충돌,직진우회전진행방해,건조,맑음,교차로 - 교차로안,승용,여,36세,상해없음,승용,남,28세,경상
2018052700100429,2018년 5월 27일 22시,일요일,경상북도 의성군 의성읍,중상사고,0,1,0,0,차량단독 - 공작물충돌,안전운전불이행,건조,맑음,단일로 - 기타,승용,남,20세,상해없음,,,,
2018052800100009,2018년 5월 28일 00시,월요일,경상북도 경주시 사정동,경상사고,0,0,4,0,차대차 - 추돌,안전운전불이행,건조,맑음,교차로 - 교차로안,승용,남,25세,상해없음,승용,남,41세,경상
2018052800100042,2018년 5월 28일 04시,월요일,경상북도 포항시 북구 흥해읍,중상사고,0,1,0,0,차량단독 - 공작물충돌,안전운전불이행,건조,맑음,단일로 - 기타,승용,남,35세,중상,,,,
2018052800100047,2018년 5월 28일 05시,월요일,경상북도 영천시 임고면,경상사고,0,0,1,0,차량단독 - 도로외이탈 - 추락,안전운전불이행,건조,맑음,단일로 - 기타,승용,남,26세,상해없음,,,,
2018052800100060,2018년 5월 28일 06시,월요일,경상북도 경산시 하양읍,경상사고,0,0,1,0,차대차 - 측면충돌,교차로운행방법위반,건조,맑음,교차로 - 교차로안,승용,남,68세,상해없음,승용,여,53세,경상
2018052800100088,2018년 5월 28일 07시,월요일,경상북도 영천시 고경면,중상사고,0,1,1,0,차대차 - 측면충돌,중앙선침범,건조,맑음,교차로 - 교차로부근,승용,여,56세,경상,승용,여,59세,중상
2018052800100089,2018년 5월 28일 07시,월요일,경상북도 영덕군 남정면,경상사고,0,0,1,0,차대차 - 추돌,안전거리미확보,건조,맑음,단일로 - 기타,승용,남,33세,경상,화물,남,61세,상해없음
2018052800100133,2018년 5월 28일 08시,월요일,경상북도 포항시 북구 우현동,경상사고,0,0,2,0,차대차 - 측면충돌,안전운전불이행,건조,맑음,교차로 - 교차로안,승합,남,40세,경상,승용,남,20세,경상
2018052800100134,2018년 5월 28일 08시,월요일,경상북도 안동시 서후면,경상사고,0,0,2,0,차대차 - 측면충돌,교차로운행방법위반,건조,맑음,교차로 - 교차로안,화물,남,44세,상해없음,승용,여,50세,경상
2018052800100135,2018년 5월 28일 08시,월요일,경상북도 김천시 성내동,경상사고,0,0,1,0,차대차 - 측면충돌,안전운전불이행,건조,맑음,교차로 - 교차로안,화물,남,82세,경상,승용,여,59세,상해없음
2018052800100136,2018년 5월 28일 08시,월요일,경상북도 의성군 의성읍,중상사고,0,1,1,0,차대차 - 측면충돌,직진우회전진행방해,건조,맑음,교차로 - 교차로안,승용,남,47세,상해없음,이륜,남,69세,중상
2018052800100137,2018년 5월 28일 08시,월요일,경상북도 영주시 풍기읍,중상사고,0,1,0,0,차대차 - 측면충돌,안전운전불이행,건조,맑음,교차로 - 교차로부근,승용,여,40세,상해없음,자전거,남,83세,중상
2018052800100177,2018년 5월 28일 09시,월요일,경상북도 포항시 북구 죽도동,중상사고,0,1,0,0,차대차 - 기타,안전운전불이행,건조,맑음,단일로 - 기타,승용,여,61세,상해없음,자전거,남,76세,중상
2018052800100178,2018년 5월 28일 09시,월요일,경상북도 칠곡군 북삼읍,경상사고,0,0,1,0,차대차 - 추돌,안전운전불이행,건조,맑음,단일로 - 기타,승용,여,47세,상해없음,승용,여,26세,경상
2018052800100208,2018년 5월 28일 10시,월요일,경상북도 포항시 북구 죽도동,중상사고,0,2,0,0,차대차 - 측면충돌,차로위반,건조,맑음,단일로 - 기타,승용,여,47세,상해없음,승용,남,25세,중상
2018052800100209,2018년 5월 28일 10시,월요일,경상북도 영덕군 창수면,중상사고,0,1,1,0,차대차 - 정면충돌,중앙선침범,건조,맑음,단일로 - 기타,승용,남,58세,중상,화물,남,38세,경상
2018052800100210,2018년 5월 28일 10시,월요일,경상북도 성주군 초전면,중상사고,0,1,0,0,차대차 - 측면충돌,안전운전불이행,건조,맑음,단일로 - 기타,이륜,남,75세,중상,승용,남,80세,상해없음
2018052800100211,2018년 5월 28일 10시,월요일,경상북도 구미시 공단동,경상사고,0,0,1,0,차대차 - 기타,안전운전불이행,건조,맑음,단일로 - 기타,화물,남,35세,상해없음,승합,남,63세,상해없음
2018052800100235,2018년 5월 28일 11시,월요일,경상북도 문경시 모전동,중상사고,0,1,0,0,차대차 - 측면충돌,신호위반,건조,맑음,교차로 - 교차로안,자전거,여,77세,중상,승용,남,74세,상해없음
2018052800100236,2018년 5월 28일 11시,월요일,경상북도 경산시 용성면,중상사고,0,1,0,0,차대차 - 측면충돌,기타,건조,맑음,단일로 - 기타,특수,남,28세,상해없음,이륜,남,77세,중상
2018052800100237,2018년 5월 28일 11시,월요일,경상북도 청송군 현서면,중상사고,0,1,0,0,차대차 - 정면충돌,중앙선침범,건조,맑음,단일로 - 기타,화물,남,70세,상해없음,화물,남,54세,중상
2018052800100238,2018년 5월 28일 11시,월요일,경상북도 구미시 도량동,중상사고,0,1,0,0,차대차 - 기타,안전운전불이행,건조,맑음,교차로 - 교차로안,승용,여,40세,상해없음,이륜,남,80세,중상
2018052800100269,2018년 5월 28일 12시,월요일,경상북도 영주시 순흥면,경상사고,0,0,1,0,차대차 - 정면충돌,안전운전불이행,건조,맑음,교차로 - 교차로안,이륜,남,22세,경상,승용,남,65세,상해없음
2018052800100270,2018년 5월 28일 12시,월요일,경상북도 경산시 중방동,경상사고,0,0,1,0,차대사람 - 기타,안전운전불이행,건조,맑음,단일로 - 기타,승용,여,70세,상해없음,보행자,남,58세,경상
2018052800100271,2018년 5월 28일 12시,월요일,경상북도 경산시 진량읍,경상사고,0,0,1,0,차대사람 - 차도통행중,안전운전불이행,건조,맑음,단일로 - 기타,승용,남,41세,상해없음,보행자,남,27세,경상
2018052800100272,2018년 5월 28일 12시,월요일,경상북도 구미시 임수동,경상사고,0,0,1,0,차대사람 - 기타,안전운전불이행,건조,맑음,기타 - 기타,승용,남,60세,상해없음,보행자,여,1세,경상
2018052800100301,2018년 5월 28일 13시,월요일,경상북도 포항시 북구 장성동,중상사고,0,1,0,0,차대차 - 측면충돌,안전운전불이행,건조,맑음,단일로 - 기타,승용,남,79세,상해없음,이륜,남,39세,중상
2018052800100327,2018년 5월 28일 14시,월요일,경상북도 울진군 북면,경상사고,0,0,1,0,차대차 - 측면충돌,교차로운행방법위반,건조,맑음,교차로 - 교차로안,승용,남,39세,상해없음,이륜,남,70세,경상
2018052800100328,2018년 5월 28일 14시,월요일,경상북도 포항시 남구 괴동동,경상사고,0,0,3,3,차대차 - 측면충돌,안전운전불이행,건조,맑음,교차로 - 교차로부근,승용,남,35세,부상신고,승용,여,43세,경상
2018052800100329,2018년 5월 28일 14시,월요일,경상북도 문경시 마성면,경상사고,0,0,1,0,차대차 - 측면충돌,안전거리미확보,건조,맑음,단일로 - 기타,기타불명,기타불명,미분류,기타불명,화물,남,59세,경상
2018052800100359,2018년 5월 28일 15시,월요일,경상북도 경주시 건천읍,중상사고,0,1,0,0,차대사람 - 횡단중,안전운전불이행,건조,맑음,단일로 - 기타,화물,남,50세,상해없음,보행자,남,58세,중상
2018052800100360,2018년 5월 28일 15시,월요일,경상북도 경산시 중방동,중상사고,0,1,0,0,차량단독 - 도로외이탈 - 추락,기타,건조,맑음,단일로 - 기타,승합,남,39세,상해없음,,,,
2018052800100361,2018년 5월 28일 15시,월요일,경상북도 예천군 호명면,경상사고,0,0,1,0,차대차 - 측면충돌,불법유턴,건조,맑음,단일로 - 기타,건설기계,남,54세,상해없음,승용,여,48세,경상
2018052800100399,2018년 5월 28일 16시,월요일,경상북도 안동시 풍산읍,중상사고,0,1,0,0,차대차 - 추돌,안전운전불이행,건조,맑음,단일로 - 기타,승용,남,59세,상해없음,자전거,남,84세,중상
2018052800100400,2018년 5월 28일 16시,월요일,경상북도 상주시 외서면,중상사고,0,1,0,0,차대차 - 추돌,안전거리미확보,건조,맑음,단일로 - 기타,이륜,남,83세,중상,화물,남,57세,상해없음
2018052800100401,2018년 5월 28일 16시,월요일,경상북도 경산시 진량읍,경상사고,0,0,1,0,차대차 - 추돌,안전거리미확보,건조,맑음,단일로 - 기타,승용,남,33세,상해없음,승용,남,25세,경상
2018052800100444,2018년 5월 28일 17시,월요일,경상북도 경주시 안강읍,경상사고,0,0,1,0,차량단독 - 공작물충돌,안전운전불이행,건조,맑음,단일로 - 기타,승합,남,63세,상해없음,,,,
2018052800100445,2018년 5월 28일 17시,월요일,경상북도 영주시 휴천동,중상사고,0,1,0,0,차대사람 - 횡단중,안전운전불이행,건조,맑음,단일로 - 기타,승용,여,60세,상해없음,보행자,남,59세,중상
2018052800100446,2018년 5월 28일 17시,월요일,경상북도 영천시 완산동,중상사고,0,1,6,2,차대차 - 측면충돌,신호위반,건조,맑음,교차로 - 교차로안,승합,여,45세,경상,승용,남,63세,상해없음
2018052800100447,2018년 5월 28일 17시,월요일,경상북도 경산시 자인면,경상사고,0,0,1,0,차대차 - 측면충돌,안전거리미확보,건조,맑음,단일로 - 기타,승용,남,22세,상해없음,승용,남,24세,경상
2018052800100487,2018년 5월 28일 18시,월요일,경상북도 경주시 구황동,경상사고,0,0,1,0,차대차 - 측면충돌,안전운전불이행,건조,맑음,교차로 - 교차로안,승용,남,45세,상해없음,승용,남,41세,경상
2018052800100488,2018년 5월 28일 18시,월요일,경상북도 안동시 옥동,경상사고,0,0,1,0,차대사람 - 횡단중,보행자보호의무위반,건조,맑음,단일로 - 기타,승용,남,61세,상해없음,보행자,여,58세,경상
2018052800100489,2018년 5월 28일 18시,월요일,경상북도 경산시 옥산동,경상사고,0,0,1,0,차대차 - 후진중충돌,불법유턴,건조,맑음,단일로 - 기타,승용,여,51세,상해없음,승용,여,63세,경상
2018052800100490,2018년 5월 28일 18시,월요일,경상북도 고령군 대가야읍,중상사고,0,1,1,0,차대차 - 측면충돌,교차로운행방법위반,건조,맑음,교차로 - 교차로안,화물,남,49세,경상,승용,남,49세,중상
2018052800100524,2018년 5월 28일 19시,월요일,경상북도 영천시 문외동,중상사고,0,1,0,0,차대차 - 측면충돌,안전운전불이행,건조,맑음,단일로 - 기타,승용,남,35세,상해없음,자전거,남,72세,중상
2018052800100553,2018년 5월 28일 20시,월요일,경상북도 포항시 북구 흥해읍,경상사고,0,0,1,0,차대차 - 측면충돌,안전운전불이행,건조,맑음,교차로 - 교차로안,자전거,여,63세,경상,승용,남,35세,상해없음
2018052800100554,2018년 5월 28일 20시,월요일,경상북도 안동시 송현동,경상사고,0,0,2,0,차대차 - 측면충돌,안전운전불이행,건조,맑음,단일로 - 기타,이륜,남,19세,경상,승용,남,42세,경상
2018052800100555,2018년 5월 28일 20시,월요일,경상북도 영덕군 남정면,경상사고,0,0,1,0,차대차 - 추돌,안전거리미확보,건조,맑음,교차로 - 교차로부근,승용,여,67세,상해없음,승용,남,76세,경상
2018052800100556,2018년 5월 28일 20시,월요일,경상북도 구미시 선산읍,경상사고,0,0,2,1,차대차 - 추돌,안전거리미확보,건조,맑음,단일로 - 기타,승용,남,64세,부상신고,농기계,남,62세,경상
2018052800100557,2018년 5월 28일 20시,월요일,경상북도 포항시 남구 오천읍,경상사고,0,0,1,0,차대차 - 측면충돌,안전운전불이행,건조,맑음,교차로 - 교차로안,승용,남,25세,상해없음,승용,여,55세,경상
2018052800100578,2018년 5월 28일 21시,월요일,경상북도 구미시 원평동,경상사고,0,0,1,0,차대사람 - 기타,안전운전불이행,건조,맑음,단일로 - 기타,승용,남,48세,상해없음,보행자,남,47세,경상
2018052800100608,2018년 5월 28일 22시,월요일,경상북도 안동시 태화동,경상사고,0,0,2,0,차대차 - 측면충돌,안전운전불이행,건조,맑음,교차로 - 교차로부근,승용,남,37세,경상,화물,남,58세,기타불명
2018052800100628,2018년 5월 28일 23시,월요일,경상북도 상주시 무양동,경상사고,0,0,1,0,차대사람 - 기타,기타,건조,맑음,단일로 - 기타,승용,남,52세,상해없음,보행자,남,22세,경상
2018052900100031,2018년 5월 29일 04시,화요일,경상북도 경산시 중방동,중상사고,0,1,0,0,차대사람 - 횡단중,안전운전불이행,건조,맑음,교차로 - 교차로안,승용,남,69세,상해없음,보행자,여,82세,중상
2018052900100037,2018년 5월 29일 05시,화요일,경상북도 경산시 자인면,중상사고,0,1,0,0,차대차 - 측면충돌,신호위반,건조,맑음,교차로 - 교차로안,화물,남,40세,상해없음,이륜,여,60세,중상
2018052900100061,2018년 5월 29일 07시,화요일,경상북도 경주시 안강읍,경상사고,0,0,1,0,차대차 - 측면충돌,안전운전불이행,건조,맑음,교차로 - 교차로안,이륜,여,71세,경상,승용,여,34세,상해없음
2018052900100142,2018년 5월 29일 09시,화요일,경상북도 영천시 북안면,중상사고,0,1,2,0,차대차 - 추돌,안전운전불이행,건조,맑음,교차로 - 교차로부근,화물,남,64세,중상,화물,남,72세,경상
2018052900100173,2018년 5월 29일 10시,화요일,경상북도 안동시 신안동,중상사고,0,2,0,0,차대차 - 정면충돌,교차로운행방법위반,건조,맑음,교차로 - 교차로안,승용,남,70세,상해없음,승용,여,57세,중상
2018052900100174,2018년 5월 29일 10시,화요일,경상북도 경산시 중방동,경상사고,0,0,1,0,차대차 - 측면충돌,교차로운행방법위반,건조,맑음,교차로 - 교차로안,승용,남,41세,상해없음,승용,여,72세,경상
2018052900100199,2018년 5월 29일 11시,화요일,경상북도 경주시 동천동,경상사고,0,0,1,0,차대차 - 기타,안전운전불이행,건조,맑음,교차로 - 교차로안,화물,남,31세,상해없음,자전거,여,54세,경상
2018052900100200,2018년 5월 29일 11시,화요일,경상북도 상주시 낙양동,중상사고,0,2,0,0,차대차 - 측면충돌,신호위반,건조,맑음,교차로 - 교차로안,승용,여,64세,기타불명,승용,남,65세,중상
2018052900100201,2018년 5월 29일 11시,화요일,경상북도 의성군 의성읍,경상사고,0,0,1,0,차대차 - 기타,직진우회전진행방해,건조,맑음,교차로 - 교차로안,화물,남,74세,상해없음,화물,남,62세,상해없음
2018052900100202,2018년 5월 29일 11시,화요일,경상북도 구미시 지산동,중상사고,0,1,0,0,차대차 - 측면충돌,안전운전불이행,건조,맑음,교차로 - 교차로안,승용,남,71세,상해없음,이륜,남,71세,중상
2018052900100203,2018년 5월 29일 11시,화요일,경상북도 포항시 남구 송내동,중상사고,0,1,0,0,차대차 - 측면충돌,직진우회전진행방해,건조,맑음,교차로 - 교차로안,승용,남,59세,상해없음,이륜,남,61세,중상