사고번호,사고일시,요일,시군구,사고내용,사망자수,중상자수,경상자수,부상신고자수,사고유형,법규위반,노면상태,기상상태,도로형태,가해운전자 차종,가해운전자 성별,가해운전자 연령,가해운전자 상해정도,피해운전자 차종,피해운전자 성별,피해운전자 연령,피해운전자 상해정도
2018052900100227,2018년 5월 29일 12시,화요일,경상북도 포항시 남구 구룡포읍,중상사고,0,1,0,0,차대차 - 측면충돌,직진우회전진행방해,건조,맑음,교차로 - 교차로안,승용,남,63세,상해없음,이륜,여,69세,중상
2018052900100260,2018년 5월 29일 13시,화요일,경상북도 경주시 감포읍,경상사고,0,0,2,0,차대차 - 측면충돌,중앙선침범,건조,맑음,교차로 - 교차로부근,승용,남,40세,상해없음,승용,남,34세,경상
2018052900100261,2018년 5월 29일 13시,화요일,경상북도 상주시 함창읍,경상사고,0,0,1,0,차대차 - 측면충돌,안전운전불이행,건조,맑음,단일로 - 기타,승용,남,55세,상해없음,승용,여,54세,경상
2018052900100262,2018년 5월 29일 13시,화요일,경상북도 문경시 모전동,경상사고,0,0,1,0,차대차 - 측면충돌,안전운전불이행,건조,맑음,단일로 - 기타,원동기,남,22세,경상,승용,여,61세,상해없음
2018052900100263,2018년 5월 29일 13시,화요일,경상북도 경산시 삼북동,중상사고,0,1,0,0,차대차 - 측면충돌,안전운전불이행,건조,맑음,교차로 - 교차로부근,승용,여,44세,기타불명,승용,남,60세,중상
2018052900100264,2018년 5월 29일 13시,화요일,경상북도 성주군 성주읍,중상사고,0,1,0,0,차대차 - 측면충돌,안전운전불이행,건조,맑음,교차로 - 교차로안,승용,여,65세,상해없음,이륜,남,81세,중상
2018052900100265,2018년 5월 29일 13시,화요일,경상북도 울진군 매화면,경상사고,0,0,2,0,차대차 - 기타,안전운전불이행,건조,맑음,단일로 - 기타,건설기계,남,60세,상해없음,승용,남,54세,경상
2018052900100266,2018년 5월 29일 13시,화요일,경상북도 구미시 광평동,경상사고,0,0,1,0,차대사람 - 보도통행중,기타,건조,맑음,단일로 - 기타,자전거,남,43세,상해없음,보행자,여,65세,경상
2018052900100293,2018년 5월 29일 14시,화요일,경상북도 포항시 북구 청하면,중상사고,0,1,3,1,차대차 - 후진중충돌,안전운전불이행,건조,맑음,단일로 - 기타,화물,남,45세,상해없음,화물,남,49세,상해없음
2018052900100323,2018년 5월 29일 15시,화요일,경상북도 김천시 증산면,중상사고,0,1,0,0,차대사람 - 차도통행중,안전운전불이행,건조,맑음,단일로 - 기타,승용,여,60세,상해없음,보행자,여,83세,중상
2018052900100324,2018년 5월 29일 15시,화요일,경상북도 성주군 성주읍,경상사고,0,0,2,0,차대차 - 측면충돌,신호위반,건조,맑음,교차로 - 교차로안,화물,남,67세,경상,화물,남,55세,상해없음
2018052900100370,2018년 5월 29일 16시,화요일,경상북도 안동시 수상동,경상사고,0,0,1,0,차대차 - 측면충돌,안전운전불이행,건조,맑음,단일로 - 기타,이륜,남,80세,경상,승용,여,35세,상해없음
2018052900100371,2018년 5월 29일 16시,화요일,경상북도 구미시 황상동,경상사고,0,0,1,0,차대차 - 기타,안전운전불이행,건조,맑음,교차로 - 교차로안,이륜,남,64세,경상,승합,남,53세,상해없음
2018052900100372,2018년 5월 29일 16시,화요일,경상북도 포항시 남구 인덕동,경상사고,0,0,1,0,차대차 - 측면충돌,안전운전불이행,건조,맑음,교차로 - 교차로부근,이륜,남,63세,경상,승용,여,62세,상해없음
2018052900100459,2018년 5월 29일 18시,화요일,경상북도 칠곡군 가산면,경상사고,0,0,2,1,차대차 - 추돌,안전운전불이행,건조,맑음,교차로 - 교차로부근,승용,여,44세,부상신고,승용,남,29세,경상
2018052900100460,2018년 5월 29일 18시,화요일,경상북도 포항시 남구 동촌동,경상사고,0,0,1,0,차대차 - 측면충돌,교차로운행방법위반,건조,맑음,교차로 - 교차로안,승용,남,67세,상해없음,승용,여,42세,경상
2018052900100494,2018년 5월 29일 19시,화요일,경상북도 경주시 인왕동,중상사고,0,1,0,0,차대차 - 측면충돌,안전운전불이행,건조,맑음,단일로 - 기타,승용,여,51세,상해없음,승용,여,62세,상해없음
2018052900100495,2018년 5월 29일 19시,화요일,경상북도 영천시 조교동,경상사고,0,0,1,0,차대차 - 측면충돌,교차로운행방법위반,건조,맑음,교차로 - 교차로안,승용,남,67세,상해없음,승용,여,53세,경상
2018052900100496,2018년 5월 29일 19시,화요일,경상북도 포항시 남구 상도동,중상사고,0,1,0,0,차대사람 - 횡단중,안전운전불이행,건조,맑음,단일로 - 기타,기타불명,기타불명,미분류,기타불명,보행자,남,57세,중상
2018052900100533,2018년 5월 29일 20시,화요일,경상북도 안동시 동부동,경상사고,0,0,1,0,차대차 - 측면충돌,직진우회전진행방해,건조,맑음,교차로 - 교차로안,승용,여,52세,상해없음,승용,남,58세,상해없음
2018052900100534,2018년 5월 29일 20시,화요일,경상북도 경산시 와촌면,경상사고,0,0,2,0,차대차 - 추돌,안전운전불이행,건조,맑음,단일로 - 기타,승용,남,20세,상해없음,승용,남,25세,경상
2018052900100535,2018년 5월 29일 20시,화요일,경상북도 울릉군 울릉읍,중상사고,0,1,0,0,차량단독 - 기타,안전운전불이행,건조,맑음,단일로 - 터널,승용,남,57세,상해없음,,,,
2018052900100536,2018년 5월 29일 20시,화요일,경상북도 구미시 고아읍,경상사고,0,0,1,0,차대사람 - 기타,안전운전불이행,젖음/습기,비,교차로 - 교차로횡단보도내,승용,여,49세,상해없음,보행자,남,25세,경상
2018052900100537,2018년 5월 29일 20시,화요일,경상북도 포항시 남구 청림동,경상사고,0,0,1,0,차대차 - 추돌,안전거리미확보,건조,맑음,단일로 - 교량,승용,남,62세,상해없음,승용,여,49세,경상
2018052900100585,2018년 5월 29일 22시,화요일,경상북도 구미시 상모동,경상사고,0,0,1,0,차대사람 - 기타,신호위반,젖음/습기,비,교차로 - 교차로부근,승용,남,51세,상해없음,보행자,여,35세,경상
2018052900100586,2018년 5월 29일 22시,화요일,경상북도 포항시 남구 해도동,경상사고,0,0,1,0,차대사람 - 기타,안전운전불이행,건조,맑음,단일로 - 기타,승용,남,65세,상해없음,보행자,남,58세,경상
2018053000100025,2018년 5월 30일 01시,수요일,경상북도 구미시 상모동,중상사고,0,2,0,0,차대차 - 추돌,안전운전불이행,건조,맑음,교차로 - 교차로부근,승용,남,40세,상해없음,승용,여,48세,중상
2018053000100051,2018년 5월 30일 05시,수요일,경상북도 영양군 수비면,중상사고,0,3,0,0,차대차 - 측면충돌,안전운전불이행,젖음/습기,비,교차로 - 교차로안,화물,남,71세,중상,화물,남,44세,중상
2018053000100071,2018년 5월 30일 06시,수요일,경상북도 포항시 북구 덕산동,경상사고,0,0,2,0,차대차 - 정면충돌,신호위반,건조,맑음,교차로 - 교차로안,승용,남,26세,상해없음,화물,남,62세,경상
2018053000100093,2018년 5월 30일 07시,수요일,경상북도 안동시 수상동,경상사고,0,0,1,0,차대차 - 측면충돌,안전운전불이행,건조,맑음,단일로 - 기타,승용,남,57세,상해없음,승용,남,52세,경상
2018053000100094,2018년 5월 30일 07시,수요일,경상북도 경산시 자인면,경상사고,0,0,1,0,차대차 - 정면충돌,중앙선침범,건조,맑음,단일로 - 기타,승용,남,32세,상해없음,승용,남,40세,경상
2018053000100095,2018년 5월 30일 07시,수요일,경상북도 군위군 의흥면,경상사고,0,0,1,0,차대차 - 측면충돌,안전운전불이행,건조,맑음,단일로 - 기타,화물,남,74세,경상,승합,남,54세,상해없음
2018053000100129,2018년 5월 30일 08시,수요일,경상북도 상주시 화산동,경상사고,0,0,3,0,차대차 - 측면충돌,신호위반,젖음/습기,비,교차로 - 교차로안,승용,남,55세,상해없음,승용,여,39세,경상
2018053000100130,2018년 5월 30일 08시,수요일,경상북도 영천시 청통면,부상신고사고,0,0,0,1,차대차 - 측면충돌,안전운전불이행,건조,맑음,단일로 - 기타,승용,남,37세,부상신고,승용,남,52세,상해없음
2018053000100131,2018년 5월 30일 08시,수요일,경상북도 예천군 예천읍,중상사고,0,1,0,0,차대차 - 측면충돌,안전운전불이행,건조,맑음,교차로 - 교차로안,화물,여,49세,상해없음,승용,여,44세,중상
2018053000100133,2018년 5월 30일 08시,수요일,경상북도 포항시 남구 대도동,중상사고,0,1,0,0,차대차 - 측면충돌,안전운전불이행,건조,맑음,교차로 - 교차로안,승용,남,33세,상해없음,승용,여,31세,중상
2018053000100167,2018년 5월 30일 09시,수요일,경상북도 고령군 대가야읍,중상사고,0,1,0,0,차량단독 - 기타,안전운전불이행,건조,맑음,교차로 - 교차로부근,승합,남,60세,상해없음,,,,
2018053000100168,2018년 5월 30일 09시,수요일,경상북도 포항시 남구 대송면,경상사고,0,0,2,0,차대차 - 측면충돌,직진우회전진행방해,건조,맑음,교차로 - 교차로안,화물,남,36세,경상,승용,남,49세,경상
2018053000100222,2018년 5월 30일 11시,수요일,경상북도 영주시 가흥동,중상사고,0,1,1,0,차대차 - 측면충돌,직진우회전진행방해,건조,맑음,교차로 - 교차로안,승용,남,61세,경상,화물,남,36세,중상
2018053000100223,2018년 5월 30일 11시,수요일,경상북도 예천군 지보면,경상사고,0,0,1,0,차대차 - 측면충돌,안전운전불이행,건조,맑음,교차로 - 교차로부근,승용,남,80세,상해없음,승용,남,66세,경상
2018053000100248,2018년 5월 30일 12시,수요일,경상북도 경주시 서면,중상사고,0,1,0,0,차량단독 - 공작물충돌,안전운전불이행,건조,맑음,단일로 - 지하차도(도로)내,이륜,남,77세,중상,,,,
2018053000100249,2018년 5월 30일 12시,수요일,경상북도 경산시 백천동,중상사고,0,1,1,0,차대사람 - 차도통행중,안전운전불이행,건조,맑음,단일로 - 기타,승용,여,48세,상해없음,보행자,남,60세,경상
2018053000100276,2018년 5월 30일 13시,수요일,경상북도 경주시 율동,중상사고,0,1,1,0,차대차 - 측면충돌,안전운전불이행,건조,흐림,단일로 - 기타,화물,남,40세,상해없음,승용,남,57세,경상
2018053000100277,2018년 5월 30일 13시,수요일,경상북도 칠곡군 왜관읍,중상사고,0,1,0,0,차대차 - 추돌,안전운전불이행,건조,맑음,단일로 - 기타,화물,남,64세,중상,특수,남,51세,상해없음
2018053000100278,2018년 5월 30일 13시,수요일,경상북도 구미시 사곡동,경상사고,0,0,2,0,차대차 - 추돌,안전거리미확보,건조,맑음,단일로 - 기타,화물,남,58세,상해없음,화물,남,58세,경상
2018053000100311,2018년 5월 30일 14시,수요일,경상북도 포항시 북구 두호동,중상사고,0,1,0,0,차대사람 - 길가장자리구역통행중,중앙선침범,젖음/습기,비,교차로 - 교차로부근,화물,남,65세,상해없음,보행자,여,72세,중상
2018053000100312,2018년 5월 30일 14시,수요일,경상북도 포항시 남구 대잠동,중상사고,0,2,0,0,차대차 - 측면충돌,중앙선침범,젖음/습기,비,단일로 - 기타,승용,남,53세,상해없음,승용,남,55세,중상
2018053000100371,2018년 5월 30일 15시,수요일,경상북도 경주시 양남면,경상사고,0,0,1,0,차대차 - 후진중충돌,안전운전불이행,건조,맑음,교차로 - 교차로안,화물,남,53세,상해없음,화물,남,60세,경상
2018053000100372,2018년 5월 30일 15시,수요일,경상북도 포항시 북구 학잠동,경상사고,0,0,2,0,차대차 - 후진중충돌,안전운전불이행,건조,맑음,단일로 - 기타,승용,남,46세,상해없음,승용,여,32세,경상
2018053000100414,2018년 5월 30일 16시,수요일,경상북도 포항시 북구 흥해읍,경상사고,0,0,3,0,차대차 - 기타,안전운전불이행,건조,맑음,단일로 - 기타,승용,여,60세,경상,승합,여,43세,경상
2018053000100415,2018년 5월 30일 16시,수요일,경상북도 문경시 마성면,경상사고,0,0,1,0,차대차 - 측면충돌,신호위반,건조,맑음,교차로 - 교차로안,자전거,남,77세,경상,승용,남,73세,상해없음
2018053000100451,2018년 5월 30일 17시,수요일,경상북도 경주시 동천동,중상사고,0,1,1,0,차대차 - 측면충돌,안전운전불이행,건조,맑음,교차로 - 교차로안,승용,여,54세,경상,승용,여,50세,중상
2018053000100452,2018년 5월 30일 17시,수요일,경상북도 경주시 안강읍,경상사고,0,0,2,0,차대차 - 추돌,안전운전불이행,건조,맑음,단일로 - 기타,승용,남,33세,상해없음,화물,남,36세,경상
2018053000100453,2018년 5월 30일 17시,수요일,경상북도 문경시 모전동,중상사고,0,1,2,1,차대차 - 측면충돌,안전운전불이행,건조,맑음,교차로 - 교차로안,화물,남,65세,부상신고,승합,남,48세,경상
2018053000100454,2018년 5월 30일 17시,수요일,경상북도 구미시 지산동,중상사고,0,1,3,0,차대차 - 추돌,안전운전불이행,건조,맑음,단일로 - 기타,승용,남,51세,상해없음,승용,남,51세,중상
2018053000100500,2018년 5월 30일 18시,수요일,경상북도 안동시 태화동,경상사고,0,0,1,0,차대차 - 측면충돌,안전운전불이행,건조,맑음,교차로 - 교차로안,승용,남,63세,상해없음,승용,남,57세,경상
2018053000100501,2018년 5월 30일 18시,수요일,경상북도 칠곡군 약목면,경상사고,0,0,1,0,차대차 - 측면충돌,안전운전불이행,건조,맑음,교차로 - 교차로부근,승용,남,59세,상해없음,승용,남,46세,경상
2018053000100502,2018년 5월 30일 18시,수요일,경상북도 칠곡군 북삼읍,중상사고,0,1,0,0,차대사람 - 횡단중,안전운전불이행,건조,맑음,교차로 - 교차로부근,승용,남,51세,상해없음,보행자,여,48세,중상
2018053000100535,2018년 5월 30일 19시,수요일,경상북도 구미시 공단동,경상사고,0,0,2,0,차대차 - 기타,안전거리미확보,건조,맑음,단일로 - 기타,승용,여,30세,경상,승용,남,29세,경상
2018053000100592,2018년 5월 30일 21시,수요일,경상북도 경주시 건천읍,경상사고,0,0,2,0,차대차 - 추돌,안전운전불이행,건조,맑음,단일로 - 기타,승용,남,71세,경상,승용,남,57세,경상
2018053000100593,2018년 5월 30일 21시,수요일,경상북도 김천시 부곡동,경상사고,0,0,1,1,차대차 - 측면충돌,교차로운행방법위반,건조,맑음,교차로 - 교차로안,승용,남,43세,상해없음,승용,여,27세,경상
2018053000100594,2018년 5월 30일 21시,수요일,경상북도 구미시 원평동,경상사고,0,0,1,0,차대차 - 측면충돌,신호위반,건조,맑음,교차로 - 교차로안,승용,여,56세,상해없음,승용,남,69세,경상
2018053000100615,2018년 5월 30일 22시,수요일,경상북도 포항시 남구 대잠동,경상사고,0,0,1,0,차대차 - 추돌,안전운전불이행,건조,맑음,단일로 - 기타,승용,남,26세,상해없음,승용,남,33세,경상
2018053000100637,2018년 5월 30일 23시,수요일,경상북도 경주시 황오동,경상사고,0,0,1,0,차대차 - 측면충돌,신호위반,건조,맑음,교차로 - 교차로안,승용,남,67세,상해없음,화물,남,41세,경상
2018053000100638,2018년 5월 30일 23시,수요일,경상북도 경주시 강동면,중상사고,0,1,0,0,차대차 - 측면충돌,안전운전불이행,건조,맑음,교차로 - 교차로안,화물,남,48세,상해없음,승용,여,52세,중상
2018053000100639,2018년 5월 30일 23시,수요일,경상북도 포항시 북구 창포동,경상사고,0,0,2,0,차대차 - 추돌,안전거리미확보,건조,맑음,교차로 - 교차로부근,승용,남,59세,상해없음,승용,여,52세,경상
2018053000100640,2018년 5월 30일 23시,수요일,경상북도 구미시 양호동,사망사고,1,0,0,0,차량단독 - 기타,안전운전불이행,건조,맑음,단일로 - 기타,이륜,남,55세,사망,,,,
2018053100100012,2018년 5월 31일 00시,목요일,경상북도 경산시 하양읍,경상사고,0,0,2,0,차대사람 - 횡단중,안전운전불이행,건조,맑음,단일로 - 기타,화물,남,23세,상해없음,보행자,남,21세,경상
2018053100100025,2018년 5월 31일 01시,목요일,경상북도 포항시 북구 환호동,경상사고,0,0,1,0,차대차 - 측면충돌,안전운전불이행,건조,맑음,단일로 - 기타,승용,남,58세,상해없음,승용,남,56세,경상
2018053100100026,2018년 5월 31일 01시,목요일,경상북도 포항시 남구 인덕동,경상사고,0,0,4,0,차대차 - 측면충돌,안전운전불이행,건조,맑음,단일로 - 기타,승용,남,27세,상해없음,승용,여,30세,경상
2018053100100044,2018년 5월 31일 04시,목요일,경상북도 구미시 산동면,부상신고사고,0,0,0,1,차량단독 - 공작물충돌,안전운전불이행,건조,맑음,교차로 - 교차로부근,승용,남,25세,부상신고,,,,
2018053100100092,2018년 5월 31일 07시,목요일,경상북도 구미시 공단동,중상사고,0,1,0,0,차대차 - 기타,안전운전불이행,건조,맑음,교차로 - 교차로안,화물,남,39세,상해없음,승용,남,30세,중상
2018053100100150,2018년 5월 31일 08시,목요일,경상북도 경주시 동천동,경상사고,0,0,2,0,차대차 - 측면충돌,안전운전불이행,건조,맑음,교차로 - 교차로안,승용,여,36세,경상,농기계,남,75세,경상
2018053100100151,2018년 5월 31일 08시,목요일,경상북도 포항시 북구 학산동,경상사고,0,0,1,0,차대차 - 추돌,안전거리미확보,건조,맑음,단일로 - 기타,승용,여,52세,상해없음,승용,여,40세,경상
2018053100100152,2018년 5월 31일 08시,목요일,경상북도 김천시 평화동,중상사고,0,1,0,0,차대사람 - 차도통행중,안전운전불이행,건조,맑음,단일로 - 기타,승용,남,35세,상해없음,보행자,여,63세,중상
2018053100100153,2018년 5월 31일 08시,목요일,경상북도 김천시 부곡동,경상사고,0,0,1,0,차대차 - 측면충돌,신호위반,건조,맑음,교차로 - 교차로안,승용,여,49세,상해없음,승용,여,42세,경상
2018053100100154,2018년 5월 31일 08시,목요일,경상북도 상주시 남성동,경상사고,0,0,1,0,차대차 - 측면충돌,안전운전불이행,건조,맑음,교차로 - 교차로안,승용,남,62세,상해없음,원동기,남,85세,경상
2018053100100214,2018년 5월 31일 09시,목요일,경상북도 경주시 성건동,경상사고,0,0,3,0,차대차 - 측면충돌,안전거리미확보,건조,맑음,교차로 - 교차로부근,승용,여,60세,경상,승용,남,67세,경상
2018053100100215,2018년 5월 31일 09시,목요일,경상북도 청도군 화양읍,경상사고,0,0,2,0,차대차 - 측면충돌,안전운전불이행,건조,맑음,단일로 - 기타,화물,남,76세,경상,승용,남,26세,경상
2018053100100216,2018년 5월 31일 09시,목요일,경상북도 구미시 진평동,중상사고,0,1,0,0,차대사람 - 기타,안전운전불이행,건조,맑음,기타 - 기타,승용,남,51세,상해없음,보행자,남,21세,중상
2018053100100217,2018년 5월 31일 09시,목요일,경상북도 구미시 도량동,경상사고,0,0,1,0,차대차 - 기타,안전운전불이행,건조,맑음,교차로 - 교차로부근,승합,남,53세,상해없음,화물,여,41세,경상
2018053100100266,2018년 5월 31일 11시,목요일,경상북도 성주군 용암면,경상사고,0,0,2,0,차대차 - 측면충돌,안전운전불이행,건조,맑음,교차로 - 교차로안,승용,여,62세,상해없음,승합,남,47세,경상
2018053100100294,2018년 5월 31일 12시,목요일,경상북도 구미시 비산동,경상사고,0,0,1,0,차대차 - 측면충돌,안전거리미확보,건조,맑음,단일로 - 고가도로위,승용,여,49세,상해없음,승용,남,53세,경상
2018053100100327,2018년 5월 31일 13시,목요일,경상북도 경주시 동천동,경상사고,0,0,1,0,차대차 - 측면충돌,안전운전불이행,건조,맑음,교차로 - 교차로안,승용,남,34세,상해없음,승용,남,75세,상해없음
2018053100100402,2018년 5월 31일 15시,목요일,경상북도 문경시 산북면,경상사고,0,0,1,0,차량단독 - 도로외이탈 - 추락,안전운전불이행,건조,맑음,단일로 - 기타,화물,남,21세,경상,,,,
2018053100100403,2018년 5월 31일 15시,목요일,경상북도 봉화군 봉화읍,경상사고,0,0,1,0,차대사람 - 기타,안전운전불이행,건조,맑음,단일로 - 기타,화물,남,60세,상해없음,보행자,남,39세,경상
2018053100100445,2018년 5월 31일 16시,목요일,경상북도 포항시 북구 흥해읍,경상사고,0,0,1,0,차대차 - 측면충돌,안전운전불이행,건조,맑음,교차로 - 교차로안,승용,남,34세,상해없음,승용,남,49세,경상
2018053100100446,2018년 5월 31일 16시,목요일,경상북도 포항시 북구 죽도동,경상사고,0,0,5,0,차대차 - 측면충돌,안전운전불이행,건조,맑음,교차로 - 교차로안,승용,여,47세,상해없음,승합,남,43세,경상
2018053100100447,2018년 5월 31일 16시,목요일,경상북도 경산시 중방동,중상사고,0,1,0,0,차대차 - 측면충돌,안전운전불이행,건조,맑음,교차로 - 교차로안,승용,여,64세,상해없음,자전거,여,59세,중상
2018053100100498,2018년 5월 31일 17시,목요일,경상북도 포항시 남구 청림동,경상사고,0,0,2,0,차대차 - 기타,안전거리미확보,건조,맑음,교차로 - 교차로안,화물,남,59세,상해없음,승용,남,25세,상해없음
2018053100100544,2018년 5월 31일 18시,목요일,경상북도 김천시 신음동,경상사고,0,0,1,0,차대차 - 측면충돌,안전운전불이행,건조,맑음,단일로 - 기타,승용,여,53세,경상,화물,남,46세,상해없음
2018053100100582,2018년 5월 31일 19시,목요일,경상북도 포항시 북구 양덕동,경상사고,0,0,1,0,차대사람 - 기타,안전운전불이행,건조,맑음,단일로 - 기타,승합,남,47세,기타불명,보행자,남,79세,경상
2018053100100583,2018년 5월 31일 19시,목요일,경상북도 안동시 옥동,중상사고,0,1,1,0,차대차 - 정면충돌,안전운전불이행,건조,맑음,교차로 - 교차로안,승용,여,23세,경상,승용,남,32세,중상
2018053100100614,2018년 5월 31일 20시,목요일,경상북도 울릉군 울릉읍,경상사고,0,0,1,0,차대사람 - 차도통행중,안전운전불이행,건조,맑음,단일로 - 기타,승용,남,61세,상해없음,보행자,남,53세,경상
2018053100100615,2018년 5월 31일 20시,목요일,경상북도 구미시 옥계동,경상사고,0,0,1,0,차대차 - 추돌,안전운전불이행,건조,맑음,교차로 - 교차로부근,승용,여,34세,상해없음,승용,여,27세,경상
2018053100100647,2018년 5월 31일 21시,목요일,경상북도 고령군 다산면,중상사고,0,1,3,0,차대차 - 측면충돌,안전거리미확보,건조,맑음,단일로 - 기타,승용,남,33세,경상,화물,남,52세,중상
2018053100100670,2018년 5월 31일 22시,목요일,경상북도 상주시 함창읍,사망사고,1,0,0,0,차대차 - 측면충돌,중앙선침범,건조,맑음,단일로 - 기타,승용,남,35세,상해없음,자전거,남,43세,사망
2018060100100043,2018년 6월 1일 02시,금요일,경상북도 안동시 정하동,중상사고,0,1,0,0,차대차 - 측면충돌,교차로운행방법위반,건조,맑음,교차로 - 교차로안,승합,남,32세,상해없음,화물,남,53세,중상
2018060100100138,2018년 6월 1일 08시,금요일,경상북도 안동시 태화동,중상사고,0,1,1,0,차대차 - 추돌,안전거리미확보,건조,맑음,교차로 - 교차로부근,승합,남,54세,상해없음,승용,남,32세,상해없음
2018060100100139,2018년 6월 1일 08시,금요일,경상북도 안동시 풍산읍,경상사고,0,0,2,0,차대차 - 추돌,안전운전불이행,건조,맑음,단일로 - 기타,승용,남,47세,상해없음,승용,남,58세,경상
2018060100100140,2018년 6월 1일 08시,금요일,경상북도 영주시 영주동,경상사고,0,0,1,0,차대차 - 측면충돌,안전운전불이행,건조,맑음,단일로 - 기타,승용,남,48세,상해없음,승용,남,53세,경상
2018060100100141,2018년 6월 1일 08시,금요일,경상북도 문경시 문경읍,중상사고,0,1,0,0,차대차 - 측면충돌,안전운전불이행,건조,맑음,교차로 - 교차로안,승용,여,52세,상해없음,자전거,남,75세,중상
2018060100100184,2018년 6월 1일 09시,금요일,경상북도 포항시 남구 대도동,중상사고,0,1,0,0,차량단독 - 기타,안전운전불이행,건조,맑음,단일로 - 기타,승합,남,53세,상해없음,,,,
2018060100100216,2018년 6월 1일 10시,금요일,경상북도 경산시 계양동,경상사고,0,0,1,0,차대차 - 추돌,안전거리미확보,건조,맑음,단일로 - 기타,승합,여,39세,상해없음,화물,남,67세,경상
2018060100100246,2018년 6월 1일 11시,금요일,경상북도 영천시 고경면,경상사고,0,0,2,0,차대차 - 측면충돌,안전운전불이행,건조,맑음,교차로 - 교차로안,승용,남,54세,경상,승용,남,47세,경상
2018060100100312,2018년 6월 1일 13시,금요일,경상북도 경주시 양남면,중상사고,0,1,0,0,차대차 - 측면충돌,안전운전불이행,건조,맑음,교차로 - 교차로안,승용,남,34세,상해없음,이륜,남,59세,중상
2018060100100348,2018년 6월 1일 14시,금요일,경상북도 경주시 감포읍,중상사고,0,1,0,0,차대차 - 측면충돌,안전운전불이행,건조,맑음,교차로 - 교차로안,승용,남,44세,상해없음,승용,여,47세,중상
2018060100100349,2018년 6월 1일 14시,금요일,경상북도 상주시 서문동,중상사고,0,1,0,0,차대차 - 측면충돌,안전운전불이행,건조,맑음,단일로 - 기타,자전거,남,79세,중상,승용,여,32세,상해없음
2018060100100350,2018년 6월 1일 14시,금요일,경상북도 군위군 의흥면,사망사고,1,0,0,0,차량단독 - 공작물충돌,안전운전불이행,건조,맑음,단일로 - 기타,이륜,남,64세,사망,,,,
2018060100100351,2018년 6월 1일 14시,금요일,경상북도 포항시 남구 대도동,중상사고,0,1,0,0,차대사람 - 횡단중,보행자보호의무위반,건조,맑음,단일로 - 기타,승용,여,55세,상해없음,보행자,여,7세,중상
2018060100100396,2018년 6월 1일 15시,금요일,경상북도 구미시 원평동,경상사고,0,0,1,0,차대사람 - 기타,보행자보호의무위반,건조,맑음,단일로 - 기타,승용,여,26세,상해없음,보행자,남,20세,경상
2018060100100432,2018년 6월 1일 16시,금요일,경상북도 의성군 안평면,경상사고,0,0,1,0,차대차 - 추돌,과속,건조,맑음,교차로 - 교차로부근,승용,남,31세,상해없음,이륜,남,43세,경상
2018060100100433,2018년 6월 1일 16시,금요일,경상북도 청송군 안덕면,경상사고,0,0,2,0,차대차 - 측면충돌,교차로운행방법위반,건조,맑음,교차로 - 교차로안,화물,남,71세,상해없음,승용,여,56세,경상
2018060100100434,2018년 6월 1일 16시,금요일,경상북도 구미시 황상동,경상사고,0,0,1,0,차대사람 - 횡단중,보행자보호의무위반,건조,맑음,교차로 - 교차로부근,승용,여,30세,상해없음,보행자,여,16세,경상
2018060100100435,2018년 6월 1일 16시,금요일,경상북도 구미시 봉곡동,경상사고,0,0,1,0,차대차 - 기타,안전운전불이행,건조,맑음,교차로 - 교차로안,승합,남,50세,상해없음,자전거,남,9세,경상
2018060100100478,2018년 6월 1일 17시,금요일,경상북도 포항시 북구 우현동,경상사고,0,0,1,0,차대차 - 기타,안전거리미확보,건조,맑음,단일로 - 기타,승용,여,65세,상해없음,승용,여,32세,경상
2018060100100479,2018년 6월 1일 17시,금요일,경상북도 상주시 남성동,경상사고,0,0,1,0,차대차 - 정면충돌,안전운전불이행,건조,맑음,교차로 - 교차로횡단보도내,화물,남,50세,상해없음,이륜,여,64세,경상
2018060100100480,2018년 6월 1일 17시,금요일,경상북도 영주시 휴천동,사망사고,1,0,0,0,차대차 - 정면충돌,중앙선침범,건조,맑음,교차로 - 교차로안,건설기계,남,56세,상해없음,승용,남,52세,사망
2018060100100481,2018년 6월 1일 17시,금요일,경상북도 포항시 남구 대송면,중상사고,0,1,0,0,차대차 - 측면충돌,교차로운행방법위반,건조,맑음,교차로 - 교차로안,화물,남,45세,상해없음,승용,남,32세,중상
2018060100100530,2018년 6월 1일 18시,금요일,경상북도 경주시 서악동,경상사고,0,0,1,0,차대사람 - 보도통행중,기타,건조,맑음,단일로 - 교량,이륜,남,57세,상해없음,보행자,남,21세,경상
2018060100100531,2018년 6월 1일 18시,금요일,경상북도 경주시 성건동,중상사고,0,1,0,0,차대사람 - 길가장자리구역통행중,안전운전불이행,건조,맑음,단일로 - 기타,승용,남,36세,상해없음,보행자,남,59세,중상
2018060100100532,2018년 6월 1일 18시,금요일,경상북도 안동시 신안동,중상사고,0,1,0,0,차대사람 - 횡단중,보행자보호의무위반,건조,맑음,단일로 - 기타,승용,여,58세,상해없음,보행자,남,13세,중상
2018060100100576,2018년 6월 1일 19시,금요일,경상북도 경주시 성건동,경상사고,0,0,1,0,차대차 - 측면충돌,안전운전불이행,건조,맑음,단일로 - 기타,승용,남,57세,상해없음,원동기,남,53세,경상