사고번호,사고일시,요일,시군구,사고내용,사망자수,중상자수,경상자수,부상신고자수,사고유형,법규위반,노면상태,기상상태,도로형태,가해운전자 차종,가해운전자 성별,가해운전자 연령,가해운전자 상해정도,피해운전자 차종,피해운전자 성별,피해운전자 연령,피해운전자 상해정도
2018060100100577,2018년 6월 1일 19시,금요일,경상북도 구미시 고아읍,경상사고,0,0,1,0,차대차 - 기타,안전운전불이행,건조,맑음,단일로 - 기타,승용,여,34세,상해없음,이륜,남,38세,경상
2018060100100616,2018년 6월 1일 20시,금요일,경상북도 경산시 조영동,경상사고,0,0,2,0,차대차 - 추돌,안전운전불이행,건조,맑음,단일로 - 기타,승용,남,50세,상해없음,승용,남,29세,경상
2018060100100617,2018년 6월 1일 20시,금요일,경상북도 영덕군 병곡면,중상사고,0,3,2,0,차대차 - 측면충돌,신호위반,건조,맑음,교차로 - 교차로안,승용,남,57세,경상,승용,남,36세,중상
2018060100100643,2018년 6월 1일 21시,금요일,경상북도 안동시 북문동,중상사고,0,1,0,0,차대차 - 측면충돌,차로위반,건조,맑음,단일로 - 기타,승용,여,30세,상해없음,이륜,남,47세,중상
2018060100100644,2018년 6월 1일 21시,금요일,경상북도 칠곡군 북삼읍,경상사고,0,0,1,0,차대사람 - 횡단중,보행자보호의무위반,건조,맑음,교차로 - 교차로횡단보도내,승용,남,35세,상해없음,보행자,여,10세,경상
2018060100100645,2018년 6월 1일 21시,금요일,경상북도 영천시 화룡동,경상사고,0,0,1,0,차대차 - 측면충돌,안전운전불이행,건조,맑음,단일로 - 교량,승용,여,28세,상해없음,승용,남,38세,상해없음
2018060100100716,2018년 6월 1일 23시,금요일,경상북도 영덕군 병곡면,중상사고,0,3,0,0,차대차 - 측면충돌,신호위반,건조,맑음,교차로 - 교차로안,화물,여,26세,상해없음,승용,남,33세,중상
2018060200100034,2018년 6월 2일 01시,토요일,경상북도 포항시 북구 두호동,경상사고,0,0,1,0,차대차 - 측면충돌,안전운전불이행,건조,맑음,단일로 - 기타,승용,남,58세,상해없음,이륜,남,23세,경상
2018060200100035,2018년 6월 2일 01시,토요일,경상북도 영천시 금호읍,경상사고,0,0,1,0,차대차 - 추돌,안전운전불이행,건조,맑음,교차로 - 교차로부근,승용,남,27세,상해없음,승용,남,21세,경상
2018060200100062,2018년 6월 2일 03시,토요일,경상북도 포항시 북구 죽도동,경상사고,0,0,1,0,차대차 - 측면충돌,안전운전불이행,건조,맑음,교차로 - 교차로안,승용,남,23세,상해없음,이륜,남,27세,경상
2018060200100063,2018년 6월 2일 03시,토요일,경상북도 성주군 초전면,중상사고,0,1,0,0,차대차 - 기타,안전운전불이행,건조,맑음,단일로 - 기타,화물,남,52세,중상,화물,남,52세,상해없음
2018060200100067,2018년 6월 2일 04시,토요일,경상북도 의성군 봉양면,경상사고,0,0,1,0,차량단독 - 공작물충돌,안전운전불이행,건조,맑음,단일로 - 기타,승용,남,46세,경상,,,,
2018060200100095,2018년 6월 2일 06시,토요일,경상북도 문경시 가은읍,중상사고,0,1,0,0,차대사람 - 차도통행중,안전운전불이행,건조,맑음,단일로 - 기타,승용,여,64세,상해없음,보행자,남,74세,중상
2018060200100096,2018년 6월 2일 06시,토요일,경상북도 청도군 화양읍,중상사고,0,1,0,0,차대차 - 기타,안전운전불이행,건조,맑음,교차로 - 교차로부근,화물,남,57세,중상,승용,남,47세,상해없음
2018060200100110,2018년 6월 2일 07시,토요일,경상북도 구미시 공단동,경상사고,0,0,3,0,차대차 - 측면충돌,직진우회전진행방해,건조,맑음,교차로 - 교차로안,승용,남,58세,상해없음,승용,남,46세,상해없음
2018060200100130,2018년 6월 2일 08시,토요일,경상북도 경주시 외동읍,부상신고사고,0,0,0,1,차대차 - 정면충돌,안전운전불이행,건조,맑음,교차로 - 교차로부근,승용,남,28세,상해없음,원동기,여,24세,부상신고
2018060200100131,2018년 6월 2일 08시,토요일,경상북도 구미시 고아읍,부상신고사고,0,0,0,1,차대차 - 측면충돌,직진우회전진행방해,건조,맑음,교차로 - 교차로부근,원동기,남,82세,부상신고,승용,남,46세,상해없음
2018060200100132,2018년 6월 2일 08시,토요일,경상북도 구미시 산동면,경상사고,0,0,1,1,차대차 - 추돌,신호위반,건조,맑음,교차로 - 교차로안,승용,남,34세,부상신고,승용,여,34세,경상
2018060200100185,2018년 6월 2일 10시,토요일,경상북도 경주시 노서동,경상사고,0,0,1,0,차대사람 - 기타,안전운전불이행,건조,맑음,단일로 - 기타,화물,남,30세,상해없음,보행자,남,61세,경상
2018060200100186,2018년 6월 2일 10시,토요일,경상북도 경주시 안강읍,경상사고,0,0,1,0,차대차 - 측면충돌,안전운전불이행,건조,맑음,단일로 - 기타,승용,남,61세,상해없음,승용,남,44세,경상
2018060200100187,2018년 6월 2일 10시,토요일,경상북도 봉화군 봉성면,경상사고,0,0,2,0,차대차 - 추돌,안전운전불이행,건조,맑음,단일로 - 기타,승용,남,61세,경상,승용,남,52세,상해없음
2018060200100188,2018년 6월 2일 10시,토요일,경상북도 포항시 남구 대도동,경상사고,0,0,1,0,차대차 - 측면충돌,신호위반,건조,맑음,단일로 - 기타,승용,남,56세,상해없음,자전거,여,50세,경상
2018060200100228,2018년 6월 2일 11시,토요일,경상북도 경주시 노서동,경상사고,0,0,2,0,차대차 - 측면충돌,안전운전불이행,건조,맑음,교차로 - 교차로안,승용,여,55세,경상,승합,여,52세,경상
2018060200100229,2018년 6월 2일 11시,토요일,경상북도 경주시 마동,경상사고,0,0,3,0,차대차 - 측면충돌,안전운전불이행,건조,맑음,교차로 - 교차로안,승용,남,35세,상해없음,승용,남,47세,경상
2018060200100230,2018년 6월 2일 11시,토요일,경상북도 포항시 북구 죽도동,중상사고,0,1,0,0,차대사람 - 횡단중,신호위반,건조,맑음,교차로 - 교차로안,자전거,남,17세,기타불명,보행자,여,63세,중상
2018060200100231,2018년 6월 2일 11시,토요일,경상북도 안동시 평화동,경상사고,0,0,1,0,차대차 - 추돌,안전거리미확보,건조,맑음,교차로 - 교차로부근,승용,남,57세,상해없음,승용,여,38세,경상
2018060200100232,2018년 6월 2일 11시,토요일,경상북도 상주시 사벌면,중상사고,0,1,2,0,차대차 - 측면충돌,안전운전불이행,건조,맑음,교차로 - 교차로안,승용,여,34세,경상,원동기,남,60세,중상
2018060200100233,2018년 6월 2일 11시,토요일,경상북도 군위군 군위읍,경상사고,0,0,1,0,차대사람 - 횡단중,안전운전불이행,건조,맑음,교차로 - 교차로부근,승용,여,40세,상해없음,보행자,남,5세,경상
2018060200100234,2018년 6월 2일 11시,토요일,경상북도 구미시 구평동,경상사고,0,0,2,0,차량단독 - 공작물충돌,안전운전불이행,건조,맑음,교차로 - 교차로안,승용,여,28세,경상,,,,
2018060200100235,2018년 6월 2일 11시,토요일,경상북도 포항시 남구 연일읍,경상사고,0,0,1,0,차대차 - 기타,안전운전불이행,건조,맑음,교차로 - 교차로안,자전거,여,63세,경상,승용,남,33세,상해없음
2018060200100280,2018년 6월 2일 12시,토요일,경상북도 경주시 동부동,경상사고,0,0,1,0,차대차 - 측면충돌,안전운전불이행,건조,맑음,단일로 - 기타,승용,남,41세,상해없음,자전거,남,49세,경상
2018060200100281,2018년 6월 2일 12시,토요일,경상북도 상주시 남성동,중상사고,0,1,0,0,차대사람 - 횡단중,보행자보호의무위반,건조,맑음,교차로 - 교차로횡단보도내,이륜,남,62세,상해없음,보행자,여,75세,중상
2018060200100282,2018년 6월 2일 12시,토요일,경상북도 봉화군 상운면,중상사고,0,1,1,0,차량단독 - 전도전복 - 전도,안전운전불이행,건조,맑음,단일로 - 기타,승용,여,54세,중상,미분류,미분류,미분류,미분류
2018060200100283,2018년 6월 2일 12시,토요일,경상북도 고령군 대가야읍,경상사고,0,0,1,0,차대차 - 측면충돌,교차로운행방법위반,건조,맑음,교차로 - 교차로안,자전거,남,13세,경상,화물,남,72세,상해없음
2018060200100284,2018년 6월 2일 12시,토요일,경상북도 고령군 대가야읍,경상사고,0,0,1,0,차대차 - 측면충돌,중앙선침범,건조,맑음,단일로 - 기타,승용,남,60세,상해없음,이륜,남,66세,경상
2018060200100285,2018년 6월 2일 12시,토요일,경상북도 구미시 원평동,중상사고,0,1,0,0,차대차 - 측면충돌,신호위반,건조,맑음,교차로 - 교차로안,특수,남,30세,상해없음,이륜,여,73세,중상
2018060200100319,2018년 6월 2일 13시,토요일,경상북도 포항시 북구 장성동,경상사고,0,0,1,0,차대차 - 기타,안전운전불이행,건조,맑음,교차로 - 교차로부근,승용,여,35세,상해없음,승용,남,38세,경상
2018060200100320,2018년 6월 2일 13시,토요일,경상북도 칠곡군 석적읍,경상사고,0,0,1,0,차대사람 - 차도통행중,안전운전불이행,건조,맑음,단일로 - 기타,승용,남,38세,상해없음,보행자,남,51세,경상
2018060200100321,2018년 6월 2일 13시,토요일,경상북도 영천시 대창면,경상사고,0,0,1,0,차대차 - 측면충돌,안전운전불이행,건조,맑음,교차로 - 교차로부근,이륜,남,90세 이상,경상,화물,남,38세,상해없음
2018060200100362,2018년 6월 2일 14시,토요일,경상북도 경주시 황오동,경상사고,0,0,2,0,차대차 - 측면충돌,안전운전불이행,건조,맑음,교차로 - 교차로안,승용,여,49세,상해없음,승용,여,53세,경상
2018060200100363,2018년 6월 2일 14시,토요일,경상북도 안동시 용상동,경상사고,0,0,7,0,차대차 - 추돌,안전운전불이행,건조,맑음,단일로 - 기타,화물,남,48세,상해없음,승용,남,49세,경상
2018060200100364,2018년 6월 2일 14시,토요일,경상북도 경산시 하양읍,경상사고,0,0,1,0,차대차 - 정면충돌,중앙선침범,건조,맑음,단일로 - 기타,승합,남,62세,상해없음,승용,여,21세,경상
2018060200100365,2018년 6월 2일 14시,토요일,경상북도 구미시 오태동,경상사고,0,0,1,0,차대차 - 기타,안전운전불이행,건조,맑음,단일로 - 기타,승용,여,44세,상해없음,자전거,남,11세,경상
2018060200100366,2018년 6월 2일 14시,토요일,경상북도 포항시 북구 죽도동,경상사고,0,0,1,0,차대차 - 측면충돌,안전운전불이행,건조,맑음,단일로 - 기타,승용,남,51세,상해없음,승용,여,24세,상해없음
2018060200100405,2018년 6월 2일 15시,토요일,경상북도 상주시 남성동,중상사고,0,1,0,0,차대차 - 후진중충돌,안전운전불이행,건조,맑음,교차로 - 교차로안,승용,남,62세,상해없음,자전거,남,52세,중상
2018060200100457,2018년 6월 2일 16시,토요일,경상북도 포항시 북구 동빈1가,중상사고,0,1,0,0,차대차 - 측면충돌,안전운전불이행,건조,맑음,교차로 - 교차로안,화물,남,60세,상해없음,승용,남,60세,상해없음
2018060200100458,2018년 6월 2일 16시,토요일,경상북도 안동시 풍산읍,경상사고,0,0,1,0,차대차 - 측면충돌,안전거리미확보,건조,맑음,단일로 - 기타,승용,남,34세,상해없음,승용,여,49세,경상
2018060200100459,2018년 6월 2일 16시,토요일,경상북도 안동시 풍천면,경상사고,0,0,5,0,차대차 - 측면충돌,안전운전불이행,건조,맑음,기타 - 기타,승용,남,67세,상해없음,승용,남,59세,경상
2018060200100460,2018년 6월 2일 16시,토요일,경상북도 안동시 태화동,경상사고,0,0,3,0,차대차 - 측면충돌,교차로운행방법위반,건조,맑음,교차로 - 교차로안,화물,남,55세,상해없음,승용,남,42세,경상
2018060200100512,2018년 6월 2일 17시,토요일,경상북도 상주시 낙동면,경상사고,0,0,3,0,차대차 - 측면충돌,교차로운행방법위반,건조,맑음,교차로 - 교차로안,화물,남,56세,경상,승용,남,43세,경상
2018060200100513,2018년 6월 2일 17시,토요일,경상북도 의성군 의성읍,중상사고,0,2,1,0,차대차 - 측면충돌,직진우회전진행방해,건조,맑음,교차로 - 교차로안,승용,남,75세,상해없음,승용,여,33세,중상
2018060200100568,2018년 6월 2일 18시,토요일,경상북도 포항시 북구 용흥동,경상사고,0,0,1,0,차대차 - 측면충돌,신호위반,건조,맑음,교차로 - 교차로안,승용,여,46세,상해없음,승용,여,48세,경상
2018060200100569,2018년 6월 2일 18시,토요일,경상북도 경산시 진량읍,중상사고,0,1,0,0,차대차 - 기타,안전운전불이행,건조,맑음,교차로 - 교차로부근,이륜,남,75세,중상,화물,여,57세,상해없음
2018060200100594,2018년 6월 2일 19시,토요일,경상북도 포항시 북구 기계면,중상사고,0,1,1,0,차대차 - 기타,교차로운행방법위반,건조,맑음,교차로 - 교차로안,화물,남,68세,상해없음,화물,남,59세,경상
2018060200100595,2018년 6월 2일 19시,토요일,경상북도 안동시 임하면,사망사고,1,0,0,0,차량단독 - 도로외이탈 - 추락,안전운전불이행,건조,맑음,단일로 - 기타,농기계,남,67세,사망,,,,
2018060200100620,2018년 6월 2일 20시,토요일,경상북도 경주시 황오동,경상사고,0,0,1,0,차대차 - 추돌,안전운전불이행,건조,맑음,단일로 - 기타,이륜,남,54세,경상,승용,남,25세,상해없음
2018060200100621,2018년 6월 2일 20시,토요일,경상북도 김천시 율곡동,중상사고,0,1,2,0,차대차 - 측면충돌,신호위반,건조,맑음,교차로 - 교차로안,승용,남,53세,경상,승용,남,58세,경상
2018060200100622,2018년 6월 2일 20시,토요일,경상북도 칠곡군 왜관읍,부상신고사고,0,0,0,1,차대사람 - 기타,안전운전불이행,건조,맑음,단일로 - 기타,승용,남,68세,상해없음,보행자,남,27세,부상신고
2018060200100682,2018년 6월 2일 22시,토요일,경상북도 포항시 북구 죽도동,경상사고,0,0,1,0,차대차 - 기타,안전운전불이행,건조,맑음,단일로 - 기타,자전거,남,42세,경상,승용,여,60세,상해없음
2018060200100683,2018년 6월 2일 22시,토요일,경상북도 상주시 신봉동,경상사고,0,0,1,0,차대차 - 추돌,안전운전불이행,건조,맑음,교차로 - 교차로횡단보도내,화물,남,68세,상해없음,승용,여,45세,경상
2018060200100708,2018년 6월 2일 23시,토요일,경상북도 울진군 울진읍,중상사고,0,1,1,0,차량단독 - 전도전복 - 전도,안전운전불이행,건조,맑음,단일로 - 기타,승용,남,29세,경상,미분류,미분류,미분류,미분류
2018060200100709,2018년 6월 2일 23시,토요일,경상북도 청송군 청송읍,경상사고,0,0,1,0,차대차 - 측면충돌,교차로운행방법위반,건조,맑음,교차로 - 교차로안,승용,여,53세,상해없음,승용,여,43세,상해없음
2018060300100007,2018년 6월 3일 00시,일요일,경상북도 포항시 북구 죽도동,중상사고,0,1,0,0,차대차 - 측면충돌,교차로운행방법위반,건조,맑음,교차로 - 교차로안,승용,남,58세,상해없음,자전거,남,56세,중상
2018060300100022,2018년 6월 3일 01시,일요일,경상북도 경주시 성건동,중상사고,0,1,0,0,차대차 - 측면충돌,안전운전불이행,건조,맑음,교차로 - 교차로안,승용,남,57세,상해없음,이륜,남,31세,중상
2018060300100041,2018년 6월 3일 03시,일요일,경상북도 구미시 구포동,경상사고,0,0,1,0,차대차 - 추돌,안전운전불이행,건조,맑음,단일로 - 기타,승용,남,37세,상해없음,승용,남,38세,경상
2018060300100054,2018년 6월 3일 04시,일요일,경상북도 칠곡군 석적읍,중상사고,0,1,1,0,차대차 - 추돌,안전거리미확보,건조,맑음,단일로 - 기타,화물,남,64세,중상,승용,남,40세,경상
2018060300100066,2018년 6월 3일 05시,일요일,경상북도 구미시 황상동,중상사고,0,1,0,0,차대차 - 측면충돌,교차로운행방법위반,건조,맑음,교차로 - 교차로안,승용,남,23세,상해없음,이륜,남,25세,중상
2018060300100081,2018년 6월 3일 06시,일요일,경상북도 김천시 대항면,경상사고,0,0,1,0,차대차 - 측면충돌,안전운전불이행,건조,맑음,교차로 - 교차로안,화물,여,68세,상해없음,자전거,남,76세,경상
2018060300100102,2018년 6월 3일 08시,일요일,경상북도 영천시 완산동,경상사고,0,0,2,0,차대차 - 추돌,안전거리미확보,건조,맑음,교차로 - 교차로안,승용,여,25세,상해없음,승용,남,61세,경상
2018060300100144,2018년 6월 3일 10시,일요일,경상북도 상주시 남성동,경상사고,0,0,1,0,차대차 - 측면충돌,안전운전불이행,건조,맑음,교차로 - 교차로안,자전거,남,17세,경상,승용,남,44세,상해없음
2018060300100145,2018년 6월 3일 10시,일요일,경상북도 칠곡군 왜관읍,경상사고,0,0,1,0,차대사람 - 보도통행중,보행자보호의무위반,건조,맑음,교차로 - 교차로횡단보도내,승용,여,46세,상해없음,보행자,여,56세,경상
2018060300100146,2018년 6월 3일 10시,일요일,경상북도 청도군 화양읍,중상사고,0,2,1,0,차대차 - 측면충돌,중앙선침범,건조,맑음,기타 - 기타,승용,남,64세,상해없음,승용,여,62세,경상
2018060300100166,2018년 6월 3일 11시,일요일,경상북도 경산시 남방동,중상사고,0,3,0,0,차대차 - 정면충돌,중앙선침범,건조,맑음,교차로 - 교차로안,화물,남,51세,상해없음,승용,여,21세,중상
2018060300100167,2018년 6월 3일 11시,일요일,경상북도 영덕군 축산면,중상사고,0,1,0,0,차대사람 - 차도통행중,안전운전불이행,건조,맑음,단일로 - 기타,승용,남,60세,상해없음,보행자,남,66세,중상
2018060300100189,2018년 6월 3일 12시,일요일,경상북도 포항시 북구 두호동,경상사고,0,0,2,0,차대차 - 추돌,안전거리미확보,건조,맑음,단일로 - 기타,승용,남,44세,상해없음,승용,여,50세,경상
2018060300100190,2018년 6월 3일 12시,일요일,경상북도 포항시 북구 학산동,중상사고,0,1,0,0,차대차 - 기타,신호위반,건조,맑음,교차로 - 교차로안,기타불명,기타불명,미분류,기타불명,자전거,남,59세,중상
2018060300100216,2018년 6월 3일 13시,일요일,경상북도 경주시 성건동,경상사고,0,0,1,0,차대차 - 측면충돌,안전운전불이행,건조,맑음,단일로 - 기타,승용,남,75세,상해없음,이륜,남,34세,경상
2018060300100217,2018년 6월 3일 13시,일요일,경상북도 김천시 봉산면,경상사고,0,0,1,0,차대차 - 측면충돌,신호위반,건조,맑음,교차로 - 교차로부근,이륜,남,50세,경상,승용,남,63세,상해없음
2018060300100248,2018년 6월 3일 14시,일요일,경상북도 포항시 북구 죽도동,경상사고,0,0,1,0,차대차 - 측면충돌,직진우회전진행방해,건조,맑음,교차로 - 교차로안,승용,남,48세,상해없음,승용,남,24세,경상
2018060300100249,2018년 6월 3일 14시,일요일,경상북도 청도군 운문면,중상사고,0,1,0,0,차대차 - 측면충돌,안전운전불이행,건조,맑음,단일로 - 기타,이륜,남,24세,중상,승용,여,61세,상해없음
2018060300100283,2018년 6월 3일 15시,일요일,경상북도 경주시 강동면,경상사고,0,0,1,0,차대차 - 추돌,안전운전불이행,건조,맑음,단일로 - 기타,화물,남,62세,상해없음,화물,남,62세,경상
2018060300100308,2018년 6월 3일 16시,일요일,경상북도 김천시 성내동,경상사고,0,0,4,0,차대차 - 추돌,안전운전불이행,건조,맑음,교차로 - 교차로안,화물,남,63세,상해없음,승용,남,35세,경상
2018060300100309,2018년 6월 3일 16시,일요일,경상북도 고령군 우곡면,경상사고,0,0,1,0,차대차 - 측면충돌,교차로운행방법위반,건조,맑음,교차로 - 교차로부근,화물,남,68세,상해없음,자전거,여,76세,경상
2018060300100310,2018년 6월 3일 16시,일요일,경상북도 구미시 양호동,경상사고,0,0,1,0,차대차 - 기타,안전운전불이행,건조,맑음,교차로 - 교차로부근,승합,여,38세,상해없음,승용,여,50세,경상
2018060300100345,2018년 6월 3일 17시,일요일,경상북도 경주시 산내면,경상사고,0,0,1,0,차대차 - 측면충돌,중앙선침범,건조,맑음,단일로 - 기타,승용,여,37세,상해없음,이륜,남,46세,경상
2018060300100346,2018년 6월 3일 17시,일요일,경상북도 경주시 동천동,부상신고사고,0,0,0,1,차대차 - 측면충돌,안전운전불이행,건조,맑음,교차로 - 교차로안,이륜,남,24세,부상신고,승용,남,63세,상해없음
2018060300100347,2018년 6월 3일 17시,일요일,경상북도 포항시 북구 청하면,경상사고,0,0,5,0,차대차 - 추돌,안전거리미확보,건조,맑음,교차로 - 교차로부근,승용,여,39세,상해없음,승용,남,23세,경상
2018060300100348,2018년 6월 3일 17시,일요일,경상북도 의성군 점곡면,중상사고,0,2,0,0,차대차 - 측면충돌,안전운전불이행,건조,맑음,교차로 - 교차로안,농기계,남,62세,중상,승용,남,70세,상해없음
2018060300100349,2018년 6월 3일 17시,일요일,경상북도 영주시 풍기읍,중상사고,0,1,1,0,차대차 - 측면충돌,안전운전불이행,건조,맑음,교차로 - 교차로안,승용,여,24세,경상,이륜,남,59세,중상
2018060300100350,2018년 6월 3일 17시,일요일,경상북도 구미시 도량동,중상사고,0,1,0,0,차대사람 - 기타,안전운전불이행,건조,맑음,교차로 - 교차로안,승용,남,66세,상해없음,보행자,남,54세,중상
2018060300100351,2018년 6월 3일 17시,일요일,경상북도 칠곡군 동명면,중상사고,0,1,7,0,차대차 - 기타,안전운전불이행,건조,맑음,단일로 - 기타,승용,여,53세,경상,승용,여,64세,상해없음
2018060300100383,2018년 6월 3일 18시,일요일,경상북도 포항시 북구 죽도동,중상사고,0,1,0,0,차대차 - 측면충돌,안전운전불이행,건조,맑음,단일로 - 기타,자전거,남,47세,중상,승용,남,62세,기타불명
2018060300100384,2018년 6월 3일 18시,일요일,경상북도 경산시 하양읍,중상사고,0,2,4,0,차대차 - 추돌,안전운전불이행,건조,맑음,단일로 - 교량,화물,남,73세,경상,승용,남,54세,경상
2018060300100410,2018년 6월 3일 19시,일요일,경상북도 군위군 군위읍,중상사고,0,1,0,0,차대차 - 측면충돌,안전운전불이행,건조,맑음,교차로 - 교차로부근,이륜,여,42세,상해없음,자전거,여,80세,중상
2018060300100411,2018년 6월 3일 19시,일요일,경상북도 구미시 거의동,중상사고,0,1,0,0,차대차 - 측면충돌,안전운전불이행,건조,맑음,교차로 - 교차로부근,승용,남,53세,상해없음,자전거,남,40세,중상
2018060300100412,2018년 6월 3일 19시,일요일,경상북도 포항시 남구 청림동,경상사고,0,0,6,0,차대차 - 측면충돌,안전운전불이행,건조,맑음,교차로 - 교차로부근,승용,남,53세,상해없음,승용,남,65세,경상
2018060300100437,2018년 6월 3일 20시,일요일,경상북도 영주시 영주동,경상사고,0,0,1,0,차대차 - 측면충돌,안전운전불이행,건조,맑음,교차로 - 교차로안,이륜,남,61세,경상,화물,남,73세,상해없음
2018060300100438,2018년 6월 3일 20시,일요일,경상북도 경산시 자인면,경상사고,0,0,1,0,차대사람 - 차도통행중,안전운전불이행,건조,맑음,단일로 - 기타,화물,남,64세,상해없음,보행자,남,36세,경상
2018060300100439,2018년 6월 3일 20시,일요일,경상북도 포항시 남구 대도동,경상사고,0,0,2,0,차대차 - 측면충돌,안전운전불이행,건조,맑음,단일로 - 기타,승용,남,49세,경상,승용,남,60세,경상
2018060300100474,2018년 6월 3일 21시,일요일,경상북도 상주시 공성면,경상사고,0,0,1,0,차대차 - 측면충돌,안전운전불이행,건조,맑음,단일로 - 기타,승용,남,21세,상해없음,화물,남,34세,경상
2018060300100475,2018년 6월 3일 21시,일요일,경상북도 구미시 봉곡동,중상사고,0,1,0,0,차량단독 - 전도전복 - 전도,안전운전불이행,건조,맑음,단일로 - 기타,이륜,남,18세,중상,미분류,미분류,미분류,미분류
2018060400100027,2018년 6월 4일 04시,월요일,경상북도 청도군 풍각면,중상사고,0,3,0,0,차량단독 - 공작물충돌,안전운전불이행,건조,맑음,기타 - 기타,승용,남,33세,중상,,,,
2018060400100049,2018년 6월 4일 06시,월요일,경상북도 포항시 북구 용흥동,경상사고,0,0,3,0,차대차 - 기타,안전운전불이행,건조,맑음,단일로 - 기타,승용,남,56세,상해없음,승용,남,51세,경상
2018060400100050,2018년 6월 4일 06시,월요일,경상북도 의성군 봉양면,중상사고,0,1,0,0,차대차 - 측면충돌,직진우회전진행방해,건조,맑음,교차로 - 교차로안,승용,남,65세,상해없음,이륜,남,74세,중상
2018060400100086,2018년 6월 4일 07시,월요일,경상북도 경주시 외동읍,중상사고,0,1,0,0,차대사람 - 횡단중,보행자보호의무위반,건조,맑음,단일로 - 기타,승용,남,51세,상해없음,보행자,남,76세,중상
2018060400100087,2018년 6월 4일 07시,월요일,경상북도 김천시 감문면,중상사고,0,2,0,0,차대차 - 측면충돌,안전운전불이행,건조,맑음,교차로 - 교차로안,승용,남,68세,중상,화물,남,50세,중상
2018060400100088,2018년 6월 4일 07시,월요일,경상북도 영주시 상망동,경상사고,0,0,1,0,차대차 - 측면충돌,직진우회전진행방해,건조,맑음,교차로 - 교차로안,승용,여,49세,경상,화물,남,61세,상해없음
2018060400100089,2018년 6월 4일 07시,월요일,경상북도 영덕군 영덕읍,경상사고,0,0,1,0,차대차 - 측면충돌,직진우회전진행방해,건조,맑음,교차로 - 교차로안,승합,남,46세,상해없음,화물,남,49세,경상
2018060400100090,2018년 6월 4일 07시,월요일,경상북도 구미시 원평동,경상사고,0,0,1,0,차대차 - 기타,신호위반,건조,맑음,교차로 - 교차로안,승용,남,74세,경상,승용,남,51세,상해없음
2018060400100091,2018년 6월 4일 07시,월요일,경상북도 포항시 남구 오천읍,중상사고,0,1,0,0,차대사람 - 횡단중,안전운전불이행,건조,맑음,교차로 - 교차로부근,승용,여,53세,상해없음,보행자,남,6세,중상
2018060400100092,2018년 6월 4일 07시,월요일,경상북도 포항시 남구 동촌동,경상사고,0,0,2,0,차대차 - 추돌,안전거리미확보,건조,맑음,단일로 - 기타,승용,남,50세,상해없음,이륜,남,40세,경상
2018060400100138,2018년 6월 4일 08시,월요일,경상북도 경주시 노서동,경상사고,0,0,1,0,차대차 - 측면충돌,안전운전불이행,건조,맑음,교차로 - 교차로안,승용,남,45세,상해없음,이륜,남,64세,경상
2018060400100139,2018년 6월 4일 08시,월요일,경상북도 영천시 조교동,경상사고,0,0,1,0,차대차 - 측면충돌,신호위반,건조,맑음,교차로 - 교차로안,승용,여,52세,상해없음,승용,여,58세,경상
2018060400100140,2018년 6월 4일 08시,월요일,경상북도 성주군 대가면,중상사고,0,1,0,0,차대차 - 정면충돌,안전운전불이행,건조,맑음,단일로 - 기타,승용,여,53세,상해없음,승용,여,63세,중상
2018060400100141,2018년 6월 4일 08시,월요일,경상북도 고령군 성산면,중상사고,0,1,2,0,차대차 - 측면충돌,교차로운행방법위반,건조,맑음,교차로 - 교차로안,화물,남,70세,경상,승용,여,28세,경상
2018060400100183,2018년 6월 4일 09시,월요일,경상북도 포항시 북구 죽도동,경상사고,0,0,1,0,차대사람 - 길가장자리구역통행중,안전운전불이행,건조,맑음,단일로 - 기타,승용,여,59세,상해없음,보행자,남,54세,경상
2018060400100184,2018년 6월 4일 09시,월요일,경상북도 의성군 금성면,중상사고,0,1,0,0,차대차 - 측면충돌,중앙선침범,건조,맑음,단일로 - 기타,농기계,남,73세,중상,승용,남,78세,상해없음
2018060400100213,2018년 6월 4일 10시,월요일,경상북도 안동시 임하면,경상사고,0,0,3,0,차대차 - 측면충돌,중앙선침범,건조,맑음,단일로 - 기타,화물,남,66세,상해없음,승합,남,54세,상해없음
2018060400100214,2018년 6월 4일 10시,월요일,경상북도 구미시 인의동,경상사고,0,0,3,0,차대차 - 기타,안전운전불이행,건조,맑음,단일로 - 기타,화물,남,56세,상해없음,승용,남,68세,경상
2018060400100249,2018년 6월 4일 11시,월요일,경상북도 포항시 북구 죽도동,중상사고,0,1,1,0,차량단독 - 기타,기타,건조,맑음,단일로 - 기타,승용,남,59세,상해없음,,,,
2018060400100250,2018년 6월 4일 11시,월요일,경상북도 경산시 압량면,중상사고,0,2,0,0,차대차 - 추돌,안전운전불이행,건조,맑음,단일로 - 기타,승용,남,57세,중상,승용,남,51세,상해없음
2018060400100276,2018년 6월 4일 12시,월요일,경상북도 성주군 벽진면,중상사고,0,1,1,0,차대차 - 추돌,안전운전불이행,건조,맑음,단일로 - 기타,승용,여,59세,경상,승용,남,56세,기타불명
2018060400100319,2018년 6월 4일 13시,월요일,경상북도 경주시 용강동,부상신고사고,0,0,0,1,차량단독 - 공작물충돌,안전운전불이행,젖음/습기,맑음,단일로 - 기타,이륜,남,28세,부상신고,,,,
2018060400100320,2018년 6월 4일 13시,월요일,경상북도 칠곡군 동명면,중상사고,0,1,1,0,차대사람 - 횡단중,안전운전불이행,건조,맑음,단일로 - 기타,화물,남,45세,경상,보행자,여,38세,중상