사고번호,사고일시,요일,시군구,사고내용,사망자수,중상자수,경상자수,부상신고자수,사고유형,법규위반,노면상태,기상상태,도로형태,가해운전자 차종,가해운전자 성별,가해운전자 연령,가해운전자 상해정도,피해운전자 차종,피해운전자 성별,피해운전자 연령,피해운전자 상해정도
2018060400100321,2018년 6월 4일 13시,월요일,경상북도 청송군 청송읍,중상사고,0,1,1,0,차대차 - 정면충돌,중앙선침범,건조,맑음,단일로 - 기타,승용,남,27세,경상,화물,남,73세,중상
2018060400100353,2018년 6월 4일 14시,월요일,경상북도 경주시 용강동,중상사고,0,2,0,0,차대차 - 추돌,안전운전불이행,건조,맑음,교차로 - 교차로안,승용,남,66세,상해없음,승용,남,62세,중상
2018060400100377,2018년 6월 4일 15시,월요일,경상북도 경주시 충효동,경상사고,0,0,2,0,차대차 - 측면충돌,안전운전불이행,건조,맑음,단일로 - 기타,승용,남,76세,경상,건설기계,남,61세,경상
2018060400100378,2018년 6월 4일 15시,월요일,경상북도 상주시 연원동,중상사고,0,1,2,0,차대차 - 측면충돌,안전거리미확보,건조,맑음,단일로 - 기타,승용,남,69세,상해없음,승합,남,59세,상해없음
2018060400100379,2018년 6월 4일 15시,월요일,경상북도 성주군 대가면,경상사고,0,0,1,0,차대차 - 측면충돌,안전운전불이행,건조,맑음,단일로 - 기타,승용,남,63세,상해없음,승용,여,56세,경상
2018060400100414,2018년 6월 4일 16시,월요일,경상북도 안동시 와룡면,경상사고,0,0,1,0,차대차 - 후진중충돌,안전운전불이행,건조,맑음,단일로 - 기타,화물,여,52세,상해없음,화물,남,48세,경상
2018060400100415,2018년 6월 4일 16시,월요일,경상북도 김천시 아포읍,경상사고,0,0,1,0,차대차 - 추돌,안전거리미확보,건조,맑음,단일로 - 기타,화물,남,27세,상해없음,화물,여,42세,경상
2018060400100416,2018년 6월 4일 16시,월요일,경상북도 경산시 중방동,경상사고,0,0,1,0,차대차 - 추돌,안전운전불이행,건조,맑음,단일로 - 기타,화물,남,39세,상해없음,승용,여,56세,경상
2018060400100417,2018년 6월 4일 16시,월요일,경상북도 구미시 공단동,중상사고,0,1,0,0,차대차 - 측면충돌,안전운전불이행,건조,맑음,단일로 - 기타,승용,남,52세,상해없음,자전거,남,59세,중상
2018060400100463,2018년 6월 4일 17시,월요일,경상북도 구미시 황상동,경상사고,0,0,1,0,차대차 - 측면충돌,교차로운행방법위반,건조,맑음,교차로 - 교차로안,승용,남,40세,상해없음,자전거,남,20세,경상
2018060400100464,2018년 6월 4일 17시,월요일,경상북도 구미시 공단동,중상사고,0,1,0,0,차대차 - 측면충돌,교차로운행방법위반,건조,맑음,교차로 - 교차로안,승용,남,57세,상해없음,이륜,남,53세,중상
2018060400100465,2018년 6월 4일 17시,월요일,경상북도 포항시 남구 대도동,경상사고,0,0,4,0,차대차 - 기타,신호위반,건조,맑음,교차로 - 교차로안,승용,남,27세,경상,승용,남,54세,상해없음
2018060400100466,2018년 6월 4일 17시,월요일,경상북도 포항시 남구 청림동,중상사고,0,1,0,1,차대차 - 추돌,안전거리미확보,건조,맑음,단일로 - 교량,건설기계,남,59세,상해없음,화물,남,33세,부상신고
2018060400100511,2018년 6월 4일 18시,월요일,경상북도 김천시 아포읍,사망사고,1,1,0,0,차대차 - 기타,안전운전불이행,건조,맑음,단일로 - 기타,승용,여,55세,사망,화물,남,54세,중상
2018060400100548,2018년 6월 4일 19시,월요일,경상북도 포항시 북구 득량동,경상사고,0,0,2,0,차대차 - 측면충돌,안전운전불이행,건조,맑음,단일로 - 기타,승용,남,18세,경상,승용,남,43세,경상
2018060400100549,2018년 6월 4일 19시,월요일,경상북도 김천시 삼락동,경상사고,0,0,2,0,차대차 - 측면충돌,신호위반,건조,맑음,교차로 - 교차로안,이륜,남,37세,상해없음,승용,여,46세,경상
2018060400100600,2018년 6월 4일 21시,월요일,경상북도 영천시 금호읍,중상사고,0,1,0,0,차량단독 - 도로외이탈 - 추락,안전운전불이행,건조,맑음,단일로 - 기타,승용,남,59세,중상,,,,
2018060400100629,2018년 6월 4일 22시,월요일,경상북도 영천시 완산동,중상사고,0,1,0,0,차대사람 - 횡단중,안전운전불이행,건조,맑음,단일로 - 기타,승용,여,59세,상해없음,보행자,남,74세,중상
2018060400100648,2018년 6월 4일 23시,월요일,경상북도 경산시 사동,중상사고,0,1,0,0,차대사람 - 차도통행중,교차로운행방법위반,건조,맑음,교차로 - 교차로안,화물,남,53세,상해없음,보행자,남,63세,중상
2018060500100048,2018년 6월 5일 04시,화요일,경상북도 포항시 북구 용흥동,사망사고,1,0,0,0,차대사람 - 횡단중,안전운전불이행,건조,맑음,단일로 - 기타,승용,남,65세,상해없음,보행자,남,71세,사망
2018060500100065,2018년 6월 5일 06시,화요일,경상북도 구미시 황상동,중상사고,0,1,0,0,차대차 - 기타,안전운전불이행,건조,맑음,교차로 - 교차로안,승용,남,53세,상해없음,이륜,남,60세,중상
2018060500100093,2018년 6월 5일 07시,화요일,경상북도 경주시 안강읍,경상사고,0,0,1,0,차대차 - 측면충돌,안전운전불이행,건조,맑음,교차로 - 교차로안,화물,남,53세,상해없음,자전거,남,82세,경상
2018060500100094,2018년 6월 5일 07시,화요일,경상북도 김천시 아포읍,경상사고,0,0,2,0,차대차 - 측면충돌,교차로운행방법위반,건조,맑음,교차로 - 교차로안,승용,여,53세,경상,건설기계,남,61세,경상
2018060500100126,2018년 6월 5일 08시,화요일,경상북도 영주시 풍기읍,중상사고,0,1,0,0,차대사람 - 횡단중,안전운전불이행,건조,맑음,단일로 - 기타,승용,남,63세,상해없음,보행자,여,42세,중상
2018060500100174,2018년 6월 5일 09시,화요일,경상북도 경주시 성건동,중상사고,0,1,0,0,차대사람 - 횡단중,신호위반,건조,맑음,교차로 - 교차로횡단보도내,승용,남,57세,상해없음,보행자,남,77세,중상
2018060500100175,2018년 6월 5일 09시,화요일,경상북도 문경시 점촌동,중상사고,0,1,0,0,차대사람 - 횡단중,보행자보호의무위반,건조,맑음,단일로 - 기타,승용,남,79세,상해없음,보행자,여,76세,중상
2018060500100176,2018년 6월 5일 09시,화요일,경상북도 성주군 성주읍,중상사고,0,1,0,0,차대차 - 측면충돌,안전운전불이행,건조,맑음,교차로 - 교차로안,승용,여,40세,상해없음,이륜,남,79세,중상
2018060500100237,2018년 6월 5일 11시,화요일,경상북도 포항시 북구 기계면,중상사고,0,2,1,0,차대차 - 측면충돌,신호위반,건조,흐림,교차로 - 교차로안,승용,남,70세,기타불명,승용,여,23세,중상
2018060500100238,2018년 6월 5일 11시,화요일,경상북도 영천시 작산동,경상사고,0,0,3,0,차대차 - 측면충돌,교차로운행방법위반,건조,맑음,교차로 - 교차로안,승용,여,59세,경상,승용,남,47세,경상
2018060500100239,2018년 6월 5일 11시,화요일,경상북도 예천군 유천면,중상사고,0,1,0,0,차대차 - 추돌,과속,건조,맑음,단일로 - 기타,화물,남,57세,중상,화물,남,32세,상해없음
2018060500100327,2018년 6월 5일 14시,화요일,경상북도 경주시 용강동,경상사고,0,0,1,0,차대차 - 측면충돌,안전운전불이행,건조,맑음,교차로 - 교차로안,이륜,여,49세,경상,승합,남,46세,상해없음
2018060500100328,2018년 6월 5일 14시,화요일,경상북도 안동시 옥동,경상사고,0,0,1,0,차대차 - 측면충돌,안전운전불이행,건조,맑음,단일로 - 기타,화물,남,66세,상해없음,승용,여,38세,경상
2018060500100329,2018년 6월 5일 14시,화요일,경상북도 상주시 신봉동,경상사고,0,0,1,0,차대차 - 측면충돌,안전운전불이행,건조,맑음,교차로 - 교차로안,승용,여,53세,상해없음,자전거,남,76세,경상
2018060500100330,2018년 6월 5일 14시,화요일,경상북도 영주시 하망동,경상사고,0,0,1,0,차대차 - 측면충돌,안전운전불이행,건조,맑음,단일로 - 기타,승용,남,48세,상해없음,이륜,남,74세,경상
2018060500100331,2018년 6월 5일 14시,화요일,경상북도 칠곡군 약목면,경상사고,0,0,1,0,차대차 - 정면충돌,안전운전불이행,건조,맑음,단일로 - 고가도로위,화물,남,38세,경상,화물,남,71세,상해없음
2018060500100368,2018년 6월 5일 15시,화요일,경상북도 경주시 성건동,경상사고,0,0,7,0,차대차 - 측면충돌,안전거리미확보,건조,맑음,교차로 - 교차로안,승용,남,45세,상해없음,승합,남,61세,경상
2018060500100369,2018년 6월 5일 15시,화요일,경상북도 경주시 구정동,경상사고,0,0,1,0,차대차 - 후진중충돌,안전운전불이행,건조,맑음,교차로 - 교차로부근,승용,여,55세,경상,승용,여,44세,기타불명
2018060500100370,2018년 6월 5일 15시,화요일,경상북도 칠곡군 왜관읍,경상사고,0,0,1,0,차대차 - 측면충돌,안전운전불이행,건조,맑음,주차장 - 주차장,승용,여,23세,상해없음,승용,남,25세,경상
2018060500100408,2018년 6월 5일 16시,화요일,경상북도 안동시 용상동,경상사고,0,0,6,0,차대차 - 측면충돌,안전운전불이행,건조,맑음,교차로 - 교차로부근,승용,여,65세,상해없음,승용,여,31세,경상
2018060500100409,2018년 6월 5일 16시,화요일,경상북도 김천시 교동,경상사고,0,0,1,0,차대사람 - 보도통행중,안전운전불이행,건조,맑음,단일로 - 기타,자전거,남,18세,상해없음,보행자,여,7세,경상
2018060500100410,2018년 6월 5일 16시,화요일,경상북도 영덕군 강구면,경상사고,0,0,1,0,차대사람 - 기타,안전운전불이행,건조,맑음,단일로 - 기타,승용,남,70세,상해없음,보행자,여,49세,경상
2018060500100454,2018년 6월 5일 17시,화요일,경상북도 포항시 북구 죽도동,경상사고,0,0,1,0,차대차 - 측면충돌,차로위반,건조,맑음,단일로 - 기타,승용,여,59세,상해없음,승용,여,61세,경상
2018060500100455,2018년 6월 5일 17시,화요일,경상북도 안동시 수상동,경상사고,0,0,2,0,차대차 - 추돌,안전운전불이행,건조,맑음,교차로 - 교차로부근,승용,남,67세,상해없음,승용,남,46세,경상
2018060500100456,2018년 6월 5일 17시,화요일,경상북도 경산시 와촌면,중상사고,0,1,0,0,차대사람 - 차도통행중,안전운전불이행,건조,맑음,단일로 - 기타,화물,남,59세,상해없음,보행자,남,64세,중상
2018060500100457,2018년 6월 5일 17시,화요일,경상북도 경산시 진량읍,중상사고,0,1,0,0,차대차 - 측면충돌,안전운전불이행,건조,맑음,단일로 - 기타,화물,남,66세,상해없음,승용,여,62세,중상
2018060500100518,2018년 6월 5일 18시,화요일,경상북도 경주시 황성동,경상사고,0,0,2,0,차대차 - 측면충돌,안전운전불이행,건조,맑음,교차로 - 교차로부근,승용,기타불명,미분류,기타불명,승용,남,54세,경상
2018060500100519,2018년 6월 5일 18시,화요일,경상북도 울진군 후포면,중상사고,0,1,0,0,차대차 - 기타,안전운전불이행,건조,맑음,단일로 - 교량,승용,여,40세,상해없음,자전거,여,64세,중상
2018060500100547,2018년 6월 5일 19시,화요일,경상북도 포항시 북구 창포동,경상사고,0,0,1,0,차대차 - 기타,차로위반,건조,맑음,단일로 - 기타,승용,여,42세,상해없음,승용,남,46세,상해없음
2018060500100548,2018년 6월 5일 19시,화요일,경상북도 경산시 중산동,경상사고,0,0,1,0,차대차 - 기타,안전운전불이행,건조,맑음,단일로 - 기타,승용,남,58세,상해없음,승용,여,41세,경상
2018060500100549,2018년 6월 5일 19시,화요일,경상북도 구미시 봉곡동,경상사고,0,0,1,0,차대차 - 기타,안전운전불이행,건조,맑음,단일로 - 기타,자전거,남,13세,상해없음,자전거,여,64세,경상
2018060500100550,2018년 6월 5일 19시,화요일,경상북도 포항시 남구 오천읍,중상사고,0,1,0,0,차대사람 - 기타,안전운전불이행,건조,맑음,단일로 - 기타,화물,남,39세,상해없음,보행자,여,5세,중상
2018060500100551,2018년 6월 5일 19시,화요일,경상북도 의성군 안평면,경상사고,0,0,1,0,차량단독 - 공작물충돌,안전운전불이행,건조,맑음,단일로 - 기타,승용,남,19세,상해없음,,,,
2018060500100580,2018년 6월 5일 20시,화요일,경상북도 경주시 동천동,부상신고사고,0,0,0,1,차대사람 - 횡단중,안전운전불이행,건조,맑음,교차로 - 교차로부근,승용,여,41세,상해없음,보행자,남,54세,부상신고
2018060500100581,2018년 6월 5일 20시,화요일,경상북도 영주시 상망동,부상신고사고,0,0,0,1,차대사람 - 횡단중,안전운전불이행,건조,맑음,단일로 - 기타,화물,남,39세,상해없음,보행자,여,10세,부상신고
2018060500100609,2018년 6월 5일 21시,화요일,경상북도 포항시 북구 흥해읍,중상사고,0,1,1,0,차대차 - 측면충돌,중앙선침범,건조,맑음,단일로 - 기타,승용,남,31세,경상,승용,남,48세,중상
2018060500100647,2018년 6월 5일 22시,화요일,경상북도 경주시 구황동,경상사고,0,0,1,0,차대차 - 측면충돌,신호위반,건조,맑음,교차로 - 교차로안,승용,여,45세,상해없음,승용,여,36세,경상
2018060500100648,2018년 6월 5일 22시,화요일,경상북도 김천시 평화동,경상사고,0,0,1,0,차대차 - 정면충돌,중앙선침범,건조,맑음,단일로 - 기타,승용,남,68세,상해없음,이륜,남,47세,경상
2018060600100018,2018년 6월 6일 00시,수요일,경상북도 구미시 황상동,부상신고사고,0,0,0,1,차대차 - 기타,교차로운행방법위반,건조,맑음,교차로 - 교차로안,이륜,남,21세,부상신고,승용,남,29세,상해없음
2018060600100019,2018년 6월 6일 00시,수요일,경상북도 포항시 남구 오천읍,경상사고,0,0,1,0,차대차 - 측면충돌,교차로운행방법위반,건조,맑음,교차로 - 교차로부근,승용,남,30세,상해없음,승용,남,40세,경상
2018060600100034,2018년 6월 6일 01시,수요일,경상북도 영천시 야사동,경상사고,0,0,2,0,차대차 - 후진중충돌,안전운전불이행,건조,맑음,주차장 - 주차장,승용,남,50세,상해없음,승합,남,39세,기타불명
2018060600100035,2018년 6월 6일 01시,수요일,경상북도 문경시 점촌동,경상사고,0,0,1,0,차대사람 - 기타,안전운전불이행,건조,맑음,교차로 - 교차로안,승용,남,69세,상해없음,보행자,남,50세,경상
2018060600100104,2018년 6월 6일 06시,수요일,경상북도 경주시 내남면,경상사고,0,0,1,0,차량단독 - 공작물충돌,안전운전불이행,건조,맑음,단일로 - 기타,승용,남,27세,경상,,,,
2018060600100121,2018년 6월 6일 07시,수요일,경상북도 김천시 남면,중상사고,0,2,1,0,차대차 - 측면충돌,차로위반,건조,맑음,단일로 - 기타,승용,여,53세,경상,승용,남,66세,중상
2018060600100122,2018년 6월 6일 07시,수요일,경상북도 구미시 선기동,경상사고,0,0,1,0,차대차 - 추돌,안전운전불이행,건조,맑음,단일로 - 기타,화물,남,47세,상해없음,화물,남,54세,경상
2018060600100155,2018년 6월 6일 09시,수요일,경상북도 안동시 정상동,경상사고,0,0,2,0,차대차 - 정면충돌,안전운전불이행,건조,맑음,기타 - 기타,승용,여,50세,경상,건설기계,남,62세,경상
2018060600100156,2018년 6월 6일 09시,수요일,경상북도 칠곡군 왜관읍,부상신고사고,0,0,0,1,차대차 - 측면충돌,교차로운행방법위반,건조,맑음,교차로 - 교차로안,이륜,남,63세,부상신고,승용,여,51세,상해없음
2018060600100171,2018년 6월 6일 10시,수요일,경상북도 포항시 북구 죽도동,경상사고,0,0,3,0,차대차 - 측면충돌,신호위반,건조,맑음,교차로 - 교차로안,승용,남,68세,경상,승용,남,71세,경상
2018060600100172,2018년 6월 6일 10시,수요일,경상북도 성주군 성주읍,중상사고,0,1,0,0,차대사람 - 횡단중,안전운전불이행,건조,맑음,교차로 - 교차로안,승용,남,46세,상해없음,보행자,남,5세,중상
2018060600100173,2018년 6월 6일 10시,수요일,경상북도 포항시 남구 해도동,경상사고,0,0,1,0,차대차 - 측면충돌,안전운전불이행,건조,맑음,단일로 - 기타,승용,남,59세,상해없음,화물,남,28세,경상
2018060600100200,2018년 6월 6일 11시,수요일,경상북도 경주시 성건동,중상사고,0,1,0,0,차대사람 - 횡단중,안전운전불이행,건조,맑음,교차로 - 교차로안,승용,여,37세,상해없음,보행자,남,45세,중상
2018060600100201,2018년 6월 6일 11시,수요일,경상북도 포항시 북구 학산동,중상사고,0,1,0,0,차대사람 - 차도통행중,안전운전불이행,건조,맑음,단일로 - 기타,승용,여,31세,상해없음,보행자,여,82세,중상
2018060600100202,2018년 6월 6일 11시,수요일,경상북도 의성군 다인면,중상사고,0,1,1,0,차대차 - 측면충돌,안전거리미확보,건조,맑음,단일로 - 기타,승용,남,63세,상해없음,승용,남,42세,상해없음
2018060600100203,2018년 6월 6일 11시,수요일,경상북도 경산시 정평동,중상사고,0,1,0,0,차대사람 - 기타,기타,건조,맑음,교차로 - 교차로안,승용,여,60세,상해없음,보행자,남,90세 이상,중상
2018060600100240,2018년 6월 6일 12시,수요일,경상북도 경주시 하동,경상사고,0,0,2,0,차대차 - 추돌,안전운전불이행,건조,맑음,교차로 - 교차로안,화물,여,48세,상해없음,승용,남,28세,경상
2018060600100241,2018년 6월 6일 12시,수요일,경상북도 의성군 비안면,중상사고,0,1,0,0,차대차 - 정면충돌,안전운전불이행,건조,맑음,교차로 - 교차로부근,승용,남,65세,상해없음,이륜,남,76세,중상
2018060600100242,2018년 6월 6일 12시,수요일,경상북도 영천시 대창면,중상사고,0,2,0,0,차대차 - 정면충돌,중앙선침범,건조,맑음,단일로 - 기타,화물,남,54세,상해없음,승용,남,67세,중상
2018060600100243,2018년 6월 6일 12시,수요일,경상북도 문경시 문경읍,경상사고,0,0,1,0,차량단독 - 기타,안전운전불이행,건조,맑음,단일로 - 기타,승용,남,34세,경상,,,,
2018060600100266,2018년 6월 6일 13시,수요일,경상북도 경주시 성건동,중상사고,0,1,0,0,차대사람 - 횡단중,안전운전불이행,건조,맑음,단일로 - 기타,승용,남,60세,상해없음,보행자,여,55세,중상
2018060600100267,2018년 6월 6일 13시,수요일,경상북도 구미시 고아읍,경상사고,0,0,2,0,차대차 - 정면충돌,안전운전불이행,건조,맑음,교차로 - 교차로안,승용,남,65세,상해없음,승용,남,55세,경상
2018060600100312,2018년 6월 6일 14시,수요일,경상북도 경주시 동천동,부상신고사고,0,0,0,1,차대차 - 측면충돌,직진우회전진행방해,건조,맑음,교차로 - 교차로안,승용,남,41세,부상신고,승용,여,32세,상해없음
2018060600100313,2018년 6월 6일 14시,수요일,경상북도 영주시 조암동,경상사고,0,0,1,0,차대차 - 측면충돌,기타,건조,맑음,단일로 - 기타,승용,여,59세,상해없음,승용,남,36세,기타불명
2018060600100314,2018년 6월 6일 14시,수요일,경상북도 고령군 대가야읍,경상사고,0,0,1,0,차대차 - 측면충돌,안전운전불이행,건조,맑음,교차로 - 교차로안,이륜,남,73세,경상,승용,여,39세,상해없음
2018060600100315,2018년 6월 6일 14시,수요일,경상북도 구미시 인의동,경상사고,0,0,1,0,차대사람 - 횡단중,보행자보호의무위반,건조,맑음,교차로 - 교차로횡단보도내,승용,여,53세,상해없음,보행자,여,41세,경상
2018060600100353,2018년 6월 6일 15시,수요일,경상북도 영주시 풍기읍,경상사고,0,0,2,0,차대차 - 측면충돌,교차로운행방법위반,건조,맑음,교차로 - 교차로안,승용,남,21세,상해없음,승합,남,51세,상해없음
2018060600100354,2018년 6월 6일 15시,수요일,경상북도 영덕군 강구면,경상사고,0,0,1,0,차대사람 - 길가장자리구역통행중,안전운전불이행,건조,맑음,단일로 - 기타,승용,남,70세,상해없음,보행자,여,53세,경상
2018060600100388,2018년 6월 6일 16시,수요일,경상북도 경산시 압량면,경상사고,0,0,1,0,차대사람 - 횡단중,안전운전불이행,건조,맑음,교차로 - 교차로안,건설기계,남,52세,상해없음,보행자,남,13세,경상
2018060600100389,2018년 6월 6일 16시,수요일,경상북도 영양군 영양읍,경상사고,0,0,1,0,차대차 - 측면충돌,안전운전불이행,건조,맑음,단일로 - 기타,이륜,남,28세,경상,승용,여,37세,상해없음
2018060600100426,2018년 6월 6일 17시,수요일,경상북도 구미시 공단동,부상신고사고,0,0,0,1,차대차 - 기타,안전거리미확보,건조,맑음,교차로 - 교차로부근,이륜,남,72세,부상신고,승합,남,55세,상해없음
2018060600100427,2018년 6월 6일 17시,수요일,경상북도 구미시 공단동,중상사고,0,1,0,0,차대차 - 기타,교차로운행방법위반,건조,맑음,교차로 - 교차로안,승용,남,43세,상해없음,이륜,남,48세,중상
2018060600100458,2018년 6월 6일 18시,수요일,경상북도 포항시 북구 흥해읍,경상사고,0,0,2,0,차대차 - 추돌,안전거리미확보,건조,맑음,단일로 - 기타,승용,남,39세,상해없음,승용,여,38세,경상
2018060600100459,2018년 6월 6일 18시,수요일,경상북도 영덕군 달산면,경상사고,0,0,1,0,차대사람 - 차도통행중,안전운전불이행,건조,맑음,단일로 - 교량,승용,남,68세,상해없음,보행자,남,31세,경상
2018060600100460,2018년 6월 6일 18시,수요일,경상북도 구미시 공단동,부상신고사고,0,0,0,1,차대차 - 측면충돌,안전운전불이행,건조,맑음,교차로 - 교차로안,원동기,남,38세,부상신고,승용,남,30세,상해없음
2018060600100487,2018년 6월 6일 19시,수요일,경상북도 구미시 상모동,부상신고사고,0,0,0,1,차대차 - 측면충돌,안전운전불이행,건조,맑음,단일로 - 기타,자전거,남,7세,부상신고,이륜,남,34세,상해없음
2018060600100509,2018년 6월 6일 20시,수요일,경상북도 안동시 정하동,중상사고,0,2,2,0,차대차 - 정면충돌,신호위반,건조,맑음,교차로 - 교차로안,승용,여,44세,상해없음,승용,남,34세,중상
2018060600100510,2018년 6월 6일 20시,수요일,경상북도 경산시 갑제동,경상사고,0,0,1,0,차대차 - 기타,안전운전불이행,건조,맑음,단일로 - 기타,화물,남,60세,상해없음,승용,남,50세,경상
2018060600100532,2018년 6월 6일 21시,수요일,경상북도 상주시 냉림동,경상사고,0,0,1,0,차대사람 - 횡단중,안전운전불이행,건조,맑음,단일로 - 기타,승용,여,63세,상해없음,보행자,남,76세,경상
2018060600100533,2018년 6월 6일 21시,수요일,경상북도 경산시 하양읍,경상사고,0,0,2,0,차대차 - 측면충돌,교차로운행방법위반,건조,맑음,교차로 - 교차로안,이륜,남,21세,상해없음,승용,남,23세,경상
2018060600100534,2018년 6월 6일 21시,수요일,경상북도 구미시 인의동,중상사고,0,4,1,0,차대차 - 측면충돌,신호위반,건조,맑음,교차로 - 교차로안,승용,여,37세,상해없음,이륜,남,31세,중상
2018060600100563,2018년 6월 6일 22시,수요일,경상북도 경산시 진량읍,중상사고,0,1,0,0,차대차 - 측면충돌,안전운전불이행,건조,맑음,단일로 - 기타,승용,남,30세,상해없음,자전거,남,41세,중상
2018060600100581,2018년 6월 6일 23시,수요일,경상북도 영천시 화남면,부상신고사고,0,0,0,1,차량단독 - 도로외이탈 - 기타,안전운전불이행,건조,맑음,단일로 - 기타,승용,여,34세,부상신고,,,,
2018060700100008,2018년 6월 7일 00시,목요일,경상북도 경산시 압량면,경상사고,0,0,1,0,차대차 - 후진중충돌,안전운전불이행,건조,맑음,교차로 - 교차로안,승용,남,34세,상해없음,승용,남,49세,경상
2018060700100055,2018년 6월 7일 06시,목요일,경상북도 상주시 신봉동,중상사고,0,1,0,0,차대차 - 측면충돌,교차로운행방법위반,건조,맑음,교차로 - 교차로안,승용,남,65세,상해없음,이륜,여,60세,중상
2018060700100112,2018년 6월 7일 08시,목요일,경상북도 포항시 북구 죽도동,경상사고,0,0,1,0,차대차 - 추돌,안전거리미확보,건조,맑음,교차로 - 교차로부근,승용,남,56세,상해없음,승합,남,56세,경상
2018060700100113,2018년 6월 7일 08시,목요일,경상북도 안동시 임동면,중상사고,0,1,0,0,차량단독 - 공작물충돌,안전운전불이행,건조,맑음,단일로 - 기타,승용,여,61세,중상,,,,
2018060700100114,2018년 6월 7일 08시,목요일,경상북도 구미시 원평동,경상사고,0,0,1,0,차대차 - 측면충돌,직진우회전진행방해,건조,맑음,교차로 - 교차로안,원동기,남,49세,경상,승합,남,18세,상해없음
2018060700100155,2018년 6월 7일 09시,목요일,경상북도 포항시 남구 송도동,중상사고,0,1,0,0,차대차 - 측면충돌,안전운전불이행,건조,맑음,교차로 - 교차로안,승용,여,50세,상해없음,승용,남,59세,중상
2018060700100182,2018년 6월 7일 10시,목요일,경상북도 상주시 낙양동,경상사고,0,0,1,0,차대차 - 측면충돌,안전운전불이행,건조,맑음,교차로 - 교차로안,화물,남,64세,상해없음,자전거,여,67세,경상
2018060700100183,2018년 6월 7일 10시,목요일,경상북도 영덕군 영덕읍,경상사고,0,0,1,0,차대차 - 측면충돌,신호위반,건조,맑음,교차로 - 교차로안,승용,남,67세,상해없음,승용,여,64세,경상
2018060700100184,2018년 6월 7일 10시,목요일,경상북도 성주군 용암면,경상사고,0,0,1,0,차대차 - 측면충돌,안전운전불이행,건조,맑음,교차로 - 교차로안,승용,남,54세,상해없음,화물,남,67세,경상
2018060700100246,2018년 6월 7일 12시,목요일,경상북도 경주시 황남동,중상사고,0,1,0,0,차대사람 - 기타,안전운전불이행,건조,맑음,단일로 - 기타,이륜,남,27세,상해없음,보행자,여,39세,중상
2018060700100247,2018년 6월 7일 12시,목요일,경상북도 구미시 선산읍,경상사고,0,0,1,0,차대차 - 측면충돌,안전운전불이행,건조,맑음,교차로 - 교차로안,승용,남,42세,상해없음,승용,남,51세,경상
2018060700100277,2018년 6월 7일 13시,목요일,경상북도 영주시 휴천동,중상사고,0,1,0,0,차대차 - 측면충돌,안전운전불이행,건조,맑음,교차로 - 교차로안,승용,남,86세,상해없음,이륜,남,68세,중상
2018060700100301,2018년 6월 7일 14시,목요일,경상북도 예천군 예천읍,중상사고,0,1,0,0,차대차 - 측면충돌,안전운전불이행,건조,맑음,단일로 - 기타,승용,남,25세,상해없음,이륜,남,41세,중상
2018060700100302,2018년 6월 7일 14시,목요일,경상북도 구미시 진평동,부상신고사고,0,0,0,1,차대차 - 기타,안전운전불이행,건조,맑음,단일로 - 기타,자전거,남,27세,부상신고,승용,남,45세,상해없음
2018060700100303,2018년 6월 7일 14시,목요일,경상북도 구미시 도량동,부상신고사고,0,0,0,1,차량단독 - 기타,안전운전불이행,건조,맑음,단일로 - 기타,이륜,남,19세,부상신고,,,,
2018060700100304,2018년 6월 7일 14시,목요일,경상북도 구미시 비산동,경상사고,0,0,1,0,차대차 - 기타,안전운전불이행,건조,맑음,교차로 - 교차로안,특수,남,36세,상해없음,승용,여,51세,경상
2018060700100335,2018년 6월 7일 15시,목요일,경상북도 구미시 구포동,중상사고,0,1,0,0,차대차 - 기타,안전운전불이행,건조,맑음,교차로 - 교차로안,화물,남,37세,상해없음,이륜,남,35세,중상
2018060700100336,2018년 6월 7일 15시,목요일,경상북도 구미시 공단동,경상사고,0,0,1,0,차대차 - 기타,신호위반,건조,맑음,교차로 - 교차로횡단보도내,승용,여,56세,상해없음,승용,여,49세,경상
2018060700100337,2018년 6월 7일 15시,목요일,경상북도 구미시 고아읍,경상사고,0,0,1,0,차대사람 - 횡단중,보행자보호의무위반,건조,맑음,교차로 - 교차로횡단보도내,승용,여,54세,상해없음,보행자,남,7세,경상
2018060700100372,2018년 6월 7일 16시,목요일,경상북도 예천군 은풍면,중상사고,0,1,1,0,차대차 - 측면충돌,교차로운행방법위반,건조,맑음,교차로 - 교차로안,화물,남,55세,상해없음,승용,남,62세,경상
2018060700100373,2018년 6월 7일 16시,목요일,경상북도 구미시 봉곡동,중상사고,0,1,0,0,차대사람 - 횡단중,보행자보호의무위반,건조,맑음,교차로 - 교차로횡단보도내,승용,여,46세,상해없음,보행자,여,40세,중상
2018060700100405,2018년 6월 7일 17시,목요일,경상북도 포항시 북구 환호동,경상사고,0,0,1,0,차대차 - 후진중충돌,안전운전불이행,건조,맑음,교차로 - 교차로부근,승용,남,35세,상해없음,자전거,남,47세,경상
2018060700100406,2018년 6월 7일 17시,목요일,경상북도 포항시 북구 기북면,중상사고,0,1,0,0,차대차 - 측면충돌,교차로운행방법위반,건조,맑음,교차로 - 교차로안,원동기,남,79세,중상,화물,남,54세,상해없음