사고번호,사고일시,요일,시군구,사고내용,사망자수,중상자수,경상자수,부상신고자수,사고유형,법규위반,노면상태,기상상태,도로형태,가해운전자 차종,가해운전자 성별,가해운전자 연령,가해운전자 상해정도,피해운전자 차종,피해운전자 성별,피해운전자 연령,피해운전자 상해정도
2018061100100180,2018년 6월 11일 10시,월요일,경상북도 칠곡군 왜관읍,경상사고,0,0,1,0,차대차 - 추돌,안전운전불이행,건조,맑음,단일로 - 기타,화물,남,54세,상해없음,승용,남,48세,경상
2018061100100181,2018년 6월 11일 10시,월요일,경상북도 영덕군 영덕읍,중상사고,0,2,1,0,차대차 - 측면충돌,직진우회전진행방해,젖음/습기,흐림,교차로 - 교차로안,승용,남,46세,중상,화물,남,53세,경상
2018061100100208,2018년 6월 11일 11시,월요일,경상북도 울릉군 울릉읍,중상사고,0,2,0,0,차대차 - 측면충돌,교차로운행방법위반,건조,맑음,교차로 - 교차로안,화물,남,61세,상해없음,사륜오토바이(ATV),남,72세,중상
2018061100100244,2018년 6월 11일 12시,월요일,경상북도 포항시 북구 우현동,경상사고,0,0,2,0,차대차 - 기타,안전운전불이행,젖음/습기,흐림,단일로 - 기타,이륜,남,19세,상해없음,승용,여,29세,경상
2018061100100271,2018년 6월 11일 13시,월요일,경상북도 포항시 북구 흥해읍,경상사고,0,0,1,0,차대차 - 기타,안전운전불이행,건조,맑음,단일로 - 기타,건설기계,남,67세,상해없음,승용,여,54세,경상
2018061100100272,2018년 6월 11일 13시,월요일,경상북도 상주시 외답동,중상사고,0,1,0,0,차대차 - 측면충돌,안전운전불이행,건조,맑음,단일로 - 기타,이륜,여,71세,중상,화물,남,69세,상해없음
2018061100100273,2018년 6월 11일 13시,월요일,경상북도 청송군 안덕면,사망사고,1,0,0,0,차량단독 - 공작물충돌,안전운전불이행,건조,맑음,단일로 - 기타,승용,여,67세,사망,,,,
2018061100100274,2018년 6월 11일 13시,월요일,경상북도 포항시 남구 오천읍,경상사고,0,0,1,0,차대차 - 기타,안전운전불이행,건조,맑음,단일로 - 기타,승합,남,66세,상해없음,승용,여,40세,경상
2018061100100275,2018년 6월 11일 13시,월요일,경상북도 칠곡군 왜관읍,사망사고,1,1,1,0,차대차 - 측면충돌,안전운전불이행,건조,맑음,단일로 - 기타,특수,남,70세,상해없음,승용,남,27세,중상
2018061100100303,2018년 6월 11일 14시,월요일,경상북도 포항시 북구 장성동,중상사고,0,1,0,0,차대차 - 추돌,안전운전불이행,젖음/습기,비,단일로 - 기타,화물,남,62세,상해없음,이륜,남,40세,중상
2018061100100304,2018년 6월 11일 14시,월요일,경상북도 안동시 녹전면,중상사고,0,1,1,0,차대차 - 측면충돌,교차로운행방법위반,건조,맑음,교차로 - 교차로안,승용,여,52세,경상,승용,여,29세,중상
2018061100100305,2018년 6월 11일 14시,월요일,경상북도 칠곡군 왜관읍,중상사고,0,1,0,0,차대사람 - 보도통행중,안전운전불이행,건조,맑음,단일로 - 기타,승용,여,69세,상해없음,보행자,여,51세,중상
2018061100100306,2018년 6월 11일 14시,월요일,경상북도 경산시 계양동,중상사고,0,1,0,0,차대사람 - 횡단중,기타,건조,맑음,교차로 - 교차로부근,화물,남,56세,기타불명,보행자,여,67세,중상
2018061100100347,2018년 6월 11일 15시,월요일,경상북도 구미시 송정동,경상사고,0,0,1,0,차대차 - 기타,안전운전불이행,건조,맑음,교차로 - 교차로안,승용,남,28세,상해없음,승용,남,37세,경상
2018061100100421,2018년 6월 11일 17시,월요일,경상북도 경주시 황오동,경상사고,0,0,3,0,차대차 - 측면충돌,안전운전불이행,건조,맑음,교차로 - 교차로안,승용,남,23세,상해없음,승용,여,43세,경상
2018061100100422,2018년 6월 11일 17시,월요일,경상북도 구미시 원평동,경상사고,0,0,2,0,차대차 - 기타,교차로운행방법위반,건조,맑음,교차로 - 교차로안,화물,남,39세,상해없음,승용,여,40세,경상
2018061100100449,2018년 6월 11일 18시,월요일,경상북도 경주시 천북면,경상사고,0,0,2,0,차대차 - 측면충돌,안전운전불이행,건조,맑음,교차로 - 교차로부근,승용,여,39세,경상,화물,남,72세,경상
2018061100100450,2018년 6월 11일 18시,월요일,경상북도 상주시 남성동,경상사고,0,0,1,0,차대차 - 기타,안전운전불이행,건조,맑음,단일로 - 기타,승용,남,65세,상해없음,이륜,남,36세,경상
2018061100100451,2018년 6월 11일 18시,월요일,경상북도 영주시 하망동,중상사고,0,1,0,0,차대차 - 측면충돌,중앙선침범,건조,맑음,단일로 - 기타,승용,남,43세,상해없음,이륜,남,22세,중상
2018061100100496,2018년 6월 11일 19시,월요일,경상북도 구미시 도량동,경상사고,0,0,1,0,차대차 - 측면충돌,교차로운행방법위반,건조,맑음,교차로 - 교차로안,승용,여,35세,상해없음,이륜,남,30세,경상
2018061100100525,2018년 6월 11일 20시,월요일,경상북도 김천시 평화동,중상사고,0,1,0,0,차대사람 - 횡단중,보행자보호의무위반,건조,기타,기타 - 기타,승용,남,62세,상해없음,보행자,여,15세,중상
2018061100100526,2018년 6월 11일 20시,월요일,경상북도 울진군 매화면,중상사고,0,1,1,0,차대차 - 기타,안전운전불이행,건조,흐림,단일로 - 기타,승용,남,58세,경상,승용,남,63세,상해없음
2018061100100553,2018년 6월 11일 21시,월요일,경상북도 문경시 점촌동,중상사고,0,1,0,0,차대사람 - 보도통행중,기타,건조,맑음,단일로 - 기타,승용,남,49세,상해없음,보행자,여,56세,중상
2018061100100554,2018년 6월 11일 21시,월요일,경상북도 경산시 진량읍,경상사고,0,0,2,0,차대차 - 측면충돌,안전운전불이행,건조,맑음,단일로 - 기타,승용,남,49세,상해없음,승용,남,22세,경상
2018061100100555,2018년 6월 11일 21시,월요일,경상북도 포항시 남구 오천읍,경상사고,0,0,1,0,차대차 - 측면충돌,안전운전불이행,건조,맑음,교차로 - 교차로안,승용,여,36세,상해없음,화물,남,36세,경상
2018061100100585,2018년 6월 11일 22시,월요일,경상북도 칠곡군 가산면,부상신고사고,0,0,0,1,차량단독 - 기타,안전운전불이행,건조,맑음,단일로 - 기타,승용,여,60세,부상신고,,,,
2018061200100014,2018년 6월 12일 00시,화요일,경상북도 성주군 월항면,중상사고,0,2,0,0,차대차 - 추돌,안전운전불이행,건조,맑음,기타 - 기타,승용,여,36세,상해없음,승용,여,20세,중상
2018061200100021,2018년 6월 12일 01시,화요일,경상북도 구미시 원평동,경상사고,0,0,1,0,차대차 - 측면충돌,신호위반,건조,맑음,교차로 - 교차로안,승용,남,35세,상해없음,이륜,남,50세,경상
2018061200100040,2018년 6월 12일 05시,화요일,경상북도 칠곡군 가산면,경상사고,0,0,1,0,차량단독 - 공작물충돌,안전운전불이행,건조,맑음,단일로 - 기타,승용,남,27세,경상,,,,
2018061200100053,2018년 6월 12일 06시,화요일,경상북도 포항시 북구 대흥동,경상사고,0,0,1,0,차대차 - 기타,안전운전불이행,건조,맑음,단일로 - 기타,승용,남,56세,상해없음,승용,남,54세,상해없음
2018061200100054,2018년 6월 12일 06시,화요일,경상북도 포항시 북구 죽도동,경상사고,0,0,1,0,차대차 - 측면충돌,신호위반,건조,맑음,단일로 - 기타,화물,남,54세,상해없음,자전거,남,66세,경상
2018061200100073,2018년 6월 12일 07시,화요일,경상북도 김천시 남면,부상신고사고,0,0,0,1,차대차 - 측면충돌,안전운전불이행,건조,맑음,단일로 - 기타,화물,남,44세,상해없음,승용,여,59세,부상신고
2018061200100074,2018년 6월 12일 07시,화요일,경상북도 상주시 남성동,경상사고,0,0,1,0,차대차 - 측면충돌,안전운전불이행,건조,맑음,교차로 - 교차로안,승용,남,73세,상해없음,자전거,여,18세,경상
2018061200100075,2018년 6월 12일 07시,화요일,경상북도 의성군 의성읍,중상사고,0,1,0,0,차대차 - 측면충돌,신호위반,건조,맑음,교차로 - 교차로안,화물,남,57세,상해없음,자전거,여,72세,중상
2018061200100076,2018년 6월 12일 07시,화요일,경상북도 구미시 진평동,경상사고,0,0,1,0,차대차 - 측면충돌,안전운전불이행,건조,맑음,교차로 - 교차로안,승용,남,35세,상해없음,자전거,여,24세,경상
2018061200100117,2018년 6월 12일 08시,화요일,경상북도 포항시 북구 장성동,경상사고,0,0,1,0,차대차 - 측면충돌,안전운전불이행,건조,맑음,교차로 - 교차로안,자전거,남,13세,경상,승합,남,48세,상해없음
2018061200100118,2018년 6월 12일 08시,화요일,경상북도 영주시 풍기읍,경상사고,0,0,1,0,차대사람 - 횡단중,안전운전불이행,건조,맑음,교차로 - 교차로안,화물,남,41세,상해없음,보행자,여,52세,경상
2018061200100119,2018년 6월 12일 08시,화요일,경상북도 포항시 북구 죽도동,경상사고,0,0,1,0,차대차 - 측면충돌,직진우회전진행방해,건조,맑음,교차로 - 교차로안,승용,여,49세,경상,승용,여,53세,상해없음
2018061200100153,2018년 6월 12일 09시,화요일,경상북도 김천시 감호동,중상사고,0,1,0,0,차대차 - 측면충돌,교차로운행방법위반,건조,맑음,교차로 - 교차로부근,승용,남,79세,상해없음,승용,여,35세,중상
2018061200100154,2018년 6월 12일 09시,화요일,경상북도 예천군 은풍면,중상사고,0,1,0,0,차대차 - 추돌,안전운전불이행,건조,맑음,교차로 - 교차로부근,승용,남,67세,상해없음,자전거,여,67세,중상
2018061200100155,2018년 6월 12일 09시,화요일,경상북도 청송군 부남면,부상신고사고,0,0,0,1,차대차 - 측면충돌,안전운전불이행,건조,맑음,단일로 - 기타,농기계,남,83세,부상신고,승용,여,46세,상해없음
2018061200100156,2018년 6월 12일 09시,화요일,경상북도 구미시 선산읍,중상사고,0,1,0,0,차대차 - 측면충돌,교차로운행방법위반,건조,맑음,교차로 - 교차로안,화물,남,60세,상해없음,이륜,여,60세,중상
2018061200100157,2018년 6월 12일 09시,화요일,경상북도 구미시 옥계동,부상신고사고,0,0,0,1,차대차 - 추돌,안전거리미확보,건조,맑음,단일로 - 기타,화물,남,60세,상해없음,승용,남,25세,부상신고
2018061200100199,2018년 6월 12일 10시,화요일,경상북도 성주군 성주읍,경상사고,0,0,1,0,차대사람 - 횡단중,보행자보호의무위반,건조,맑음,교차로 - 교차로횡단보도내,특수,남,47세,상해없음,보행자,여,85세,경상
2018061200100229,2018년 6월 12일 11시,화요일,경상북도 경주시 감포읍,중상사고,0,1,0,0,차대사람 - 횡단중,안전운전불이행,건조,맑음,단일로 - 기타,승용,남,58세,상해없음,보행자,남,46세,중상
2018061200100230,2018년 6월 12일 11시,화요일,경상북도 영주시 풍기읍,중상사고,0,1,0,0,차대차 - 측면충돌,안전운전불이행,건조,맑음,교차로 - 교차로안,이륜,남,60세,상해없음,자전거,남,84세,중상
2018061200100258,2018년 6월 12일 12시,화요일,경상북도 김천시 지례면,경상사고,0,0,1,0,차대사람 - 길가장자리구역통행중,안전운전불이행,건조,맑음,기타 - 기타,화물,남,55세,상해없음,보행자,여,75세,경상
2018061200100259,2018년 6월 12일 12시,화요일,경상북도 영양군 영양읍,중상사고,0,1,0,0,차대차 - 측면충돌,교차로운행방법위반,건조,맑음,교차로 - 교차로안,이륜,남,64세,중상,승용,여,36세,상해없음
2018061200100286,2018년 6월 12일 13시,화요일,경상북도 경주시 양남면,경상사고,0,0,1,0,차대차 - 측면충돌,중앙선침범,건조,맑음,단일로 - 기타,승용,여,44세,상해없음,자전거,남,60세,경상
2018061200100287,2018년 6월 12일 13시,화요일,경상북도 문경시 영순면,경상사고,0,0,3,0,차대차 - 측면충돌,안전운전불이행,건조,맑음,단일로 - 기타,승합,남,32세,경상,건설기계,남,50세,상해없음
2018061200100288,2018년 6월 12일 13시,화요일,경상북도 포항시 남구 동해면,경상사고,0,0,2,0,차대차 - 측면충돌,중앙선침범,건조,맑음,단일로 - 기타,승용,남,29세,상해없음,승용,여,39세,경상
2018061200100316,2018년 6월 12일 14시,화요일,경상북도 안동시 수상동,경상사고,0,0,1,0,차대차 - 측면충돌,교차로운행방법위반,건조,맑음,교차로 - 교차로부근,승합,남,58세,상해없음,승용,남,63세,경상
2018061200100317,2018년 6월 12일 14시,화요일,경상북도 안동시 용상동,경상사고,0,0,1,0,차대차 - 측면충돌,안전운전불이행,건조,맑음,단일로 - 기타,승용,남,56세,상해없음,자전거,여,69세,경상
2018061200100319,2018년 6월 12일 14시,화요일,경상북도 영주시 영주동,중상사고,0,1,0,0,차대차 - 측면충돌,신호위반,건조,맑음,교차로 - 교차로안,승용,여,51세,상해없음,이륜,남,58세,중상
2018061200100320,2018년 6월 12일 14시,화요일,경상북도 영천시 야사동,경상사고,0,0,1,0,차대차 - 측면충돌,신호위반,건조,맑음,교차로 - 교차로안,승용,남,31세,기타불명,이륜,남,29세,경상
2018061200100321,2018년 6월 12일 14시,화요일,경상북도 경산시 계양동,경상사고,0,0,4,0,차대차 - 기타,중앙선침범,기타,맑음,단일로 - 기타,승용,남,56세,상해없음,화물,남,58세,경상
2018061200100322,2018년 6월 12일 14시,화요일,경상북도 고령군 쌍림면,경상사고,0,0,2,0,차대차 - 측면충돌,안전운전불이행,건조,맑음,단일로 - 기타,승용,여,51세,경상,승용,여,45세,경상
2018061200100323,2018년 6월 12일 14시,화요일,경상북도 구미시 오태동,경상사고,0,0,1,0,차대차 - 기타,안전거리미확보,건조,맑음,교차로 - 교차로부근,승용,남,51세,상해없음,승용,여,62세,경상
2018061200100353,2018년 6월 12일 15시,화요일,경상북도 포항시 북구 두호동,중상사고,0,1,0,0,차대사람 - 기타,중앙선침범,건조,맑음,단일로 - 기타,화물,남,50세,상해없음,보행자,여,60세,중상
2018061200100354,2018년 6월 12일 15시,화요일,경상북도 칠곡군 석적읍,경상사고,0,0,1,0,차대차 - 측면충돌,중앙선침범,건조,맑음,단일로 - 기타,승용,남,65세,상해없음,승용,여,32세,경상
2018061200100355,2018년 6월 12일 15시,화요일,경상북도 예천군 예천읍,중상사고,0,1,0,0,차대사람 - 차도통행중,안전운전불이행,건조,맑음,단일로 - 기타,승용,여,32세,상해없음,보행자,여,87세,중상
2018061200100385,2018년 6월 12일 16시,화요일,경상북도 김천시 평화동,중상사고,0,1,0,0,차대차 - 측면충돌,안전운전불이행,건조,맑음,교차로 - 교차로부근,승용,남,59세,상해없음,자전거,여,30세,중상
2018061200100386,2018년 6월 12일 16시,화요일,경상북도 구미시 사곡동,경상사고,0,0,1,0,차대차 - 기타,안전운전불이행,건조,맑음,단일로 - 기타,이륜,남,21세,경상,승용,여,25세,상해없음
2018061200100441,2018년 6월 12일 17시,화요일,경상북도 상주시 냉림동,경상사고,0,0,1,0,차대차 - 측면충돌,안전운전불이행,건조,맑음,교차로 - 교차로부근,승용,남,61세,상해없음,자전거,여,14세,경상
2018061200100442,2018년 6월 12일 17시,화요일,경상북도 경산시 하양읍,경상사고,0,0,1,0,차대차 - 기타,안전운전불이행,건조,맑음,단일로 - 기타,화물,남,63세,상해없음,자전거,남,79세,경상
2018061200100493,2018년 6월 12일 18시,화요일,경상북도 경산시 신천동,경상사고,0,0,1,0,차대차 - 측면충돌,안전운전불이행,건조,맑음,단일로 - 기타,승용,남,19세,상해없음,승용,남,61세,경상
2018061200100494,2018년 6월 12일 18시,화요일,경상북도 구미시 봉곡동,경상사고,0,0,1,0,차대차 - 기타,안전운전불이행,건조,맑음,교차로 - 교차로안,승용,남,50세,상해없음,이륜,남,16세,경상
2018061200100534,2018년 6월 12일 19시,화요일,경상북도 경주시 외동읍,중상사고,0,1,0,0,차대사람 - 횡단중,신호위반,건조,맑음,교차로 - 교차로안,승용,여,21세,상해없음,보행자,여,57세,중상
2018061200100535,2018년 6월 12일 19시,화요일,경상북도 상주시 남성동,경상사고,0,0,1,0,차대사람 - 보도통행중,보행자보호의무위반,건조,맑음,교차로 - 교차로횡단보도내,승용,남,51세,상해없음,보행자,여,71세,경상
2018061200100536,2018년 6월 12일 19시,화요일,경상북도 구미시 비산동,경상사고,0,0,1,0,차대사람 - 기타,안전운전불이행,건조,맑음,기타 - 기타,승용,여,52세,상해없음,보행자,여,7세,경상
2018061200100576,2018년 6월 12일 20시,화요일,경상북도 상주시 복룡동,중상사고,0,1,0,0,차대사람 - 횡단중,안전운전불이행,건조,맑음,교차로 - 교차로안,승용,여,59세,상해없음,보행자,남,48세,중상
2018061200100606,2018년 6월 12일 21시,화요일,경상북도 경산시 하양읍,사망사고,1,0,0,0,차대사람 - 횡단중,안전운전불이행,건조,맑음,단일로 - 기타,승용,여,46세,상해없음,보행자,여,79세,사망
2018061200100668,2018년 6월 12일 23시,화요일,경상북도 포항시 북구 죽도동,경상사고,0,0,1,0,차대차 - 추돌,안전운전불이행,건조,맑음,단일로 - 기타,승용,여,52세,상해없음,승용,남,64세,경상
2018061200100669,2018년 6월 12일 23시,화요일,경상북도 경산시 하양읍,경상사고,0,0,2,0,차대차 - 기타,안전운전불이행,건조,맑음,교차로 - 교차로안,승용,남,37세,상해없음,승합,남,57세,경상
2018061200100670,2018년 6월 12일 23시,화요일,경상북도 포항시 남구 연일읍,경상사고,0,0,1,0,차대차 - 측면충돌,직진우회전진행방해,건조,맑음,교차로 - 교차로안,승용,남,66세,상해없음,승용,여,54세,상해없음
2018061300100014,2018년 6월 13일 00시,수요일,경상북도 포항시 남구 오천읍,중상사고,0,1,1,0,차대차 - 추돌,안전운전불이행,건조,맑음,교차로 - 교차로부근,승용,남,23세,상해없음,승용,남,31세,경상
2018061300100067,2018년 6월 13일 04시,수요일,경상북도 구미시 황상동,경상사고,0,0,1,0,차대차 - 기타,안전운전불이행,건조,맑음,단일로 - 기타,승용,남,28세,상해없음,승합,남,46세,경상
2018061300100080,2018년 6월 13일 05시,수요일,경상북도 포항시 남구 상도동,중상사고,0,2,1,0,차대차 - 기타,직진우회전진행방해,건조,맑음,교차로 - 교차로안,승용,남,37세,중상,승용,남,68세,경상
2018061300100117,2018년 6월 13일 07시,수요일,경상북도 의성군 안계면,경상사고,0,0,3,0,차대차 - 측면충돌,신호위반,건조,맑음,교차로 - 교차로안,화물,남,47세,상해없음,화물,남,45세,경상
2018061300100118,2018년 6월 13일 07시,수요일,경상북도 경산시 평산동,경상사고,0,0,2,0,차대차 - 측면충돌,안전운전불이행,건조,맑음,단일로 - 기타,승용,남,28세,상해없음,승용,남,29세,경상
2018061300100156,2018년 6월 13일 09시,수요일,경상북도 포항시 북구 흥해읍,경상사고,0,0,2,0,차대차 - 측면충돌,직진우회전진행방해,건조,맑음,교차로 - 교차로안,승용,여,46세,상해없음,승용,남,38세,경상
2018061300100157,2018년 6월 13일 09시,수요일,경상북도 울진군 후포면,경상사고,0,0,2,0,차대차 - 측면충돌,안전운전불이행,건조,맑음,단일로 - 기타,이륜,남,78세,경상,승용,여,61세,상해없음
2018061300100211,2018년 6월 13일 11시,수요일,경상북도 상주시 사벌면,경상사고,0,0,4,0,차대차 - 측면충돌,안전운전불이행,건조,맑음,단일로 - 기타,승용,여,46세,상해없음,화물,남,53세,경상
2018061300100212,2018년 6월 13일 11시,수요일,경상북도 포항시 남구 대잠동,경상사고,0,0,2,0,차대차 - 측면충돌,안전운전불이행,건조,맑음,단일로 - 기타,기타불명,기타불명,미분류,기타불명,승용,여,41세,경상
2018061300100246,2018년 6월 13일 12시,수요일,경상북도 안동시 옥동,경상사고,0,0,1,0,차대사람 - 횡단중,안전운전불이행,건조,맑음,단일로 - 기타,승용,남,57세,상해없음,보행자,남,60세,경상
2018061300100272,2018년 6월 13일 13시,수요일,경상북도 구미시 광평동,경상사고,0,0,1,0,차대차 - 측면충돌,안전운전불이행,건조,맑음,교차로 - 교차로안,화물,남,34세,상해없음,승용,여,48세,경상
2018061300100337,2018년 6월 13일 15시,수요일,경상북도 경주시 황성동,중상사고,0,1,0,0,차대차 - 기타,안전운전불이행,건조,맑음,단일로 - 기타,승용,남,24세,상해없음,승용,남,28세,중상
2018061300100338,2018년 6월 13일 15시,수요일,경상북도 포항시 북구 흥해읍,경상사고,0,0,3,0,차대차 - 측면충돌,신호위반,건조,맑음,교차로 - 교차로안,승용,여,48세,상해없음,승용,여,59세,경상
2018061300100339,2018년 6월 13일 15시,수요일,경상북도 포항시 북구 장성동,중상사고,0,1,0,0,차대사람 - 차도통행중,안전운전불이행,건조,맑음,단일로 - 기타,승용,여,32세,상해없음,보행자,여,31세,중상
2018061300100340,2018년 6월 13일 15시,수요일,경상북도 상주시 서문동,중상사고,0,1,0,0,차대차 - 측면충돌,교차로운행방법위반,건조,맑음,교차로 - 교차로안,자전거,여,71세,중상,자전거,남,16세,상해없음
2018061300100341,2018년 6월 13일 15시,수요일,경상북도 고령군 다산면,중상사고,0,2,0,0,차대차 - 측면충돌,교차로운행방법위반,건조,맑음,교차로 - 교차로안,화물,여,64세,중상,화물,남,57세,중상
2018061300100376,2018년 6월 13일 16시,수요일,경상북도 포항시 북구 흥해읍,중상사고,0,1,0,0,차량단독 - 기타,기타,건조,맑음,단일로 - 기타,승합,남,55세,상해없음,,,,
2018061300100377,2018년 6월 13일 16시,수요일,경상북도 경산시 계양동,중상사고,0,1,0,0,차대차 - 기타,안전운전불이행,건조,맑음,단일로 - 기타,승용,남,30세,상해없음,이륜,남,32세,중상
2018061300100378,2018년 6월 13일 16시,수요일,경상북도 구미시 임은동,중상사고,0,1,0,0,차대차 - 기타,안전운전불이행,건조,맑음,단일로 - 기타,승용,남,51세,상해없음,자전거,남,13세,중상
2018061300100379,2018년 6월 13일 16시,수요일,경상북도 구미시 옥계동,중상사고,0,1,0,0,차대차 - 측면충돌,직진우회전진행방해,건조,맑음,교차로 - 교차로안,승용,여,55세,상해없음,원동기,남,53세,중상
2018061300100380,2018년 6월 13일 16시,수요일,경상북도 구미시 임수동,경상사고,0,0,3,0,차대차 - 기타,안전운전불이행,건조,맑음,교차로 - 교차로부근,화물,남,33세,상해없음,승용,여,44세,상해없음
2018061300100405,2018년 6월 13일 17시,수요일,경상북도 경주시 강동면,경상사고,0,0,1,0,차대차 - 측면충돌,안전운전불이행,건조,맑음,교차로 - 교차로안,화물,남,58세,상해없음,승용,여,65세,경상
2018061300100406,2018년 6월 13일 17시,수요일,경상북도 안동시 운흥동,경상사고,0,0,1,0,차대차 - 측면충돌,기타,건조,맑음,교차로 - 교차로안,승용,남,74세,상해없음,이륜,남,60세,경상
2018061300100407,2018년 6월 13일 17시,수요일,경상북도 문경시 흥덕동,중상사고,0,1,0,0,차대차 - 측면충돌,직진우회전진행방해,건조,흐림,교차로 - 교차로안,승용,남,36세,상해없음,자전거,남,39세,중상
2018061300100408,2018년 6월 13일 17시,수요일,경상북도 경산시 하양읍,경상사고,0,0,1,0,차대사람 - 기타,안전운전불이행,건조,맑음,단일로 - 기타,자전거,기타불명,미분류,기타불명,보행자,여,8세,경상
2018061300100447,2018년 6월 13일 18시,수요일,경상북도 영덕군 창수면,사망사고,1,0,0,0,차량단독 - 전도전복 - 전복,안전운전불이행,건조,맑음,단일로 - 기타,농기계,남,71세,사망,미분류,미분류,미분류,미분류
2018061300100475,2018년 6월 13일 19시,수요일,경상북도 영천시 야사동,경상사고,0,0,1,0,차대차 - 측면충돌,교차로운행방법위반,건조,맑음,교차로 - 교차로안,승용,여,67세,상해없음,이륜,남,47세,경상
2018061300100509,2018년 6월 13일 20시,수요일,경상북도 경산시 하양읍,경상사고,0,0,1,0,차대차 - 추돌,안전거리미확보,건조,맑음,단일로 - 기타,승용,남,36세,상해없음,승용,남,23세,경상
2018061300100510,2018년 6월 13일 20시,수요일,경상북도 예천군 예천읍,중상사고,0,3,1,0,차대차 - 측면충돌,안전운전불이행,건조,맑음,교차로 - 교차로안,승용,남,73세,중상,승용,남,49세,중상
2018061400100021,2018년 6월 14일 02시,목요일,경상북도 칠곡군 석적읍,중상사고,0,2,0,0,차대차 - 측면충돌,안전운전불이행,건조,맑음,교차로 - 교차로안,승용,여,34세,중상,승용,여,46세,중상
2018061400100022,2018년 6월 14일 02시,목요일,경상북도 구미시 황상동,경상사고,0,0,1,1,차대차 - 측면충돌,중앙선침범,건조,맑음,단일로 - 기타,승용,남,32세,부상신고,승용,남,31세,경상
2018061400100042,2018년 6월 14일 05시,목요일,경상북도 안동시 당북동,경상사고,0,0,1,0,차대차 - 후진중충돌,안전운전불이행,건조,맑음,교차로 - 교차로안,승용,남,29세,경상,화물,남,58세,상해없음
2018061400100043,2018년 6월 14일 05시,목요일,경상북도 구미시 도량동,경상사고,0,0,1,0,차량단독 - 전도전복 - 전도,안전운전불이행,건조,맑음,단일로 - 기타,화물,남,50세,경상,미분류,미분류,미분류,미분류
2018061400100050,2018년 6월 14일 06시,목요일,경상북도 칠곡군 왜관읍,중상사고,0,1,0,0,차대차 - 측면충돌,안전운전불이행,건조,맑음,교차로 - 교차로부근,화물,남,71세,상해없음,승용,남,67세,중상
2018061400100069,2018년 6월 14일 07시,목요일,경상북도 포항시 북구 죽도동,중상사고,0,1,0,0,차량단독 - 기타,기타,건조,맑음,단일로 - 기타,승합,남,53세,상해없음,,,,
2018061400100114,2018년 6월 14일 08시,목요일,경상북도 경주시 구황동,부상신고사고,0,0,0,1,차량단독 - 공작물충돌,안전운전불이행,건조,맑음,단일로 - 교량,승용,여,32세,부상신고,,,,
2018061400100115,2018년 6월 14일 08시,목요일,경상북도 포항시 북구 동빈1가,중상사고,0,1,1,0,차대차 - 추돌,안전운전불이행,건조,맑음,단일로 - 기타,화물,남,64세,상해없음,승용,여,55세,중상
2018061400100116,2018년 6월 14일 08시,목요일,경상북도 상주시 신봉동,경상사고,0,0,1,0,차대차 - 측면충돌,안전운전불이행,건조,맑음,교차로 - 교차로부근,승용,남,56세,상해없음,자전거,남,18세,경상
2018061400100117,2018년 6월 14일 08시,목요일,경상북도 상주시 신봉동,경상사고,0,0,1,0,차량단독 - 전도전복 - 전도,안전운전불이행,건조,맑음,단일로 - 기타,자전거,남,71세,경상,미분류,미분류,미분류,미분류
2018061400100118,2018년 6월 14일 08시,목요일,경상북도 성주군 성주읍,경상사고,0,0,1,0,차대차 - 측면충돌,안전운전불이행,건조,맑음,교차로 - 교차로부근,화물,남,33세,상해없음,자전거,남,14세,경상
2018061400100119,2018년 6월 14일 08시,목요일,경상북도 구미시 광평동,경상사고,0,0,1,0,차대차 - 추돌,안전운전불이행,건조,맑음,단일로 - 기타,승용,남,27세,상해없음,승용,여,40세,경상
2018061400100157,2018년 6월 14일 09시,목요일,경상북도 안동시 송현동,경상사고,0,0,1,0,차대사람 - 길가장자리구역통행중,보행자보호의무위반,건조,맑음,단일로 - 기타,승용,여,40세,상해없음,보행자,여,74세,경상
2018061400100158,2018년 6월 14일 09시,목요일,경상북도 구미시 봉곡동,경상사고,0,0,1,0,차대차 - 기타,안전운전불이행,건조,맑음,교차로 - 교차로안,승용,여,32세,상해없음,화물,남,36세,경상
2018061400100178,2018년 6월 14일 10시,목요일,경상북도 영천시 완산동,경상사고,0,0,1,0,차대차 - 측면충돌,안전운전불이행,건조,맑음,단일로 - 기타,승용,남,65세,상해없음,승용,여,40세,경상
2018061400100214,2018년 6월 14일 11시,목요일,경상북도 의성군 점곡면,경상사고,0,0,2,0,차량단독 - 공작물충돌,안전운전불이행,건조,맑음,기타 - 기타,화물,여,70세,경상,,,,
2018061400100235,2018년 6월 14일 12시,목요일,경상북도 영주시 가흥동,경상사고,0,0,1,0,차대사람 - 횡단중,안전운전불이행,건조,맑음,단일로 - 기타,화물,남,54세,상해없음,보행자,남,53세,경상
2018061400100267,2018년 6월 14일 13시,목요일,경상북도 고령군 개진면,경상사고,0,0,1,0,차대차 - 측면충돌,교차로운행방법위반,건조,맑음,교차로 - 교차로안,농기계,남,49세,상해없음,화물,남,55세,경상
2018061400100293,2018년 6월 14일 14시,목요일,경상북도 경주시 안강읍,중상사고,0,1,0,0,차대사람 - 길가장자리구역통행중,안전운전불이행,건조,맑음,단일로 - 기타,승용,여,64세,상해없음,보행자,여,80세,중상