사고번호,사고일시,요일,시군구,사고내용,사망자수,중상자수,경상자수,부상신고자수,사고유형,법규위반,노면상태,기상상태,도로형태,가해운전자 차종,가해운전자 성별,가해운전자 연령,가해운전자 상해정도,피해운전자 차종,피해운전자 성별,피해운전자 연령,피해운전자 상해정도
2018061400100294,2018년 6월 14일 14시,목요일,경상북도 구미시 송정동,부상신고사고,0,0,0,1,차대차 - 기타,안전운전불이행,건조,맑음,교차로 - 교차로부근,이륜,남,52세,부상신고,기타불명,기타불명,미분류,기타불명
2018061400100341,2018년 6월 14일 15시,목요일,경상북도 김천시 증산면,중상사고,0,1,0,0,차량단독 - 전도전복 - 전도,안전운전불이행,건조,맑음,단일로 - 기타,화물,남,72세,중상,미분류,미분류,미분류,미분류
2018061400100342,2018년 6월 14일 15시,목요일,경상북도 경산시 삼풍동,경상사고,0,0,1,0,차대차 - 기타,교차로운행방법위반,건조,맑음,교차로 - 교차로부근,승용,남,31세,상해없음,자전거,여,69세,경상
2018061400100385,2018년 6월 14일 16시,목요일,경상북도 청송군 진보면,중상사고,0,1,0,0,차대차 - 측면충돌,안전운전불이행,건조,맑음,단일로 - 지하차도(도로)내,이륜,남,44세,중상,승용,남,54세,상해없음
2018061400100386,2018년 6월 14일 16시,목요일,경상북도 구미시 임은동,경상사고,0,0,1,0,차대차 - 기타,안전운전불이행,건조,맑음,단일로 - 기타,화물,남,67세,경상,특수,남,43세,상해없음
2018061400100387,2018년 6월 14일 16시,목요일,경상북도 포항시 남구 효자동,경상사고,0,0,1,0,차대차 - 측면충돌,중앙선침범,건조,맑음,단일로 - 기타,이륜,남,60세,상해없음,이륜,남,15세,경상
2018061400100430,2018년 6월 14일 17시,목요일,경상북도 경주시 성동동,경상사고,0,0,1,0,차대차 - 측면충돌,안전운전불이행,건조,맑음,교차로 - 교차로부근,이륜,여,62세,경상,승용,남,44세,상해없음
2018061400100431,2018년 6월 14일 17시,목요일,경상북도 포항시 북구 죽도동,경상사고,0,0,1,0,차대차 - 측면충돌,안전운전불이행,건조,맑음,단일로 - 기타,승용,남,60세,상해없음,원동기,남,32세,경상
2018061400100432,2018년 6월 14일 17시,목요일,경상북도 칠곡군 왜관읍,중상사고,0,1,0,0,차대차 - 측면충돌,안전운전불이행,건조,맑음,단일로 - 기타,승합,남,47세,상해없음,이륜,여,50세,중상
2018061400100433,2018년 6월 14일 17시,목요일,경상북도 예천군 예천읍,중상사고,0,1,1,0,차대차 - 측면충돌,안전운전불이행,건조,맑음,교차로 - 교차로안,승용,남,28세,경상,화물,남,60세,중상
2018061400100434,2018년 6월 14일 17시,목요일,경상북도 고령군 대가야읍,중상사고,0,1,0,0,차대차 - 측면충돌,교차로운행방법위반,건조,맑음,교차로 - 교차로안,승용,남,64세,상해없음,이륜,남,33세,중상
2018061400100435,2018년 6월 14일 17시,목요일,경상북도 구미시 상모동,중상사고,0,1,0,0,차대차 - 추돌,안전운전불이행,건조,맑음,교차로 - 교차로부근,승용,여,42세,상해없음,승용,여,46세,중상
2018061400100488,2018년 6월 14일 18시,목요일,경상북도 안동시 송현동,경상사고,0,0,2,0,차대차 - 측면충돌,신호위반,건조,맑음,교차로 - 교차로안,승용,여,52세,경상,이륜,남,61세,경상
2018061400100489,2018년 6월 14일 18시,목요일,경상북도 상주시 무양동,중상사고,0,1,0,0,차대차 - 정면충돌,안전운전불이행,건조,맑음,교차로 - 교차로부근,승용,남,23세,상해없음,원동기,남,21세,중상
2018061400100527,2018년 6월 14일 19시,목요일,경상북도 구미시 원평동,중상사고,0,1,0,0,차대차 - 측면충돌,안전운전불이행,건조,맑음,교차로 - 교차로안,이륜,남,17세,중상,승용,남,74세,상해없음
2018061400100563,2018년 6월 14일 20시,목요일,경상북도 김천시 봉산면,중상사고,0,1,1,0,차대사람 - 차도통행중,안전운전불이행,건조,맑음,단일로 - 기타,승용,여,44세,경상,보행자,남,51세,중상
2018061400100564,2018년 6월 14일 20시,목요일,경상북도 칠곡군 가산면,경상사고,0,0,3,0,차대차 - 추돌,안전운전불이행,건조,맑음,단일로 - 기타,승용,남,53세,경상,승용,남,28세,경상
2018061400100565,2018년 6월 14일 20시,목요일,경상북도 영천시 야사동,경상사고,0,0,1,0,차대차 - 기타,교차로운행방법위반,건조,맑음,교차로 - 교차로안,승용,남,55세,상해없음,승합,남,59세,상해없음
2018061400100585,2018년 6월 14일 21시,목요일,경상북도 경주시 양남면,경상사고,0,0,1,0,차량단독 - 공작물충돌,안전운전불이행,건조,맑음,단일로 - 기타,승용,여,34세,경상,,,,
2018061400100586,2018년 6월 14일 21시,목요일,경상북도 포항시 북구 학잠동,경상사고,0,0,1,0,차대차 - 측면충돌,안전운전불이행,건조,맑음,단일로 - 기타,승용,남,62세,상해없음,승용,남,51세,상해없음
2018061400100587,2018년 6월 14일 21시,목요일,경상북도 구미시 원평동,중상사고,0,3,1,0,차량단독 - 공작물충돌,안전운전불이행,건조,맑음,단일로 - 기타,승합,남,59세,중상,,,,
2018061400100624,2018년 6월 14일 22시,목요일,경상북도 구미시 진평동,경상사고,0,0,1,0,차대차 - 추돌,안전운전불이행,건조,맑음,교차로 - 교차로부근,승용,남,43세,상해없음,승용,남,44세,경상
2018061500100008,2018년 6월 15일 00시,금요일,경상북도 영천시 문외동,경상사고,0,0,1,0,차대차 - 측면충돌,안전운전불이행,건조,맑음,교차로 - 교차로안,승용,남,23세,상해없음,승용,남,39세,상해없음
2018061500100018,2018년 6월 15일 01시,금요일,경상북도 구미시 공단동,중상사고,0,1,0,1,차대차 - 정면충돌,중앙선침범,건조,맑음,단일로 - 기타,승용,여,40세,부상신고,승용,남,59세,중상
2018061500100027,2018년 6월 15일 02시,금요일,경상북도 포항시 북구 동빈1가,경상사고,0,0,1,0,차대차 - 추돌,안전운전불이행,건조,맑음,단일로 - 기타,승용,남,20세,상해없음,승용,여,52세,상해없음
2018061500100051,2018년 6월 15일 05시,금요일,경상북도 김천시 남면,경상사고,0,0,1,0,차대차 - 정면충돌,중앙선침범,건조,맑음,단일로 - 기타,승용,남,36세,상해없음,승용,남,59세,경상
2018061500100058,2018년 6월 15일 06시,금요일,경상북도 문경시 점촌동,중상사고,0,1,0,0,차대차 - 측면충돌,안전운전불이행,건조,맑음,교차로 - 교차로안,화물,남,57세,상해없음,이륜,남,69세,중상
2018061500100059,2018년 6월 15일 06시,금요일,경상북도 포항시 남구 인덕동,중상사고,0,1,0,0,차대차 - 기타,불법유턴,건조,맑음,단일로 - 기타,건설기계,남,56세,상해없음,자전거,남,26세,중상
2018061500100077,2018년 6월 15일 07시,금요일,경상북도 경주시 석장동,중상사고,0,1,0,0,차대차 - 측면충돌,신호위반,건조,맑음,교차로 - 교차로안,승용,남,68세,상해없음,이륜,여,74세,중상
2018061500100078,2018년 6월 15일 07시,금요일,경상북도 구미시 옥계동,경상사고,0,0,1,0,차대차 - 기타,안전운전불이행,건조,맑음,교차로 - 교차로횡단보도내,승용,남,38세,상해없음,자전거,여,61세,경상
2018061500100112,2018년 6월 15일 08시,금요일,경상북도 포항시 북구 양덕동,경상사고,0,0,1,0,차대사람 - 횡단중,안전운전불이행,건조,맑음,단일로 - 기타,승용,남,59세,상해없음,보행자,남,9세,경상
2018061500100113,2018년 6월 15일 08시,금요일,경상북도 상주시 공성면,중상사고,0,1,0,0,차대차 - 정면충돌,안전운전불이행,건조,맑음,단일로 - 기타,승용,여,51세,상해없음,승용,여,51세,중상
2018061500100114,2018년 6월 15일 08시,금요일,경상북도 경산시 점촌동,중상사고,0,1,2,0,차대차 - 측면충돌,신호위반,건조,맑음,교차로 - 교차로안,승용,남,40세,경상,승용,남,58세,중상
2018061500100115,2018년 6월 15일 08시,금요일,경상북도 구미시 도량동,부상신고사고,0,0,0,1,차대사람 - 횡단중,신호위반,건조,맑음,단일로 - 기타,기타불명,기타불명,미분류,기타불명,보행자,여,6세,부상신고
2018061500100148,2018년 6월 15일 09시,금요일,경상북도 경주시 노서동,경상사고,0,0,1,0,차대사람 - 길가장자리구역통행중,안전운전불이행,건조,맑음,단일로 - 기타,승합,남,56세,상해없음,보행자,여,75세,경상
2018061500100149,2018년 6월 15일 09시,금요일,경상북도 영천시 대창면,경상사고,0,0,1,0,차대차 - 측면충돌,교차로운행방법위반,건조,맑음,교차로 - 교차로안,승용,남,71세,상해없음,특수,남,22세,경상
2018061500100150,2018년 6월 15일 09시,금요일,경상북도 문경시 흥덕동,경상사고,0,0,1,0,차대차 - 측면충돌,안전운전불이행,건조,맑음,단일로 - 교량,승용,남,57세,상해없음,승용,남,47세,경상
2018061500100181,2018년 6월 15일 10시,금요일,경상북도 봉화군 봉성면,경상사고,0,0,1,0,차대차 - 기타,안전운전불이행,건조,맑음,교차로 - 교차로안,승용,남,44세,상해없음,화물,남,23세,경상
2018061500100182,2018년 6월 15일 10시,금요일,경상북도 군위군 의흥면,중상사고,0,2,0,0,차대차 - 측면충돌,안전운전불이행,건조,맑음,교차로 - 교차로안,원동기,남,85세,중상,화물,남,52세,상해없음
2018061500100231,2018년 6월 15일 12시,금요일,경상북도 의성군 사곡면,경상사고,0,0,1,0,차대차 - 측면충돌,안전운전불이행,건조,맑음,기타 - 기타,승용,여,61세,경상,화물,여,53세,상해없음
2018061500100232,2018년 6월 15일 12시,금요일,경상북도 포항시 남구 해도동,경상사고,0,0,1,0,차대차 - 측면충돌,신호위반,건조,맑음,교차로 - 교차로안,승용,남,69세,상해없음,승용,남,56세,경상
2018061500100260,2018년 6월 15일 13시,금요일,경상북도 포항시 북구 흥해읍,경상사고,0,0,1,0,차대사람 - 기타,안전운전불이행,건조,맑음,단일로 - 기타,승용,남,77세,상해없음,보행자,여,21세,경상
2018061500100261,2018년 6월 15일 13시,금요일,경상북도 의성군 봉양면,중상사고,0,1,1,0,차대차 - 추돌,안전거리미확보,건조,맑음,단일로 - 기타,승용,여,52세,경상,승용,남,63세,중상
2018061500100262,2018년 6월 15일 13시,금요일,경상북도 포항시 남구 송도동,중상사고,0,1,1,0,차대사람 - 길가장자리구역통행중,안전운전불이행,건조,맑음,교차로 - 교차로안,승용,여,76세,경상,보행자,남,78세,중상
2018061500100340,2018년 6월 15일 15시,금요일,경상북도 경산시 조영동,경상사고,0,0,1,0,차대차 - 후진중충돌,안전운전불이행,건조,맑음,단일로 - 기타,승용,남,39세,상해없음,이륜,남,31세,경상
2018061500100341,2018년 6월 15일 15시,금요일,경상북도 경산시 사동,중상사고,0,1,0,0,차대차 - 측면충돌,교차로운행방법위반,건조,맑음,교차로 - 교차로안,승용,남,39세,상해없음,이륜,남,72세,중상
2018061500100342,2018년 6월 15일 15시,금요일,경상북도 구미시 진평동,경상사고,0,0,1,0,차대차 - 기타,안전운전불이행,건조,맑음,단일로 - 기타,화물,남,73세,상해없음,승용,남,30세,경상
2018061500100390,2018년 6월 15일 16시,금요일,경상북도 칠곡군 왜관읍,경상사고,0,0,1,0,차대차 - 측면충돌,직진우회전진행방해,건조,맑음,교차로 - 교차로부근,승용,남,65세,경상,승용,남,37세,상해없음
2018061500100391,2018년 6월 15일 16시,금요일,경상북도 울진군 울진읍,중상사고,0,1,1,0,차대차 - 추돌,안전운전불이행,건조,맑음,단일로 - 기타,승용,여,52세,경상,화물,남,50세,상해없음
2018061500100392,2018년 6월 15일 16시,금요일,경상북도 영양군 영양읍,중상사고,0,1,0,0,차량단독 - 전도전복 - 전도,안전운전불이행,건조,맑음,교차로 - 교차로안,화물,남,45세,중상,미분류,미분류,미분류,미분류
2018061500100393,2018년 6월 15일 16시,금요일,경상북도 구미시 상모동,부상신고사고,0,0,0,1,차대차 - 측면충돌,안전운전불이행,건조,맑음,단일로 - 기타,이륜,남,30세,부상신고,승용,남,66세,상해없음
2018061500100394,2018년 6월 15일 16시,금요일,경상북도 구미시 지산동,중상사고,0,1,0,0,차대차 - 측면충돌,직진우회전진행방해,건조,맑음,교차로 - 교차로안,승용,남,51세,상해없음,승용,여,48세,중상
2018061500100500,2018년 6월 15일 18시,금요일,경상북도 영덕군 강구면,경상사고,0,0,1,1,차대차 - 측면충돌,중앙선침범,건조,맑음,단일로 - 기타,승용,여,47세,부상신고,화물,남,62세,경상
2018061500100501,2018년 6월 15일 18시,금요일,경상북도 포항시 남구 청림동,경상사고,0,0,3,0,차대차 - 측면충돌,교차로운행방법위반,건조,맑음,교차로 - 교차로안,승용,남,19세,경상,승용,남,27세,경상
2018061500100502,2018년 6월 15일 18시,금요일,경상북도 포항시 남구 해도동,경상사고,0,0,1,0,차대차 - 후진중충돌,안전운전불이행,건조,맑음,교차로 - 교차로안,승용,여,45세,상해없음,승용,여,42세,경상
2018061500100536,2018년 6월 15일 19시,금요일,경상북도 경주시 외동읍,중상사고,0,1,0,0,차대차 - 측면충돌,신호위반,건조,맑음,교차로 - 교차로안,승용,남,26세,상해없음,승용,남,59세,중상
2018061500100537,2018년 6월 15일 19시,금요일,경상북도 안동시 풍산읍,경상사고,0,0,1,0,차대차 - 추돌,안전운전불이행,건조,맑음,단일로 - 기타,승용,여,52세,경상,화물,남,40세,상해없음
2018061500100538,2018년 6월 15일 19시,금요일,경상북도 문경시 모전동,경상사고,0,0,2,0,차대차 - 측면충돌,안전운전불이행,건조,맑음,교차로 - 교차로안,승용,남,62세,경상,승용,여,64세,경상
2018061500100539,2018년 6월 15일 19시,금요일,경상북도 고령군 다산면,경상사고,0,0,1,0,차대차 - 측면충돌,중앙선침범,건조,맑음,단일로 - 기타,화물,남,54세,상해없음,승용,남,41세,경상
2018061500100540,2018년 6월 15일 19시,금요일,경상북도 포항시 남구 오천읍,중상사고,0,1,0,0,차대차 - 측면충돌,중앙선침범,건조,맑음,교차로 - 교차로부근,승용,남,43세,상해없음,자전거,남,14세,중상
2018061500100574,2018년 6월 15일 20시,금요일,경상북도 영주시 휴천동,경상사고,0,0,1,0,차대사람 - 횡단중,안전운전불이행,건조,맑음,단일로 - 기타,승용,남,21세,상해없음,보행자,여,77세,경상
2018061500100575,2018년 6월 15일 20시,금요일,경상북도 구미시 산동면,중상사고,0,1,0,0,차대차 - 측면충돌,안전운전불이행,건조,맑음,교차로 - 교차로안,승용,여,48세,상해없음,이륜,남,50세,중상
2018061500100576,2018년 6월 15일 20시,금요일,경상북도 포항시 남구 이동,중상사고,0,1,0,0,차대사람 - 길가장자리구역통행중,안전운전불이행,건조,맑음,교차로 - 교차로부근,승용,여,49세,상해없음,보행자,여,12세,중상
2018061500100605,2018년 6월 15일 21시,금요일,경상북도 안동시 송현동,중상사고,0,1,1,0,차대차 - 정면충돌,신호위반,건조,맑음,교차로 - 교차로안,승용,남,30세,경상,화물,남,26세,중상
2018061500100606,2018년 6월 15일 21시,금요일,경상북도 영주시 가흥동,경상사고,0,0,1,0,차대차 - 측면충돌,안전운전불이행,건조,맑음,교차로 - 교차로안,승용,남,29세,상해없음,승용,남,60세,경상
2018061500100607,2018년 6월 15일 21시,금요일,경상북도 문경시 산양면,중상사고,0,1,0,0,차대차 - 기타,안전운전불이행,건조,맑음,교차로 - 교차로부근,화물,남,54세,상해없음,승합,남,58세,상해없음
2018061500100608,2018년 6월 15일 21시,금요일,경상북도 경산시 사동,경상사고,0,0,1,0,차대차 - 정면충돌,중앙선침범,건조,맑음,단일로 - 기타,승용,남,22세,상해없음,이륜,남,57세,경상
2018061500100609,2018년 6월 15일 21시,금요일,경상북도 구미시 송정동,중상사고,0,1,0,0,차대차 - 측면충돌,중앙선침범,건조,맑음,단일로 - 기타,승용,남,30세,상해없음,이륜,남,38세,중상
2018061500100610,2018년 6월 15일 21시,금요일,경상북도 구미시 공단동,중상사고,0,1,0,0,차대차 - 측면충돌,안전거리미확보,건조,맑음,단일로 - 기타,승용,남,58세,상해없음,승용,남,31세,중상
2018061500100647,2018년 6월 15일 22시,금요일,경상북도 포항시 북구 장성동,중상사고,0,1,0,0,차대차 - 측면충돌,안전운전불이행,건조,맑음,단일로 - 기타,승용,여,53세,상해없음,이륜,남,45세,중상
2018061500100648,2018년 6월 15일 22시,금요일,경상북도 문경시 흥덕동,경상사고,0,0,2,0,차대차 - 측면충돌,안전운전불이행,건조,맑음,교차로 - 교차로안,승용,남,69세,상해없음,원동기,남,18세,경상
2018061500100649,2018년 6월 15일 22시,금요일,경상북도 경산시 중산동,경상사고,0,0,2,0,차대차 - 측면충돌,안전운전불이행,건조,맑음,단일로 - 기타,승용,여,54세,상해없음,승용,여,22세,경상
2018061500100674,2018년 6월 15일 23시,금요일,경상북도 안동시 옥동,경상사고,0,0,2,0,차대차 - 측면충돌,중앙선침범,건조,맑음,단일로 - 기타,승용,남,49세,상해없음,승용,남,49세,경상
2018061500100675,2018년 6월 15일 23시,금요일,경상북도 청도군 화양읍,중상사고,0,2,0,0,차대차 - 측면충돌,교차로운행방법위반,건조,맑음,교차로 - 교차로안,화물,남,56세,중상,승용,남,39세,상해없음
2018061500100676,2018년 6월 15일 23시,금요일,경상북도 구미시 황상동,중상사고,0,1,0,0,차대차 - 기타,신호위반,건조,맑음,교차로 - 교차로안,승용,여,26세,상해없음,승용,남,46세,중상
2018061600100025,2018년 6월 16일 01시,토요일,경상북도 칠곡군 약목면,부상신고사고,0,0,0,1,차대차 - 측면충돌,안전운전불이행,건조,맑음,단일로 - 기타,승용,여,55세,부상신고,승용,남,55세,기타불명
2018061600100052,2018년 6월 16일 03시,토요일,경상북도 경산시 진량읍,경상사고,0,0,1,0,차대차 - 기타,신호위반,건조,맑음,교차로 - 교차로안,승용,남,49세,상해없음,승용,남,46세,경상
2018061600100062,2018년 6월 16일 04시,토요일,경상북도 포항시 남구 해도동,중상사고,0,1,0,0,차대차 - 기타,안전운전불이행,건조,맑음,단일로 - 기타,승용,여,20세,상해없음,승용,남,21세,중상
2018061600100074,2018년 6월 16일 05시,토요일,경상북도 영주시 휴천동,중상사고,0,2,1,0,차대차 - 측면충돌,안전운전불이행,건조,맑음,교차로 - 교차로안,승용,여,68세,경상,승용,남,67세,중상
2018061600100089,2018년 6월 16일 06시,토요일,경상북도 경주시 감포읍,중상사고,0,1,0,0,차량단독 - 공작물충돌,안전운전불이행,건조,맑음,기타 - 기타,화물,남,66세,중상,,,,
2018061600100090,2018년 6월 16일 06시,토요일,경상북도 영덕군 병곡면,중상사고,0,2,0,0,차대차 - 측면충돌,직진우회전진행방해,건조,맑음,교차로 - 교차로안,화물,남,58세,상해없음,이륜,남,77세,중상
2018061600100101,2018년 6월 16일 07시,토요일,경상북도 영덕군 영덕읍,중상사고,0,2,2,0,차대차 - 추돌,안전거리미확보,건조,흐림,단일로 - 기타,승용,남,36세,중상,승용,남,57세,경상
2018061600100122,2018년 6월 16일 08시,토요일,경상북도 구미시 봉곡동,경상사고,0,0,1,0,차대차 - 기타,안전운전불이행,건조,맑음,교차로 - 교차로안,승용,남,34세,상해없음,승용,남,44세,경상
2018061600100140,2018년 6월 16일 09시,토요일,경상북도 포항시 북구 죽도동,경상사고,0,0,1,0,차대차 - 기타,안전운전불이행,건조,맑음,단일로 - 기타,승용,남,65세,상해없음,승합,남,48세,상해없음
2018061600100141,2018년 6월 16일 09시,토요일,경상북도 봉화군 명호면,중상사고,0,1,0,0,차대차 - 측면충돌,중앙선침범,건조,맑음,단일로 - 기타,화물,남,43세,상해없음,화물,남,53세,중상
2018061600100142,2018년 6월 16일 09시,토요일,경상북도 청도군 청도읍,경상사고,0,0,1,1,차대차 - 측면충돌,직진우회전진행방해,건조,맑음,교차로 - 교차로안,화물,남,55세,부상신고,승용,여,49세,경상
2018061600100157,2018년 6월 16일 10시,토요일,경상북도 영주시 이산면,경상사고,0,0,1,0,차대차 - 기타,안전운전불이행,건조,맑음,교차로 - 교차로부근,승용,남,81세,상해없음,자전거,남,46세,경상
2018061600100190,2018년 6월 16일 11시,토요일,경상북도 포항시 북구 송라면,경상사고,0,0,3,0,차대차 - 추돌,안전거리미확보,건조,맑음,단일로 - 기타,승용,남,19세,상해없음,승용,여,36세,경상
2018061600100191,2018년 6월 16일 11시,토요일,경상북도 문경시 산양면,경상사고,0,0,1,0,차대차 - 추돌,안전운전불이행,건조,맑음,교차로 - 교차로부근,화물,남,75세,상해없음,화물,남,42세,경상
2018061600100192,2018년 6월 16일 11시,토요일,경상북도 경산시 자인면,경상사고,0,0,1,0,차대사람 - 횡단중,안전운전불이행,건조,맑음,단일로 - 기타,승합,남,45세,상해없음,보행자,남,68세,경상
2018061600100227,2018년 6월 16일 12시,토요일,경상북도 문경시 마성면,경상사고,0,0,3,0,차대차 - 측면충돌,안전운전불이행,건조,맑음,단일로 - 교량,승용,여,49세,상해없음,승용,여,45세,경상
2018061600100228,2018년 6월 16일 12시,토요일,경상북도 고령군 쌍림면,중상사고,0,1,1,0,차량단독 - 공작물충돌,안전운전불이행,건조,맑음,단일로 - 기타,승용,여,39세,상해없음,,,,
2018061600100255,2018년 6월 16일 13시,토요일,경상북도 영천시 금호읍,경상사고,0,0,4,0,차대차 - 추돌,안전운전불이행,건조,맑음,교차로 - 교차로부근,승합,남,60세,상해없음,승용,여,65세,경상
2018061600100256,2018년 6월 16일 13시,토요일,경상북도 경산시 계양동,경상사고,0,0,1,0,차대차 - 측면충돌,신호위반,건조,맑음,교차로 - 교차로안,승용,남,37세,상해없음,이륜,남,38세,경상
2018061600100257,2018년 6월 16일 13시,토요일,경상북도 청도군 운문면,경상사고,0,0,4,0,차대차 - 측면충돌,중앙선침범,건조,맑음,기타 - 기타,승용,남,48세,상해없음,화물,남,67세,경상
2018061600100258,2018년 6월 16일 13시,토요일,경상북도 구미시 원평동,중상사고,0,1,1,0,차대차 - 기타,안전운전불이행,건조,맑음,교차로 - 교차로안,승용,여,48세,상해없음,화물,남,47세,경상
2018061600100295,2018년 6월 16일 14시,토요일,경상북도 상주시 성동동,경상사고,0,0,1,0,차대차 - 측면충돌,안전운전불이행,건조,맑음,교차로 - 교차로부근,승용,남,44세,상해없음,자전거,남,17세,경상
2018061600100296,2018년 6월 16일 14시,토요일,경상북도 문경시 산양면,경상사고,0,0,1,0,차대차 - 추돌,안전거리미확보,건조,맑음,단일로 - 기타,화물,남,77세,상해없음,승용,여,34세,경상
2018061600100297,2018년 6월 16일 14시,토요일,경상북도 청도군 풍각면,중상사고,0,1,0,0,차대차 - 측면충돌,안전운전불이행,건조,맑음,교차로 - 교차로안,화물,남,52세,상해없음,이륜,남,81세,중상
2018061600100298,2018년 6월 16일 14시,토요일,경상북도 청송군 부남면,사망사고,1,0,1,0,차량단독 - 공작물충돌,안전운전불이행,건조,맑음,단일로 - 기타,화물,남,77세,사망,,,,
2018061600100333,2018년 6월 16일 15시,토요일,경상북도 김천시 개령면,중상사고,0,1,0,0,차대차 - 측면충돌,기타,건조,맑음,교차로 - 교차로안,승용,남,61세,상해없음,승용,남,41세,중상
2018061600100334,2018년 6월 16일 15시,토요일,경상북도 칠곡군 동명면,경상사고,0,0,2,0,차대차 - 정면충돌,안전운전불이행,건조,맑음,단일로 - 기타,승용,여,60세,상해없음,승용,남,50세,경상
2018061600100378,2018년 6월 16일 16시,토요일,경상북도 경주시 황오동,경상사고,0,0,1,0,차대사람 - 차도통행중,안전운전불이행,건조,맑음,단일로 - 기타,승용,남,72세,상해없음,보행자,남,52세,경상
2018061600100379,2018년 6월 16일 16시,토요일,경상북도 경주시 황남동,경상사고,0,0,1,0,차대차 - 측면충돌,안전운전불이행,건조,맑음,교차로 - 교차로부근,승용,여,21세,상해없음,승용,남,27세,경상
2018061600100380,2018년 6월 16일 16시,토요일,경상북도 안동시 옥야동,경상사고,0,0,1,0,차대사람 - 차도통행중,안전운전불이행,건조,맑음,단일로 - 기타,화물,남,48세,상해없음,보행자,여,56세,경상
2018061600100381,2018년 6월 16일 16시,토요일,경상북도 영주시 가흥동,경상사고,0,0,3,0,차대차 - 측면충돌,신호위반,건조,맑음,교차로 - 교차로안,승용,남,45세,상해없음,승용,남,46세,경상
2018061600100382,2018년 6월 16일 16시,토요일,경상북도 영주시 영주동,중상사고,0,1,0,0,차대사람 - 횡단중,보행자보호의무위반,건조,맑음,단일로 - 기타,화물,남,61세,상해없음,보행자,여,10세,중상
2018061600100383,2018년 6월 16일 16시,토요일,경상북도 칠곡군 석적읍,경상사고,0,0,1,0,차대사람 - 길가장자리구역통행중,안전운전불이행,건조,맑음,단일로 - 지하차도(도로)내,승용,남,31세,상해없음,보행자,남,90세 이상,경상
2018061600100384,2018년 6월 16일 16시,토요일,경상북도 청도군 운문면,중상사고,0,1,1,0,차대차 - 측면충돌,직진우회전진행방해,건조,맑음,교차로 - 교차로안,승용,남,63세,상해없음,승용,여,35세,경상
2018061600100385,2018년 6월 16일 16시,토요일,경상북도 포항시 남구 송도동,중상사고,0,1,0,0,차대차 - 추돌,안전거리미확보,건조,맑음,단일로 - 기타,승용,여,44세,상해없음,이륜,남,41세,중상
2018061600100421,2018년 6월 16일 17시,토요일,경상북도 김천시 아포읍,경상사고,0,0,1,0,차대차 - 측면충돌,안전운전불이행,건조,맑음,교차로 - 교차로부근,화물,남,68세,상해없음,이륜,남,80세,경상
2018061600100422,2018년 6월 16일 17시,토요일,경상북도 상주시 성동동,중상사고,0,1,0,0,차대사람 - 횡단중,보행자보호의무위반,건조,맑음,교차로 - 교차로부근,승용,여,44세,상해없음,보행자,여,65세,중상
2018061600100423,2018년 6월 16일 17시,토요일,경상북도 칠곡군 왜관읍,부상신고사고,0,0,0,1,차대차 - 측면충돌,직진우회전진행방해,건조,맑음,교차로 - 교차로안,이륜,남,34세,상해없음,승용,여,28세,부상신고
2018061600100424,2018년 6월 16일 17시,토요일,경상북도 포항시 남구 이동,경상사고,0,0,2,0,차대차 - 추돌,안전운전불이행,건조,맑음,교차로 - 교차로부근,승용,남,52세,상해없음,승용,여,31세,경상
2018061600100467,2018년 6월 16일 18시,토요일,경상북도 경주시 성건동,중상사고,0,1,0,0,차대차 - 측면충돌,안전운전불이행,건조,맑음,교차로 - 교차로안,승용,남,61세,상해없음,이륜,남,48세,중상
2018061600100500,2018년 6월 16일 19시,토요일,경상북도 포항시 북구 죽도동,경상사고,0,0,2,0,차대차 - 후진중충돌,안전운전불이행,건조,맑음,기타 - 기타,승용,여,49세,상해없음,승용,여,48세,경상
2018061600100501,2018년 6월 16일 19시,토요일,경상북도 영천시 금호읍,부상신고사고,0,0,0,2,차대차 - 추돌,안전운전불이행,건조,맑음,단일로 - 기타,화물,남,48세,상해없음,승용,여,37세,부상신고
2018061600100502,2018년 6월 16일 19시,토요일,경상북도 문경시 산양면,중상사고,0,1,0,0,차량단독 - 전도전복 - 전복,안전운전불이행,건조,맑음,단일로 - 기타,자전거,남,38세,중상,미분류,미분류,미분류,미분류
2018061600100503,2018년 6월 16일 19시,토요일,경상북도 청송군 청송읍,경상사고,0,0,2,0,차대차 - 측면충돌,교차로운행방법위반,건조,맑음,교차로 - 교차로안,사륜오토바이(ATV),여,62세,경상,승용,남,61세,상해없음
2018061600100533,2018년 6월 16일 20시,토요일,경상북도 포항시 북구 죽장면,중상사고,0,4,0,0,차대차 - 측면충돌,중앙선침범,건조,맑음,단일로 - 기타,승용,남,46세,상해없음,승용,남,54세,중상
2018061600100534,2018년 6월 16일 20시,토요일,경상북도 영주시 풍기읍,경상사고,0,0,4,0,차대차 - 측면충돌,교차로운행방법위반,건조,맑음,교차로 - 교차로안,화물,남,22세,상해없음,승용,여,36세,경상
2018061600100595,2018년 6월 16일 22시,토요일,경상북도 구미시 사곡동,경상사고,0,0,1,1,차대차 - 기타,안전거리미확보,건조,맑음,교차로 - 교차로안,이륜,남,48세,부상신고,승용,여,19세,경상