사고번호,사고일시,요일,시군구,사고내용,사망자수,중상자수,경상자수,부상신고자수,사고유형,법규위반,노면상태,기상상태,도로형태,가해운전자 차종,가해운전자 성별,가해운전자 연령,가해운전자 상해정도,피해운전자 차종,피해운전자 성별,피해운전자 연령,피해운전자 상해정도
2018061600100618,2018년 6월 16일 23시,토요일,경상북도 경산시 중방동,경상사고,0,0,1,0,차대차 - 기타,중앙선침범,건조,맑음,단일로 - 기타,승용,남,23세,상해없음,이륜,남,30세,경상
2018061600100619,2018년 6월 16일 23시,토요일,경상북도 고령군 쌍림면,중상사고,0,1,0,0,차량단독 - 공작물충돌,안전운전불이행,건조,맑음,단일로 - 기타,승용,남,40세,중상,,,,
2018061700100013,2018년 6월 17일 00시,일요일,경상북도 안동시 남문동,경상사고,0,0,1,0,차대차 - 정면충돌,교차로운행방법위반,건조,맑음,교차로 - 교차로안,승용,여,37세,상해없음,승용,남,24세,경상
2018061700100022,2018년 6월 17일 01시,일요일,경상북도 경주시 충효동,경상사고,0,0,2,0,차대차 - 측면충돌,안전운전불이행,건조,맑음,교차로 - 교차로안,승용,남,65세,상해없음,승용,남,39세,경상
2018061700100023,2018년 6월 17일 01시,일요일,경상북도 포항시 북구 두호동,경상사고,0,0,1,0,차대차 - 기타,중앙선침범,건조,맑음,단일로 - 기타,승용,남,48세,상해없음,이륜,남,26세,경상
2018061700100024,2018년 6월 17일 01시,일요일,경상북도 울진군 후포면,사망사고,1,0,0,0,차대사람 - 차도통행중,안전운전불이행,건조,맑음,단일로 - 기타,승용,여,46세,상해없음,보행자,남,59세,사망
2018061700100025,2018년 6월 17일 01시,일요일,경상북도 구미시 비산동,경상사고,0,0,1,0,차대차 - 기타,안전운전불이행,건조,맑음,교차로 - 교차로안,승용,남,24세,상해없음,이륜,남,18세,경상
2018061700100026,2018년 6월 17일 01시,일요일,경상북도 고령군 대가야읍,사망사고,1,1,2,0,차량단독 - 기타,안전운전불이행,건조,맑음,단일로 - 기타,승용,남,50세,사망,,,,
2018061700100076,2018년 6월 17일 05시,일요일,경상북도 안동시 태화동,경상사고,0,0,1,0,차대차 - 측면충돌,안전운전불이행,건조,맑음,교차로 - 교차로안,승용,남,62세,경상,화물,남,56세,상해없음
2018061700100089,2018년 6월 17일 06시,일요일,경상북도 영천시 야사동,경상사고,0,0,1,0,차량단독 - 공작물충돌,안전운전불이행,건조,맑음,단일로 - 기타,승용,남,28세,경상,,,,
2018061700100090,2018년 6월 17일 06시,일요일,경상북도 포항시 남구 청림동,경상사고,0,0,1,0,차대차 - 추돌,안전운전불이행,건조,맑음,교차로 - 교차로부근,승용,남,39세,상해없음,승용,남,32세,경상
2018061700100099,2018년 6월 17일 07시,일요일,경상북도 경주시 외동읍,경상사고,0,0,1,0,차량단독 - 공작물충돌,안전운전불이행,건조,맑음,단일로 - 기타,승용,여,53세,경상,,,,
2018061700100100,2018년 6월 17일 07시,일요일,경상북도 안동시 정하동,경상사고,0,0,2,0,차대차 - 정면충돌,안전운전불이행,건조,맑음,단일로 - 기타,승용,여,47세,상해없음,승용,남,71세,경상
2018061700100160,2018년 6월 17일 11시,일요일,경상북도 경산시 진량읍,중상사고,0,2,0,0,차대차 - 정면충돌,중앙선침범,건조,맑음,단일로 - 기타,화물,남,49세,상해없음,승용,남,55세,중상
2018061700100161,2018년 6월 17일 11시,일요일,경상북도 고령군 개진면,중상사고,0,1,2,0,차대차 - 측면충돌,안전운전불이행,건조,맑음,단일로 - 기타,승용,남,23세,상해없음,승용,남,60세,경상
2018061700100184,2018년 6월 17일 12시,일요일,경상북도 안동시 길안면,경상사고,0,0,1,0,차대차 - 측면충돌,안전운전불이행,건조,맑음,단일로 - 기타,화물,남,42세,상해없음,이륜,남,86세,경상
2018061700100207,2018년 6월 17일 13시,일요일,경상북도 문경시 모전동,경상사고,0,0,2,0,차대차 - 기타,안전운전불이행,건조,맑음,주차장 - 주차장,승합,남,53세,상해없음,승합,남,65세,상해없음
2018061700100208,2018년 6월 17일 13시,일요일,경상북도 경산시 하양읍,경상사고,0,0,2,0,차대차 - 측면충돌,신호위반,건조,맑음,교차로 - 교차로안,승용,여,69세,상해없음,승용,남,43세,경상
2018061700100209,2018년 6월 17일 13시,일요일,경상북도 구미시 봉곡동,경상사고,0,0,1,0,차대차 - 기타,안전운전불이행,건조,맑음,단일로 - 기타,승용,남,43세,상해없음,이륜,남,53세,경상
2018061700100263,2018년 6월 17일 15시,일요일,경상북도 포항시 북구 용흥동,중상사고,0,1,0,0,차대차 - 기타,직진우회전진행방해,건조,맑음,교차로 - 교차로안,승용,여,59세,상해없음,자전거,여,65세,중상
2018061700100286,2018년 6월 17일 16시,일요일,경상북도 경주시 동천동,중상사고,0,1,0,0,차대차 - 추돌,안전운전불이행,건조,맑음,단일로 - 지하차도(도로)내,승용,남,51세,상해없음,이륜,남,38세,중상
2018061700100287,2018년 6월 17일 16시,일요일,경상북도 영천시 청통면,중상사고,0,1,0,0,차대차 - 측면충돌,교차로운행방법위반,건조,맑음,교차로 - 교차로안,화물,남,78세,상해없음,이륜,남,53세,중상
2018061700100288,2018년 6월 17일 16시,일요일,경상북도 문경시 신기동,중상사고,0,1,1,0,차량단독 - 공작물충돌,안전운전불이행,건조,맑음,단일로 - 기타,승용,여,50세,경상,,,,
2018061700100289,2018년 6월 17일 16시,일요일,경상북도 영덕군 강구면,경상사고,0,0,1,0,차대차 - 추돌,안전운전불이행,건조,맑음,교차로 - 교차로부근,승용,남,60세,상해없음,승용,남,65세,경상
2018061700100290,2018년 6월 17일 16시,일요일,경상북도 청도군 매전면,중상사고,0,1,0,0,차대차 - 측면충돌,중앙선침범,건조,맑음,단일로 - 기타,승용,여,63세,상해없음,승용,남,49세,중상
2018061700100291,2018년 6월 17일 16시,일요일,경상북도 김천시 남면,중상사고,0,2,2,0,차대차 - 추돌,안전거리미확보,건조,맑음,단일로 - 기타,승용,여,56세,상해없음,승합,남,49세,상해없음
2018061700100319,2018년 6월 17일 17시,일요일,경상북도 포항시 북구 청하면,중상사고,0,1,0,0,차대차 - 측면충돌,안전운전불이행,건조,맑음,단일로 - 기타,승용,남,64세,상해없음,이륜,남,76세,중상
2018061700100320,2018년 6월 17일 17시,일요일,경상북도 문경시 가은읍,중상사고,0,1,0,0,차대차 - 측면충돌,안전운전불이행,건조,맑음,교차로 - 교차로부근,승용,여,62세,상해없음,이륜,남,77세,중상
2018061700100321,2018년 6월 17일 17시,일요일,경상북도 예천군 예천읍,경상사고,0,0,1,0,차대사람 - 횡단중,안전운전불이행,건조,맑음,교차로 - 교차로안,승용,여,29세,상해없음,보행자,남,3세,경상
2018061700100352,2018년 6월 17일 18시,일요일,경상북도 구미시 임은동,경상사고,0,0,1,0,차대차 - 기타,안전운전불이행,건조,맑음,단일로 - 기타,승용,남,32세,상해없음,승용,남,58세,경상
2018061700100383,2018년 6월 17일 19시,일요일,경상북도 포항시 북구 흥해읍,중상사고,0,1,0,0,차대사람 - 기타,중앙선침범,건조,맑음,단일로 - 기타,승용,남,22세,상해없음,보행자,여,11세,중상
2018061700100384,2018년 6월 17일 19시,일요일,경상북도 김천시 농소면,중상사고,0,1,1,0,차대차 - 측면충돌,신호위반,건조,맑음,교차로 - 교차로안,승용,여,28세,중상,승용,남,25세,경상
2018061700100385,2018년 6월 17일 19시,일요일,경상북도 상주시 남성동,경상사고,0,0,1,0,차대사람 - 차도통행중,안전운전불이행,건조,맑음,교차로 - 교차로안,승용,남,52세,상해없음,보행자,남,55세,경상
2018061700100406,2018년 6월 17일 20시,일요일,경상북도 경주시 신평동,경상사고,0,0,1,0,차량단독 - 기타,안전운전불이행,건조,맑음,단일로 - 기타,사륜오토바이(ATV),남,19세,상해없음,,,,
2018061700100407,2018년 6월 17일 20시,일요일,경상북도 영덕군 영덕읍,부상신고사고,0,0,0,1,차량단독 - 전도전복 - 전도,안전운전불이행,건조,맑음,단일로 - 기타,자전거,남,52세,부상신고,미분류,미분류,미분류,미분류
2018061700100408,2018년 6월 17일 20시,일요일,경상북도 구미시 공단동,경상사고,0,0,1,0,차대차 - 기타,신호위반,건조,맑음,교차로 - 교차로안,승용,남,55세,기타불명,이륜,남,34세,경상
2018061700100431,2018년 6월 17일 21시,일요일,경상북도 칠곡군 동명면,중상사고,0,2,0,0,차량단독 - 공작물충돌,안전운전불이행,건조,맑음,단일로 - 기타,승용,남,75세,중상,,,,
2018061700100451,2018년 6월 17일 22시,일요일,경상북도 포항시 북구 흥해읍,중상사고,0,1,0,0,차대사람 - 기타,안전운전불이행,건조,맑음,단일로 - 기타,승용,여,41세,상해없음,보행자,남,42세,중상
2018061700100452,2018년 6월 17일 22시,일요일,경상북도 경산시 자인면,중상사고,0,1,0,0,차대사람 - 횡단중,안전운전불이행,건조,맑음,단일로 - 기타,승용,여,54세,상해없음,보행자,남,23세,중상
2018061700100453,2018년 6월 17일 22시,일요일,경상북도 경산시 대동,경상사고,0,0,1,0,차대사람 - 기타,신호위반,건조,맑음,교차로 - 교차로안,이륜,남,24세,상해없음,보행자,남,24세,경상
2018061700100454,2018년 6월 17일 22시,일요일,경상북도 경산시 자인면,중상사고,0,1,0,0,차대사람 - 차도통행중,안전운전불이행,건조,맑음,단일로 - 기타,승용,여,65세,상해없음,보행자,여,55세,중상
2018061700100455,2018년 6월 17일 22시,일요일,경상북도 포항시 남구 오천읍,경상사고,0,0,1,0,차대사람 - 횡단중,안전운전불이행,건조,맑음,단일로 - 기타,이륜,남,23세,기타불명,보행자,남,50세,경상
2018061800100034,2018년 6월 18일 05시,월요일,경상북도 구미시 사곡동,중상사고,0,1,0,0,차대차 - 정면충돌,안전운전불이행,건조,맑음,단일로 - 기타,화물,남,59세,상해없음,자전거,남,74세,중상
2018061800100061,2018년 6월 18일 07시,월요일,경상북도 김천시 어모면,중상사고,0,1,1,0,차대차 - 추돌,차로위반,건조,맑음,단일로 - 기타,화물,남,48세,경상,화물,남,49세,중상
2018061800100062,2018년 6월 18일 07시,월요일,경상북도 구미시 옥성면,경상사고,0,0,1,0,차대사람 - 기타,안전운전불이행,건조,맑음,단일로 - 기타,화물,남,52세,상해없음,보행자,여,78세,경상
2018061800100119,2018년 6월 18일 08시,월요일,경상북도 영주시 휴천동,부상신고사고,0,0,0,1,차대차 - 측면충돌,안전운전불이행,건조,맑음,단일로 - 기타,자전거,남,18세,부상신고,화물,남,49세,상해없음
2018061800100120,2018년 6월 18일 08시,월요일,경상북도 영주시 풍기읍,경상사고,0,0,1,0,차대사람 - 횡단중,안전운전불이행,건조,맑음,단일로 - 기타,승용,남,80세,상해없음,보행자,남,26세,경상
2018061800100121,2018년 6월 18일 08시,월요일,경상북도 울진군 북면,중상사고,0,1,1,0,차대차 - 측면충돌,안전운전불이행,건조,맑음,교차로 - 교차로부근,승용,여,57세,경상,승용,남,36세,중상
2018061800100122,2018년 6월 18일 08시,월요일,경상북도 포항시 남구 대도동,경상사고,0,0,1,0,차대차 - 측면충돌,안전운전불이행,건조,맑음,단일로 - 기타,승용,여,33세,상해없음,자전거,여,59세,경상
2018061800100164,2018년 6월 18일 09시,월요일,경상북도 포항시 북구 흥해읍,중상사고,0,1,1,0,차대차 - 추돌,안전운전불이행,건조,맑음,단일로 - 기타,승용,여,64세,상해없음,승용,남,70세,중상
2018061800100165,2018년 6월 18일 09시,월요일,경상북도 경산시 진량읍,경상사고,0,0,1,0,차대차 - 측면충돌,교차로운행방법위반,건조,맑음,교차로 - 교차로안,화물,남,30세,상해없음,승용,남,46세,경상
2018061800100201,2018년 6월 18일 10시,월요일,경상북도 안동시 안막동,경상사고,0,0,1,0,차대차 - 측면충돌,안전운전불이행,건조,맑음,단일로 - 기타,승용,남,66세,상해없음,화물,남,56세,경상
2018061800100202,2018년 6월 18일 10시,월요일,경상북도 영천시 화남면,경상사고,0,0,1,0,차대차 - 측면충돌,중앙선침범,건조,맑음,단일로 - 기타,화물,남,65세,상해없음,승용,여,48세,경상
2018061800100203,2018년 6월 18일 10시,월요일,경상북도 구미시 옥계동,중상사고,0,1,2,2,차대차 - 측면충돌,교차로운행방법위반,건조,맑음,교차로 - 교차로안,승용,남,33세,상해없음,승용,남,67세,중상
2018061800100235,2018년 6월 18일 11시,월요일,경상북도 구미시 광평동,부상신고사고,0,0,0,1,차대차 - 기타,안전운전불이행,건조,맑음,교차로 - 교차로안,이륜,남,74세,부상신고,승용,여,75세,상해없음
2018061800100236,2018년 6월 18일 11시,월요일,경상북도 구미시 선산읍,중상사고,0,1,0,0,차대차 - 기타,안전운전불이행,건조,맑음,단일로 - 기타,승용,남,59세,상해없음,자전거,남,78세,중상
2018061800100265,2018년 6월 18일 12시,월요일,경상북도 경주시 산내면,중상사고,0,1,1,0,차대차 - 측면충돌,안전운전불이행,건조,맑음,교차로 - 교차로안,승용,남,46세,상해없음,화물,남,54세,경상
2018061800100266,2018년 6월 18일 12시,월요일,경상북도 상주시 은척면,경상사고,0,0,2,0,차대차 - 측면충돌,안전운전불이행,건조,맑음,교차로 - 교차로안,승용,여,53세,경상,승용,여,56세,경상
2018061800100299,2018년 6월 18일 13시,월요일,경상북도 포항시 북구 우현동,경상사고,0,0,1,0,차대차 - 측면충돌,안전운전불이행,건조,맑음,교차로 - 교차로안,승용,여,42세,경상,승용,남,66세,상해없음
2018061800100300,2018년 6월 18일 13시,월요일,경상북도 칠곡군 동명면,경상사고,0,0,1,0,차대차 - 추돌,안전거리미확보,건조,맑음,교차로 - 교차로부근,승용,남,63세,상해없음,승용,여,47세,경상
2018061800100301,2018년 6월 18일 13시,월요일,경상북도 영덕군 지품면,중상사고,0,1,0,0,차대차 - 추돌,안전운전불이행,건조,맑음,단일로 - 기타,승용,남,52세,중상,화물,남,51세,상해없음
2018061800100329,2018년 6월 18일 14시,월요일,경상북도 김천시 성내동,경상사고,0,0,3,0,차대차 - 측면충돌,불법유턴,건조,맑음,기타 - 기타,승용,남,34세,경상,승용,남,43세,경상
2018061800100330,2018년 6월 18일 14시,월요일,경상북도 구미시 옥계동,경상사고,0,0,2,0,차대차 - 정면충돌,신호위반,건조,맑음,교차로 - 교차로안,승용,여,62세,상해없음,승용,여,45세,경상
2018061800100331,2018년 6월 18일 14시,월요일,경상북도 구미시 임수동,경상사고,0,0,1,0,차대차 - 추돌,안전운전불이행,건조,맑음,교차로 - 교차로부근,화물,여,54세,상해없음,승용,남,30세,경상
2018061800100365,2018년 6월 18일 15시,월요일,경상북도 포항시 북구 송라면,경상사고,0,0,2,0,차대차 - 추돌,안전운전불이행,건조,맑음,단일로 - 기타,건설기계,남,38세,상해없음,승용,남,63세,경상
2018061800100366,2018년 6월 18일 15시,월요일,경상북도 구미시 도량동,중상사고,0,1,0,0,차대차 - 측면충돌,안전운전불이행,건조,맑음,단일로 - 기타,승합,여,46세,상해없음,승용,여,35세,중상
2018061800100367,2018년 6월 18일 15시,월요일,경상북도 포항시 남구 해도동,경상사고,0,0,1,0,차대차 - 기타,교차로운행방법위반,건조,맑음,교차로 - 교차로안,승용,여,49세,상해없음,승용,남,51세,경상
2018061800100409,2018년 6월 18일 16시,월요일,경상북도 포항시 북구 장성동,경상사고,0,0,1,0,차대차 - 측면충돌,직진우회전진행방해,건조,맑음,교차로 - 교차로안,승용,여,44세,상해없음,승용,남,72세,경상
2018061800100410,2018년 6월 18일 16시,월요일,경상북도 영덕군 영덕읍,경상사고,0,0,2,0,차대차 - 후진중충돌,안전운전불이행,건조,맑음,교차로 - 교차로부근,화물,남,43세,상해없음,승용,여,44세,경상
2018061800100411,2018년 6월 18일 16시,월요일,경상북도 영양군 석보면,중상사고,0,1,0,0,차대차 - 정면충돌,중앙선침범,건조,맑음,단일로 - 기타,화물,여,57세,상해없음,화물,남,77세,중상
2018061800100412,2018년 6월 18일 16시,월요일,경상북도 구미시 구평동,경상사고,0,0,1,1,차대차 - 측면충돌,직진우회전진행방해,건조,맑음,교차로 - 교차로안,화물,남,37세,부상신고,승용,여,27세,경상
2018061800100458,2018년 6월 18일 17시,월요일,경상북도 군위군 군위읍,중상사고,0,1,0,0,차대차 - 측면충돌,신호위반,건조,맑음,교차로 - 교차로안,승용,남,58세,상해없음,승용,남,73세,중상
2018061800100459,2018년 6월 18일 17시,월요일,경상북도 영양군 영양읍,경상사고,0,0,1,1,차대차 - 측면충돌,교차로운행방법위반,건조,맑음,교차로 - 교차로안,화물,남,51세,상해없음,화물,남,62세,경상
2018061800100523,2018년 6월 18일 18시,월요일,경상북도 영양군 청기면,경상사고,0,0,1,0,차대차 - 측면충돌,중앙선침범,건조,맑음,단일로 - 기타,이륜,여,60세,경상,승용,남,79세,상해없음
2018061800100524,2018년 6월 18일 18시,월요일,경상북도 구미시 구평동,경상사고,0,0,1,0,차량단독 - 전도전복 - 전도,안전운전불이행,건조,맑음,단일로 - 기타,이륜,남,44세,경상,미분류,미분류,미분류,미분류
2018061800100596,2018년 6월 18일 20시,월요일,경상북도 영덕군 병곡면,경상사고,0,0,1,0,차대차 - 측면충돌,교차로운행방법위반,건조,맑음,교차로 - 교차로안,승용,여,40세,상해없음,승용,여,64세,경상
2018061800100643,2018년 6월 18일 21시,월요일,경상북도 포항시 북구 장성동,경상사고,0,0,2,0,차대차 - 측면충돌,안전운전불이행,건조,맑음,교차로 - 교차로안,이륜,남,19세,경상,승합,남,61세,경상
2018061800100644,2018년 6월 18일 21시,월요일,경상북도 영덕군 병곡면,경상사고,0,0,1,0,차대차 - 추돌,안전운전불이행,건조,맑음,교차로 - 교차로부근,승용,남,48세,상해없음,승용,여,42세,경상
2018061800100645,2018년 6월 18일 21시,월요일,경상북도 포항시 남구 송도동,경상사고,0,0,1,0,차대차 - 측면충돌,안전운전불이행,건조,맑음,교차로 - 교차로안,이륜,남,45세,상해없음,승용,남,36세,경상
2018061800100646,2018년 6월 18일 21시,월요일,경상북도 포항시 남구 오천읍,경상사고,0,0,1,0,차대차 - 측면충돌,안전운전불이행,건조,맑음,단일로 - 기타,이륜,남,25세,경상,승용,남,59세,상해없음
2018061800100681,2018년 6월 18일 23시,월요일,경상북도 성주군 선남면,경상사고,0,0,1,0,차량단독 - 전도전복 - 전도,안전운전불이행,건조,맑음,교차로 - 교차로안,이륜,남,31세,경상,미분류,미분류,미분류,미분류
2018061900100007,2018년 6월 19일 00시,화요일,경상북도 포항시 북구 우현동,경상사고,0,0,2,0,차대차 - 추돌,안전거리미확보,건조,맑음,단일로 - 기타,승용,남,58세,상해없음,승용,남,50세,경상
2018061900100021,2018년 6월 19일 02시,화요일,경상북도 의성군 봉양면,경상사고,0,0,1,0,차량단독 - 공작물충돌,안전운전불이행,건조,맑음,단일로 - 기타,승용,남,27세,상해없음,,,,
2018061900100022,2018년 6월 19일 02시,화요일,경상북도 포항시 남구 대송면,중상사고,0,1,3,0,차량단독 - 기타,안전운전불이행,건조,맑음,단일로 - 기타,승용,남,34세,경상,,,,
2018061900100075,2018년 6월 19일 07시,화요일,경상북도 경주시 구황동,경상사고,0,0,1,0,차대차 - 측면충돌,안전운전불이행,건조,맑음,교차로 - 교차로안,승용,남,57세,상해없음,승용,남,55세,경상
2018061900100076,2018년 6월 19일 07시,화요일,경상북도 구미시 사곡동,경상사고,0,0,1,0,차대사람 - 횡단중,보행자보호의무위반,건조,흐림,교차로 - 교차로횡단보도내,승용,남,65세,상해없음,보행자,여,13세,경상
2018061900100109,2018년 6월 19일 08시,화요일,경상북도 포항시 남구 대도동,중상사고,0,1,0,0,차대사람 - 횡단중,중앙선침범,건조,맑음,단일로 - 기타,승용,남,28세,상해없음,보행자,남,77세,중상
2018061900100144,2018년 6월 19일 09시,화요일,경상북도 안동시 수상동,중상사고,0,2,2,0,차대차 - 측면충돌,교차로운행방법위반,건조,맑음,교차로 - 교차로부근,승합,남,52세,상해없음,건설기계,남,45세,경상
2018061900100145,2018년 6월 19일 09시,화요일,경상북도 김천시 남산동,중상사고,0,1,0,0,차대차 - 측면충돌,안전운전불이행,건조,맑음,교차로 - 교차로안,승용,남,69세,상해없음,승용,남,77세,상해없음
2018061900100146,2018년 6월 19일 09시,화요일,경상북도 고령군 대가야읍,경상사고,0,0,2,0,차대차 - 측면충돌,교차로운행방법위반,건조,맑음,교차로 - 교차로안,승용,남,71세,상해없음,승용,남,55세,경상
2018061900100184,2018년 6월 19일 10시,화요일,경상북도 경주시 성건동,중상사고,0,1,0,0,차대차 - 측면충돌,안전운전불이행,건조,맑음,교차로 - 교차로횡단보도내,승용,남,72세,상해없음,자전거,남,80세,중상
2018061900100185,2018년 6월 19일 10시,화요일,경상북도 구미시 선산읍,부상신고사고,0,0,0,1,차대차 - 기타,직진우회전진행방해,건조,맑음,교차로 - 교차로안,화물,여,45세,상해없음,이륜,남,49세,부상신고
2018061900100246,2018년 6월 19일 12시,화요일,경상북도 포항시 북구 항구동,경상사고,0,0,2,0,차대차 - 측면충돌,안전운전불이행,건조,맑음,교차로 - 교차로안,승용,남,58세,상해없음,승용,남,62세,경상
2018061900100247,2018년 6월 19일 12시,화요일,경상북도 김천시 성내동,경상사고,0,0,1,0,차대사람 - 차도통행중,안전운전불이행,젖음/습기,비,단일로 - 기타,이륜,남,40세,경상,보행자,여,89세,상해없음
2018061900100248,2018년 6월 19일 12시,화요일,경상북도 울진군 평해읍,중상사고,0,1,0,0,차대사람 - 길가장자리구역통행중,안전운전불이행,건조,맑음,단일로 - 기타,화물,남,48세,상해없음,보행자,여,78세,중상
2018061900100249,2018년 6월 19일 12시,화요일,경상북도 구미시 봉곡동,중상사고,0,1,0,1,차대차 - 측면충돌,교차로운행방법위반,젖음/습기,비,교차로 - 교차로안,승용,남,44세,부상신고,승용,남,46세,중상
2018061900100250,2018년 6월 19일 12시,화요일,경상북도 구미시 도량동,경상사고,0,0,2,0,차대차 - 기타,안전운전불이행,젖음/습기,맑음,교차로 - 교차로부근,승용,여,52세,경상,화물,남,55세,경상
2018061900100251,2018년 6월 19일 12시,화요일,경상북도 포항시 남구 오천읍,중상사고,0,1,1,0,차대차 - 추돌,안전운전불이행,건조,맑음,교차로 - 교차로부근,승용,여,41세,상해없음,승용,여,46세,중상
2018061900100281,2018년 6월 19일 13시,화요일,경상북도 경주시 황성동,중상사고,0,1,2,0,차대차 - 추돌,안전운전불이행,젖음/습기,비,교차로 - 교차로부근,승합,남,44세,상해없음,승용,남,65세,경상
2018061900100282,2018년 6월 19일 13시,화요일,경상북도 상주시 낙양동,중상사고,0,1,0,0,차대차 - 측면충돌,안전운전불이행,젖음/습기,비,단일로 - 기타,승용,남,49세,상해없음,이륜,남,33세,중상
2018061900100283,2018년 6월 19일 13시,화요일,경상북도 의성군 다인면,중상사고,0,1,2,0,차대차 - 추돌,안전운전불이행,건조,흐림,교차로 - 교차로부근,화물,남,77세,경상,승용,여,50세,경상
2018061900100307,2018년 6월 19일 14시,화요일,경상북도 경주시 율동,경상사고,0,0,1,0,차대차 - 기타,안전운전불이행,건조,맑음,단일로 - 지하차도(도로)내,건설기계,남,41세,상해없음,승용,남,34세,상해없음
2018061900100308,2018년 6월 19일 14시,화요일,경상북도 영천시 신령면,중상사고,0,1,0,0,차대차 - 측면충돌,안전운전불이행,건조,맑음,단일로 - 기타,승용,여,55세,상해없음,승용,남,62세,중상
2018061900100333,2018년 6월 19일 15시,화요일,경상북도 김천시 부곡동,경상사고,0,0,3,0,차대차 - 측면충돌,안전운전불이행,젖음/습기,비,교차로 - 교차로안,승용,남,77세,경상,화물,남,48세,경상
2018061900100334,2018년 6월 19일 15시,화요일,경상북도 경산시 사동,경상사고,0,0,2,0,차대차 - 측면충돌,교차로운행방법위반,건조,맑음,교차로 - 교차로안,승용,남,28세,경상,승용,남,34세,경상
2018061900100335,2018년 6월 19일 15시,화요일,경상북도 성주군 성주읍,경상사고,0,0,1,0,차대차 - 추돌,안전운전불이행,젖음/습기,비,단일로 - 기타,승용,남,32세,경상,화물,남,미분류,기타불명
2018061900100336,2018년 6월 19일 15시,화요일,경상북도 김천시 아포읍,경상사고,0,0,1,0,차대차 - 추돌,안전운전불이행,건조,맑음,단일로 - 기타,화물,남,51세,상해없음,화물,남,64세,경상
2018061900100379,2018년 6월 19일 16시,화요일,경상북도 상주시 냉림동,중상사고,0,1,0,0,차대차 - 측면충돌,교차로운행방법위반,젖음/습기,비,교차로 - 교차로안,승용,여,42세,상해없음,자전거,남,79세,중상
2018061900100459,2018년 6월 19일 18시,화요일,경상북도 안동시 옥동,경상사고,0,0,1,0,차대차 - 측면충돌,안전운전불이행,건조,맑음,교차로 - 교차로안,승용,남,61세,상해없음,승용,여,27세,경상
2018061900100499,2018년 6월 19일 19시,화요일,경상북도 경주시 황성동,경상사고,0,0,1,0,차대사람 - 차도통행중,중앙선침범,젖음/습기,비,단일로 - 기타,이륜,남,53세,상해없음,보행자,여,15세,경상
2018061900100524,2018년 6월 19일 20시,화요일,경상북도 안동시 안기동,경상사고,0,0,2,0,차량단독 - 공작물충돌,안전운전불이행,젖음/습기,흐림,단일로 - 기타,승용,남,18세,경상,,,,
2018061900100547,2018년 6월 19일 21시,화요일,경상북도 경주시 황성동,중상사고,0,1,0,0,차대차 - 추돌,안전운전불이행,젖음/습기,비,단일로 - 교량,승용,남,38세,상해없음,자전거,남,22세,중상
2018061900100548,2018년 6월 19일 21시,화요일,경상북도 문경시 공평동,경상사고,0,0,1,0,차량단독 - 공작물충돌,안전운전불이행,건조,맑음,단일로 - 기타,승용,남,43세,경상,,,,
2018061900100582,2018년 6월 19일 23시,화요일,경상북도 구미시 지산동,경상사고,0,0,1,0,차대차 - 기타,안전운전불이행,건조,맑음,단일로 - 고가도로위,승용,여,25세,상해없음,화물,남,51세,경상
2018062000100033,2018년 6월 20일 02시,수요일,경상북도 안동시 옥야동,중상사고,0,1,2,0,차대차 - 측면충돌,신호위반,건조,맑음,교차로 - 교차로안,승용,남,22세,상해없음,승용,남,25세,경상
2018062000100039,2018년 6월 20일 03시,수요일,경상북도 포항시 남구 상도동,경상사고,0,0,1,0,차대사람 - 기타,안전운전불이행,건조,맑음,단일로 - 기타,승용,남,20세,상해없음,보행자,남,40세,경상
2018062000100055,2018년 6월 20일 05시,수요일,경상북도 경주시 서면,경상사고,0,0,1,0,차대차 - 측면충돌,안전운전불이행,건조,맑음,교차로 - 교차로부근,화물,남,18세,경상,화물,남,42세,상해없음
2018062000100056,2018년 6월 20일 05시,수요일,경상북도 군위군 부계면,중상사고,0,1,0,0,차대차 - 측면충돌,직진우회전진행방해,건조,맑음,교차로 - 교차로안,승용,남,66세,상해없음,화물,남,60세,중상
2018062000100077,2018년 6월 20일 07시,수요일,경상북도 김천시 어모면,중상사고,0,2,0,0,차대차 - 측면충돌,안전운전불이행,건조,맑음,교차로 - 교차로안,승합,남,49세,상해없음,승용,여,73세,중상
2018062000100078,2018년 6월 20일 07시,수요일,경상북도 영천시 고경면,부상신고사고,0,0,0,6,차대차 - 추돌,안전운전불이행,건조,맑음,교차로 - 교차로안,화물,남,61세,상해없음,승용,남,62세,부상신고
2018062000100079,2018년 6월 20일 07시,수요일,경상북도 경산시 진량읍,경상사고,0,0,2,0,차대차 - 기타,안전운전불이행,건조,맑음,단일로 - 기타,승용,남,50세,경상,화물,남,40세,경상
2018062000100081,2018년 6월 20일 07시,수요일,경상북도 포항시 남구 해도동,중상사고,0,1,0,0,차대차 - 측면충돌,신호위반,건조,맑음,교차로 - 교차로안,승용,남,57세,상해없음,자전거,남,66세,중상
2018062000100138,2018년 6월 20일 09시,수요일,경상북도 김천시 신음동,경상사고,0,0,1,0,차대차 - 측면충돌,안전운전불이행,건조,맑음,교차로 - 교차로안,승용,남,57세,상해없음,승용,여,54세,경상