사고번호,사고일시,요일,시군구,사고내용,사망자수,중상자수,경상자수,부상신고자수,사고유형,법규위반,노면상태,기상상태,도로형태,가해운전자 차종,가해운전자 성별,가해운전자 연령,가해운전자 상해정도,피해운전자 차종,피해운전자 성별,피해운전자 연령,피해운전자 상해정도
2018062600100595,2018년 6월 26일 21시,화요일,경상북도 안동시 신안동,경상사고,0,0,1,0,차대사람 - 횡단중,보행자보호의무위반,젖음/습기,비,교차로 - 교차로횡단보도내,승용,남,58세,상해없음,보행자,여,48세,경상
2018062600100619,2018년 6월 26일 22시,화요일,경상북도 안동시 수상동,경상사고,0,0,1,0,차대차 - 추돌,안전거리미확보,젖음/습기,비,교차로 - 교차로부근,승용,남,37세,상해없음,승용,남,28세,경상
2018062600100644,2018년 6월 26일 23시,화요일,경상북도 포항시 남구 대잠동,경상사고,0,0,3,0,차대차 - 기타,안전운전불이행,건조,맑음,교차로 - 교차로부근,승용,남,48세,상해없음,승용,남,44세,경상
2018062600100645,2018년 6월 26일 23시,화요일,경상북도 구미시 옥성면,사망사고,1,0,0,0,차대사람 - 기타,안전운전불이행,젖음/습기,비,단일로 - 기타,특수,남,29세,상해없음,보행자,여,44세,사망
2018062700100022,2018년 6월 27일 01시,수요일,경상북도 포항시 남구 대송면,경상사고,0,0,1,0,차대차 - 측면충돌,안전운전불이행,건조,맑음,단일로 - 기타,승용,남,25세,상해없음,승용,여,51세,경상
2018062700100039,2018년 6월 27일 03시,수요일,경상북도 구미시 진평동,경상사고,0,0,1,0,차대사람 - 횡단중,안전운전불이행,젖음/습기,비,교차로 - 교차로안,승용,남,36세,상해없음,보행자,여,23세,경상
2018062700100059,2018년 6월 27일 05시,수요일,경상북도 경산시 진량읍,중상사고,0,1,0,0,차대차 - 측면충돌,신호위반,젖음/습기,비,교차로 - 교차로안,화물,남,55세,상해없음,승용,여,49세,중상
2018062700100066,2018년 6월 27일 06시,수요일,경상북도 청송군 진보면,중상사고,0,1,1,0,차량단독 - 도로외이탈 - 추락,안전운전불이행,젖음/습기,비,단일로 - 기타,화물,남,52세,중상,,,,
2018062700100084,2018년 6월 27일 07시,수요일,경상북도 김천시 모암동,경상사고,0,0,3,0,차대차 - 추돌,안전운전불이행,젖음/습기,비,교차로 - 교차로부근,승용,남,39세,경상,승용,남,53세,경상
2018062700100085,2018년 6월 27일 07시,수요일,경상북도 경산시 압량면,경상사고,0,0,1,0,차대차 - 측면충돌,신호위반,젖음/습기,비,교차로 - 교차로안,승용,남,34세,상해없음,승용,여,49세,경상
2018062700100148,2018년 6월 27일 09시,수요일,경상북도 의성군 의성읍,경상사고,0,0,1,0,차대차 - 측면충돌,안전운전불이행,젖음/습기,흐림,교차로 - 교차로부근,화물,남,50세,상해없음,건설기계,남,48세,경상
2018062700100149,2018년 6월 27일 09시,수요일,경상북도 경산시 중방동,경상사고,0,0,1,0,차대차 - 기타,안전운전불이행,젖음/습기,비,단일로 - 기타,승용,남,29세,상해없음,승용,여,36세,경상
2018062700100150,2018년 6월 27일 09시,수요일,경상북도 청송군 파천면,중상사고,0,1,0,0,차대차 - 측면충돌,중앙선침범,건조,맑음,단일로 - 기타,승용,여,60세,중상,화물,남,44세,상해없음
2018062700100151,2018년 6월 27일 09시,수요일,경상북도 포항시 남구 해도동,경상사고,0,0,2,0,차대차 - 추돌,안전운전불이행,젖음/습기,비,교차로 - 교차로부근,승용,남,63세,상해없음,승용,남,43세,경상
2018062700100195,2018년 6월 27일 11시,수요일,경상북도 경주시 용강동,경상사고,0,0,1,0,차대차 - 측면충돌,안전운전불이행,건조,맑음,단일로 - 기타,승용,남,47세,상해없음,화물,남,53세,경상
2018062700100219,2018년 6월 27일 12시,수요일,경상북도 김천시 용두동,중상사고,0,1,0,0,차대차 - 추돌,안전운전불이행,건조,맑음,교차로 - 교차로부근,화물,남,45세,상해없음,승용,여,22세,중상
2018062700100220,2018년 6월 27일 12시,수요일,경상북도 문경시 모전동,경상사고,0,0,1,0,차대차 - 정면충돌,안전운전불이행,건조,맑음,교차로 - 교차로안,승용,여,35세,상해없음,이륜,남,29세,경상
2018062700100243,2018년 6월 27일 13시,수요일,경상북도 포항시 북구 용흥동,경상사고,0,0,3,0,차대차 - 추돌,안전운전불이행,건조,맑음,교차로 - 교차로부근,승용,남,71세,상해없음,승용,남,49세,경상
2018062700100265,2018년 6월 27일 14시,수요일,경상북도 포항시 북구 장성동,경상사고,0,0,1,0,차대차 - 측면충돌,직진우회전진행방해,건조,맑음,교차로 - 교차로안,승용,남,69세,상해없음,승용,남,67세,경상
2018062700100266,2018년 6월 27일 14시,수요일,경상북도 영양군 영양읍,경상사고,0,0,1,0,차대차 - 추돌,안전운전불이행,건조,맑음,단일로 - 기타,화물,남,60세,상해없음,승용,여,75세,경상
2018062700100295,2018년 6월 27일 15시,수요일,경상북도 경산시 계양동,중상사고,0,1,0,0,차량단독 - 기타,안전운전불이행,젖음/습기,비,단일로 - 기타,승용,남,19세,중상,,,,
2018062700100296,2018년 6월 27일 15시,수요일,경상북도 구미시 원평동,경상사고,0,0,2,0,차대차 - 기타,안전운전불이행,건조,맑음,단일로 - 기타,승용,여,47세,상해없음,승합,남,52세,상해없음
2018062700100330,2018년 6월 27일 16시,수요일,경상북도 경주시 성건동,중상사고,0,1,0,0,차대사람 - 횡단중,안전운전불이행,건조,맑음,교차로 - 교차로부근,이륜,남,26세,상해없음,보행자,남,27세,중상
2018062700100331,2018년 6월 27일 16시,수요일,경상북도 경산시 중방동,경상사고,0,0,2,0,차대차 - 측면충돌,안전운전불이행,건조,맑음,단일로 - 기타,승용,여,40세,상해없음,승용,남,61세,경상
2018062700100332,2018년 6월 27일 16시,수요일,경상북도 청송군 안덕면,경상사고,0,0,2,0,차대차 - 측면충돌,교차로운행방법위반,건조,맑음,교차로 - 교차로안,화물,남,68세,경상,승용,여,31세,경상
2018062700100376,2018년 6월 27일 17시,수요일,경상북도 포항시 북구 두호동,경상사고,0,0,1,0,차대사람 - 기타,안전운전불이행,건조,맑음,단일로 - 기타,승용,남,57세,상해없음,보행자,남,14세,경상
2018062700100377,2018년 6월 27일 17시,수요일,경상북도 상주시 냉림동,중상사고,0,1,0,0,차대차 - 측면충돌,안전운전불이행,건조,맑음,교차로 - 교차로안,승합,남,46세,상해없음,이륜,남,60세,중상
2018062700100378,2018년 6월 27일 17시,수요일,경상북도 상주시 남성동,중상사고,0,1,0,0,차대차 - 측면충돌,안전운전불이행,건조,맑음,교차로 - 교차로부근,승용,남,35세,상해없음,자전거,남,67세,중상
2018062700100379,2018년 6월 27일 17시,수요일,경상북도 울진군 온정면,경상사고,0,0,1,0,차대차 - 측면충돌,안전운전불이행,건조,맑음,단일로 - 기타,이륜,남,68세,경상,승용,여,62세,상해없음
2018062700100380,2018년 6월 27일 17시,수요일,경상북도 포항시 남구 오천읍,경상사고,0,0,1,0,차대차 - 기타,안전운전불이행,건조,맑음,단일로 - 기타,이륜,남,24세,경상,승합,남,35세,상해없음
2018062700100423,2018년 6월 27일 18시,수요일,경상북도 구미시 선산읍,경상사고,0,0,1,0,차대사람 - 기타,안전운전불이행,건조,맑음,단일로 - 기타,화물,남,71세,상해없음,보행자,남,56세,경상
2018062700100424,2018년 6월 27일 18시,수요일,경상북도 구미시 사곡동,중상사고,0,1,1,0,차대차 - 측면충돌,안전운전불이행,건조,맑음,단일로 - 기타,승용,남,27세,상해없음,승용,여,55세,경상
2018062700100450,2018년 6월 27일 19시,수요일,경상북도 경주시 동천동,경상사고,0,0,1,0,차대차 - 측면충돌,중앙선침범,건조,맑음,교차로 - 교차로부근,승용,남,24세,상해없음,승용,여,50세,경상
2018062700100451,2018년 6월 27일 19시,수요일,경상북도 상주시 낙양동,중상사고,0,1,0,0,차대차 - 측면충돌,안전운전불이행,건조,맑음,교차로 - 교차로안,승용,남,34세,상해없음,자전거,남,16세,중상
2018062700100474,2018년 6월 27일 20시,수요일,경상북도 구미시 지산동,부상신고사고,0,0,0,1,차량단독 - 공작물충돌,안전운전불이행,건조,맑음,단일로 - 기타,승용,남,22세,부상신고,,,,
2018062700100475,2018년 6월 27일 20시,수요일,경상북도 구미시 고아읍,중상사고,0,1,1,1,차대차 - 추돌,안전거리미확보,건조,맑음,단일로 - 기타,승용,여,56세,상해없음,승용,여,61세,중상
2018062700100510,2018년 6월 27일 21시,수요일,경상북도 구미시 원평동,중상사고,0,1,0,0,차량단독 - 기타,안전운전불이행,건조,맑음,교차로 - 교차로부근,승용,남,60세,상해없음,,,,
2018062700100541,2018년 6월 27일 22시,수요일,경상북도 고령군 성산면,사망사고,1,1,0,0,차대차 - 추돌,안전운전불이행,건조,맑음,단일로 - 기타,화물,남,64세,사망,화물,남,63세,중상
2018062700100568,2018년 6월 27일 23시,수요일,경상북도 영천시 망정동,부상신고사고,0,0,0,1,차량단독 - 공작물충돌,안전운전불이행,건조,흐림,단일로 - 기타,승용,남,29세,부상신고,,,,
2018062800100048,2018년 6월 28일 03시,목요일,경상북도 포항시 북구 송라면,경상사고,0,0,1,0,차대사람 - 길가장자리구역통행중,안전운전불이행,건조,맑음,단일로 - 기타,화물,남,51세,상해없음,보행자,남,64세,경상
2018062800100063,2018년 6월 28일 05시,목요일,경상북도 포항시 북구 항구동,경상사고,0,0,1,0,차대차 - 측면충돌,중앙선침범,건조,맑음,단일로 - 기타,승용,남,25세,상해없음,승용,남,37세,경상
2018062800100073,2018년 6월 28일 06시,목요일,경상북도 경산시 옥산동,경상사고,0,0,2,0,차대차 - 측면충돌,안전운전불이행,젖음/습기,비,교차로 - 교차로안,승용,남,49세,경상,승용,남,75세,경상
2018062800100074,2018년 6월 28일 06시,목요일,경상북도 구미시 공단동,사망사고,1,0,0,0,차량단독 - 공작물충돌,안전운전불이행,건조,맑음,단일로 - 기타,화물,남,60세,사망,,,,
2018062800100105,2018년 6월 28일 07시,목요일,경상북도 예천군 예천읍,중상사고,0,1,0,0,차대사람 - 횡단중,안전운전불이행,건조,맑음,교차로 - 교차로안,승용,남,67세,상해없음,보행자,남,76세,중상
2018062800100106,2018년 6월 28일 07시,목요일,경상북도 성주군 선남면,경상사고,0,0,1,0,차대차 - 기타,안전거리미확보,젖음/습기,비,단일로 - 기타,이륜,남,37세,경상,화물,남,64세,상해없음
2018062800100107,2018년 6월 28일 07시,목요일,경상북도 구미시 선산읍,중상사고,0,1,1,0,차대차 - 기타,안전운전불이행,건조,맑음,교차로 - 교차로안,승용,여,63세,경상,승용,여,24세,중상
2018062800100136,2018년 6월 28일 08시,목요일,경상북도 포항시 북구 동빈1가,중상사고,0,1,0,0,차대차 - 측면충돌,신호위반,젖음/습기,비,단일로 - 기타,원동기,남,16세,상해없음,자전거,여,58세,중상
2018062800100137,2018년 6월 28일 08시,목요일,경상북도 영주시 휴천동,경상사고,0,0,1,0,차대차 - 측면충돌,교차로운행방법위반,건조,맑음,교차로 - 교차로안,승용,여,40세,상해없음,이륜,여,71세,경상
2018062800100168,2018년 6월 28일 09시,목요일,경상북도 상주시 복룡동,경상사고,0,0,1,0,차대차 - 측면충돌,신호위반,건조,맑음,교차로 - 교차로안,화물,남,70세,상해없음,승용,남,66세,경상
2018062800100200,2018년 6월 28일 10시,목요일,경상북도 김천시 봉산면,중상사고,0,4,1,0,차대차 - 추돌,과속,건조,맑음,단일로 - 기타,승용,남,25세,중상,승용,남,31세,중상
2018062800100201,2018년 6월 28일 10시,목요일,경상북도 문경시 점촌동,중상사고,0,1,1,0,차대차 - 측면충돌,직진우회전진행방해,건조,맑음,교차로 - 교차로안,승용,여,54세,경상,화물,남,77세,중상
2018062800100202,2018년 6월 28일 10시,목요일,경상북도 고령군 다산면,중상사고,0,1,1,0,차대차 - 추돌,안전운전불이행,젖음/습기,비,단일로 - 기타,화물,남,62세,상해없음,승용,여,25세,경상
2018062800100203,2018년 6월 28일 10시,목요일,경상북도 상주시 낙동면,중상사고,0,2,0,0,차대차 - 추돌,안전운전불이행,건조,흐림,단일로 - 터널,승용,남,31세,상해없음,승용,남,60세,중상
2018062800100230,2018년 6월 28일 11시,목요일,경상북도 경주시 동천동,중상사고,0,1,0,0,차대차 - 추돌,안전운전불이행,젖음/습기,맑음,교차로 - 교차로부근,화물,남,62세,상해없음,승용,남,59세,중상
2018062800100231,2018년 6월 28일 11시,목요일,경상북도 영주시 가흥동,경상사고,0,0,1,0,차대차 - 측면충돌,안전운전불이행,건조,맑음,기타 - 기타,승용,남,57세,상해없음,자전거,여,65세,경상
2018062800100271,2018년 6월 28일 13시,목요일,경상북도 성주군 성주읍,경상사고,0,0,1,0,차대차 - 측면충돌,안전운전불이행,건조,맑음,교차로 - 교차로안,이륜,남,39세,경상,승용,남,26세,상해없음
2018062800100356,2018년 6월 28일 16시,목요일,경상북도 김천시 농소면,사망사고,1,0,0,0,차대차 - 측면충돌,안전운전불이행,건조,맑음,단일로 - 기타,화물,남,41세,상해없음,건설기계,남,56세,사망
2018062800100357,2018년 6월 28일 16시,목요일,경상북도 울진군 매화면,경상사고,0,0,1,0,차대차 - 추돌,안전운전불이행,건조,맑음,교차로 - 교차로부근,승용,남,69세,상해없음,승용,남,45세,상해없음
2018062800100358,2018년 6월 28일 16시,목요일,경상북도 포항시 남구 해도동,중상사고,0,1,0,0,차대차 - 기타,직진우회전진행방해,건조,맑음,교차로 - 교차로안,승용,남,56세,상해없음,자전거,남,37세,중상
2018062800100359,2018년 6월 28일 16시,목요일,경상북도 상주시 화서면,경상사고,0,0,1,0,차대차 - 기타,안전운전불이행,건조,맑음,기타 - 기타,승용,남,63세,상해없음,승용,남,38세,경상
2018062800100400,2018년 6월 28일 17시,목요일,경상북도 상주시 화서면,중상사고,0,1,1,0,차량단독 - 공작물충돌,안전운전불이행,건조,맑음,단일로 - 기타,화물,여,61세,중상,,,,
2018062800100401,2018년 6월 28일 17시,목요일,경상북도 예천군 감천면,경상사고,0,0,2,0,차대차 - 측면충돌,직진우회전진행방해,건조,맑음,교차로 - 교차로안,승용,남,80세,상해없음,승용,여,58세,경상
2018062800100402,2018년 6월 28일 17시,목요일,경상북도 구미시 원평동,중상사고,0,1,0,0,차대차 - 기타,안전운전불이행,건조,맑음,교차로 - 교차로안,승용,남,45세,상해없음,자전거,남,58세,중상
2018062800100436,2018년 6월 28일 18시,목요일,경상북도 성주군 성주읍,중상사고,0,1,1,0,차대차 - 측면충돌,안전운전불이행,건조,맑음,교차로 - 교차로안,승용,여,43세,경상,화물,남,57세,중상
2018062800100472,2018년 6월 28일 19시,목요일,경상북도 경주시 탑동,경상사고,0,0,1,0,차대차 - 측면충돌,교차로운행방법위반,건조,맑음,교차로 - 교차로안,특수,남,56세,상해없음,승용,여,38세,경상
2018062800100473,2018년 6월 28일 19시,목요일,경상북도 안동시 옥동,경상사고,0,0,1,0,차대사람 - 차도통행중,안전운전불이행,건조,흐림,단일로 - 기타,승용,여,48세,상해없음,보행자,남,45세,경상
2018062800100474,2018년 6월 28일 19시,목요일,경상북도 칠곡군 왜관읍,경상사고,0,0,1,0,차대차 - 측면충돌,안전운전불이행,건조,맑음,교차로 - 교차로부근,화물,남,85세,경상,승용,남,42세,상해없음
2018062800100507,2018년 6월 28일 20시,목요일,경상북도 경주시 충효동,경상사고,0,0,1,0,차대사람 - 횡단중,안전운전불이행,건조,맑음,단일로 - 기타,승용,남,22세,상해없음,보행자,여,46세,경상
2018062800100508,2018년 6월 28일 20시,목요일,경상북도 구미시 신평동,경상사고,0,0,1,1,차대차 - 기타,안전거리미확보,건조,맑음,교차로 - 교차로부근,승용,남,49세,부상신고,승용,여,26세,경상
2018062800100509,2018년 6월 28일 20시,목요일,경상북도 포항시 남구 인덕동,경상사고,0,0,2,0,차대차 - 측면충돌,안전운전불이행,건조,맑음,단일로 - 기타,승용,남,64세,상해없음,승용,남,39세,경상
2018062800100538,2018년 6월 28일 21시,목요일,경상북도 칠곡군 동명면,중상사고,0,1,0,0,차대차 - 측면충돌,신호위반,건조,흐림,교차로 - 교차로안,승용,여,67세,중상,화물,남,55세,상해없음
2018062900100013,2018년 6월 29일 00시,금요일,경상북도 경산시 옥곡동,중상사고,0,1,0,0,차대차 - 측면충돌,안전운전불이행,건조,맑음,교차로 - 교차로안,승용,여,28세,상해없음,화물,남,44세,중상
2018062900100014,2018년 6월 29일 00시,금요일,경상북도 경산시 진량읍,중상사고,0,1,1,0,차대차 - 정면충돌,안전운전불이행,건조,맑음,단일로 - 기타,승용,남,27세,상해없음,화물,남,47세,경상
2018062900100025,2018년 6월 29일 01시,금요일,경상북도 경산시 압량면,경상사고,0,0,1,0,차대차 - 측면충돌,안전운전불이행,건조,맑음,단일로 - 기타,이륜,남,19세,상해없음,이륜,남,18세,경상
2018062900100032,2018년 6월 29일 02시,금요일,경상북도 경산시 대평동,경상사고,0,0,1,0,차대사람 - 기타,안전운전불이행,건조,맑음,단일로 - 기타,이륜,남,18세,경상,보행자,여,66세,상해없음
2018062900100064,2018년 6월 29일 06시,금요일,경상북도 포항시 북구 학산동,경상사고,0,0,1,0,차대사람 - 기타,안전운전불이행,건조,맑음,단일로 - 기타,자전거,남,68세,상해없음,보행자,여,57세,경상
2018062900100065,2018년 6월 29일 06시,금요일,경상북도 포항시 남구 청림동,경상사고,0,0,1,0,차대차 - 측면충돌,불법유턴,건조,맑음,단일로 - 기타,화물,남,26세,상해없음,화물,여,63세,경상
2018062900100119,2018년 6월 29일 08시,금요일,경상북도 경주시 성동동,중상사고,0,1,0,0,차대차 - 측면충돌,안전거리미확보,건조,맑음,단일로 - 기타,승용,남,50세,상해없음,승합,남,44세,중상
2018062900100120,2018년 6월 29일 08시,금요일,경상북도 경주시 외동읍,중상사고,0,1,0,0,차대사람 - 차도통행중,안전운전불이행,젖음/습기,맑음,단일로 - 기타,승용,남,35세,상해없음,보행자,여,87세,중상
2018062900100121,2018년 6월 29일 08시,금요일,경상북도 상주시 외서면,중상사고,0,1,0,0,차대차 - 측면충돌,안전운전불이행,건조,흐림,교차로 - 교차로안,승용,여,52세,상해없음,자전거,여,54세,중상
2018062900100122,2018년 6월 29일 08시,금요일,경상북도 구미시 송정동,부상신고사고,0,0,0,1,차대차 - 기타,신호위반,건조,맑음,교차로 - 교차로안,승용,여,23세,부상신고,승합,남,54세,상해없음
2018062900100123,2018년 6월 29일 08시,금요일,경상북도 구미시 공단동,경상사고,0,0,1,0,차대차 - 기타,안전운전불이행,건조,맑음,교차로 - 교차로안,승용,여,53세,상해없음,승용,남,40세,경상
2018062900100124,2018년 6월 29일 08시,금요일,경상북도 포항시 남구 오천읍,경상사고,0,0,1,0,차대차 - 측면충돌,안전거리미확보,건조,맑음,단일로 - 기타,이륜,남,45세,경상,승용,남,27세,상해없음
2018062900100125,2018년 6월 29일 08시,금요일,경상북도 포항시 남구 연일읍,경상사고,0,0,2,0,차대차 - 측면충돌,직진우회전진행방해,건조,맑음,교차로 - 교차로안,승용,남,43세,경상,승용,여,49세,경상
2018062900100153,2018년 6월 29일 09시,금요일,경상북도 영주시 영주동,중상사고,0,1,0,0,차대차 - 측면충돌,안전운전불이행,건조,맑음,교차로 - 교차로안,승용,남,48세,상해없음,이륜,남,76세,중상
2018062900100174,2018년 6월 29일 10시,금요일,경상북도 포항시 북구 죽도동,중상사고,0,1,0,0,차대차 - 측면충돌,안전운전불이행,건조,맑음,교차로 - 교차로안,화물,남,62세,상해없음,화물,남,41세,중상
2018062900100175,2018년 6월 29일 10시,금요일,경상북도 경산시 자인면,사망사고,1,0,0,0,차량단독 - 기타,안전운전불이행,건조,맑음,단일로 - 기타,사륜오토바이(ATV),남,83세,상해없음,,,,
2018062900100206,2018년 6월 29일 11시,금요일,경상북도 성주군 성주읍,경상사고,0,0,3,0,차대차 - 기타,직진우회전진행방해,건조,맑음,교차로 - 교차로안,승용,남,76세,상해없음,승용,남,74세,경상
2018062900100207,2018년 6월 29일 11시,금요일,경상북도 구미시 신평동,중상사고,0,1,0,0,차대차 - 추돌,안전운전불이행,건조,맑음,교차로 - 교차로부근,승용,여,37세,상해없음,승용,여,48세,중상
2018062900100234,2018년 6월 29일 12시,금요일,경상북도 포항시 남구 오천읍,부상신고사고,0,0,0,1,차대차 - 측면충돌,직진우회전진행방해,건조,맑음,교차로 - 교차로안,승용,여,45세,상해없음,이륜,여,51세,부상신고
2018062900100271,2018년 6월 29일 13시,금요일,경상북도 경주시 동천동,경상사고,0,0,1,0,차대차 - 측면충돌,중앙선침범,건조,맑음,단일로 - 기타,승용,여,27세,상해없음,이륜,남,40세,경상
2018062900100272,2018년 6월 29일 13시,금요일,경상북도 의성군 안평면,중상사고,0,1,0,0,차대차 - 측면충돌,중앙선침범,건조,맑음,단일로 - 기타,화물,남,57세,상해없음,이륜,여,57세,중상
2018062900100383,2018년 6월 29일 16시,금요일,경상북도 경주시 천북면,중상사고,0,1,0,0,차대차 - 측면충돌,안전운전불이행,건조,맑음,단일로 - 기타,승용,여,51세,상해없음,농기계,남,80세,중상
2018062900100384,2018년 6월 29일 16시,금요일,경상북도 경주시 사정동,중상사고,0,1,0,0,차대사람 - 횡단중,보행자보호의무위반,건조,맑음,교차로 - 교차로안,승용,남,65세,상해없음,보행자,여,70세,중상
2018062900100385,2018년 6월 29일 16시,금요일,경상북도 포항시 북구 동빈2가,경상사고,0,0,1,0,차대차 - 측면충돌,신호위반,건조,맑음,교차로 - 교차로안,승용,여,33세,상해없음,승용,여,56세,경상
2018062900100386,2018년 6월 29일 16시,금요일,경상북도 칠곡군 왜관읍,부상신고사고,0,0,0,1,차대사람 - 기타,안전운전불이행,건조,맑음,단일로 - 기타,승용,여,34세,상해없음,보행자,남,58세,부상신고
2018062900100426,2018년 6월 29일 17시,금요일,경상북도 안동시 옥동,경상사고,0,0,4,0,차대차 - 측면충돌,직진우회전진행방해,건조,맑음,교차로 - 교차로안,승용,여,39세,경상,화물,여,25세,경상
2018062900100427,2018년 6월 29일 17시,금요일,경상북도 영주시 이산면,경상사고,0,0,1,0,차대차 - 측면충돌,안전운전불이행,건조,맑음,단일로 - 기타,승용,여,43세,경상,건설기계,남,50세,상해없음
2018062900100428,2018년 6월 29일 17시,금요일,경상북도 칠곡군 지천면,중상사고,0,1,1,0,차량단독 - 전도전복 - 전복,안전운전불이행,건조,맑음,단일로 - 기타,승용,여,31세,중상,미분류,미분류,미분류,미분류
2018062900100429,2018년 6월 29일 17시,금요일,경상북도 칠곡군 석적읍,경상사고,0,0,2,0,차대차 - 측면충돌,안전운전불이행,건조,맑음,교차로 - 교차로부근,화물,남,50세,경상,승용,남,44세,경상
2018062900100475,2018년 6월 29일 18시,금요일,경상북도 김천시 어모면,경상사고,0,0,1,0,차대차 - 추돌,안전운전불이행,젖음/습기,비,기타 - 기타,화물,남,26세,상해없음,승용,여,34세,경상
2018062900100476,2018년 6월 29일 18시,금요일,경상북도 김천시 신음동,경상사고,0,0,1,0,차대차 - 추돌,안전운전불이행,젖음/습기,비,단일로 - 기타,승용,여,47세,상해없음,승용,남,32세,경상
2018062900100477,2018년 6월 29일 18시,금요일,경상북도 경산시 계양동,경상사고,0,0,2,0,차대차 - 후진중충돌,안전운전불이행,건조,맑음,단일로 - 기타,승용,남,68세,상해없음,승용,남,33세,경상
2018062900100478,2018년 6월 29일 18시,금요일,경상북도 포항시 남구 호미곶면,중상사고,0,4,0,0,차대차 - 정면충돌,중앙선침범,건조,맑음,단일로 - 기타,승용,남,42세,중상,승용,여,54세,중상
2018062900100518,2018년 6월 29일 19시,금요일,경상북도 포항시 북구 환호동,경상사고,0,0,1,0,차대차 - 측면충돌,안전운전불이행,건조,맑음,단일로 - 기타,승용,남,37세,상해없음,승합,남,58세,경상
2018062900100519,2018년 6월 29일 19시,금요일,경상북도 구미시 고아읍,중상사고,0,1,0,0,차대차 - 측면충돌,안전운전불이행,젖음/습기,비,단일로 - 기타,화물,남,54세,상해없음,자전거,남,27세,중상
2018062900100520,2018년 6월 29일 19시,금요일,경상북도 구미시 진평동,경상사고,0,0,1,0,차대차 - 기타,안전운전불이행,건조,맑음,교차로 - 교차로안,승용,남,40세,상해없음,이륜,남,33세,경상
2018062900100521,2018년 6월 29일 19시,금요일,경상북도 구미시 해평면,경상사고,0,0,1,0,차대차 - 추돌,안전운전불이행,젖음/습기,비,단일로 - 기타,승용,남,50세,상해없음,승용,남,45세,경상
2018062900100522,2018년 6월 29일 19시,금요일,경상북도 구미시 원평동,경상사고,0,0,2,0,차대차 - 기타,안전운전불이행,젖음/습기,비,교차로 - 교차로안,승용,여,46세,상해없음,승용,남,62세,경상
2018062900100523,2018년 6월 29일 19시,금요일,경상북도 군위군 부계면,중상사고,0,1,0,0,차대차 - 기타,안전운전불이행,건조,맑음,단일로 - 기타,화물,남,49세,상해없음,승용,남,41세,중상
2018062900100549,2018년 6월 29일 20시,금요일,경상북도 포항시 북구 상원동,경상사고,0,0,1,0,차대차 - 측면충돌,안전운전불이행,건조,맑음,단일로 - 기타,승용,여,26세,상해없음,승용,남,40세,경상
2018062900100550,2018년 6월 29일 20시,금요일,경상북도 상주시 복룡동,경상사고,0,0,1,0,차대사람 - 횡단중,보행자보호의무위반,건조,맑음,교차로 - 교차로횡단보도내,승용,남,32세,상해없음,보행자,여,45세,경상
2018062900100551,2018년 6월 29일 20시,금요일,경상북도 영주시 휴천동,중상사고,0,1,0,0,차대차 - 측면충돌,교차로운행방법위반,건조,맑음,교차로 - 교차로안,승용,남,57세,상해없음,이륜,남,35세,중상
2018062900100552,2018년 6월 29일 20시,금요일,경상북도 영주시 휴천동,부상신고사고,0,0,0,1,차량단독 - 공작물충돌,안전운전불이행,건조,맑음,단일로 - 기타,승용,남,62세,부상신고,,,,
2018062900100553,2018년 6월 29일 20시,금요일,경상북도 칠곡군 왜관읍,중상사고,0,1,0,0,차대차 - 측면충돌,교차로운행방법위반,젖음/습기,흐림,교차로 - 교차로안,승용,남,45세,상해없음,자전거,남,45세,중상
2018062900100581,2018년 6월 29일 21시,금요일,경상북도 구미시 원평동,경상사고,0,0,1,0,차대사람 - 보도통행중,신호위반,건조,맑음,단일로 - 기타,승용,남,41세,상해없음,보행자,여,28세,경상
2018062900100582,2018년 6월 29일 21시,금요일,경상북도 포항시 북구 죽도동,중상사고,0,1,1,0,차대차 - 측면충돌,교차로운행방법위반,건조,맑음,교차로 - 교차로부근,승용,남,59세,상해없음,승용,여,60세,경상
2018062900100615,2018년 6월 29일 22시,금요일,경상북도 경주시 보문동,경상사고,0,0,1,0,차대차 - 추돌,안전운전불이행,건조,맑음,단일로 - 기타,승용,남,48세,상해없음,이륜,남,25세,경상
2018062900100616,2018년 6월 29일 22시,금요일,경상북도 포항시 남구 대도동,경상사고,0,0,1,0,차대차 - 측면충돌,신호위반,건조,흐림,교차로 - 교차로안,승용,여,64세,상해없음,승용,남,63세,경상
2018062900100641,2018년 6월 29일 23시,금요일,경상북도 경주시 동천동,경상사고,0,0,1,0,차대사람 - 길가장자리구역통행중,안전운전불이행,건조,맑음,교차로 - 교차로안,승용,남,65세,상해없음,보행자,남,42세,경상
2018062900100642,2018년 6월 29일 23시,금요일,경상북도 칠곡군 지천면,중상사고,0,1,1,0,차대차 - 정면충돌,중앙선침범,건조,맑음,단일로 - 기타,이륜,남,51세,중상,승용,여,44세,경상
2018063000100037,2018년 6월 30일 01시,토요일,경상북도 구미시 형곡동,경상사고,0,0,2,0,차대차 - 측면충돌,교차로운행방법위반,건조,맑음,교차로 - 교차로안,승용,여,20세,상해없음,승용,남,41세,경상