사고번호,사고일시,요일,시군구,사고내용,사망자수,중상자수,경상자수,부상신고자수,사고유형,법규위반,노면상태,기상상태,도로형태,가해운전자 차종,가해운전자 성별,가해운전자 연령,가해운전자 상해정도,피해운전자 차종,피해운전자 성별,피해운전자 연령,피해운전자 상해정도
2018063000100063,2018년 6월 30일 03시,토요일,경상북도 울진군 평해읍,중상사고,0,2,0,0,차대차 - 측면충돌,안전운전불이행,건조,맑음,교차로 - 교차로부근,화물,남,36세,상해없음,승용,남,51세,중상
2018063000100074,2018년 6월 30일 04시,토요일,경상북도 김천시 평화동,중상사고,0,1,1,0,차대차 - 측면충돌,신호위반,젖음/습기,기타,교차로 - 교차로부근,승용,남,38세,상해없음,승용,남,50세,경상
2018063000100090,2018년 6월 30일 06시,토요일,경상북도 영천시 오미동,경상사고,0,0,1,0,차량단독 - 도로외이탈 - 추락,안전운전불이행,건조,맑음,단일로 - 기타,승용,남,23세,상해없음,,,,
2018063000100119,2018년 6월 30일 08시,토요일,경상북도 영주시 가흥동,경상사고,0,0,1,0,차대차 - 측면충돌,교차로운행방법위반,젖음/습기,비,교차로 - 교차로안,이륜,남,24세,경상,승용,남,38세,상해없음
2018063000100132,2018년 6월 30일 09시,토요일,경상북도 안동시 와룡면,사망사고,1,0,0,0,차대사람 - 차도통행중,안전운전불이행,건조,맑음,단일로 - 기타,승용,남,72세,상해없음,보행자,여,66세,상해없음
2018063000100133,2018년 6월 30일 09시,토요일,경상북도 안동시 송현동,중상사고,0,1,0,0,차대차 - 추돌,안전운전불이행,건조,맑음,교차로 - 교차로부근,승용,여,56세,상해없음,승용,여,47세,중상
2018063000100134,2018년 6월 30일 09시,토요일,경상북도 문경시 문경읍,사망사고,1,0,0,0,차량단독 - 전도전복 - 전도,안전운전불이행,건조,흐림,단일로 - 기타,사륜오토바이(ATV),남,87세,사망,미분류,미분류,미분류,미분류
2018063000100190,2018년 6월 30일 11시,토요일,경상북도 경주시 보문동,중상사고,0,1,0,0,차량단독 - 도로외이탈 - 추락,안전운전불이행,젖음/습기,비,단일로 - 기타,승용,남,22세,상해없음,,,,
2018063000100223,2018년 6월 30일 12시,토요일,경상북도 경주시 황성동,경상사고,0,0,1,0,차대차 - 후진중충돌,안전운전불이행,건조,맑음,교차로 - 교차로안,승용,남,38세,상해없음,승용,여,55세,경상
2018063000100224,2018년 6월 30일 12시,토요일,경상북도 칠곡군 석적읍,중상사고,0,1,0,0,차대차 - 측면충돌,신호위반,건조,맑음,교차로 - 교차로안,화물,남,51세,상해없음,승용,남,33세,상해없음
2018063000100225,2018년 6월 30일 12시,토요일,경상북도 경산시 백천동,경상사고,0,0,1,0,차대차 - 측면충돌,교차로운행방법위반,건조,맑음,교차로 - 교차로안,승용,남,59세,상해없음,승용,여,47세,경상
2018063000100226,2018년 6월 30일 12시,토요일,경상북도 구미시 비산동,중상사고,0,1,0,0,차대사람 - 횡단중,교차로운행방법위반,건조,맑음,교차로 - 교차로안,화물,남,50세,상해없음,보행자,여,48세,중상
2018063000100227,2018년 6월 30일 12시,토요일,경상북도 포항시 북구 죽도동,경상사고,0,0,1,0,차대사람 - 기타,안전운전불이행,건조,맑음,단일로 - 기타,기타불명,기타불명,미분류,기타불명,보행자,여,79세,경상
2018063000100254,2018년 6월 30일 13시,토요일,경상북도 경주시 성건동,부상신고사고,0,0,0,1,차대차 - 측면충돌,신호위반,젖음/습기,비,교차로 - 교차로안,화물,남,48세,상해없음,승용,남,57세,부상신고
2018063000100255,2018년 6월 30일 13시,토요일,경상북도 포항시 북구 송라면,사망사고,2,0,0,0,차량단독 - 공작물충돌,안전운전불이행,건조,맑음,단일로 - 기타,승용,남,72세,사망,,,,
2018063000100256,2018년 6월 30일 13시,토요일,경상북도 칠곡군 북삼읍,경상사고,0,0,3,0,차대차 - 측면충돌,안전거리미확보,건조,맑음,단일로 - 기타,건설기계,남,65세,상해없음,승용,남,56세,경상
2018063000100257,2018년 6월 30일 13시,토요일,경상북도 칠곡군 왜관읍,중상사고,0,1,0,0,차대사람 - 차도통행중,안전운전불이행,건조,맑음,교차로 - 교차로부근,승용,남,86세,상해없음,보행자,여,80세,중상
2018063000100258,2018년 6월 30일 13시,토요일,경상북도 영천시 북안면,경상사고,0,0,2,0,차대차 - 기타,안전운전불이행,건조,맑음,단일로 - 기타,화물,남,52세,상해없음,승용,남,38세,경상
2018063000100289,2018년 6월 30일 14시,토요일,경상북도 포항시 북구 대신동,중상사고,0,1,0,0,차대사람 - 횡단중,보행자보호의무위반,건조,맑음,교차로 - 교차로횡단보도내,승용,남,73세,상해없음,보행자,여,73세,중상
2018063000100290,2018년 6월 30일 14시,토요일,경상북도 칠곡군 동명면,중상사고,0,3,2,1,차대차 - 추돌,안전운전불이행,건조,맑음,단일로 - 지하차도(도로)내,승합,남,59세,상해없음,승용,남,70세,부상신고
2018063000100291,2018년 6월 30일 14시,토요일,경상북도 영덕군 남정면,중상사고,0,1,0,0,차량단독 - 공작물충돌,안전운전불이행,젖음/습기,비,교차로 - 교차로안,화물,남,50세,중상,,,,
2018063000100352,2018년 6월 30일 16시,토요일,경상북도 포항시 북구 대흥동,경상사고,0,0,1,0,차대차 - 측면충돌,안전운전불이행,젖음/습기,비,교차로 - 교차로부근,승합,남,54세,상해없음,승용,여,57세,경상
2018063000100390,2018년 6월 30일 17시,토요일,경상북도 포항시 북구 장성동,경상사고,0,0,1,0,차대차 - 추돌,안전거리미확보,건조,맑음,교차로 - 교차로안,승용,남,63세,상해없음,승용,여,56세,경상
2018063000100391,2018년 6월 30일 17시,토요일,경상북도 영주시 하망동,경상사고,0,0,1,0,차대차 - 추돌,기타,건조,맑음,교차로 - 교차로횡단보도내,화물,남,65세,상해없음,승용,여,51세,경상
2018063000100423,2018년 6월 30일 18시,토요일,경상북도 구미시 구평동,중상사고,0,1,0,0,차대차 - 기타,안전운전불이행,젖음/습기,비,기타 - 기타,승용,여,42세,상해없음,승용,남,20세,중상
2018063000100450,2018년 6월 30일 19시,토요일,경상북도 칠곡군 석적읍,경상사고,0,0,5,1,차대차 - 추돌,안전운전불이행,건조,맑음,단일로 - 지하차도(도로)내,화물,남,59세,부상신고,승용,여,32세,경상
2018063000100451,2018년 6월 30일 19시,토요일,경상북도 문경시 문경읍,중상사고,0,1,1,0,차대차 - 측면충돌,안전운전불이행,건조,흐림,단일로 - 기타,승용,남,57세,중상,승용,남,44세,경상
2018063000100452,2018년 6월 30일 19시,토요일,경상북도 경산시 중방동,경상사고,0,0,1,0,차대차 - 기타,안전운전불이행,젖음/습기,비,교차로 - 교차로안,승용,남,70세,상해없음,이륜,남,21세,경상
2018063000100453,2018년 6월 30일 19시,토요일,경상북도 구미시 도량동,경상사고,0,0,1,0,차대사람 - 기타,안전운전불이행,건조,흐림,주차장 - 주차장,승용,남,38세,상해없음,보행자,남,59세,경상
2018063000100470,2018년 6월 30일 20시,토요일,경상북도 경산시 중방동,경상사고,0,0,1,0,차대차 - 추돌,안전운전불이행,건조,맑음,교차로 - 교차로부근,승용,남,59세,상해없음,승용,남,26세,경상
2018063000100498,2018년 6월 30일 21시,토요일,경상북도 경주시 양북면,경상사고,0,0,4,0,차대차 - 측면충돌,안전운전불이행,건조,맑음,교차로 - 교차로안,승용,남,41세,상해없음,승용,남,49세,경상
2018063000100521,2018년 6월 30일 22시,토요일,경상북도 김천시 아포읍,경상사고,0,0,2,0,차대차 - 측면충돌,안전운전불이행,젖음/습기,비,단일로 - 기타,승용,여,53세,상해없음,승용,남,35세,경상
2018063000100522,2018년 6월 30일 22시,토요일,경상북도 포항시 남구 대도동,사망사고,1,0,0,0,차대사람 - 기타,안전운전불이행,젖음/습기,비,단일로 - 기타,승용,남,37세,상해없음,보행자,남,59세,사망
2018063000100539,2018년 6월 30일 23시,토요일,경상북도 경주시 황성동,경상사고,0,0,1,1,차대차 - 측면충돌,안전거리미확보,젖음/습기,비,교차로 - 교차로안,승용,여,51세,부상신고,승용,남,27세,경상
2018063000100540,2018년 6월 30일 23시,토요일,경상북도 성주군 수륜면,경상사고,0,0,2,0,차대차 - 측면충돌,중앙선침범,건조,맑음,단일로 - 기타,승용,남,55세,상해없음,승합,남,51세,경상
2018063000100541,2018년 6월 30일 23시,토요일,경상북도 포항시 남구 상도동,경상사고,0,0,1,0,차대차 - 기타,신호위반,건조,맑음,교차로 - 교차로안,기타불명,기타불명,미분류,기타불명,승용,남,41세,경상
2018070100100010,2018년 7월 1일 00시,일요일,경상북도 포항시 남구 연일읍,경상사고,0,0,1,0,차대차 - 측면충돌,안전운전불이행,건조,맑음,교차로 - 교차로안,화물,남,50세,상해없음,승용,남,29세,경상
2018070100100030,2018년 7월 1일 01시,일요일,경상북도 포항시 북구 용흥동,사망사고,1,0,3,0,차대사람 - 차도통행중,안전운전불이행,건조,맑음,단일로 - 기타,승용,남,65세,경상,보행자,남,72세,사망
2018070100100031,2018년 7월 1일 01시,일요일,경상북도 안동시 옥동,경상사고,0,0,1,0,차대사람 - 횡단중,보행자보호의무위반,젖음/습기,비,단일로 - 기타,승용,남,58세,상해없음,보행자,남,47세,경상
2018070100100057,2018년 7월 1일 03시,일요일,경상북도 경산시 진량읍,경상사고,0,0,1,0,차대차 - 측면충돌,중앙선침범,젖음/습기,비,단일로 - 기타,승용,남,40세,상해없음,승용,남,28세,상해없음
2018070100100074,2018년 7월 1일 05시,일요일,경상북도 구미시 도량동,사망사고,1,0,0,0,차대사람 - 횡단중,안전운전불이행,젖음/습기,비,단일로 - 기타,승용,여,46세,상해없음,보행자,남,77세,사망
2018070100100096,2018년 7월 1일 07시,일요일,경상북도 안동시 옥동,경상사고,0,0,2,0,차대차 - 측면충돌,직진우회전진행방해,건조,맑음,교차로 - 교차로안,승용,남,39세,경상,승용,남,52세,경상
2018070100100097,2018년 7월 1일 07시,일요일,경상북도 구미시 오태동,경상사고,0,0,1,0,차대차 - 추돌,안전운전불이행,젖음/습기,비,단일로 - 기타,승용,남,40세,상해없음,화물,남,48세,경상
2018070100100098,2018년 7월 1일 07시,일요일,경상북도 경산시 진량읍,경상사고,0,0,1,0,차대차 - 정면충돌,중앙선침범,젖음/습기,비,단일로 - 기타,승용,남,26세,상해없음,승용,남,28세,경상
2018070100100111,2018년 7월 1일 08시,일요일,경상북도 경산시 옥산동,중상사고,0,1,1,0,차대차 - 정면충돌,중앙선침범,건조,맑음,단일로 - 기타,승용,여,28세,중상,승용,남,50세,경상
2018070100100112,2018년 7월 1일 08시,일요일,경상북도 군위군 군위읍,사망사고,1,1,0,0,차량단독 - 공작물충돌,안전운전불이행,젖음/습기,비,단일로 - 기타,화물,남,37세,사망,,,,
2018070100100162,2018년 7월 1일 12시,일요일,경상북도 포항시 남구 해도동,경상사고,0,0,1,0,차대차 - 측면충돌,안전운전불이행,건조,맑음,교차로 - 교차로부근,승합,남,53세,상해없음,승용,남,67세,경상
2018070100100198,2018년 7월 1일 14시,일요일,경상북도 경주시 동천동,경상사고,0,0,1,0,차대차 - 측면충돌,안전운전불이행,건조,맑음,기타 - 기타,승용,남,65세,상해없음,승용,여,70세,경상
2018070100100200,2018년 7월 1일 14시,일요일,경상북도 문경시 영순면,경상사고,0,0,1,0,차량단독 - 전도전복 - 전도,안전운전불이행,젖음/습기,맑음,교차로 - 교차로안,승용,남,66세,상해없음,미분류,미분류,미분류,미분류
2018070100100232,2018년 7월 1일 15시,일요일,경상북도 경산시 옥산동,중상사고,0,1,0,0,차대차 - 기타,안전운전불이행,건조,맑음,교차로 - 교차로안,이륜,남,83세,중상,승용,여,64세,상해없음
2018070100100233,2018년 7월 1일 15시,일요일,경상북도 구미시 남통동,경상사고,0,0,3,0,차대차 - 후진중충돌,안전운전불이행,젖음/습기,비,주차장 - 주차장,승용,남,72세,상해없음,승용,여,32세,경상
2018070100100234,2018년 7월 1일 15시,일요일,경상북도 포항시 남구 오천읍,중상사고,0,1,0,0,차대차 - 측면충돌,안전운전불이행,건조,맑음,교차로 - 교차로안,승용,남,63세,상해없음,승용,여,62세,중상
2018070100100281,2018년 7월 1일 17시,일요일,경상북도 경주시 동천동,경상사고,0,0,3,0,차대차 - 측면충돌,안전운전불이행,건조,맑음,교차로 - 교차로안,승용,남,55세,상해없음,승용,남,46세,경상
2018070100100282,2018년 7월 1일 17시,일요일,경상북도 예천군 은풍면,경상사고,0,0,1,0,차량단독 - 공작물충돌,안전운전불이행,젖음/습기,비,교차로 - 교차로부근,승용,남,65세,상해없음,,,,
2018070100100283,2018년 7월 1일 17시,일요일,경상북도 구미시 원평동,경상사고,0,0,2,0,차대차 - 추돌,안전운전불이행,젖음/습기,흐림,교차로 - 교차로부근,승용,남,41세,상해없음,승용,남,62세,경상
2018070100100284,2018년 7월 1일 17시,일요일,경상북도 구미시 원평동,경상사고,0,0,3,0,차대차 - 추돌,안전운전불이행,젖음/습기,비,교차로 - 교차로부근,승용,남,34세,상해없음,승용,여,27세,경상
2018070100100306,2018년 7월 1일 18시,일요일,경상북도 구미시 옥계동,부상신고사고,0,0,0,1,차대차 - 기타,중앙선침범,건조,맑음,교차로 - 교차로횡단보도내,이륜,남,31세,부상신고,승용,남,26세,상해없음
2018070100100345,2018년 7월 1일 19시,일요일,경상북도 포항시 북구 용흥동,중상사고,0,1,0,0,차대사람 - 횡단중,안전운전불이행,건조,맑음,교차로 - 교차로안,승용,남,39세,상해없음,보행자,여,63세,중상
2018070100100346,2018년 7월 1일 19시,일요일,경상북도 영천시 북안면,중상사고,0,1,2,0,차대차 - 측면충돌,안전운전불이행,건조,맑음,단일로 - 터널,화물,여,60세,경상,승용,여,21세,중상
2018070100100347,2018년 7월 1일 19시,일요일,경상북도 구미시 봉곡동,부상신고사고,0,0,0,1,차대차 - 기타,교차로운행방법위반,건조,맑음,교차로 - 교차로안,이륜,남,22세,부상신고,승용,남,29세,상해없음
2018070100100386,2018년 7월 1일 20시,일요일,경상북도 구미시 공단동,경상사고,0,0,3,0,차대차 - 기타,교차로운행방법위반,건조,맑음,교차로 - 교차로부근,승용,여,44세,상해없음,승용,남,35세,경상
2018070100100420,2018년 7월 1일 21시,일요일,경상북도 칠곡군 왜관읍,경상사고,0,0,1,1,차대차 - 측면충돌,안전운전불이행,건조,맑음,교차로 - 교차로안,승용,여,41세,경상,승용,남,55세,부상신고
2018070100100421,2018년 7월 1일 21시,일요일,경상북도 영천시 야사동,경상사고,0,0,1,0,차대차 - 추돌,안전거리미확보,젖음/습기,비,단일로 - 기타,승용,남,50세,상해없음,승용,여,34세,경상
2018070100100422,2018년 7월 1일 21시,일요일,경상북도 구미시 진평동,경상사고,0,0,2,0,차대차 - 측면충돌,직진우회전진행방해,젖음/습기,비,교차로 - 교차로안,승용,남,32세,상해없음,승용,남,35세,경상
2018070100100462,2018년 7월 1일 22시,일요일,경상북도 경산시 남천면,중상사고,0,1,0,0,차량단독 - 공작물충돌,안전운전불이행,젖음/습기,비,단일로 - 기타,이륜,남,77세,중상,,,,
2018070100100486,2018년 7월 1일 23시,일요일,경상북도 구미시 송정동,중상사고,0,1,17,0,차대차 - 측면충돌,신호위반,젖음/습기,비,교차로 - 교차로안,승용,남,51세,상해없음,승합,남,56세,경상
2018070200100012,2018년 7월 2일 00시,월요일,경상북도 구미시 진평동,경상사고,0,0,2,0,차대차 - 측면충돌,안전운전불이행,젖음/습기,비,교차로 - 교차로안,승용,여,31세,상해없음,승용,남,62세,상해없음
2018070200100025,2018년 7월 2일 01시,월요일,경상북도 포항시 북구 흥해읍,경상사고,0,0,1,0,차량단독 - 공작물충돌,안전운전불이행,젖음/습기,비,단일로 - 기타,승용,남,34세,상해없음,,,,
2018070200100026,2018년 7월 2일 01시,월요일,경상북도 구미시 임수동,경상사고,0,0,2,0,차대차 - 추돌,안전운전불이행,젖음/습기,비,교차로 - 교차로부근,승용,여,26세,상해없음,승용,남,28세,경상
2018070200100051,2018년 7월 2일 03시,월요일,경상북도 포항시 북구 장성동,경상사고,0,0,1,0,차대차 - 측면충돌,직진우회전진행방해,건조,맑음,교차로 - 교차로안,승합,남,57세,상해없음,승용,남,43세,경상
2018070200100052,2018년 7월 2일 03시,월요일,경상북도 구미시 임수동,중상사고,0,3,0,0,차대차 - 추돌,안전운전불이행,젖음/습기,비,교차로 - 교차로부근,승용,남,34세,상해없음,화물,남,28세,중상
2018070200100092,2018년 7월 2일 07시,월요일,경상북도 포항시 북구 장성동,경상사고,0,0,1,0,차대차 - 측면충돌,교차로운행방법위반,건조,맑음,교차로 - 교차로안,승용,남,55세,상해없음,이륜,남,47세,경상
2018070200100093,2018년 7월 2일 07시,월요일,경상북도 경산시 진량읍,경상사고,0,0,2,0,차대차 - 측면충돌,중앙선침범,젖음/습기,비,단일로 - 기타,승용,남,58세,경상,승용,남,39세,경상
2018070200100125,2018년 7월 2일 08시,월요일,경상북도 경주시 동천동,경상사고,0,0,2,0,차대차 - 측면충돌,안전운전불이행,젖음/습기,비,교차로 - 교차로부근,승용,남,43세,상해없음,승용,여,43세,경상
2018070200100126,2018년 7월 2일 08시,월요일,경상북도 경주시 건천읍,경상사고,0,0,1,0,차대차 - 측면충돌,안전운전불이행,젖음/습기,비,단일로 - 기타,건설기계,남,55세,상해없음,승용,여,49세,경상
2018070200100127,2018년 7월 2일 08시,월요일,경상북도 경산시 하양읍,경상사고,0,0,1,0,차대차 - 측면충돌,안전운전불이행,건조,맑음,단일로 - 기타,승용,남,55세,상해없음,승용,여,64세,경상
2018070200100163,2018년 7월 2일 09시,월요일,경상북도 청도군 매전면,경상사고,0,0,2,0,차대차 - 정면충돌,중앙선침범,젖음/습기,비,단일로 - 기타,승용,여,51세,경상,승용,여,50세,경상
2018070200100164,2018년 7월 2일 09시,월요일,경상북도 구미시 임수동,부상신고사고,0,0,0,1,차대차 - 측면충돌,교차로운행방법위반,건조,맑음,교차로 - 교차로안,승용,여,50세,부상신고,화물,남,57세,상해없음
2018070200100188,2018년 7월 2일 10시,월요일,경상북도 영주시 하망동,중상사고,0,1,0,1,차대차 - 측면충돌,안전운전불이행,젖음/습기,맑음,교차로 - 교차로안,승용,남,52세,부상신고,화물,남,45세,중상
2018070200100189,2018년 7월 2일 10시,월요일,경상북도 구미시 공단동,경상사고,0,0,1,0,차대차 - 추돌,안전운전불이행,건조,맑음,단일로 - 기타,승용,남,52세,상해없음,화물,남,63세,경상
2018070200100214,2018년 7월 2일 11시,월요일,경상북도 경산시 삼북동,경상사고,0,0,1,0,차대사람 - 보도통행중,안전운전불이행,건조,맑음,단일로 - 기타,승용,남,85세,상해없음,보행자,여,49세,경상
2018070200100215,2018년 7월 2일 11시,월요일,경상북도 봉화군 봉화읍,중상사고,0,1,0,0,차대사람 - 기타,안전운전불이행,건조,맑음,기타 - 기타,화물,남,65세,상해없음,보행자,여,72세,중상
2018070200100264,2018년 7월 2일 13시,월요일,경상북도 김천시 조마면,경상사고,0,0,2,0,차대차 - 측면충돌,안전운전불이행,젖음/습기,비,교차로 - 교차로부근,화물,남,66세,경상,승용,남,34세,경상
2018070200100265,2018년 7월 2일 13시,월요일,경상북도 상주시 낙양동,중상사고,0,1,0,0,차대차 - 측면충돌,안전운전불이행,젖음/습기,비,교차로 - 교차로안,승용,남,71세,상해없음,자전거,남,76세,중상
2018070200100266,2018년 7월 2일 13시,월요일,경상북도 영천시 금호읍,경상사고,0,0,4,0,차대차 - 측면충돌,직진우회전진행방해,젖음/습기,비,교차로 - 교차로안,승용,남,75세,경상,승용,남,38세,경상
2018070200100267,2018년 7월 2일 13시,월요일,경상북도 성주군 선남면,중상사고,0,1,0,0,차대차 - 측면충돌,안전운전불이행,젖음/습기,흐림,교차로 - 교차로안,화물,남,32세,상해없음,이륜,남,74세,중상
2018070200100268,2018년 7월 2일 13시,월요일,경상북도 구미시 신평동,경상사고,0,0,1,0,차대차 - 기타,안전운전불이행,젖음/습기,비,단일로 - 기타,승용,여,38세,상해없음,이륜,남,49세,경상
2018070200100301,2018년 7월 2일 14시,월요일,경상북도 김천시 대광동,중상사고,0,1,2,0,차대차 - 측면충돌,신호위반,건조,맑음,교차로 - 교차로안,승용,여,75세,경상,화물,남,51세,경상
2018070200100302,2018년 7월 2일 14시,월요일,경상북도 청도군 금천면,사망사고,1,0,0,0,차량단독 - 도로외이탈 - 추락,안전운전불이행,젖음/습기,비,교차로 - 교차로안,사륜오토바이(ATV),남,77세,사망,,,,
2018070200100335,2018년 7월 2일 15시,월요일,경상북도 경주시 안강읍,경상사고,0,0,1,0,차대차 - 측면충돌,안전운전불이행,젖음/습기,비,단일로 - 기타,승용,남,45세,상해없음,승용,남,67세,경상
2018070200100336,2018년 7월 2일 15시,월요일,경상북도 포항시 북구 우현동,중상사고,0,1,0,0,차대차 - 측면충돌,교차로운행방법위반,젖음/습기,비,교차로 - 교차로안,승용,여,25세,상해없음,이륜,남,59세,중상
2018070200100337,2018년 7월 2일 15시,월요일,경상북도 포항시 남구 대도동,경상사고,0,0,2,0,차대차 - 추돌,안전운전불이행,젖음/습기,흐림,교차로 - 교차로부근,승용,남,76세,상해없음,승용,여,49세,경상
2018070200100338,2018년 7월 2일 15시,월요일,경상북도 의성군 안계면,경상사고,0,0,1,0,차대차 - 기타,안전운전불이행,젖음/습기,비,단일로 - 기타,승용,여,53세,경상,화물,남,49세,상해없음
2018070200100365,2018년 7월 2일 16시,월요일,경상북도 경주시 용강동,경상사고,0,0,1,0,차대차 - 측면충돌,신호위반,건조,맑음,교차로 - 교차로안,승용,남,55세,상해없음,승용,여,37세,경상
2018070200100366,2018년 7월 2일 16시,월요일,경상북도 안동시 태화동,경상사고,0,0,2,0,차대차 - 측면충돌,중앙선침범,젖음/습기,비,교차로 - 교차로안,기타불명,기타불명,미분류,기타불명,승용,여,44세,경상
2018070200100367,2018년 7월 2일 16시,월요일,경상북도 칠곡군 석적읍,경상사고,0,0,1,0,차대차 - 측면충돌,안전운전불이행,건조,맑음,교차로 - 교차로안,승용,남,61세,상해없음,이륜,남,50세,경상
2018070200100414,2018년 7월 2일 17시,월요일,경상북도 경주시 외동읍,경상사고,0,0,1,0,차대차 - 추돌,안전운전불이행,건조,맑음,단일로 - 기타,화물,남,78세,상해없음,승용,여,66세,경상
2018070200100415,2018년 7월 2일 17시,월요일,경상북도 포항시 북구 동빈1가,경상사고,0,0,1,0,차대차 - 측면충돌,직진우회전진행방해,건조,맑음,교차로 - 교차로안,원동기,남,76세,경상,승용,남,37세,상해없음
2018070200100416,2018년 7월 2일 17시,월요일,경상북도 칠곡군 석적읍,경상사고,0,0,2,0,차대차 - 측면충돌,교차로운행방법위반,젖음/습기,비,교차로 - 교차로안,승용,남,53세,상해없음,승용,남,41세,상해없음
2018070200100454,2018년 7월 2일 18시,월요일,경상북도 경산시 계양동,경상사고,0,0,1,0,차대사람 - 기타,안전운전불이행,건조,맑음,단일로 - 기타,승용,남,57세,상해없음,보행자,여,78세,경상
2018070200100455,2018년 7월 2일 18시,월요일,경상북도 성주군 월항면,경상사고,0,0,1,0,차량단독 - 공작물충돌,안전운전불이행,젖음/습기,비,교차로 - 교차로부근,승용,남,52세,경상,,,,
2018070200100496,2018년 7월 2일 19시,월요일,경상북도 경산시 사동,중상사고,0,1,0,0,차대차 - 측면충돌,직진우회전진행방해,젖음/습기,흐림,교차로 - 교차로안,승용,여,50세,상해없음,이륜,남,40세,중상
2018070200100536,2018년 7월 2일 20시,월요일,경상북도 안동시 안막동,경상사고,0,0,1,0,차량단독 - 전도전복 - 전도,안전운전불이행,건조,맑음,단일로 - 기타,승용,남,63세,경상,미분류,미분류,미분류,미분류
2018070200100653,2018년 7월 2일 23시,월요일,경상북도 경산시 조영동,경상사고,0,0,1,0,차대사람 - 횡단중,안전운전불이행,젖음/습기,비,단일로 - 기타,승용,남,43세,상해없음,보행자,남,33세,경상
2018070300100030,2018년 7월 3일 01시,화요일,경상북도 경주시 충효동,중상사고,0,1,0,0,차대사람 - 길가장자리구역통행중,안전운전불이행,젖음/습기,비,단일로 - 기타,화물,남,62세,상해없음,보행자,남,68세,중상
2018070300100035,2018년 7월 3일 02시,화요일,경상북도 경주시 용강동,경상사고,0,0,1,0,차대차 - 추돌,안전운전불이행,젖음/습기,비,단일로 - 기타,승용,남,19세,상해없음,승용,남,49세,경상
2018070300100053,2018년 7월 3일 05시,화요일,경상북도 영천시 완산동,경상사고,0,0,1,0,차대차 - 측면충돌,중앙선침범,젖음/습기,비,교차로 - 교차로부근,승용,남,43세,상해없음,승용,남,56세,경상
2018070300100054,2018년 7월 3일 05시,화요일,경상북도 성주군 초전면,경상사고,0,0,1,0,차대차 - 추돌,안전운전불이행,건조,맑음,단일로 - 기타,특수,남,55세,상해없음,건설기계,남,73세,경상
2018070300100067,2018년 7월 3일 06시,화요일,경상북도 경산시 압량면,경상사고,0,0,1,0,차대차 - 측면충돌,교차로운행방법위반,건조,맑음,교차로 - 교차로안,승용,남,33세,상해없음,승용,남,30세,경상
2018070300100068,2018년 7월 3일 06시,화요일,경상북도 예천군 호명면,중상사고,0,1,2,0,차대차 - 측면충돌,신호위반,젖음/습기,흐림,교차로 - 교차로안,승용,여,49세,경상,승용,남,60세,중상
2018070300100081,2018년 7월 3일 07시,화요일,경상북도 영천시 오수동,중상사고,0,1,1,0,차대차 - 추돌,안전운전불이행,젖음/습기,비,교차로 - 교차로부근,승용,남,63세,중상,승용,남,28세,경상
2018070300100082,2018년 7월 3일 07시,화요일,경상북도 포항시 남구 해도동,경상사고,0,0,1,0,차대차 - 측면충돌,안전운전불이행,젖음/습기,비,교차로 - 교차로안,이륜,남,60세,경상,승용,남,23세,상해없음
2018070300100113,2018년 7월 3일 08시,화요일,경상북도 경산시 진량읍,중상사고,0,1,0,0,차대차 - 측면충돌,안전운전불이행,젖음/습기,흐림,교차로 - 교차로안,승용,남,64세,상해없음,승용,남,59세,중상
2018070300100114,2018년 7월 3일 08시,화요일,경상북도 포항시 남구 대잠동,경상사고,0,0,1,0,차대차 - 추돌,안전거리미확보,건조,맑음,교차로 - 교차로부근,승용,남,67세,상해없음,승용,여,31세,경상
2018070300100181,2018년 7월 3일 10시,화요일,경상북도 경주시 시래동,경상사고,0,0,1,0,차대차 - 측면충돌,안전운전불이행,젖음/습기,비,교차로 - 교차로부근,화물,남,57세,상해없음,승용,여,36세,경상
2018070300100182,2018년 7월 3일 10시,화요일,경상북도 경주시 황오동,중상사고,0,1,1,0,차대차 - 측면충돌,안전운전불이행,젖음/습기,비,단일로 - 지하차도(도로)내,승용,여,62세,경상,승용,남,59세,중상
2018070300100183,2018년 7월 3일 10시,화요일,경상북도 안동시 태화동,중상사고,0,1,0,0,차대차 - 추돌,안전거리미확보,건조,맑음,단일로 - 교량,승용,남,33세,상해없음,승용,여,45세,중상
2018070300100184,2018년 7월 3일 10시,화요일,경상북도 구미시 공단동,중상사고,0,1,2,0,차대차 - 측면충돌,신호위반,건조,흐림,교차로 - 교차로안,이륜,남,79세,중상,승용,여,52세,경상
2018070300100202,2018년 7월 3일 11시,화요일,경상북도 영천시 완산동,경상사고,0,0,3,0,차대차 - 추돌,안전거리미확보,젖음/습기,비,단일로 - 기타,승용,남,60세,상해없음,승용,여,48세,경상
2018070300100225,2018년 7월 3일 12시,화요일,경상북도 포항시 남구 지곡동,중상사고,0,1,0,0,차대차 - 측면충돌,직진우회전진행방해,젖음/습기,비,교차로 - 교차로안,승용,남,42세,상해없음,이륜,남,19세,중상
2018070300100258,2018년 7월 3일 13시,화요일,경상북도 경주시 충효동,경상사고,0,0,3,0,차대차 - 측면충돌,안전운전불이행,젖음/습기,비,교차로 - 교차로안,승용,여,59세,경상,승용,남,50세,경상
2018070300100286,2018년 7월 3일 14시,화요일,경상북도 포항시 북구 득량동,중상사고,0,1,0,0,차대차 - 측면충돌,교차로운행방법위반,젖음/습기,비,교차로 - 교차로안,승용,여,28세,상해없음,승용,남,46세,중상