사고번호,사고일시,요일,시군구,사고내용,사망자수,중상자수,경상자수,부상신고자수,사고유형,법규위반,노면상태,기상상태,도로형태,가해운전자 차종,가해운전자 성별,가해운전자 연령,가해운전자 상해정도,피해운전자 차종,피해운전자 성별,피해운전자 연령,피해운전자 상해정도
2018070300100287,2018년 7월 3일 14시,화요일,경상북도 구미시 남통동,부상신고사고,0,0,0,1,차량단독 - 공작물충돌,안전운전불이행,젖음/습기,비,단일로 - 기타,승용,남,62세,부상신고,,,,
2018070300100322,2018년 7월 3일 15시,화요일,경상북도 경주시 건천읍,중상사고,0,1,0,0,차대차 - 측면충돌,안전운전불이행,젖음/습기,비,교차로 - 교차로안,건설기계,남,58세,상해없음,이륜,남,41세,중상
2018070300100323,2018년 7월 3일 15시,화요일,경상북도 포항시 북구 동빈2가,중상사고,0,2,1,0,차대차 - 측면충돌,신호위반,젖음/습기,비,교차로 - 교차로안,승용,남,65세,상해없음,승용,남,38세,경상
2018070300100324,2018년 7월 3일 15시,화요일,경상북도 경산시 대동,경상사고,0,0,3,0,차대차 - 추돌,안전운전불이행,젖음/습기,비,교차로 - 교차로부근,승용,남,26세,상해없음,승용,여,38세,경상
2018070300100357,2018년 7월 3일 16시,화요일,경상북도 구미시 형곡동,경상사고,0,0,2,0,차대차 - 기타,안전운전불이행,건조,맑음,교차로 - 교차로부근,승용,여,47세,상해없음,승용,남,27세,경상
2018070300100358,2018년 7월 3일 16시,화요일,경상북도 포항시 남구 오천읍,중상사고,0,1,0,0,차대사람 - 횡단중,보행자보호의무위반,젖음/습기,비,교차로 - 교차로안,승합,남,27세,상해없음,보행자,남,45세,중상
2018070300100396,2018년 7월 3일 17시,화요일,경상북도 경주시 서부동,중상사고,0,1,0,0,차대차 - 측면충돌,안전운전불이행,젖음/습기,비,교차로 - 교차로안,승용,남,54세,상해없음,이륜,남,80세,중상
2018070300100397,2018년 7월 3일 17시,화요일,경상북도 경주시 구황동,경상사고,0,0,2,0,차대차 - 측면충돌,안전운전불이행,젖음/습기,비,단일로 - 기타,승용,남,59세,상해없음,승합,남,57세,경상
2018070300100398,2018년 7월 3일 17시,화요일,경상북도 경주시 황성동,경상사고,0,0,1,0,차대차 - 측면충돌,안전운전불이행,젖음/습기,비,단일로 - 기타,승용,여,44세,상해없음,승용,남,51세,경상
2018070300100399,2018년 7월 3일 17시,화요일,경상북도 경산시 사정동,경상사고,0,0,3,0,차대차 - 측면충돌,안전운전불이행,젖음/습기,비,교차로 - 교차로부근,승용,여,50세,상해없음,승용,여,45세,경상
2018070300100433,2018년 7월 3일 18시,화요일,경상북도 안동시 태화동,경상사고,0,0,1,0,차대차 - 측면충돌,안전운전불이행,건조,맑음,교차로 - 교차로안,승용,남,27세,상해없음,이륜,남,21세,경상
2018070300100434,2018년 7월 3일 18시,화요일,경상북도 영천시 야사동,경상사고,0,0,1,0,차대사람 - 차도통행중,안전운전불이행,젖음/습기,비,교차로 - 교차로부근,승용,여,27세,상해없음,보행자,남,18세,경상
2018070300100435,2018년 7월 3일 18시,화요일,경상북도 청도군 화양읍,경상사고,0,0,1,0,차대차 - 측면충돌,안전운전불이행,젖음/습기,비,교차로 - 교차로부근,원동기,남,71세,경상,승용,여,64세,상해없음
2018070300100463,2018년 7월 3일 19시,화요일,경상북도 상주시 냉림동,중상사고,0,1,0,0,차대사람 - 길가장자리구역통행중,안전운전불이행,건조,흐림,단일로 - 기타,자전거,남,17세,상해없음,보행자,남,59세,중상
2018070300100464,2018년 7월 3일 19시,화요일,경상북도 문경시 동로면,중상사고,0,2,0,0,차대차 - 정면충돌,중앙선침범,건조,맑음,단일로 - 기타,화물,남,43세,중상,화물,남,41세,중상
2018070300100465,2018년 7월 3일 19시,화요일,경상북도 경산시 진량읍,경상사고,0,0,1,0,차대차 - 추돌,안전거리미확보,젖음/습기,흐림,교차로 - 교차로안,승용,여,54세,상해없음,승용,여,55세,경상
2018070300100466,2018년 7월 3일 19시,화요일,경상북도 봉화군 춘양면,경상사고,0,0,1,0,차대차 - 기타,안전운전불이행,젖음/습기,비,단일로 - 기타,화물,남,67세,상해없음,이륜,여,21세,경상
2018070300100467,2018년 7월 3일 19시,화요일,경상북도 구미시 형곡동,중상사고,0,1,0,0,차대사람 - 기타,중앙선침범,젖음/습기,비,단일로 - 기타,승용,여,48세,상해없음,보행자,여,48세,중상
2018070300100496,2018년 7월 3일 20시,화요일,경상북도 문경시 모전동,경상사고,0,0,1,0,차대사람 - 횡단중,보행자보호의무위반,건조,맑음,교차로 - 교차로횡단보도내,승용,남,58세,상해없음,보행자,여,26세,경상
2018070300100529,2018년 7월 3일 21시,화요일,경상북도 경주시 구황동,경상사고,0,0,1,0,차대차 - 추돌,안전운전불이행,젖음/습기,비,단일로 - 기타,승용,여,20세,상해없음,화물,남,48세,경상
2018070300100530,2018년 7월 3일 21시,화요일,경상북도 영천시 화산면,경상사고,0,0,2,0,차대차 - 측면충돌,교차로운행방법위반,젖음/습기,비,교차로 - 교차로안,승용,남,32세,경상,승용,여,43세,경상
2018070300100577,2018년 7월 3일 23시,화요일,경상북도 경주시 황성동,경상사고,0,0,1,0,차대차 - 측면충돌,안전운전불이행,젖음/습기,비,단일로 - 기타,승용,여,35세,상해없음,승용,남,64세,상해없음
2018070300100578,2018년 7월 3일 23시,화요일,경상북도 경주시 탑동,경상사고,0,0,2,0,차대차 - 측면충돌,안전운전불이행,젖음/습기,비,교차로 - 교차로부근,승용,남,49세,상해없음,승용,남,64세,경상
2018070300100579,2018년 7월 3일 23시,화요일,경상북도 포항시 북구 대흥동,중상사고,0,1,2,0,차대차 - 측면충돌,신호위반,건조,맑음,교차로 - 교차로안,승용,남,55세,상해없음,승용,남,65세,중상
2018070300100580,2018년 7월 3일 23시,화요일,경상북도 영천시 완산동,경상사고,0,0,1,0,차대차 - 후진중충돌,안전운전불이행,젖음/습기,비,단일로 - 기타,승용,남,47세,상해없음,승용,남,23세,경상
2018070400100008,2018년 7월 4일 00시,수요일,경상북도 경주시 배반동,경상사고,0,0,1,0,차대차 - 측면충돌,신호위반,젖음/습기,비,교차로 - 교차로안,화물,남,73세,경상,특수,남,52세,상해없음
2018070400100033,2018년 7월 4일 05시,수요일,경상북도 구미시 남통동,중상사고,0,1,0,0,차대사람 - 횡단중,보행자보호의무위반,건조,맑음,교차로 - 교차로안,승용,여,42세,상해없음,보행자,여,75세,중상
2018070400100060,2018년 7월 4일 07시,수요일,경상북도 안동시 용상동,경상사고,0,0,1,0,차대차 - 정면충돌,안전운전불이행,건조,맑음,교차로 - 교차로안,승용,남,36세,경상,승용,여,59세,상해없음
2018070400100061,2018년 7월 4일 07시,수요일,경상북도 상주시 외답동,경상사고,0,0,1,0,차량단독 - 공작물충돌,안전운전불이행,건조,맑음,교차로 - 교차로부근,승용,여,54세,경상,,,,
2018070400100062,2018년 7월 4일 07시,수요일,경상북도 경산시 백천동,경상사고,0,0,1,0,차대차 - 정면충돌,신호위반,건조,맑음,교차로 - 교차로안,승용,남,67세,상해없음,승용,남,51세,경상
2018070400100063,2018년 7월 4일 07시,수요일,경상북도 구미시 공단동,경상사고,0,0,1,0,차대차 - 기타,신호위반,건조,맑음,교차로 - 교차로안,승용,남,25세,상해없음,승용,남,45세,경상
2018070400100102,2018년 7월 4일 08시,수요일,경상북도 포항시 북구 장성동,경상사고,0,0,1,0,차대차 - 측면충돌,안전거리미확보,건조,맑음,단일로 - 기타,승용,남,59세,상해없음,승용,여,46세,경상
2018070400100103,2018년 7월 4일 08시,수요일,경상북도 김천시 모암동,중상사고,0,1,0,0,차대차 - 측면충돌,교차로운행방법위반,건조,맑음,교차로 - 교차로안,승용,남,24세,상해없음,승용,여,43세,중상
2018070400100104,2018년 7월 4일 08시,수요일,경상북도 상주시 만산동,경상사고,0,0,1,0,차량단독 - 전도전복 - 전도,안전운전불이행,건조,맑음,단일로 - 기타,자전거,남,15세,경상,미분류,미분류,미분류,미분류
2018070400100105,2018년 7월 4일 08시,수요일,경상북도 칠곡군 지천면,중상사고,0,1,1,0,차대차 - 추돌,안전운전불이행,건조,맑음,단일로 - 기타,승용,여,48세,경상,화물,남,50세,상해없음
2018070400100144,2018년 7월 4일 09시,수요일,경상북도 경주시 율동,중상사고,0,1,2,0,차대차 - 측면충돌,안전운전불이행,건조,맑음,단일로 - 기타,승용,남,28세,상해없음,화물,남,42세,경상
2018070400100145,2018년 7월 4일 09시,수요일,경상북도 안동시 수상동,중상사고,0,2,0,0,차대차 - 추돌,안전운전불이행,건조,맑음,단일로 - 기타,승용,여,56세,상해없음,이륜,남,66세,중상
2018070400100146,2018년 7월 4일 09시,수요일,경상북도 문경시 모전동,중상사고,0,1,0,0,차대차 - 측면충돌,안전운전불이행,건조,맑음,교차로 - 교차로안,승용,남,19세,상해없음,이륜,남,32세,중상
2018070400100147,2018년 7월 4일 09시,수요일,경상북도 울진군 후포면,경상사고,0,0,1,0,차량단독 - 공작물충돌,안전운전불이행,건조,맑음,단일로 - 기타,승용,남,54세,경상,,,,
2018070400100148,2018년 7월 4일 09시,수요일,경상북도 구미시 고아읍,중상사고,0,1,0,0,차대차 - 기타,안전운전불이행,건조,맑음,교차로 - 교차로안,승합,남,56세,상해없음,승용,여,29세,중상
2018070400100188,2018년 7월 4일 10시,수요일,경상북도 영주시 가흥동,중상사고,0,1,0,0,차대차 - 측면충돌,안전운전불이행,건조,맑음,단일로 - 기타,승용,여,44세,상해없음,자전거,여,76세,중상
2018070400100211,2018년 7월 4일 11시,수요일,경상북도 구미시 도량동,경상사고,0,0,1,1,차대차 - 기타,안전운전불이행,건조,맑음,교차로 - 교차로안,승용,여,19세,부상신고,승용,여,57세,경상
2018070400100236,2018년 7월 4일 12시,수요일,경상북도 경산시 백천동,중상사고,0,1,0,0,차대차 - 기타,안전운전불이행,건조,맑음,기타 - 기타,기타불명,기타불명,미분류,기타불명,자전거,남,56세,중상
2018070400100257,2018년 7월 4일 13시,수요일,경상북도 경산시 백천동,중상사고,0,1,0,0,차대차 - 추돌,교차로운행방법위반,건조,흐림,단일로 - 기타,승용,여,62세,중상,건설기계,남,47세,상해없음
2018070400100258,2018년 7월 4일 13시,수요일,경상북도 포항시 남구 송내동,경상사고,0,0,1,0,차대차 - 추돌,안전운전불이행,건조,맑음,교차로 - 교차로부근,화물,남,35세,상해없음,승용,남,31세,경상
2018070400100288,2018년 7월 4일 14시,수요일,경상북도 포항시 남구 상도동,경상사고,0,0,1,0,차대차 - 기타,안전운전불이행,건조,맑음,교차로 - 교차로안,자전거,여,68세,경상,승용,여,45세,상해없음
2018070400100363,2018년 7월 4일 16시,수요일,경상북도 경주시 현곡면,경상사고,0,0,1,0,차대차 - 측면충돌,안전운전불이행,건조,맑음,교차로 - 교차로안,승용,남,52세,상해없음,승용,여,52세,경상
2018070400100364,2018년 7월 4일 16시,수요일,경상북도 안동시 당북동,경상사고,0,0,1,0,차대차 - 측면충돌,안전운전불이행,건조,맑음,교차로 - 교차로부근,승용,남,40세,상해없음,승용,여,33세,경상
2018070400100410,2018년 7월 4일 17시,수요일,경상북도 경주시 구정동,경상사고,0,0,1,0,차대차 - 측면충돌,안전운전불이행,건조,맑음,교차로 - 교차로횡단보도내,승용,여,37세,상해없음,자전거,남,68세,경상
2018070400100411,2018년 7월 4일 17시,수요일,경상북도 경주시 동방동,경상사고,0,0,1,0,차대차 - 측면충돌,안전운전불이행,건조,맑음,교차로 - 교차로안,자전거,남,80세,경상,승용,여,27세,상해없음
2018070400100412,2018년 7월 4일 17시,수요일,경상북도 안동시 금곡동,경상사고,0,0,1,0,차량단독 - 공작물충돌,안전운전불이행,건조,맑음,단일로 - 기타,이륜,남,75세,경상,,,,
2018070400100463,2018년 7월 4일 18시,수요일,경상북도 경주시 천군동,중상사고,0,2,0,0,차대차 - 측면충돌,중앙선침범,젖음/습기,비,교차로 - 교차로부근,승용,남,25세,상해없음,승용,남,28세,중상
2018070400100464,2018년 7월 4일 18시,수요일,경상북도 영천시 북안면,경상사고,0,0,1,0,차대차 - 측면충돌,안전운전불이행,젖음/습기,비,단일로 - 기타,기타불명,기타불명,미분류,기타불명,승용,여,53세,경상
2018070400100496,2018년 7월 4일 19시,수요일,경상북도 경주시 양남면,경상사고,0,0,2,0,차대차 - 측면충돌,안전운전불이행,젖음/습기,비,단일로 - 기타,특수,남,58세,상해없음,승용,남,52세,경상
2018070400100497,2018년 7월 4일 19시,수요일,경상북도 경주시 동천동,중상사고,0,1,1,0,차대차 - 측면충돌,신호위반,젖음/습기,비,교차로 - 교차로안,승용,여,28세,상해없음,승용,남,66세,경상
2018070400100498,2018년 7월 4일 19시,수요일,경상북도 김천시 신음동,경상사고,0,0,1,0,차량단독 - 전도전복 - 전도,안전운전불이행,건조,맑음,단일로 - 기타,이륜,남,15세,경상,미분류,미분류,미분류,미분류
2018070400100499,2018년 7월 4일 19시,수요일,경상북도 구미시 상모동,경상사고,0,0,3,0,차대사람 - 횡단중,보행자보호의무위반,젖음/습기,비,교차로 - 교차로횡단보도내,이륜,남,19세,경상,보행자,남,21세,경상
2018070400100500,2018년 7월 4일 19시,수요일,경상북도 구미시 원평동,중상사고,0,1,0,0,차대사람 - 기타,안전운전불이행,젖음/습기,비,교차로 - 교차로안,승합,여,49세,상해없음,보행자,여,28세,중상
2018070400100523,2018년 7월 4일 20시,수요일,경상북도 김천시 율곡동,경상사고,0,0,2,0,차대사람 - 차도통행중,안전운전불이행,젖음/습기,비,단일로 - 기타,이륜,남,34세,경상,보행자,여,12세,경상
2018070400100524,2018년 7월 4일 20시,수요일,경상북도 영주시 하망동,경상사고,0,0,1,0,차대차 - 측면충돌,교차로운행방법위반,건조,맑음,교차로 - 교차로안,이륜,남,63세,경상,승용,남,37세,상해없음
2018070400100525,2018년 7월 4일 20시,수요일,경상북도 포항시 남구 연일읍,경상사고,0,0,1,0,차대차 - 측면충돌,교차로운행방법위반,젖음/습기,비,교차로 - 교차로안,승용,여,26세,상해없음,이륜,남,29세,경상
2018070400100526,2018년 7월 4일 20시,수요일,경상북도 포항시 남구 오천읍,중상사고,0,1,0,0,차대차 - 기타,교차로운행방법위반,젖음/습기,비,단일로 - 기타,승용,남,65세,상해없음,이륜,남,25세,중상
2018070400100553,2018년 7월 4일 21시,수요일,경상북도 포항시 북구 장성동,경상사고,0,0,2,0,차대차 - 기타,안전운전불이행,건조,맑음,단일로 - 기타,승용,남,57세,경상,승합,여,43세,경상
2018070400100554,2018년 7월 4일 21시,수요일,경상북도 경산시 사동,중상사고,0,1,0,0,차대차 - 기타,신호위반,건조,맑음,교차로 - 교차로안,승합,남,55세,상해없음,승용,남,57세,중상
2018070400100555,2018년 7월 4일 21시,수요일,경상북도 성주군 초전면,중상사고,0,2,0,0,차대차 - 측면충돌,안전운전불이행,젖음/습기,비,교차로 - 교차로안,승용,남,56세,상해없음,승용,여,53세,중상
2018070400100556,2018년 7월 4일 21시,수요일,경상북도 구미시 신평동,경상사고,0,0,3,0,차대차 - 기타,안전운전불이행,젖음/습기,비,단일로 - 기타,승용,남,41세,상해없음,승합,남,44세,상해없음
2018070400100587,2018년 7월 4일 22시,수요일,경상북도 문경시 점촌동,중상사고,0,2,2,0,차대차 - 기타,직진우회전진행방해,건조,맑음,교차로 - 교차로안,화물,남,55세,기타불명,승용,남,35세,경상
2018070400100588,2018년 7월 4일 22시,수요일,경상북도 청도군 화양읍,경상사고,0,0,1,0,차대차 - 추돌,안전운전불이행,건조,흐림,교차로 - 교차로부근,승용,여,54세,상해없음,승용,여,45세,경상
2018070400100589,2018년 7월 4일 22시,수요일,경상북도 구미시 옥계동,중상사고,0,1,3,0,차대차 - 기타,신호위반,젖음/습기,비,교차로 - 교차로횡단보도내,승용,여,52세,경상,승용,남,44세,경상
2018070400100590,2018년 7월 4일 22시,수요일,경상북도 구미시 남통동,경상사고,0,0,3,0,차대차 - 기타,안전운전불이행,젖음/습기,비,교차로 - 교차로안,승용,남,52세,상해없음,승용,남,63세,경상
2018070400100619,2018년 7월 4일 23시,수요일,경상북도 경산시 진량읍,경상사고,0,0,3,0,차대차 - 기타,안전거리미확보,건조,맑음,단일로 - 기타,승용,남,52세,상해없음,승용,남,43세,경상
2018070400100620,2018년 7월 4일 23시,수요일,경상북도 구미시 송정동,부상신고사고,0,0,0,1,차량단독 - 기타,안전운전불이행,젖음/습기,비,교차로 - 교차로부근,승용,남,28세,상해없음,,,,
2018070400100621,2018년 7월 4일 23시,수요일,경상북도 구미시 진평동,부상신고사고,0,0,0,1,차대차 - 기타,안전운전불이행,건조,맑음,교차로 - 교차로부근,이륜,남,34세,부상신고,기타불명,기타불명,미분류,기타불명
2018070500100032,2018년 7월 5일 03시,목요일,경상북도 안동시 녹전면,경상사고,0,0,1,0,차량단독 - 공작물충돌,안전운전불이행,건조,맑음,단일로 - 기타,승용,남,37세,경상,,,,
2018070500100086,2018년 7월 5일 07시,목요일,경상북도 구미시 인의동,경상사고,0,0,2,0,차대차 - 측면충돌,직진우회전진행방해,건조,맑음,교차로 - 교차로안,승용,남,22세,상해없음,승용,남,29세,경상
2018070500100117,2018년 7월 5일 08시,목요일,경상북도 칠곡군 약목면,중상사고,0,1,0,0,차대차 - 측면충돌,중앙선침범,젖음/습기,비,단일로 - 기타,승용,남,49세,상해없음,화물,남,27세,중상
2018070500100118,2018년 7월 5일 08시,목요일,경상북도 고령군 다산면,경상사고,0,0,2,0,차대차 - 추돌,안전운전불이행,젖음/습기,비,단일로 - 기타,승용,여,29세,상해없음,승용,여,47세,경상
2018070500100146,2018년 7월 5일 09시,목요일,경상북도 영주시 휴천동,경상사고,0,0,1,0,차대차 - 측면충돌,안전운전불이행,젖음/습기,흐림,단일로 - 기타,화물,남,64세,상해없음,이륜,남,80세,경상
2018070500100147,2018년 7월 5일 09시,목요일,경상북도 구미시 진평동,중상사고,0,1,0,0,차대차 - 기타,교차로운행방법위반,젖음/습기,비,교차로 - 교차로안,이륜,남,33세,중상,승용,남,37세,상해없음
2018070500100184,2018년 7월 5일 10시,목요일,경상북도 영덕군 영덕읍,중상사고,0,1,0,0,차대차 - 측면충돌,직진우회전진행방해,젖음/습기,비,교차로 - 교차로안,승용,여,68세,상해없음,이륜,남,78세,중상
2018070500100245,2018년 7월 5일 12시,목요일,경상북도 문경시 산양면,경상사고,0,0,2,0,차대차 - 측면충돌,안전운전불이행,건조,맑음,단일로 - 기타,승용,여,58세,경상,승용,남,71세,경상
2018070500100276,2018년 7월 5일 13시,목요일,경상북도 포항시 북구 장성동,경상사고,0,0,1,0,차대차 - 측면충돌,직진우회전진행방해,건조,맑음,교차로 - 교차로안,승용,여,48세,상해없음,승용,남,64세,경상
2018070500100301,2018년 7월 5일 14시,목요일,경상북도 칠곡군 석적읍,경상사고,0,0,1,0,차대차 - 후진중충돌,안전운전불이행,건조,맑음,주차장 - 주차장,승용,남,37세,상해없음,승용,남,34세,경상
2018070500100302,2018년 7월 5일 14시,목요일,경상북도 구미시 공단동,경상사고,0,0,1,1,차대차 - 기타,교차로운행방법위반,건조,맑음,교차로 - 교차로안,승용,여,40세,부상신고,승용,여,56세,경상
2018070500100303,2018년 7월 5일 14시,목요일,경상북도 포항시 남구 해도동,경상사고,0,0,1,0,차대차 - 측면충돌,안전운전불이행,건조,맑음,단일로 - 기타,승합,남,66세,상해없음,승용,여,65세,경상
2018070500100346,2018년 7월 5일 15시,목요일,경상북도 경주시 외동읍,경상사고,0,0,2,0,차대차 - 측면충돌,신호위반,건조,흐림,교차로 - 교차로안,승용,남,29세,경상,승용,여,47세,경상
2018070500100375,2018년 7월 5일 16시,목요일,경상북도 경주시 노서동,사망사고,1,0,0,0,차대차 - 측면충돌,안전운전불이행,건조,맑음,교차로 - 교차로횡단보도내,이륜,남,65세,사망,승합,남,55세,상해없음
2018070500100418,2018년 7월 5일 17시,목요일,경상북도 안동시 태화동,중상사고,0,1,0,0,차대차 - 측면충돌,안전운전불이행,건조,흐림,단일로 - 기타,이륜,남,71세,중상,승용,여,64세,상해없음
2018070500100419,2018년 7월 5일 17시,목요일,경상북도 영천시 북안면,경상사고,0,0,1,0,차대차 - 측면충돌,안전운전불이행,건조,맑음,단일로 - 터널,승용,남,67세,상해없음,승용,남,44세,경상
2018070500100458,2018년 7월 5일 18시,목요일,경상북도 포항시 남구 대잠동,경상사고,0,0,2,0,차대차 - 기타,안전운전불이행,젖음/습기,비,교차로 - 교차로안,승용,여,47세,경상,승용,남,59세,경상
2018070500100491,2018년 7월 5일 19시,목요일,경상북도 경주시 성건동,경상사고,0,0,1,1,차대사람 - 횡단중,보행자보호의무위반,젖음/습기,비,단일로 - 기타,승용,남,44세,상해없음,보행자,여,39세,경상
2018070500100492,2018년 7월 5일 19시,목요일,경상북도 경주시 황성동,중상사고,0,3,1,0,차대차 - 추돌,안전운전불이행,젖음/습기,비,교차로 - 교차로부근,승용,남,50세,상해없음,승용,남,23세,중상
2018070500100524,2018년 7월 5일 20시,목요일,경상북도 칠곡군 왜관읍,부상신고사고,0,0,0,1,차량단독 - 공작물충돌,기타,건조,맑음,단일로 - 기타,승용,남,61세,부상신고,,,,
2018070500100525,2018년 7월 5일 20시,목요일,경상북도 칠곡군 석적읍,경상사고,0,0,1,0,차대사람 - 횡단중,신호위반,건조,맑음,교차로 - 교차로횡단보도내,이륜,남,22세,기타불명,보행자,여,33세,경상
2018070500100526,2018년 7월 5일 20시,목요일,경상북도 경산시 하양읍,경상사고,0,0,2,0,차대차 - 측면충돌,안전운전불이행,건조,맑음,교차로 - 교차로안,승합,남,41세,상해없음,자전거,남,14세,경상
2018070500100527,2018년 7월 5일 20시,목요일,경상북도 울진군 죽변면,중상사고,0,1,0,0,차대사람 - 길가장자리구역통행중,안전운전불이행,건조,맑음,주차장 - 주차장,승용,남,39세,상해없음,보행자,여,68세,중상
2018070500100558,2018년 7월 5일 21시,목요일,경상북도 김천시 부곡동,부상신고사고,0,0,0,2,차대사람 - 차도통행중,안전운전불이행,건조,맑음,교차로 - 교차로안,승용,여,38세,상해없음,보행자,남,37세,부상신고
2018070500100559,2018년 7월 5일 21시,목요일,경상북도 경산시 옥산동,경상사고,0,0,1,0,차대사람 - 기타,보행자보호의무위반,건조,맑음,교차로 - 교차로횡단보도내,승용,여,35세,상해없음,보행자,여,47세,경상
2018070500100560,2018년 7월 5일 21시,목요일,경상북도 포항시 남구 오천읍,중상사고,0,1,0,0,차대차 - 측면충돌,교차로운행방법위반,젖음/습기,비,교차로 - 교차로안,승용,남,62세,상해없음,이륜,남,34세,중상
2018070500100590,2018년 7월 5일 22시,목요일,경상북도 포항시 남구 오천읍,중상사고,0,1,0,0,차대사람 - 차도통행중,안전운전불이행,젖음/습기,비,교차로 - 교차로부근,승용,여,43세,상해없음,보행자,남,66세,중상
2018070500100615,2018년 7월 5일 23시,목요일,경상북도 경주시 용강동,경상사고,0,0,1,0,차대차 - 측면충돌,안전운전불이행,건조,맑음,교차로 - 교차로안,승용,남,52세,상해없음,승용,남,27세,경상
2018070500100616,2018년 7월 5일 23시,목요일,경상북도 의성군 의성읍,경상사고,0,0,1,0,차대차 - 측면충돌,안전운전불이행,건조,맑음,단일로 - 기타,화물,여,59세,상해없음,승용,여,54세,경상
2018070500100617,2018년 7월 5일 23시,목요일,경상북도 영주시 영주동,경상사고,0,0,1,0,차대차 - 후진중충돌,안전운전불이행,젖음/습기,흐림,단일로 - 기타,승용,남,48세,상해없음,승용,여,44세,경상
2018070600100010,2018년 7월 6일 00시,금요일,경상북도 포항시 남구 인덕동,경상사고,0,0,1,0,차대차 - 측면충돌,안전운전불이행,젖음/습기,비,교차로 - 교차로안,승용,남,64세,상해없음,승합,여,49세,경상
2018070600100038,2018년 7월 6일 02시,금요일,경상북도 영주시 영주동,경상사고,0,0,1,0,차대사람 - 횡단중,안전운전불이행,건조,맑음,단일로 - 기타,승용,남,56세,상해없음,보행자,남,50세,경상
2018070600100044,2018년 7월 6일 03시,금요일,경상북도 포항시 남구 대도동,경상사고,0,0,1,0,차대차 - 측면충돌,불법유턴,젖음/습기,비,교차로 - 교차로부근,승용,남,55세,상해없음,자전거,남,75세,경상
2018070600100080,2018년 7월 6일 07시,금요일,경상북도 경주시 안강읍,중상사고,0,1,0,0,차대차 - 측면충돌,신호위반,젖음/습기,비,교차로 - 교차로안,승용,여,50세,상해없음,승용,남,63세,중상
2018070600100081,2018년 7월 6일 07시,금요일,경상북도 포항시 남구 호동,경상사고,0,0,2,0,차대차 - 기타,안전운전불이행,젖음/습기,비,교차로 - 교차로부근,승용,남,38세,경상,특수,남,58세,경상
2018070600100082,2018년 7월 6일 07시,금요일,경상북도 포항시 남구 오천읍,경상사고,0,0,1,0,차대차 - 측면충돌,직진우회전진행방해,젖음/습기,비,교차로 - 교차로안,승용,남,56세,상해없음,승용,남,25세,경상
2018070600100118,2018년 7월 6일 08시,금요일,경상북도 경주시 강동면,경상사고,0,0,1,0,차대차 - 측면충돌,중앙선침범,젖음/습기,비,단일로 - 기타,승용,여,51세,경상,화물,남,65세,상해없음
2018070600100119,2018년 7월 6일 08시,금요일,경상북도 포항시 남구 연일읍,경상사고,0,0,1,0,차대차 - 측면충돌,신호위반,젖음/습기,비,교차로 - 교차로안,승용,여,44세,상해없음,승용,남,44세,경상
2018070600100136,2018년 7월 6일 09시,금요일,경상북도 포항시 북구 동빈2가,경상사고,0,0,2,0,차대차 - 측면충돌,직진우회전진행방해,건조,맑음,교차로 - 교차로안,승용,남,60세,경상,승용,여,27세,경상
2018070600100137,2018년 7월 6일 09시,금요일,경상북도 영덕군 강구면,중상사고,0,1,1,0,차대차 - 측면충돌,직진우회전진행방해,젖음/습기,비,교차로 - 교차로안,승용,여,50세,경상,특수,남,44세,중상
2018070600100169,2018년 7월 6일 10시,금요일,경상북도 경산시 진량읍,중상사고,0,1,0,0,차대차 - 측면충돌,교차로운행방법위반,건조,맑음,교차로 - 교차로안,화물,남,52세,상해없음,자전거,남,39세,중상
2018070600100170,2018년 7월 6일 10시,금요일,경상북도 경산시 하양읍,경상사고,0,0,1,0,차대차 - 정면충돌,안전운전불이행,건조,맑음,단일로 - 기타,승용,여,64세,상해없음,자전거,남,67세,경상
2018070600100171,2018년 7월 6일 10시,금요일,경상북도 구미시 고아읍,중상사고,0,1,0,0,차대사람 - 기타,안전운전불이행,건조,맑음,단일로 - 기타,승용,여,43세,상해없음,보행자,남,61세,중상
2018070600100172,2018년 7월 6일 10시,금요일,경상북도 포항시 남구 대잠동,경상사고,0,0,2,0,차대차 - 기타,안전거리미확보,젖음/습기,비,교차로 - 교차로부근,승용,남,71세,상해없음,화물,남,70세,경상
2018070600100200,2018년 7월 6일 11시,금요일,경상북도 구미시 상모동,중상사고,0,1,0,0,차대사람 - 횡단중,안전운전불이행,건조,맑음,교차로 - 교차로안,승용,여,37세,상해없음,보행자,여,75세,중상
2018070600100253,2018년 7월 6일 13시,금요일,경상북도 칠곡군 약목면,경상사고,0,0,1,0,차대차 - 추돌,안전운전불이행,건조,맑음,교차로 - 교차로부근,승용,남,42세,상해없음,승용,남,47세,경상
2018070600100254,2018년 7월 6일 13시,금요일,경상북도 영천시 고경면,경상사고,0,0,2,0,차대차 - 측면충돌,안전운전불이행,건조,흐림,교차로 - 교차로부근,화물,남,28세,경상,승용,남,79세,경상
2018070600100255,2018년 7월 6일 13시,금요일,경상북도 구미시 봉곡동,경상사고,0,0,1,0,차대차 - 기타,안전운전불이행,건조,흐림,교차로 - 교차로안,승용,남,61세,상해없음,이륜,남,19세,경상
2018070600100256,2018년 7월 6일 13시,금요일,경상북도 구미시 신평동,부상신고사고,0,0,0,1,차대차 - 기타,안전운전불이행,건조,맑음,단일로 - 기타,자전거,남,81세,부상신고,승용,남,34세,상해없음