사고번호,사고일시,요일,시군구,사고내용,사망자수,중상자수,경상자수,부상신고자수,사고유형,법규위반,노면상태,기상상태,도로형태,가해운전자 차종,가해운전자 성별,가해운전자 연령,가해운전자 상해정도,피해운전자 차종,피해운전자 성별,피해운전자 연령,피해운전자 상해정도
2018070900100490,2018년 7월 9일 21시,월요일,경상북도 포항시 남구 대송면,경상사고,0,0,1,0,차대차 - 측면충돌,기타,젖음/습기,비,교차로 - 교차로안,승용,남,41세,상해없음,화물,남,42세,경상
2018070900100517,2018년 7월 9일 22시,월요일,경상북도 안동시 용상동,중상사고,0,1,2,0,차대차 - 정면충돌,안전운전불이행,건조,맑음,미분류 - 미분류,승용,남,46세,경상,승용,남,45세,중상
2018070900100518,2018년 7월 9일 22시,월요일,경상북도 구미시 상모동,경상사고,0,0,1,0,차대차 - 측면충돌,신호위반,젖음/습기,비,교차로 - 교차로안,승용,남,33세,상해없음,승용,남,55세,경상
2018070900100536,2018년 7월 9일 23시,월요일,경상북도 포항시 북구 용흥동,경상사고,0,0,1,0,차대차 - 측면충돌,안전운전불이행,젖음/습기,비,단일로 - 기타,승용,남,50세,상해없음,승용,남,30세,경상
2018070900100537,2018년 7월 9일 23시,월요일,경상북도 포항시 북구 용흥동,경상사고,0,0,1,0,차대차 - 추돌,안전운전불이행,젖음/습기,비,단일로 - 기타,승용,남,50세,상해없음,승용,남,69세,경상
2018071000100019,2018년 7월 10일 00시,화요일,경상북도 상주시 낙동면,경상사고,0,0,1,0,차대차 - 추돌,안전운전불이행,젖음/습기,비,단일로 - 기타,승용,남,36세,상해없음,승용,남,50세,경상
2018071000100077,2018년 7월 10일 06시,화요일,경상북도 경주시 교동,중상사고,0,1,0,0,차대사람 - 횡단중,중앙선침범,건조,맑음,교차로 - 교차로부근,승용,여,48세,상해없음,보행자,여,63세,중상
2018071000100094,2018년 7월 10일 07시,화요일,경상북도 경산시 하양읍,중상사고,0,1,0,0,차대차 - 측면충돌,교차로운행방법위반,건조,맑음,교차로 - 교차로안,승용,여,38세,상해없음,이륜,남,60세,중상
2018071000100127,2018년 7월 10일 08시,화요일,경상북도 구미시 공단동,경상사고,0,0,2,0,차대차 - 기타,신호위반,건조,맑음,교차로 - 교차로안,승용,남,68세,상해없음,승용,여,46세,경상
2018071000100128,2018년 7월 10일 08시,화요일,경상북도 포항시 남구 오천읍,경상사고,0,0,2,0,차대차 - 측면충돌,직진우회전진행방해,건조,맑음,교차로 - 교차로안,승용,여,45세,상해없음,승용,여,36세,경상
2018071000100147,2018년 7월 10일 09시,화요일,경상북도 칠곡군 왜관읍,중상사고,0,1,0,0,차대사람 - 횡단중,안전운전불이행,건조,맑음,교차로 - 교차로안,승용,남,40세,상해없음,보행자,여,82세,중상
2018071000100169,2018년 7월 10일 10시,화요일,경상북도 청도군 금천면,중상사고,0,1,0,0,차량단독 - 기타,안전운전불이행,건조,맑음,단일로 - 기타,사륜오토바이(ATV),남,64세,상해없음,,,,
2018071000100170,2018년 7월 10일 10시,화요일,경상북도 구미시 도량동,경상사고,0,0,1,0,차대차 - 추돌,안전운전불이행,건조,맑음,교차로 - 교차로안,승용,여,49세,상해없음,승용,여,64세,경상
2018071000100171,2018년 7월 10일 10시,화요일,경상북도 구미시 원평동,부상신고사고,0,0,0,1,차대차 - 측면충돌,안전운전불이행,건조,맑음,교차로 - 교차로부근,자전거,남,83세,부상신고,승합,남,62세,상해없음
2018071000100172,2018년 7월 10일 10시,화요일,경상북도 포항시 남구 오천읍,경상사고,0,0,1,0,차대차 - 기타,중앙선침범,건조,맑음,단일로 - 기타,승용,여,49세,상해없음,승용,남,32세,경상
2018071000100173,2018년 7월 10일 10시,화요일,경상북도 상주시 화서면,부상신고사고,0,0,0,1,차대차 - 기타,안전운전불이행,건조,맑음,단일로 - 기타,기타불명,기타불명,미분류,기타불명,승용,남,42세,부상신고
2018071000100208,2018년 7월 10일 11시,화요일,경상북도 영양군 영양읍,중상사고,0,1,0,0,차대차 - 측면충돌,안전운전불이행,건조,맑음,단일로 - 기타,화물,남,74세,상해없음,자전거,남,86세,중상
2018071000100209,2018년 7월 10일 11시,화요일,경상북도 포항시 남구 연일읍,경상사고,0,0,2,0,차대차 - 측면충돌,직진우회전진행방해,건조,맑음,교차로 - 교차로안,승용,남,56세,상해없음,승용,여,43세,경상
2018071000100224,2018년 7월 10일 12시,화요일,경상북도 상주시 낙양동,중상사고,0,1,0,0,차대차 - 측면충돌,교차로운행방법위반,건조,맑음,교차로 - 교차로안,승용,여,57세,기타불명,승용,여,44세,중상
2018071000100225,2018년 7월 10일 12시,화요일,경상북도 칠곡군 북삼읍,경상사고,0,0,1,1,차대차 - 측면충돌,안전운전불이행,건조,맑음,교차로 - 교차로부근,승용,남,58세,상해없음,이륜,남,30세,경상
2018071000100255,2018년 7월 10일 13시,화요일,경상북도 봉화군 상운면,부상신고사고,0,0,0,1,차량단독 - 도로외이탈 - 추락,안전운전불이행,건조,맑음,단일로 - 기타,승용,여,62세,부상신고,,,,
2018071000100292,2018년 7월 10일 14시,화요일,경상북도 경주시 효현동,경상사고,0,0,1,0,차대차 - 측면충돌,안전운전불이행,건조,맑음,단일로 - 기타,이륜,남,76세,경상,승용,남,45세,상해없음
2018071000100293,2018년 7월 10일 14시,화요일,경상북도 의성군 의성읍,중상사고,0,3,1,0,차대차 - 측면충돌,안전운전불이행,건조,맑음,교차로 - 교차로안,화물,남,80세,상해없음,화물,남,66세,중상
2018071000100329,2018년 7월 10일 15시,화요일,경상북도 경주시 마동,경상사고,0,0,1,0,차대차 - 측면충돌,안전운전불이행,건조,맑음,교차로 - 교차로안,승용,남,27세,상해없음,승용,여,71세,경상
2018071000100330,2018년 7월 10일 15시,화요일,경상북도 구미시 도량동,경상사고,0,0,1,0,차대사람 - 횡단중,안전운전불이행,건조,맑음,단일로 - 기타,승용,남,51세,상해없음,보행자,여,6세,경상
2018071000100331,2018년 7월 10일 15시,화요일,경상북도 구미시 원평동,부상신고사고,0,0,0,1,차대차 - 측면충돌,교차로운행방법위반,건조,맑음,교차로 - 교차로안,이륜,남,68세,부상신고,화물,남,69세,상해없음
2018071000100404,2018년 7월 10일 17시,화요일,경상북도 포항시 북구 두호동,중상사고,0,1,0,0,차대차 - 측면충돌,안전운전불이행,건조,맑음,단일로 - 기타,승용,여,49세,상해없음,이륜,남,83세,중상
2018071000100405,2018년 7월 10일 17시,화요일,경상북도 안동시 옥동,부상신고사고,0,0,0,1,차대차 - 측면충돌,안전운전불이행,건조,맑음,교차로 - 교차로안,자전거,남,12세,부상신고,화물,남,33세,상해없음
2018071000100480,2018년 7월 10일 19시,화요일,경상북도 구미시 사곡동,사망사고,1,0,0,0,차대차 - 측면충돌,안전운전불이행,건조,맑음,교차로 - 교차로부근,화물,남,51세,상해없음,자전거,남,62세,사망
2018071000100501,2018년 7월 10일 20시,화요일,경상북도 구미시 도량동,경상사고,0,0,1,0,차대차 - 추돌,안전거리미확보,건조,맑음,교차로 - 교차로안,승용,여,43세,상해없음,승용,여,47세,경상
2018071000100530,2018년 7월 10일 21시,화요일,경상북도 포항시 남구 구룡포읍,경상사고,0,0,1,0,차대차 - 정면충돌,안전운전불이행,건조,맑음,단일로 - 기타,승용,남,79세,상해없음,승용,남,64세,경상
2018071000100570,2018년 7월 10일 22시,화요일,경상북도 포항시 북구 신흥동,중상사고,0,1,0,0,차대차 - 측면충돌,직진우회전진행방해,건조,맑음,교차로 - 교차로안,승용,여,49세,상해없음,자전거,남,57세,중상
2018071000100571,2018년 7월 10일 22시,화요일,경상북도 경산시 사동,경상사고,0,0,1,0,차대사람 - 기타,안전운전불이행,건조,맑음,단일로 - 기타,승용,여,44세,상해없음,보행자,남,64세,경상
2018071000100603,2018년 7월 10일 23시,화요일,경상북도 경주시 내남면,경상사고,0,0,4,0,차대차 - 측면충돌,신호위반,건조,맑음,교차로 - 교차로안,승합,여,35세,경상,화물,남,48세,경상
2018071000100604,2018년 7월 10일 23시,화요일,경상북도 포항시 북구 장성동,중상사고,0,2,0,0,차대차 - 측면충돌,신호위반,건조,맑음,교차로 - 교차로안,승용,남,24세,상해없음,승용,남,56세,중상
2018071000100605,2018년 7월 10일 23시,화요일,경상북도 경산시 압량면,경상사고,0,0,2,0,차대차 - 기타,안전운전불이행,건조,맑음,단일로 - 기타,화물,남,75세,경상,승용,남,37세,경상
2018071100100008,2018년 7월 11일 00시,수요일,경상북도 경산시 남천면,경상사고,0,0,1,0,차대차 - 기타,안전운전불이행,건조,맑음,교차로 - 교차로부근,승용,남,51세,상해없음,승용,남,33세,경상
2018071100100009,2018년 7월 11일 00시,수요일,경상북도 구미시 공단동,경상사고,0,0,2,0,차대차 - 기타,안전운전불이행,건조,맑음,교차로 - 교차로부근,승용,남,31세,상해없음,승용,남,26세,경상
2018071100100118,2018년 7월 11일 08시,수요일,경상북도 경산시 옥곡동,경상사고,0,0,1,0,차대차 - 측면충돌,신호위반,건조,맑음,교차로 - 교차로부근,승용,남,31세,상해없음,승용,여,28세,경상
2018071100100119,2018년 7월 11일 08시,수요일,경상북도 봉화군 봉화읍,경상사고,0,0,1,0,차대사람 - 기타,안전운전불이행,건조,맑음,단일로 - 기타,승용,여,50세,상해없음,보행자,여,75세,경상
2018071100100120,2018년 7월 11일 08시,수요일,경상북도 포항시 남구 오천읍,경상사고,0,0,1,0,차대차 - 측면충돌,교차로운행방법위반,건조,맑음,교차로 - 교차로안,승용,여,19세,경상,특수,남,63세,상해없음
2018071100100168,2018년 7월 11일 09시,수요일,경상북도 포항시 북구 장성동,경상사고,0,0,2,0,차대차 - 측면충돌,직진우회전진행방해,건조,맑음,교차로 - 교차로안,승용,여,52세,경상,승용,남,33세,경상
2018071100100169,2018년 7월 11일 09시,수요일,경상북도 봉화군 법전면,경상사고,0,0,1,0,차대차 - 기타,안전운전불이행,건조,맑음,단일로 - 기타,승용,남,62세,상해없음,화물,남,67세,경상
2018071100100170,2018년 7월 11일 09시,수요일,경상북도 울진군 울진읍,경상사고,0,0,1,0,차대차 - 정면충돌,안전운전불이행,젖음/습기,비,단일로 - 기타,승용,여,59세,상해없음,승용,여,49세,경상
2018071100100225,2018년 7월 11일 11시,수요일,경상북도 영천시 조교동,중상사고,0,1,2,0,차대차 - 추돌,안전운전불이행,건조,맑음,단일로 - 기타,화물,남,68세,상해없음,승용,여,47세,경상
2018071100100226,2018년 7월 11일 11시,수요일,경상북도 성주군 초전면,중상사고,0,1,0,0,차대차 - 측면충돌,안전운전불이행,건조,맑음,교차로 - 교차로안,이륜,남,83세,중상,승용,여,52세,상해없음
2018071100100251,2018년 7월 11일 12시,수요일,경상북도 성주군 월항면,중상사고,0,1,0,0,차대차 - 기타,안전운전불이행,건조,맑음,단일로 - 기타,승용,남,43세,상해없음,원동기,남,40세,중상
2018071100100356,2018년 7월 11일 15시,수요일,경상북도 포항시 북구 동빈1가,경상사고,0,0,2,0,차대차 - 기타,안전운전불이행,건조,맑음,교차로 - 교차로안,화물,남,56세,상해없음,승용,여,35세,경상
2018071100100386,2018년 7월 11일 16시,수요일,경상북도 경주시 산내면,중상사고,0,1,0,0,차대차 - 측면충돌,안전운전불이행,건조,맑음,단일로 - 기타,승합,남,56세,상해없음,이륜,남,39세,중상
2018071100100387,2018년 7월 11일 16시,수요일,경상북도 의성군 의성읍,경상사고,0,0,2,0,차대차 - 측면충돌,중앙선침범,건조,맑음,기타 - 기타,승용,남,63세,상해없음,화물,남,61세,경상
2018071100100388,2018년 7월 11일 16시,수요일,경상북도 포항시 남구 대도동,경상사고,0,0,2,2,차대차 - 추돌,안전운전불이행,건조,맑음,교차로 - 교차로안,승용,남,35세,상해없음,승용,여,36세,경상
2018071100100422,2018년 7월 11일 17시,수요일,경상북도 포항시 북구 장성동,중상사고,0,1,0,0,차대차 - 기타,안전운전불이행,건조,맑음,단일로 - 기타,승합,남,56세,상해없음,자전거,남,9세,중상
2018071100100423,2018년 7월 11일 17시,수요일,경상북도 칠곡군 북삼읍,부상신고사고,0,0,0,1,차대사람 - 기타,안전운전불이행,건조,맑음,단일로 - 기타,승용,여,37세,상해없음,보행자,남,56세,부상신고
2018071100100424,2018년 7월 11일 17시,수요일,경상북도 구미시 고아읍,부상신고사고,0,0,0,1,차대차 - 기타,안전운전불이행,건조,맑음,단일로 - 기타,승용,여,58세,상해없음,이륜,남,21세,부상신고
2018071100100425,2018년 7월 11일 17시,수요일,경상북도 구미시 신평동,경상사고,0,0,2,0,차대차 - 측면충돌,직진우회전진행방해,건조,흐림,교차로 - 교차로안,화물,남,56세,경상,승용,남,57세,상해없음
2018071100100465,2018년 7월 11일 18시,수요일,경상북도 포항시 남구 상도동,경상사고,0,0,1,0,차대차 - 측면충돌,안전운전불이행,건조,맑음,교차로 - 교차로안,원동기,남,28세,경상,승용,남,52세,상해없음
2018071100100466,2018년 7월 11일 18시,수요일,경상북도 포항시 북구 남빈동,경상사고,0,0,1,0,차대차 - 측면충돌,안전운전불이행,기타,맑음,단일로 - 기타,승용,남,32세,상해없음,승용,남,54세,경상
2018071100100467,2018년 7월 11일 18시,수요일,경상북도 문경시 모전동,경상사고,0,0,1,0,차대차 - 측면충돌,안전운전불이행,건조,맑음,교차로 - 교차로안,승용,남,60세,상해없음,이륜,남,17세,경상
2018071100100512,2018년 7월 11일 19시,수요일,경상북도 포항시 북구 흥해읍,경상사고,0,0,1,0,차대차 - 측면충돌,교차로운행방법위반,건조,맑음,교차로 - 교차로안,승용,남,52세,상해없음,승용,남,38세,경상
2018071100100513,2018년 7월 11일 19시,수요일,경상북도 경산시 진량읍,경상사고,0,0,1,0,차대차 - 측면충돌,신호위반,건조,맑음,교차로 - 교차로안,승용,여,39세,상해없음,승용,남,28세,경상
2018071100100514,2018년 7월 11일 19시,수요일,경상북도 구미시 송정동,경상사고,0,0,1,0,차대차 - 기타,안전운전불이행,건조,맑음,단일로 - 기타,승용,남,34세,상해없음,이륜,남,25세,경상
2018071100100599,2018년 7월 11일 22시,수요일,경상북도 경주시 천북면,부상신고사고,0,0,0,1,차량단독 - 공작물충돌,안전운전불이행,건조,맑음,교차로 - 교차로부근,승용,여,60세,부상신고,,,,
2018071100100600,2018년 7월 11일 22시,수요일,경상북도 칠곡군 왜관읍,중상사고,0,1,0,0,차대차 - 측면충돌,안전운전불이행,건조,맑음,단일로 - 기타,이륜,남,60세,중상,승용,남,33세,상해없음
2018071100100601,2018년 7월 11일 22시,수요일,경상북도 구미시 옥성면,경상사고,0,0,1,0,차대차 - 측면충돌,안전운전불이행,건조,맑음,기타 - 기타,특수,남,68세,상해없음,승용,남,32세,경상
2018071100100629,2018년 7월 11일 23시,수요일,경상북도 안동시 용상동,경상사고,0,0,1,0,차대차 - 기타,차로위반,건조,맑음,단일로 - 기타,승용,남,55세,상해없음,이륜,남,47세,경상
2018071200100022,2018년 7월 12일 00시,목요일,경상북도 포항시 남구 오천읍,사망사고,1,0,0,0,차대사람 - 차도통행중,안전운전불이행,건조,맑음,단일로 - 기타,승용,남,30세,상해없음,보행자,남,52세,사망
2018071200100044,2018년 7월 12일 02시,목요일,경상북도 포항시 북구 장성동,경상사고,0,0,2,0,차대차 - 측면충돌,신호위반,건조,맑음,교차로 - 교차로안,승용,남,54세,경상,이륜,남,31세,경상
2018071200100055,2018년 7월 12일 04시,목요일,경상북도 영양군 석보면,중상사고,0,1,0,0,차량단독 - 전도전복 - 전도,안전운전불이행,건조,맑음,단일로 - 기타,승용,여,55세,중상,미분류,미분류,미분류,미분류
2018071200100125,2018년 7월 12일 08시,목요일,경상북도 예천군 예천읍,중상사고,0,1,0,0,차대차 - 추돌,안전운전불이행,건조,맑음,교차로 - 교차로안,승용,남,78세,상해없음,이륜,남,82세,중상
2018071200100126,2018년 7월 12일 08시,목요일,경상북도 군위군 군위읍,경상사고,0,0,1,0,차대차 - 측면충돌,교차로운행방법위반,건조,맑음,교차로 - 교차로안,화물,남,65세,경상,화물,남,68세,상해없음
2018071200100161,2018년 7월 12일 09시,목요일,경상북도 칠곡군 석적읍,중상사고,0,1,0,0,차대사람 - 횡단중,보행자보호의무위반,건조,맑음,교차로 - 교차로횡단보도내,승용,여,39세,상해없음,보행자,여,64세,중상
2018071200100182,2018년 7월 12일 10시,목요일,경상북도 영주시 상망동,중상사고,0,2,0,0,차대차 - 추돌,안전운전불이행,건조,맑음,단일로 - 기타,화물,남,60세,상해없음,화물,남,82세,중상
2018071200100183,2018년 7월 12일 10시,목요일,경상북도 영천시 금호읍,경상사고,0,0,2,0,차대차 - 측면충돌,교차로운행방법위반,건조,맑음,교차로 - 교차로안,승용,여,59세,경상,승용,여,38세,경상
2018071200100219,2018년 7월 12일 11시,목요일,경상북도 청도군 각북면,경상사고,0,0,1,0,차대차 - 측면충돌,직진우회전진행방해,건조,맑음,교차로 - 교차로안,이륜,여,73세,경상,화물,남,54세,상해없음
2018071200100220,2018년 7월 12일 11시,목요일,경상북도 구미시 임은동,중상사고,0,1,0,0,차대차 - 측면충돌,교차로운행방법위반,건조,맑음,교차로 - 교차로안,승용,남,40세,상해없음,승용,여,29세,중상
2018071200100250,2018년 7월 12일 12시,목요일,경상북도 안동시 옥야동,경상사고,0,0,2,0,차대차 - 추돌,안전운전불이행,건조,맑음,교차로 - 교차로부근,화물,남,41세,상해없음,승용,남,63세,경상
2018071200100276,2018년 7월 12일 13시,목요일,경상북도 상주시 인봉동,경상사고,0,0,1,0,차대차 - 측면충돌,안전운전불이행,건조,맑음,단일로 - 기타,사륜오토바이(ATV),남,86세,경상,승용,여,33세,상해없음
2018071200100349,2018년 7월 12일 15시,목요일,경상북도 경주시 외동읍,중상사고,0,1,1,0,차대차 - 추돌,안전운전불이행,건조,맑음,단일로 - 기타,승용,남,90세 이상,중상,화물,남,31세,경상
2018071200100350,2018년 7월 12일 15시,목요일,경상북도 영천시 조교동,경상사고,0,0,3,0,차대차 - 측면충돌,교차로운행방법위반,건조,맑음,교차로 - 교차로부근,승용,남,41세,경상,승용,남,36세,경상
2018071200100351,2018년 7월 12일 15시,목요일,경상북도 경산시 임당동,경상사고,0,0,1,0,차대차 - 측면충돌,안전운전불이행,건조,맑음,교차로 - 교차로안,승용,여,51세,상해없음,화물,남,60세,경상
2018071200100352,2018년 7월 12일 15시,목요일,경상북도 경산시 사동,중상사고,0,1,0,0,차대차 - 측면충돌,교차로운행방법위반,건조,맑음,교차로 - 교차로안,승용,남,24세,상해없음,승용,남,56세,중상
2018071200100388,2018년 7월 12일 16시,목요일,경상북도 영주시 영주동,경상사고,0,0,1,0,차대차 - 측면충돌,안전운전불이행,건조,맑음,교차로 - 교차로안,화물,남,52세,상해없음,승용,여,53세,경상
2018071200100420,2018년 7월 12일 17시,목요일,경상북도 상주시 화산동,경상사고,0,0,2,0,차대차 - 측면충돌,신호위반,건조,맑음,교차로 - 교차로안,승용,여,49세,경상,승용,여,57세,경상
2018071200100421,2018년 7월 12일 17시,목요일,경상북도 칠곡군 석적읍,경상사고,0,0,1,0,차대차 - 추돌,안전운전불이행,건조,맑음,기타 - 기타,승용,남,29세,상해없음,승용,여,36세,경상
2018071200100422,2018년 7월 12일 17시,목요일,경상북도 영덕군 영해면,중상사고,0,1,0,0,차대차 - 측면충돌,안전거리미확보,건조,맑음,단일로 - 기타,이륜,남,76세,상해없음,승용,여,58세,상해없음
2018071200100468,2018년 7월 12일 18시,목요일,경상북도 포항시 북구 죽도동,경상사고,0,0,1,0,차대차 - 측면충돌,교차로운행방법위반,건조,맑음,교차로 - 교차로안,화물,남,63세,상해없음,이륜,남,42세,경상
2018071200100469,2018년 7월 12일 18시,목요일,경상북도 경산시 하양읍,중상사고,0,1,0,0,차대차 - 측면충돌,안전거리미확보,건조,맑음,단일로 - 기타,자전거,남,82세,중상,승용,여,57세,상해없음
2018071200100530,2018년 7월 12일 20시,목요일,경상북도 경주시 인왕동,경상사고,0,0,2,0,차대차 - 측면충돌,중앙선침범,건조,맑음,단일로 - 기타,승용,남,53세,경상,승용,남,59세,경상
2018071200100531,2018년 7월 12일 20시,목요일,경상북도 포항시 남구 상도동,경상사고,0,0,1,0,차대차 - 측면충돌,기타,건조,맑음,교차로 - 교차로부근,승용,남,41세,상해없음,승용,남,71세,경상
2018071200100560,2018년 7월 12일 21시,목요일,경상북도 포항시 북구 창포동,경상사고,0,0,1,0,차대사람 - 길가장자리구역통행중,안전운전불이행,건조,맑음,단일로 - 기타,승용,남,67세,상해없음,보행자,여,56세,경상
2018071200100561,2018년 7월 12일 21시,목요일,경상북도 포항시 북구 흥해읍,경상사고,0,0,1,0,차대차 - 측면충돌,안전운전불이행,건조,맑음,교차로 - 교차로부근,승용,남,56세,상해없음,원동기,남,55세,경상
2018071200100603,2018년 7월 12일 23시,목요일,경상북도 안동시 안막동,경상사고,0,0,1,0,차대차 - 측면충돌,중앙선침범,건조,맑음,단일로 - 기타,승용,남,44세,상해없음,승용,남,47세,경상
2018071300100008,2018년 7월 13일 00시,금요일,경상북도 예천군 예천읍,중상사고,0,1,0,0,차대사람 - 차도통행중,안전운전불이행,건조,맑음,교차로 - 교차로안,승용,여,50세,상해없음,보행자,남,48세,중상
2018071300100020,2018년 7월 13일 01시,금요일,경상북도 구미시 원평동,경상사고,0,0,1,0,차대차 - 기타,안전운전불이행,건조,맑음,단일로 - 기타,승용,남,58세,상해없음,승용,남,43세,경상
2018071300100030,2018년 7월 13일 02시,금요일,경상북도 포항시 북구 대흥동,경상사고,0,0,1,1,차대차 - 추돌,안전운전불이행,건조,맑음,단일로 - 기타,기타불명,기타불명,미분류,기타불명,승용,여,39세,경상
2018071300100066,2018년 7월 13일 06시,금요일,경상북도 포항시 북구 흥해읍,경상사고,0,0,2,0,차대차 - 정면충돌,중앙선침범,건조,맑음,단일로 - 기타,승용,남,71세,상해없음,화물,남,62세,경상
2018071300100086,2018년 7월 13일 07시,금요일,경상북도 문경시 호계면,중상사고,0,1,2,0,차대차 - 측면충돌,신호위반,건조,맑음,교차로 - 교차로안,승용,남,62세,경상,화물,남,69세,경상
2018071300100121,2018년 7월 13일 08시,금요일,경상북도 경주시 강동면,경상사고,0,0,1,0,차대차 - 측면충돌,안전운전불이행,건조,맑음,단일로 - 기타,승용,남,27세,상해없음,승용,남,46세,경상
2018071300100122,2018년 7월 13일 08시,금요일,경상북도 포항시 북구 장성동,경상사고,0,0,1,0,차대차 - 기타,안전운전불이행,건조,맑음,교차로 - 교차로안,승용,여,30세,상해없음,승용,남,59세,상해없음
2018071300100123,2018년 7월 13일 08시,금요일,경상북도 상주시 남성동,중상사고,0,1,0,0,차대차 - 측면충돌,교차로운행방법위반,건조,맑음,교차로 - 교차로안,승용,여,44세,기타불명,이륜,여,65세,중상
2018071300100124,2018년 7월 13일 08시,금요일,경상북도 경산시 압량면,경상사고,0,0,1,0,차대차 - 기타,신호위반,건조,맑음,교차로 - 교차로안,승용,남,40세,상해없음,승용,남,37세,경상
2018071300100125,2018년 7월 13일 08시,금요일,경상북도 경산시 자인면,중상사고,0,1,1,0,차대차 - 측면충돌,교차로운행방법위반,건조,맑음,교차로 - 교차로안,승용,남,33세,상해없음,이륜,남,74세,중상
2018071300100126,2018년 7월 13일 08시,금요일,경상북도 구미시 비산동,부상신고사고,0,0,0,1,차대차 - 기타,안전운전불이행,건조,맑음,교차로 - 교차로안,자전거,남,38세,부상신고,승용,남,33세,상해없음
2018071300100127,2018년 7월 13일 08시,금요일,경상북도 포항시 남구 오천읍,경상사고,0,0,2,0,차대차 - 추돌,안전운전불이행,건조,맑음,단일로 - 기타,승용,여,40세,상해없음,승용,여,38세,상해없음
2018071300100174,2018년 7월 13일 09시,금요일,경상북도 칠곡군 왜관읍,중상사고,0,1,0,0,차대차 - 측면충돌,안전운전불이행,건조,맑음,교차로 - 교차로부근,승용,남,67세,상해없음,자전거,여,42세,중상
2018071300100203,2018년 7월 13일 10시,금요일,경상북도 김천시 개령면,중상사고,0,1,0,0,차대차 - 측면충돌,안전운전불이행,건조,맑음,단일로 - 기타,화물,남,63세,상해없음,이륜,남,63세,중상
2018071300100204,2018년 7월 13일 10시,금요일,경상북도 상주시 남성동,중상사고,0,1,0,0,차대차 - 측면충돌,안전운전불이행,건조,맑음,단일로 - 기타,승용,남,64세,상해없음,자전거,여,82세,중상
2018071300100206,2018년 7월 13일 10시,금요일,경상북도 경산시 진량읍,중상사고,0,1,0,0,차대차 - 측면충돌,중앙선침범,건조,맑음,단일로 - 기타,화물,남,76세,상해없음,이륜,여,47세,중상
2018071300100231,2018년 7월 13일 11시,금요일,경상북도 예천군 예천읍,중상사고,0,1,0,0,차대차 - 측면충돌,안전거리미확보,건조,맑음,단일로 - 기타,이륜,남,69세,중상,승합,남,22세,상해없음
2018071300100232,2018년 7월 13일 11시,금요일,경상북도 울진군 기성면,경상사고,0,0,2,0,차대차 - 추돌,기타,건조,맑음,단일로 - 기타,화물,남,60세,상해없음,승용,남,78세,상해없음
2018071300100258,2018년 7월 13일 12시,금요일,경상북도 영양군 영양읍,경상사고,0,0,1,0,차대차 - 측면충돌,안전운전불이행,건조,맑음,교차로 - 교차로안,승용,남,39세,상해없음,화물,남,69세,경상
2018071300100286,2018년 7월 13일 13시,금요일,경상북도 포항시 북구 우현동,중상사고,0,1,1,0,차대차 - 추돌,안전거리미확보,건조,맑음,단일로 - 기타,승용,여,69세,상해없음,승용,남,47세,경상
2018071300100287,2018년 7월 13일 13시,금요일,경상북도 봉화군 소천면,중상사고,0,4,0,0,차대차 - 추돌,안전운전불이행,건조,맑음,단일로 - 기타,승용,남,83세,중상,승용,남,38세,상해없음
2018071300100288,2018년 7월 13일 13시,금요일,경상북도 구미시 고아읍,경상사고,0,0,1,0,차대차 - 기타,신호위반,건조,맑음,교차로 - 교차로횡단보도내,승용,여,53세,상해없음,자전거,남,63세,경상
2018071300100305,2018년 7월 13일 14시,금요일,경상북도 포항시 북구 죽도동,경상사고,0,0,1,0,차대차 - 측면충돌,중앙선침범,건조,맑음,단일로 - 기타,승용,여,51세,상해없음,이륜,남,25세,경상
2018071300100335,2018년 7월 13일 15시,금요일,경상북도 경주시 마동,경상사고,0,0,2,0,차대차 - 측면충돌,안전운전불이행,건조,맑음,단일로 - 기타,승용,여,31세,경상,승용,남,25세,경상
2018071300100336,2018년 7월 13일 15시,금요일,경상북도 경주시 외동읍,경상사고,0,0,1,0,차량단독 - 공작물충돌,안전운전불이행,건조,맑음,단일로 - 기타,이륜,남,70세,경상,,,,
2018071300100337,2018년 7월 13일 15시,금요일,경상북도 경산시 하양읍,경상사고,0,0,2,0,차대차 - 측면충돌,직진우회전진행방해,건조,맑음,교차로 - 교차로부근,사륜오토바이(ATV),남,48세,경상,승용,남,67세,경상
2018071300100338,2018년 7월 13일 15시,금요일,경상북도 영덕군 남정면,중상사고,0,1,0,0,차량단독 - 기타,안전운전불이행,건조,맑음,단일로 - 기타,이륜,남,57세,중상,,,,
2018071300100339,2018년 7월 13일 15시,금요일,경상북도 영덕군 강구면,경상사고,0,0,1,0,차대차 - 측면충돌,교차로운행방법위반,건조,맑음,교차로 - 교차로안,승합,남,57세,상해없음,승용,여,58세,경상
2018071300100371,2018년 7월 13일 16시,금요일,경상북도 김천시 모암동,경상사고,0,0,1,0,차대차 - 측면충돌,안전운전불이행,건조,맑음,단일로 - 기타,승용,남,68세,상해없음,승용,남,40세,경상
2018071300100372,2018년 7월 13일 16시,금요일,경상북도 문경시 흥덕동,경상사고,0,0,1,0,차대차 - 측면충돌,안전운전불이행,건조,맑음,단일로 - 기타,승용,여,73세,상해없음,자전거,남,14세,경상
2018071300100373,2018년 7월 13일 16시,금요일,경상북도 경산시 정평동,경상사고,0,0,1,0,차대차 - 측면충돌,안전운전불이행,건조,맑음,단일로 - 기타,화물,남,26세,상해없음,승용,여,22세,경상