사고번호,사고일시,요일,시군구,사고내용,사망자수,중상자수,경상자수,부상신고자수,사고유형,법규위반,노면상태,기상상태,도로형태,가해운전자 차종,가해운전자 성별,가해운전자 연령,가해운전자 상해정도,피해운전자 차종,피해운전자 성별,피해운전자 연령,피해운전자 상해정도
2018072100100442,2018년 7월 21일 17시,토요일,경상북도 구미시 남통동,부상신고사고,0,0,0,1,차대차 - 기타,안전운전불이행,건조,맑음,단일로 - 기타,자전거,남,47세,부상신고,승용,남,54세,상해없음
2018072100100443,2018년 7월 21일 17시,토요일,경상북도 포항시 남구 동해면,부상신고사고,0,0,0,2,차대차 - 기타,안전운전불이행,건조,맑음,단일로 - 기타,승용,남,63세,부상신고,이륜,남,47세,부상신고
2018072100100444,2018년 7월 21일 17시,토요일,경상북도 포항시 남구 해도동,경상사고,0,0,1,0,차대차 - 측면충돌,안전운전불이행,건조,맑음,교차로 - 교차로부근,자전거,남,73세,경상,승용,남,43세,상해없음
2018072100100512,2018년 7월 21일 19시,토요일,경상북도 영천시 조교동,경상사고,0,0,3,0,차대차 - 측면충돌,신호위반,건조,맑음,교차로 - 교차로안,승용,남,46세,상해없음,승용,남,37세,경상
2018072100100542,2018년 7월 21일 20시,토요일,경상북도 안동시 태화동,사망사고,1,0,0,0,차대차 - 추돌,안전운전불이행,건조,맑음,교차로 - 교차로부근,원동기,남,23세,상해없음,원동기,남,70세,사망
2018072100100543,2018년 7월 21일 20시,토요일,경상북도 포항시 남구 오천읍,중상사고,0,1,0,0,차대차 - 기타,안전운전불이행,건조,맑음,단일로 - 기타,승용,여,28세,상해없음,승용,여,44세,중상
2018072100100573,2018년 7월 21일 21시,토요일,경상북도 안동시 북문동,경상사고,0,0,2,0,차대차 - 후진중충돌,안전운전불이행,건조,맑음,단일로 - 기타,승용,남,48세,상해없음,승용,여,50세,경상
2018072100100574,2018년 7월 21일 21시,토요일,경상북도 구미시 송정동,경상사고,0,0,3,0,차대차 - 추돌,안전거리미확보,건조,맑음,단일로 - 기타,승합,남,60세,상해없음,승용,남,52세,경상
2018072100100600,2018년 7월 21일 22시,토요일,경상북도 의성군 가음면,경상사고,0,0,1,0,차대차 - 측면충돌,교차로운행방법위반,건조,맑음,교차로 - 교차로안,승용,남,71세,상해없음,승용,남,48세,경상
2018072100100601,2018년 7월 21일 22시,토요일,경상북도 칠곡군 왜관읍,부상신고사고,0,0,0,1,차대차 - 측면충돌,안전운전불이행,건조,맑음,단일로 - 기타,승용,남,66세,부상신고,화물,남,37세,기타불명
2018072100100623,2018년 7월 21일 23시,토요일,경상북도 포항시 북구 흥해읍,중상사고,0,1,0,0,차대차 - 측면충돌,과속,건조,맑음,교차로 - 교차로안,승용,남,28세,상해없음,자전거,남,19세,중상
2018072100100624,2018년 7월 21일 23시,토요일,경상북도 영덕군 강구면,경상사고,0,0,1,0,차대차 - 정면충돌,중앙선침범,건조,맑음,단일로 - 기타,승용,남,60세,상해없음,승용,남,32세,경상
2018072100100625,2018년 7월 21일 23시,토요일,경상북도 성주군 가천면,중상사고,0,1,0,0,차대사람 - 기타,안전운전불이행,건조,맑음,단일로 - 기타,승용,여,63세,상해없음,보행자,남,49세,중상
2018072200100026,2018년 7월 22일 01시,일요일,경상북도 영덕군 병곡면,경상사고,0,0,1,0,차대차 - 측면충돌,안전운전불이행,건조,맑음,단일로 - 기타,승용,남,38세,상해없음,화물,남,42세,경상
2018072200100078,2018년 7월 22일 06시,일요일,경상북도 칠곡군 동명면,중상사고,0,1,0,0,차대차 - 측면충돌,안전운전불이행,건조,맑음,단일로 - 기타,화물,남,65세,상해없음,이륜,남,35세,중상
2018072200100089,2018년 7월 22일 07시,일요일,경상북도 칠곡군 왜관읍,경상사고,0,0,1,1,차대차 - 측면충돌,안전운전불이행,건조,맑음,교차로 - 교차로부근,승용,남,55세,부상신고,승용,남,37세,경상
2018072200100090,2018년 7월 22일 07시,일요일,경상북도 군위군 부계면,중상사고,0,1,1,0,차대차 - 측면충돌,신호위반,건조,맑음,교차로 - 교차로안,이륜,남,59세,중상,승용,여,66세,경상
2018072200100105,2018년 7월 22일 08시,일요일,경상북도 경주시 건천읍,중상사고,0,1,0,0,차대차 - 측면충돌,안전운전불이행,건조,맑음,단일로 - 지하차도(도로)내,이륜,남,45세,상해없음,자전거,남,62세,중상
2018072200100106,2018년 7월 22일 08시,일요일,경상북도 상주시 만산동,경상사고,0,0,1,0,차대차 - 측면충돌,안전거리미확보,건조,맑음,단일로 - 기타,승용,남,76세,기타불명,승용,남,48세,경상
2018072200100124,2018년 7월 22일 09시,일요일,경상북도 경주시 건천읍,중상사고,0,1,1,0,차대차 - 측면충돌,안전운전불이행,건조,맑음,교차로 - 교차로안,승용,여,55세,상해없음,승용,여,60세,경상
2018072200100137,2018년 7월 22일 10시,일요일,경상북도 구미시 옥계동,경상사고,0,0,2,0,차대차 - 추돌,안전운전불이행,건조,맑음,교차로 - 교차로부근,승용,남,36세,상해없음,승용,남,25세,경상
2018072200100138,2018년 7월 22일 10시,일요일,경상북도 포항시 남구 상도동,경상사고,0,0,1,0,차대차 - 추돌,안전운전불이행,건조,맑음,교차로 - 교차로부근,승용,남,32세,상해없음,승용,여,51세,경상
2018072200100162,2018년 7월 22일 11시,일요일,경상북도 경주시 강동면,중상사고,0,1,1,0,차대차 - 측면충돌,신호위반,건조,맑음,교차로 - 교차로안,승용,남,49세,상해없음,승용,여,49세,중상
2018072200100163,2018년 7월 22일 11시,일요일,경상북도 포항시 북구 남빈동,중상사고,0,1,1,0,차대차 - 기타,안전운전불이행,건조,맑음,단일로 - 기타,승용,여,52세,상해없음,승용,남,27세,중상
2018072200100164,2018년 7월 22일 11시,일요일,경상북도 상주시 부원동,중상사고,0,1,0,0,차대차 - 측면충돌,안전운전불이행,건조,맑음,단일로 - 기타,승용,여,73세,상해없음,자전거,남,70세,중상
2018072200100165,2018년 7월 22일 11시,일요일,경상북도 영천시 야사동,경상사고,0,0,1,0,차대사람 - 보도통행중,안전운전불이행,건조,맑음,단일로 - 기타,승합,남,48세,상해없음,보행자,여,63세,경상
2018072200100166,2018년 7월 22일 11시,일요일,경상북도 문경시 산양면,중상사고,0,1,2,0,차대차 - 추돌,안전운전불이행,건조,맑음,교차로 - 교차로안,화물,남,65세,중상,화물,남,61세,상해없음
2018072200100167,2018년 7월 22일 11시,일요일,경상북도 봉화군 소천면,경상사고,0,0,3,0,차대차 - 측면충돌,안전운전불이행,건조,맑음,단일로 - 기타,화물,남,51세,상해없음,승용,남,37세,경상
2018072200100168,2018년 7월 22일 11시,일요일,경상북도 구미시 송정동,경상사고,0,0,2,0,차대차 - 측면충돌,신호위반,건조,맑음,교차로 - 교차로안,승합,남,60세,상해없음,승용,남,46세,경상
2018072200100189,2018년 7월 22일 12시,일요일,경상북도 경주시 인왕동,경상사고,0,0,1,0,차량단독 - 기타,안전운전불이행,건조,맑음,교차로 - 교차로부근,승합,남,34세,상해없음,,,,
2018072200100190,2018년 7월 22일 12시,일요일,경상북도 포항시 북구 양덕동,경상사고,0,0,1,0,차대차 - 측면충돌,차로위반,건조,맑음,교차로 - 교차로부근,승용,여,36세,상해없음,승용,남,36세,경상
2018072200100228,2018년 7월 22일 13시,일요일,경상북도 포항시 북구 흥해읍,경상사고,0,0,1,0,차대차 - 추돌,안전운전불이행,건조,맑음,단일로 - 기타,승용,남,53세,상해없음,승용,남,28세,경상
2018072200100257,2018년 7월 22일 14시,일요일,경상북도 포항시 북구 흥해읍,경상사고,0,0,3,0,차대차 - 추돌,안전거리미확보,건조,맑음,단일로 - 기타,승용,남,39세,상해없음,승용,여,34세,경상
2018072200100258,2018년 7월 22일 14시,일요일,경상북도 구미시 진평동,경상사고,0,0,1,0,차대차 - 기타,안전운전불이행,건조,맑음,단일로 - 기타,승용,남,39세,상해없음,승용,남,29세,경상
2018072200100294,2018년 7월 22일 15시,일요일,경상북도 경주시 감포읍,중상사고,0,1,0,0,차대차 - 측면충돌,안전운전불이행,건조,맑음,교차로 - 교차로안,승용,여,55세,상해없음,승합,남,75세,상해없음
2018072200100295,2018년 7월 22일 15시,일요일,경상북도 구미시 송정동,경상사고,0,0,1,0,차대차 - 추돌,안전운전불이행,건조,맑음,교차로 - 교차로부근,승용,여,33세,상해없음,승용,여,53세,경상
2018072200100312,2018년 7월 22일 16시,일요일,경상북도 경주시 인왕동,경상사고,0,0,3,0,차대차 - 측면충돌,안전운전불이행,건조,맑음,교차로 - 교차로부근,승합,남,64세,상해없음,승용,남,43세,경상
2018072200100313,2018년 7월 22일 16시,일요일,경상북도 성주군 선남면,경상사고,0,0,4,0,차대차 - 추돌,안전운전불이행,건조,맑음,단일로 - 기타,승용,남,56세,상해없음,화물,남,53세,경상
2018072200100314,2018년 7월 22일 16시,일요일,경상북도 구미시 진평동,경상사고,0,0,1,0,차대차 - 기타,안전운전불이행,건조,맑음,교차로 - 교차로안,승용,남,34세,상해없음,이륜,남,40세,경상
2018072200100315,2018년 7월 22일 16시,일요일,경상북도 구미시 도개면,경상사고,0,0,1,0,차대차 - 기타,안전운전불이행,건조,맑음,단일로 - 기타,화물,남,49세,상해없음,승용,남,29세,경상
2018072200100351,2018년 7월 22일 17시,일요일,경상북도 경주시 용강동,경상사고,0,0,1,0,차대차 - 측면충돌,안전운전불이행,건조,맑음,단일로 - 기타,승용,남,52세,상해없음,승용,남,25세,상해없음
2018072200100352,2018년 7월 22일 17시,일요일,경상북도 포항시 북구 장성동,경상사고,0,0,1,0,차대차 - 후진중충돌,안전운전불이행,건조,맑음,단일로 - 기타,승용,남,72세,상해없음,승용,남,63세,경상
2018072200100353,2018년 7월 22일 17시,일요일,경상북도 김천시 지례면,중상사고,0,5,0,0,차량단독 - 공작물충돌,안전운전불이행,건조,맑음,교차로 - 교차로안,승용,여,62세,중상,,,,
2018072200100378,2018년 7월 22일 18시,일요일,경상북도 포항시 북구 흥해읍,경상사고,0,0,2,0,차대차 - 측면충돌,중앙선침범,건조,맑음,단일로 - 기타,화물,남,36세,상해없음,승용,남,72세,경상
2018072200100411,2018년 7월 22일 19시,일요일,경상북도 포항시 북구 양덕동,중상사고,0,1,1,0,차대사람 - 횡단중,보행자보호의무위반,건조,맑음,교차로 - 교차로안,승용,여,31세,상해없음,보행자,남,54세,중상
2018072200100412,2018년 7월 22일 19시,일요일,경상북도 안동시 임하면,중상사고,0,1,0,0,차대사람 - 횡단중,안전운전불이행,건조,맑음,단일로 - 기타,승용,남,71세,상해없음,보행자,남,17세,중상
2018072200100413,2018년 7월 22일 19시,일요일,경상북도 경산시 정평동,중상사고,0,1,0,0,차대사람 - 차도통행중,기타,건조,맑음,단일로 - 기타,승용,남,62세,상해없음,보행자,여,66세,중상
2018072200100414,2018년 7월 22일 19시,일요일,경상북도 구미시 도량동,경상사고,0,0,1,0,차대차 - 측면충돌,교차로운행방법위반,건조,맑음,교차로 - 교차로안,승용,여,53세,상해없음,승용,여,44세,경상
2018072200100442,2018년 7월 22일 20시,일요일,경상북도 청도군 운문면,경상사고,0,0,2,0,차대차 - 추돌,안전운전불이행,건조,맑음,단일로 - 기타,승용,여,67세,경상,승용,여,46세,경상
2018072200100470,2018년 7월 22일 21시,일요일,경상북도 상주시 성하동,중상사고,0,1,0,0,차대차 - 측면충돌,안전운전불이행,건조,맑음,단일로 - 기타,승용,여,68세,상해없음,자전거,여,81세,중상
2018072200100471,2018년 7월 22일 21시,일요일,경상북도 구미시 임수동,경상사고,0,0,1,0,차대사람 - 기타,안전운전불이행,건조,맑음,주차장 - 주차장,승용,남,25세,상해없음,보행자,여,26세,경상
2018072200100500,2018년 7월 22일 22시,일요일,경상북도 포항시 남구 해도동,경상사고,0,0,1,0,차대차 - 측면충돌,안전운전불이행,건조,맑음,단일로 - 기타,승용,여,53세,상해없음,승용,여,42세,경상
2018072300100007,2018년 7월 23일 00시,월요일,경상북도 포항시 북구 죽도동,경상사고,0,0,1,0,차대차 - 추돌,안전운전불이행,건조,맑음,단일로 - 기타,승용,남,24세,상해없음,승용,남,67세,경상
2018072300100029,2018년 7월 23일 03시,월요일,경상북도 포항시 북구 항구동,경상사고,0,0,4,0,차대차 - 기타,중앙선침범,건조,맑음,단일로 - 기타,화물,남,68세,상해없음,승용,남,19세,경상
2018072300100038,2018년 7월 23일 04시,월요일,경상북도 김천시 덕곡동,중상사고,0,1,0,0,차대차 - 추돌,안전운전불이행,건조,맑음,기타 - 기타,승용,남,77세,상해없음,농기계,남,64세,중상
2018072300100076,2018년 7월 23일 07시,월요일,경상북도 상주시 낙상동,중상사고,0,1,0,0,차대차 - 측면충돌,안전운전불이행,건조,맑음,단일로 - 기타,이륜,남,69세,중상,화물,남,51세,상해없음
2018072300100077,2018년 7월 23일 07시,월요일,경상북도 구미시 신평동,경상사고,0,0,1,0,차대차 - 측면충돌,교차로운행방법위반,건조,맑음,교차로 - 교차로안,승용,여,41세,상해없음,승용,남,48세,경상
2018072300100116,2018년 7월 23일 08시,월요일,경상북도 영천시 화룡동,부상신고사고,0,0,0,1,차량단독 - 전도전복 - 전도,안전운전불이행,건조,맑음,단일로 - 기타,이륜,남,82세,부상신고,미분류,미분류,미분류,미분류
2018072300100117,2018년 7월 23일 08시,월요일,경상북도 영천시 완산동,중상사고,0,1,0,0,차대차 - 측면충돌,안전운전불이행,건조,맑음,교차로 - 교차로안,승용,남,31세,상해없음,자전거,남,17세,중상
2018072300100118,2018년 7월 23일 08시,월요일,경상북도 경산시 하양읍,중상사고,0,1,0,0,차대차 - 측면충돌,직진우회전진행방해,건조,맑음,교차로 - 교차로안,화물,남,56세,상해없음,화물,남,30세,중상
2018072300100119,2018년 7월 23일 08시,월요일,경상북도 경산시 조영동,경상사고,0,0,2,0,차대차 - 측면충돌,교차로운행방법위반,건조,맑음,교차로 - 교차로안,승용,여,19세,상해없음,승용,여,31세,경상
2018072300100150,2018년 7월 23일 09시,월요일,경상북도 포항시 북구 죽도동,경상사고,0,0,1,0,차대차 - 기타,안전운전불이행,건조,맑음,단일로 - 기타,특수,남,51세,상해없음,승용,남,59세,상해없음
2018072300100151,2018년 7월 23일 09시,월요일,경상북도 포항시 북구 흥해읍,중상사고,0,1,0,0,차대차 - 측면충돌,안전운전불이행,건조,맑음,단일로 - 기타,건설기계,남,56세,상해없음,화물,남,63세,중상
2018072300100152,2018년 7월 23일 09시,월요일,경상북도 칠곡군 왜관읍,부상신고사고,0,0,0,1,차대차 - 추돌,안전운전불이행,건조,맑음,단일로 - 기타,화물,남,54세,상해없음,화물,남,37세,부상신고
2018072300100153,2018년 7월 23일 09시,월요일,경상북도 예천군 예천읍,경상사고,0,0,1,0,차대차 - 측면충돌,안전운전불이행,건조,맑음,교차로 - 교차로부근,승용,남,28세,상해없음,자전거,남,78세,경상
2018072300100154,2018년 7월 23일 09시,월요일,경상북도 성주군 선남면,중상사고,0,1,1,0,차대차 - 측면충돌,안전운전불이행,건조,맑음,교차로 - 교차로안,승용,남,46세,경상,승용,여,35세,중상
2018072300100155,2018년 7월 23일 09시,월요일,경상북도 군위군 군위읍,경상사고,0,0,1,0,차대차 - 측면충돌,직진우회전진행방해,건조,맑음,교차로 - 교차로안,화물,남,64세,상해없음,화물,남,68세,경상
2018072300100185,2018년 7월 23일 10시,월요일,경상북도 구미시 구포동,경상사고,0,0,1,0,차대차 - 후진중충돌,안전운전불이행,건조,맑음,기타 - 기타,승용,남,55세,상해없음,승용,여,32세,경상
2018072300100186,2018년 7월 23일 10시,월요일,경상북도 성주군 성주읍,사망사고,1,0,0,0,차량단독 - 공작물충돌,안전운전불이행,건조,맑음,단일로 - 기타,화물,남,50세,사망,,,,
2018072300100221,2018년 7월 23일 11시,월요일,경상북도 경산시 진량읍,경상사고,0,0,2,0,차대차 - 측면충돌,중앙선침범,건조,맑음,교차로 - 교차로부근,승용,여,36세,상해없음,승용,남,87세,경상
2018072300100245,2018년 7월 23일 12시,월요일,경상북도 포항시 북구 기계면,경상사고,0,0,1,0,차대차 - 측면충돌,안전운전불이행,건조,맑음,단일로 - 기타,이륜,여,31세,경상,화물,남,45세,상해없음
2018072300100246,2018년 7월 23일 12시,월요일,경상북도 영천시 신령면,경상사고,0,0,2,0,차대차 - 측면충돌,직진우회전진행방해,건조,맑음,교차로 - 교차로안,화물,남,43세,경상,화물,남,41세,경상
2018072300100247,2018년 7월 23일 12시,월요일,경상북도 경산시 백천동,경상사고,0,0,1,0,차대차 - 측면충돌,안전운전불이행,건조,맑음,교차로 - 교차로안,승용,남,25세,상해없음,화물,남,57세,경상
2018072300100280,2018년 7월 23일 13시,월요일,경상북도 칠곡군 가산면,사망사고,1,0,0,0,차량단독 - 공작물충돌,안전운전불이행,건조,맑음,단일로 - 기타,승용,남,60세,사망,,,,
2018072300100281,2018년 7월 23일 13시,월요일,경상북도 경산시 압량면,중상사고,0,1,1,0,차대차 - 측면충돌,신호위반,건조,맑음,교차로 - 교차로안,승용,남,66세,상해없음,이륜,남,24세,중상
2018072300100316,2018년 7월 23일 14시,월요일,경상북도 김천시 대항면,경상사고,0,0,1,0,차량단독 - 전도전복 - 전도,안전운전불이행,건조,맑음,단일로 - 기타,이륜,남,50세,경상,미분류,미분류,미분류,미분류
2018072300100317,2018년 7월 23일 14시,월요일,경상북도 영천시 오수동,중상사고,0,2,4,0,차대차 - 측면충돌,신호위반,건조,맑음,교차로 - 교차로안,승용,남,31세,경상,승용,남,50세,경상
2018072300100318,2018년 7월 23일 14시,월요일,경상북도 구미시 진평동,중상사고,0,1,0,1,차대차 - 측면충돌,안전운전불이행,건조,맑음,단일로 - 교량,승용,여,52세,상해없음,승용,여,46세,중상
2018072300100353,2018년 7월 23일 15시,월요일,경상북도 영천시 청통면,경상사고,0,0,1,0,차대차 - 측면충돌,안전운전불이행,건조,맑음,단일로 - 기타,승용,남,43세,상해없음,이륜,남,72세,경상
2018072300100354,2018년 7월 23일 15시,월요일,경상북도 울진군 울진읍,중상사고,0,1,0,0,차대사람 - 횡단중,보행자보호의무위반,건조,맑음,단일로 - 기타,승용,여,57세,상해없음,보행자,여,10세,중상
2018072300100392,2018년 7월 23일 16시,월요일,경상북도 포항시 북구 죽도동,경상사고,0,0,3,0,차대차 - 측면충돌,교차로운행방법위반,건조,맑음,교차로 - 교차로안,승용,여,60세,상해없음,승용,남,30세,경상
2018072300100393,2018년 7월 23일 16시,월요일,경상북도 칠곡군 약목면,경상사고,0,0,2,0,차대차 - 측면충돌,중앙선침범,건조,맑음,단일로 - 기타,승용,남,73세,상해없음,승용,여,48세,경상
2018072300100394,2018년 7월 23일 16시,월요일,경상북도 영천시 대창면,중상사고,0,1,2,0,차대차 - 측면충돌,안전운전불이행,건조,맑음,단일로 - 기타,승용,남,68세,경상,화물,여,65세,경상
2018072300100395,2018년 7월 23일 16시,월요일,경상북도 경산시 갑제동,경상사고,0,0,1,0,차대차 - 추돌,안전거리미확보,건조,맑음,교차로 - 교차로안,승용,남,22세,상해없음,승용,남,55세,경상
2018072300100434,2018년 7월 23일 17시,월요일,경상북도 포항시 북구 남빈동,경상사고,0,0,1,0,차대차 - 측면충돌,안전운전불이행,건조,맑음,교차로 - 교차로부근,승용,남,68세,상해없음,승용,남,64세,상해없음
2018072300100435,2018년 7월 23일 17시,월요일,경상북도 예천군 풍양면,중상사고,0,1,1,0,차대차 - 정면충돌,안전운전불이행,건조,맑음,단일로 - 기타,승용,여,71세,중상,승용,여,57세,경상
2018072300100528,2018년 7월 23일 19시,월요일,경상북도 경산시 진량읍,경상사고,0,0,1,0,차대차 - 측면충돌,신호위반,건조,맑음,교차로 - 교차로부근,승용,여,43세,상해없음,승용,남,24세,경상
2018072300100554,2018년 7월 23일 20시,월요일,경상북도 김천시 개령면,중상사고,0,1,0,0,차대차 - 추돌,안전운전불이행,건조,맑음,기타 - 기타,승용,여,48세,상해없음,농기계,남,66세,중상
2018072300100555,2018년 7월 23일 20시,월요일,경상북도 구미시 임은동,경상사고,0,0,2,0,차대차 - 기타,교차로운행방법위반,건조,맑음,교차로 - 교차로안,승용,남,51세,경상,승용,남,57세,경상
2018072400100008,2018년 7월 24일 00시,화요일,경상북도 경산시 압량면,경상사고,0,0,2,0,차대차 - 측면충돌,교차로운행방법위반,건조,맑음,교차로 - 교차로안,승용,남,44세,상해없음,승용,남,26세,경상
2018072400100085,2018년 7월 24일 07시,화요일,경상북도 영주시 휴천동,경상사고,0,0,2,0,차대사람 - 길가장자리구역통행중,안전운전불이행,건조,맑음,교차로 - 교차로안,승용,남,36세,경상,보행자,여,38세,경상
2018072400100086,2018년 7월 24일 07시,화요일,경상북도 경산시 진량읍,경상사고,0,0,1,0,차대차 - 측면충돌,안전운전불이행,건조,맑음,단일로 - 기타,승용,여,23세,상해없음,이륜,남,59세,경상
2018072400100121,2018년 7월 24일 08시,화요일,경상북도 경주시 성동동,중상사고,0,2,0,0,차대차 - 측면충돌,중앙선침범,건조,맑음,교차로 - 교차로안,승용,남,47세,상해없음,이륜,남,71세,중상
2018072400100122,2018년 7월 24일 08시,화요일,경상북도 경산시 압량면,경상사고,0,0,1,0,차대차 - 측면충돌,교차로운행방법위반,건조,맑음,교차로 - 교차로부근,승용,여,51세,상해없음,승용,여,58세,경상
2018072400100123,2018년 7월 24일 08시,화요일,경상북도 성주군 가천면,중상사고,0,1,0,0,차량단독 - 도로외이탈 - 추락,안전운전불이행,건조,맑음,단일로 - 기타,화물,남,57세,중상,,,,
2018072400100125,2018년 7월 24일 08시,화요일,경상북도 영양군 일월면,중상사고,0,1,0,0,차대차 - 측면충돌,안전운전불이행,건조,맑음,단일로 - 기타,이륜,남,78세,중상,화물,남,58세,상해없음
2018072400100176,2018년 7월 24일 09시,화요일,경상북도 김천시 용두동,중상사고,0,1,0,0,차대사람 - 차도통행중,안전운전불이행,건조,맑음,교차로 - 교차로부근,승용,여,49세,상해없음,보행자,여,81세,중상
2018072400100177,2018년 7월 24일 09시,화요일,경상북도 칠곡군 가산면,중상사고,0,2,0,1,차대차 - 기타,안전운전불이행,건조,맑음,단일로 - 기타,승용,남,79세,부상신고,승용,남,71세,중상
2018072400100212,2018년 7월 24일 10시,화요일,경상북도 경주시 북군동,경상사고,0,0,1,0,차대차 - 측면충돌,신호위반,건조,맑음,교차로 - 교차로안,승용,남,37세,상해없음,승용,남,31세,경상
2018072400100213,2018년 7월 24일 10시,화요일,경상북도 포항시 북구 신흥동,중상사고,0,1,0,0,차대사람 - 기타,안전운전불이행,건조,맑음,단일로 - 기타,승용,여,39세,상해없음,보행자,남,25세,중상
2018072400100214,2018년 7월 24일 10시,화요일,경상북도 포항시 북구 장성동,경상사고,0,0,1,0,차대차 - 측면충돌,안전운전불이행,건조,맑음,교차로 - 교차로안,화물,남,48세,상해없음,승용,남,27세,경상
2018072400100215,2018년 7월 24일 10시,화요일,경상북도 영주시 하망동,경상사고,0,0,1,0,차대차 - 측면충돌,안전운전불이행,건조,맑음,교차로 - 교차로안,화물,남,40세,상해없음,화물,남,49세,경상
2018072400100250,2018년 7월 24일 11시,화요일,경상북도 칠곡군 왜관읍,경상사고,0,0,1,1,차대차 - 측면충돌,안전운전불이행,건조,맑음,교차로 - 교차로안,화물,남,76세,부상신고,승용,남,23세,경상
2018072400100278,2018년 7월 24일 12시,화요일,경상북도 고령군 운수면,경상사고,0,0,1,0,차대차 - 측면충돌,안전운전불이행,건조,맑음,단일로 - 기타,화물,남,42세,상해없음,이륜,남,57세,경상
2018072400100310,2018년 7월 24일 13시,화요일,경상북도 김천시 율곡동,중상사고,0,1,0,0,차대사람 - 횡단중,안전운전불이행,건조,맑음,교차로 - 교차로안,승용,여,36세,상해없음,보행자,남,68세,중상
2018072400100311,2018년 7월 24일 13시,화요일,경상북도 상주시 낙동면,경상사고,0,0,3,0,차대차 - 측면충돌,교차로운행방법위반,건조,맑음,교차로 - 교차로안,승용,여,43세,경상,건설기계,남,66세,상해없음
2018072400100312,2018년 7월 24일 13시,화요일,경상북도 구미시 고아읍,중상사고,0,1,1,0,차량단독 - 도로외이탈 - 추락,안전운전불이행,건조,맑음,교차로 - 교차로부근,화물,남,51세,경상,,,,
2018072400100313,2018년 7월 24일 13시,화요일,경상북도 구미시 임수동,사망사고,1,0,0,0,차대차 - 측면충돌,안전운전불이행,건조,맑음,교차로 - 교차로부근,화물,남,45세,상해없음,이륜,남,75세,사망
2018072400100314,2018년 7월 24일 13시,화요일,경상북도 포항시 남구 송도동,경상사고,0,0,1,0,차대사람 - 횡단중,보행자보호의무위반,건조,맑음,교차로 - 교차로횡단보도내,이륜,남,64세,상해없음,보행자,남,7세,경상
2018072400100315,2018년 7월 24일 13시,화요일,경상북도 구미시 선산읍,사망사고,1,1,2,0,차대차 - 추돌,안전운전불이행,건조,맑음,단일로 - 기타,화물,남,42세,상해없음,화물,남,69세,상해없음
2018072400100357,2018년 7월 24일 14시,화요일,경상북도 김천시 봉산면,중상사고,0,1,0,0,차대사람 - 길가장자리구역통행중,안전운전불이행,건조,맑음,단일로 - 터널,화물,남,58세,상해없음,보행자,여,63세,중상
2018072400100399,2018년 7월 24일 15시,화요일,경상북도 경산시 삼북동,경상사고,0,0,2,0,차대차 - 측면충돌,안전운전불이행,건조,맑음,단일로 - 기타,승용,남,23세,상해없음,승용,여,46세,경상
2018072400100400,2018년 7월 24일 15시,화요일,경상북도 영덕군 강구면,경상사고,0,0,1,1,차대차 - 측면충돌,안전운전불이행,건조,맑음,단일로 - 기타,승용,여,47세,부상신고,승용,여,50세,경상
2018072400100432,2018년 7월 24일 16시,화요일,경상북도 영주시 가흥동,경상사고,0,0,1,0,차대차 - 측면충돌,안전운전불이행,건조,맑음,단일로 - 기타,승용,여,63세,상해없음,이륜,남,26세,경상
2018072400100433,2018년 7월 24일 16시,화요일,경상북도 영천시 금호읍,경상사고,0,0,1,0,차대차 - 기타,안전운전불이행,건조,맑음,기타 - 기타,화물,여,60세,상해없음,화물,남,49세,경상
2018072400100434,2018년 7월 24일 16시,화요일,경상북도 상주시 내서면,중상사고,0,1,2,0,차대차 - 추돌,안전운전불이행,건조,맑음,단일로 - 터널,특수,남,60세,상해없음,화물,남,53세,경상
2018072400100525,2018년 7월 24일 18시,화요일,경상북도 구미시 원평동,경상사고,0,0,1,0,차대차 - 추돌,안전운전불이행,건조,맑음,단일로 - 기타,승용,남,47세,기타불명,승용,남,29세,경상
2018072400100526,2018년 7월 24일 18시,화요일,경상북도 구미시 형곡동,경상사고,0,0,1,0,차대차 - 후진중충돌,안전운전불이행,건조,맑음,교차로 - 교차로부근,승용,남,32세,상해없음,승용,여,34세,경상
2018072400100565,2018년 7월 24일 19시,화요일,경상북도 포항시 북구 두호동,중상사고,0,1,0,0,차대사람 - 길가장자리구역통행중,안전운전불이행,건조,맑음,단일로 - 기타,승용,여,34세,상해없음,보행자,남,37세,중상
2018072400100566,2018년 7월 24일 19시,화요일,경상북도 포항시 북구 양덕동,경상사고,0,0,1,0,차대사람 - 기타,안전운전불이행,건조,맑음,교차로 - 교차로안,승용,여,58세,상해없음,보행자,남,11세,경상
2018072400100567,2018년 7월 24일 19시,화요일,경상북도 포항시 남구 오천읍,경상사고,0,0,2,0,차대차 - 측면충돌,안전운전불이행,건조,맑음,교차로 - 교차로안,승용,남,48세,상해없음,승용,남,29세,경상
2018072400100601,2018년 7월 24일 20시,화요일,경상북도 영주시 가흥동,중상사고,0,1,0,0,차대차 - 측면충돌,안전운전불이행,건조,맑음,단일로 - 기타,승용,남,45세,상해없음,이륜,남,40세,중상
2018072400100602,2018년 7월 24일 20시,화요일,경상북도 영천시 신령면,중상사고,0,1,1,0,차대차 - 측면충돌,안전운전불이행,건조,맑음,단일로 - 기타,승합,남,51세,상해없음,승용,남,49세,경상