사고번호,사고일시,요일,시군구,사고내용,사망자수,중상자수,경상자수,부상신고자수,사고유형,법규위반,노면상태,기상상태,도로형태,가해운전자 차종,가해운전자 성별,가해운전자 연령,가해운전자 상해정도,피해운전자 차종,피해운전자 성별,피해운전자 연령,피해운전자 상해정도
2018072400100622,2018년 7월 24일 21시,화요일,경상북도 고령군 운수면,중상사고,0,1,0,0,차대사람 - 차도통행중,안전운전불이행,건조,맑음,단일로 - 기타,승용,남,46세,상해없음,보행자,여,61세,중상
2018072400100623,2018년 7월 24일 21시,화요일,경상북도 영양군 영양읍,경상사고,0,0,2,0,차대차 - 측면충돌,직진우회전진행방해,건조,맑음,교차로 - 교차로안,승용,여,35세,상해없음,승용,여,55세,경상
2018072400100624,2018년 7월 24일 21시,화요일,경상북도 구미시 거의동,경상사고,0,0,3,0,차대차 - 추돌,안전운전불이행,건조,맑음,단일로 - 기타,화물,남,47세,상해없음,승용,남,28세,경상
2018072500100014,2018년 7월 25일 01시,수요일,경상북도 구미시 원평동,경상사고,0,0,1,0,차대사람 - 기타,안전운전불이행,건조,맑음,단일로 - 기타,승용,남,50세,상해없음,보행자,남,44세,경상
2018072500100028,2018년 7월 25일 02시,수요일,경상북도 구미시 인의동,중상사고,0,1,0,0,차대차 - 기타,신호위반,건조,맑음,교차로 - 교차로부근,승용,남,39세,상해없음,이륜,남,19세,중상
2018072500100029,2018년 7월 25일 02시,수요일,경상북도 상주시 낙동면,경상사고,0,0,1,0,차대차 - 측면충돌,안전운전불이행,건조,맑음,단일로 - 기타,승용,남,33세,경상,특수,남,44세,상해없음
2018072500100050,2018년 7월 25일 04시,수요일,경상북도 상주시 모서면,중상사고,0,1,0,0,차대차 - 추돌,안전거리미확보,건조,맑음,단일로 - 기타,화물,남,46세,상해없음,농기계,남,67세,중상
2018072500100058,2018년 7월 25일 05시,수요일,경상북도 경산시 임당동,경상사고,0,0,1,0,차대차 - 추돌,안전운전불이행,건조,맑음,단일로 - 기타,승용,남,36세,상해없음,승용,남,18세,경상
2018072500100124,2018년 7월 25일 08시,수요일,경상북도 안동시 옥동,경상사고,0,0,2,0,차대차 - 추돌,안전운전불이행,건조,맑음,교차로 - 교차로안,승용,남,42세,상해없음,화물,남,46세,경상
2018072500100125,2018년 7월 25일 08시,수요일,경상북도 의성군 단북면,경상사고,0,0,1,0,차대차 - 측면충돌,안전운전불이행,건조,맑음,단일로 - 기타,이륜,남,86세,경상,화물,남,47세,상해없음
2018072500100126,2018년 7월 25일 08시,수요일,경상북도 청도군 청도읍,중상사고,0,1,0,0,차대차 - 측면충돌,교차로운행방법위반,건조,맑음,교차로 - 교차로안,자전거,남,45세,중상,승용,남,46세,상해없음
2018072500100149,2018년 7월 25일 09시,수요일,경상북도 의성군 단북면,중상사고,0,1,0,0,차대차 - 측면충돌,안전운전불이행,건조,맑음,단일로 - 기타,이륜,남,78세,중상,승합,남,50세,상해없음
2018072500100150,2018년 7월 25일 09시,수요일,경상북도 포항시 남구 해도동,경상사고,0,0,1,0,차대차 - 측면충돌,안전운전불이행,건조,맑음,교차로 - 교차로안,승용,여,69세,상해없음,화물,남,43세,경상
2018072500100188,2018년 7월 25일 10시,수요일,경상북도 경주시 황성동,경상사고,0,0,1,0,차대차 - 후진중충돌,안전운전불이행,건조,맑음,주차장 - 주차장,승용,남,68세,기타불명,승용,남,82세,상해없음
2018072500100189,2018년 7월 25일 10시,수요일,경상북도 포항시 북구 죽도동,경상사고,0,0,1,0,차대차 - 측면충돌,신호위반,건조,맑음,교차로 - 교차로안,승용,여,30세,상해없음,승용,남,46세,경상
2018072500100190,2018년 7월 25일 10시,수요일,경상북도 성주군 월항면,중상사고,0,1,0,0,차대차 - 측면충돌,안전운전불이행,건조,맑음,교차로 - 교차로안,이륜,남,77세,중상,화물,기타불명,미분류,기타불명
2018072500100223,2018년 7월 25일 11시,수요일,경상북도 영양군 영양읍,중상사고,0,1,1,0,차대차 - 추돌,안전운전불이행,건조,맑음,단일로 - 기타,화물,남,39세,중상,화물,남,61세,경상
2018072500100244,2018년 7월 25일 12시,수요일,경상북도 의성군 의성읍,중상사고,0,1,0,0,차대차 - 측면충돌,안전운전불이행,건조,맑음,교차로 - 교차로안,승용,남,87세,상해없음,이륜,여,62세,중상
2018072500100245,2018년 7월 25일 12시,수요일,경상북도 봉화군 상운면,경상사고,0,0,2,0,차대차 - 정면충돌,안전운전불이행,건조,맑음,단일로 - 기타,화물,남,72세,상해없음,화물,남,63세,상해없음
2018072500100246,2018년 7월 25일 12시,수요일,경상북도 구미시 인의동,중상사고,0,1,0,0,차대사람 - 기타,안전운전불이행,건조,맑음,단일로 - 기타,승용,여,53세,상해없음,보행자,여,35세,중상
2018072500100282,2018년 7월 25일 13시,수요일,경상북도 포항시 북구 흥해읍,경상사고,0,0,1,0,차대차 - 측면충돌,안전운전불이행,건조,맑음,단일로 - 기타,화물,남,79세,상해없음,승용,여,53세,경상
2018072500100283,2018년 7월 25일 13시,수요일,경상북도 영천시 고경면,중상사고,0,2,2,0,차량단독 - 공작물충돌,안전운전불이행,건조,맑음,단일로 - 기타,승용,남,65세,경상,,,,
2018072500100284,2018년 7월 25일 13시,수요일,경상북도 구미시 원평동,경상사고,0,0,1,0,차대사람 - 기타,안전운전불이행,건조,맑음,단일로 - 기타,이륜,남,22세,상해없음,보행자,여,21세,경상
2018072500100285,2018년 7월 25일 13시,수요일,경상북도 포항시 남구 오천읍,경상사고,0,0,1,0,차대차 - 측면충돌,신호위반,건조,맑음,교차로 - 교차로안,승용,남,46세,상해없음,승용,남,54세,경상
2018072500100323,2018년 7월 25일 14시,수요일,경상북도 구미시 장천면,중상사고,0,1,0,0,차대차 - 기타,안전운전불이행,건조,맑음,단일로 - 기타,이륜,남,49세,중상,화물,남,56세,상해없음
2018072500100358,2018년 7월 25일 15시,수요일,경상북도 구미시 사곡동,경상사고,0,0,1,0,차대차 - 측면충돌,교차로운행방법위반,건조,맑음,교차로 - 교차로안,승용,남,46세,상해없음,승합,남,42세,상해없음
2018072500100436,2018년 7월 25일 17시,수요일,경상북도 상주시 남성동,중상사고,0,1,0,0,차대차 - 측면충돌,교차로운행방법위반,건조,맑음,교차로 - 교차로안,승용,남,69세,상해없음,자전거,여,43세,중상
2018072500100474,2018년 7월 25일 18시,수요일,경상북도 안동시 풍산읍,중상사고,0,1,0,0,차대차 - 측면충돌,안전운전불이행,건조,맑음,교차로 - 교차로안,승용,남,41세,상해없음,이륜,여,65세,중상
2018072500100475,2018년 7월 25일 18시,수요일,경상북도 영주시 휴천동,중상사고,0,1,0,0,차대차 - 측면충돌,직진우회전진행방해,건조,맑음,교차로 - 교차로안,승용,남,66세,상해없음,이륜,남,54세,중상
2018072500100476,2018년 7월 25일 18시,수요일,경상북도 문경시 모전동,경상사고,0,0,1,0,차대사람 - 차도통행중,안전운전불이행,건조,맑음,교차로 - 교차로안,승용,남,35세,상해없음,보행자,남,60세,경상
2018072500100477,2018년 7월 25일 18시,수요일,경상북도 포항시 남구 오천읍,중상사고,0,1,2,0,차대차 - 측면충돌,직진우회전진행방해,건조,맑음,교차로 - 교차로안,승용,남,22세,경상,화물,남,64세,경상
2018072500100523,2018년 7월 25일 19시,수요일,경상북도 경산시 사동,경상사고,0,0,1,0,차대차 - 측면충돌,중앙선침범,건조,맑음,단일로 - 기타,승용,여,36세,상해없음,이륜,남,23세,경상
2018072500100524,2018년 7월 25일 19시,수요일,경상북도 경산시 옥산동,중상사고,0,1,0,0,차대사람 - 길가장자리구역통행중,안전운전불이행,건조,맑음,교차로 - 교차로부근,승용,남,45세,상해없음,보행자,남,73세,중상
2018072500100525,2018년 7월 25일 19시,수요일,경상북도 구미시 원평동,중상사고,0,1,1,0,차대차 - 측면충돌,안전운전불이행,건조,맑음,교차로 - 교차로안,이륜,남,72세,경상,승용,여,25세,상해없음
2018072500100556,2018년 7월 25일 20시,수요일,경상북도 포항시 북구 환호동,중상사고,0,1,1,0,차대차 - 측면충돌,안전운전불이행,건조,맑음,교차로 - 교차로안,승용,여,47세,경상,승용,남,60세,중상
2018072500100557,2018년 7월 25일 20시,수요일,경상북도 김천시 모암동,경상사고,0,0,1,0,차대사람 - 횡단중,안전운전불이행,건조,기타,교차로 - 교차로횡단보도내,승용,남,65세,상해없음,보행자,남,15세,경상
2018072500100558,2018년 7월 25일 20시,수요일,경상북도 칠곡군 왜관읍,사망사고,1,0,0,0,차대사람 - 횡단중,안전운전불이행,건조,맑음,단일로 - 교량,승용,남,32세,상해없음,보행자,남,58세,사망
2018072500100559,2018년 7월 25일 20시,수요일,경상북도 영천시 금호읍,중상사고,0,1,3,0,차대차 - 측면충돌,안전운전불이행,건조,맑음,교차로 - 교차로안,화물,남,46세,상해없음,승용,남,67세,경상
2018072500100611,2018년 7월 25일 22시,수요일,경상북도 경주시 용강동,경상사고,0,0,1,0,차대차 - 측면충돌,안전운전불이행,건조,맑음,단일로 - 기타,승용,여,69세,상해없음,승용,여,36세,경상
2018072500100612,2018년 7월 25일 22시,수요일,경상북도 문경시 모전동,중상사고,0,1,0,0,차대차 - 측면충돌,안전운전불이행,건조,맑음,단일로 - 기타,승용,남,23세,상해없음,이륜,남,49세,중상
2018072500100613,2018년 7월 25일 22시,수요일,경상북도 포항시 남구 상도동,경상사고,0,0,1,0,차대차 - 기타,안전운전불이행,건조,맑음,단일로 - 기타,승용,여,37세,상해없음,승용,여,56세,경상
2018072500100643,2018년 7월 25일 23시,수요일,경상북도 예천군 예천읍,중상사고,0,2,0,0,차대차 - 측면충돌,직진우회전진행방해,건조,맑음,교차로 - 교차로안,승용,여,48세,상해없음,승용,남,30세,중상
2018072500100644,2018년 7월 25일 23시,수요일,경상북도 구미시 임은동,경상사고,0,0,1,0,차대차 - 기타,안전운전불이행,건조,맑음,단일로 - 기타,승용,여,58세,상해없음,화물,남,45세,경상
2018072600100024,2018년 7월 26일 01시,목요일,경상북도 상주시 화서면,부상신고사고,0,0,0,1,차량단독 - 도로외이탈 - 추락,안전운전불이행,건조,맑음,단일로 - 기타,화물,남,21세,부상신고,,,,
2018072600100036,2018년 7월 26일 02시,목요일,경상북도 구미시 구평동,경상사고,0,0,4,0,차대차 - 추돌,안전운전불이행,건조,맑음,교차로 - 교차로부근,승용,남,20세,상해없음,승용,여,36세,경상
2018072600100046,2018년 7월 26일 03시,목요일,경상북도 구미시 원평동,중상사고,0,1,0,0,차대차 - 기타,안전운전불이행,건조,맑음,교차로 - 교차로안,승용,남,27세,상해없음,승용,남,34세,중상
2018072600100047,2018년 7월 26일 03시,목요일,경상북도 성주군 초전면,중상사고,0,1,0,0,차대차 - 기타,안전운전불이행,건조,맑음,단일로 - 기타,화물,남,66세,상해없음,건설기계,남,64세,중상
2018072600100056,2018년 7월 26일 04시,목요일,경상북도 상주시 화서면,경상사고,0,0,1,0,차대차 - 기타,안전운전불이행,건조,맑음,단일로 - 기타,승용,남,29세,상해없음,화물,남,54세,경상
2018072600100068,2018년 7월 26일 05시,목요일,경상북도 청도군 청도읍,사망사고,1,0,0,0,차량단독 - 전도전복 - 전복,안전운전불이행,건조,맑음,교차로 - 교차로부근,농기계,남,66세,사망,미분류,미분류,미분류,미분류
2018072600100102,2018년 7월 26일 07시,목요일,경상북도 포항시 북구 창포동,경상사고,0,0,2,0,차대차 - 측면충돌,직진우회전진행방해,건조,맑음,교차로 - 교차로안,승용,남,46세,상해없음,승용,여,43세,경상
2018072600100103,2018년 7월 26일 07시,목요일,경상북도 포항시 북구 흥해읍,경상사고,0,0,2,0,차대차 - 후진중충돌,안전운전불이행,건조,맑음,단일로 - 기타,화물,남,55세,상해없음,승용,여,39세,경상
2018072600100104,2018년 7월 26일 07시,목요일,경상북도 칠곡군 동명면,중상사고,0,1,0,0,차대차 - 측면충돌,중앙선침범,건조,맑음,단일로 - 기타,사륜오토바이(ATV),남,77세,중상,화물,남,81세,상해없음
2018072600100105,2018년 7월 26일 07시,목요일,경상북도 구미시 고아읍,경상사고,0,0,1,0,차대차 - 추돌,안전운전불이행,건조,맑음,단일로 - 기타,승용,남,39세,상해없음,승용,여,33세,경상
2018072600100132,2018년 7월 26일 08시,목요일,경상북도 경주시 성건동,경상사고,0,0,1,0,차대차 - 측면충돌,안전운전불이행,건조,맑음,교차로 - 교차로안,승용,여,26세,상해없음,승용,남,67세,상해없음
2018072600100133,2018년 7월 26일 08시,목요일,경상북도 경주시 사정동,부상신고사고,0,0,0,1,차대차 - 측면충돌,안전운전불이행,건조,맑음,단일로 - 기타,승용,여,77세,부상신고,승용,남,76세,상해없음
2018072600100134,2018년 7월 26일 08시,목요일,경상북도 영주시 영주동,경상사고,0,0,1,0,차대차 - 측면충돌,신호위반,건조,맑음,교차로 - 교차로안,승용,여,63세,상해없음,이륜,남,57세,경상
2018072600100135,2018년 7월 26일 08시,목요일,경상북도 영주시 가흥동,경상사고,0,0,2,0,차대차 - 추돌,안전운전불이행,건조,맑음,단일로 - 기타,승용,여,59세,상해없음,승용,남,24세,경상
2018072600100136,2018년 7월 26일 08시,목요일,경상북도 구미시 진평동,경상사고,0,0,2,0,차대차 - 측면충돌,교차로운행방법위반,건조,맑음,교차로 - 교차로안,승용,여,47세,경상,승용,남,35세,경상
2018072600100173,2018년 7월 26일 09시,목요일,경상북도 칠곡군 왜관읍,부상신고사고,0,0,0,1,차량단독 - 기타,안전운전불이행,건조,맑음,단일로 - 기타,승용,남,77세,부상신고,,,,
2018072600100174,2018년 7월 26일 09시,목요일,경상북도 영덕군 영덕읍,경상사고,0,0,1,0,차대사람 - 길가장자리구역통행중,안전운전불이행,건조,맑음,단일로 - 기타,승용,여,23세,상해없음,보행자,여,62세,경상
2018072600100175,2018년 7월 26일 09시,목요일,경상북도 성주군 성주읍,중상사고,0,1,0,0,차대차 - 측면충돌,안전운전불이행,건조,맑음,교차로 - 교차로안,승용,남,61세,상해없음,화물,남,35세,중상
2018072600100176,2018년 7월 26일 09시,목요일,경상북도 구미시 진평동,경상사고,0,0,2,0,차대차 - 기타,교차로운행방법위반,건조,맑음,교차로 - 교차로안,승용,여,39세,경상,승용,남,64세,경상
2018072600100177,2018년 7월 26일 09시,목요일,경상북도 구미시 원평동,중상사고,0,1,1,0,차대차 - 기타,안전운전불이행,건조,맑음,단일로 - 기타,승용,여,30세,상해없음,승용,여,36세,중상
2018072600100201,2018년 7월 26일 10시,목요일,경상북도 예천군 용문면,중상사고,0,1,0,0,차대차 - 정면충돌,중앙선침범,건조,맑음,교차로 - 교차로부근,화물,남,34세,상해없음,이륜,여,41세,중상
2018072600100202,2018년 7월 26일 10시,목요일,경상북도 구미시 구평동,경상사고,0,0,1,0,차대차 - 기타,안전운전불이행,건조,맑음,단일로 - 기타,승용,여,65세,상해없음,자전거,남,15세,경상
2018072600100233,2018년 7월 26일 11시,목요일,경상북도 안동시 풍산읍,중상사고,0,1,0,0,차대차 - 측면충돌,교차로운행방법위반,건조,맑음,교차로 - 교차로안,이륜,남,81세,중상,승용,남,55세,상해없음
2018072600100234,2018년 7월 26일 11시,목요일,경상북도 상주시 함창읍,경상사고,0,0,1,0,차대차 - 측면충돌,안전운전불이행,건조,맑음,단일로 - 기타,건설기계,남,62세,상해없음,승용,여,41세,경상
2018072600100264,2018년 7월 26일 12시,목요일,경상북도 경주시 외동읍,중상사고,0,1,0,0,차량단독 - 공작물충돌,안전운전불이행,건조,맑음,단일로 - 기타,화물,여,58세,상해없음,,,,
2018072600100265,2018년 7월 26일 12시,목요일,경상북도 상주시 내서면,중상사고,0,1,0,0,차대차 - 측면충돌,교차로운행방법위반,건조,맑음,교차로 - 교차로안,승용,남,54세,상해없음,이륜,남,28세,중상
2018072600100266,2018년 7월 26일 12시,목요일,경상북도 경산시 하양읍,경상사고,0,0,1,0,차대차 - 추돌,안전운전불이행,건조,맑음,단일로 - 기타,화물,남,55세,상해없음,승용,남,70세,경상
2018072600100267,2018년 7월 26일 12시,목요일,경상북도 포항시 남구 구룡포읍,경상사고,0,0,1,0,차량단독 - 공작물충돌,안전운전불이행,건조,맑음,기타 - 기타,승용,남,61세,상해없음,,,,
2018072600100289,2018년 7월 26일 13시,목요일,경상북도 문경시 마성면,중상사고,0,1,0,0,차대사람 - 횡단중,안전운전불이행,건조,맑음,단일로 - 기타,화물,남,69세,상해없음,보행자,남,49세,중상
2018072600100322,2018년 7월 26일 14시,목요일,경상북도 포항시 북구 학산동,경상사고,0,0,1,0,차대사람 - 기타,안전운전불이행,건조,맑음,단일로 - 기타,승용,남,73세,상해없음,보행자,여,68세,경상
2018072600100323,2018년 7월 26일 14시,목요일,경상북도 청도군 금천면,경상사고,0,0,2,0,차대차 - 측면충돌,안전운전불이행,건조,맑음,단일로 - 기타,화물,남,68세,상해없음,승용,여,37세,경상
2018072600100388,2018년 7월 26일 16시,목요일,경상북도 경산시 계양동,경상사고,0,0,1,0,차대차 - 후진중충돌,불법유턴,건조,맑음,기타 - 기타,승용,남,43세,상해없음,승용,남,48세,경상
2018072600100425,2018년 7월 26일 17시,목요일,경상북도 포항시 북구 송라면,경상사고,0,0,1,0,차량단독 - 공작물충돌,안전운전불이행,건조,맑음,단일로 - 기타,승용,남,61세,경상,,,,
2018072600100426,2018년 7월 26일 17시,목요일,경상북도 상주시 냉림동,경상사고,0,0,1,0,차대차 - 측면충돌,안전운전불이행,건조,맑음,주차장 - 주차장,승용,남,53세,상해없음,승용,남,42세,경상
2018072600100427,2018년 7월 26일 17시,목요일,경상북도 문경시 흥덕동,중상사고,0,1,0,0,차대차 - 추돌,안전운전불이행,건조,맑음,단일로 - 기타,승용,여,43세,상해없음,이륜,남,74세,중상
2018072600100428,2018년 7월 26일 17시,목요일,경상북도 구미시 선산읍,경상사고,0,0,1,0,차량단독 - 기타,안전운전불이행,건조,맑음,단일로 - 기타,승합,남,59세,상해없음,,,,
2018072600100469,2018년 7월 26일 18시,목요일,경상북도 경주시 동천동,중상사고,0,1,0,0,차대차 - 측면충돌,안전운전불이행,건조,맑음,교차로 - 교차로안,승합,남,30세,상해없음,이륜,남,54세,중상
2018072600100470,2018년 7월 26일 18시,목요일,경상북도 칠곡군 왜관읍,부상신고사고,0,0,0,1,차대차 - 측면충돌,기타,건조,맑음,교차로 - 교차로안,이륜,남,21세,부상신고,승용,여,32세,상해없음
2018072600100471,2018년 7월 26일 18시,목요일,경상북도 영천시 대창면,중상사고,0,1,0,0,차대사람 - 길가장자리구역통행중,안전운전불이행,건조,맑음,단일로 - 기타,승용,남,34세,상해없음,보행자,남,54세,중상
2018072600100472,2018년 7월 26일 18시,목요일,경상북도 경산시 하양읍,경상사고,0,0,2,0,차대차 - 추돌,안전운전불이행,건조,맑음,교차로 - 교차로안,화물,남,68세,상해없음,승용,남,36세,경상
2018072600100473,2018년 7월 26일 18시,목요일,경상북도 포항시 남구 연일읍,경상사고,0,0,1,0,차대차 - 측면충돌,직진우회전진행방해,건조,맑음,교차로 - 교차로안,화물,남,26세,상해없음,자전거,남,31세,경상
2018072600100506,2018년 7월 26일 19시,목요일,경상북도 포항시 남구 오천읍,부상신고사고,0,0,0,1,차대차 - 기타,직진우회전진행방해,건조,맑음,교차로 - 교차로안,화물,남,71세,상해없음,승용,남,35세,부상신고
2018072600100535,2018년 7월 26일 20시,목요일,경상북도 상주시 화산동,중상사고,0,1,0,0,차대차 - 측면충돌,안전운전불이행,건조,맑음,단일로 - 기타,승용,여,54세,상해없음,자전거,남,63세,중상
2018072600100536,2018년 7월 26일 20시,목요일,경상북도 상주시 냉림동,경상사고,0,0,1,0,차대차 - 측면충돌,교차로운행방법위반,건조,맑음,교차로 - 교차로안,자전거,남,15세,경상,특수,남,58세,상해없음
2018072600100537,2018년 7월 26일 20시,목요일,경상북도 영천시 금호읍,중상사고,0,1,0,0,차대차 - 측면충돌,안전운전불이행,건조,맑음,교차로 - 교차로안,승용,남,55세,상해없음,승용,남,59세,중상
2018072600100538,2018년 7월 26일 20시,목요일,경상북도 포항시 남구 대잠동,경상사고,0,0,1,0,차대사람 - 기타,보행자보호의무위반,건조,맑음,단일로 - 기타,승용,여,50세,상해없음,보행자,남,28세,경상
2018072600100555,2018년 7월 26일 21시,목요일,경상북도 김천시 평화동,경상사고,0,0,1,0,차대차 - 측면충돌,신호위반,건조,맑음,교차로 - 교차로횡단보도내,승용,남,23세,상해없음,자전거,남,13세,경상
2018072600100556,2018년 7월 26일 21시,목요일,경상북도 김천시 평화동,경상사고,0,0,1,0,차대차 - 추돌,안전운전불이행,건조,맑음,교차로 - 교차로부근,승용,남,65세,상해없음,승용,남,43세,경상
2018072600100584,2018년 7월 26일 22시,목요일,경상북도 칠곡군 북삼읍,중상사고,0,1,0,0,차대차 - 측면충돌,신호위반,건조,맑음,단일로 - 기타,승용,남,38세,상해없음,이륜,남,38세,중상
2018072600100585,2018년 7월 26일 22시,목요일,경상북도 포항시 남구 해도동,경상사고,0,0,1,0,차대차 - 추돌,안전운전불이행,건조,맑음,단일로 - 기타,승용,남,65세,상해없음,승용,남,62세,경상
2018072600100607,2018년 7월 26일 23시,목요일,경상북도 경산시 중방동,중상사고,0,1,1,0,차대차 - 측면충돌,교차로운행방법위반,건조,맑음,교차로 - 교차로안,승용,여,57세,상해없음,승용,여,44세,경상
2018072600100608,2018년 7월 26일 23시,목요일,경상북도 포항시 남구 오천읍,중상사고,0,1,0,0,차대사람 - 기타,안전운전불이행,건조,맑음,교차로 - 교차로안,승용,남,28세,상해없음,보행자,남,27세,중상
2018072700100031,2018년 7월 27일 02시,금요일,경상북도 성주군 월항면,사망사고,1,0,0,0,차량단독 - 공작물충돌,안전운전불이행,건조,맑음,단일로 - 기타,승용,남,65세,사망,,,,
2018072700100042,2018년 7월 27일 03시,금요일,경상북도 안동시 평화동,경상사고,0,0,2,0,차대차 - 측면충돌,안전운전불이행,건조,맑음,교차로 - 교차로안,승용,남,35세,상해없음,승용,남,57세,경상
2018072700100061,2018년 7월 27일 05시,금요일,경상북도 영덕군 병곡면,중상사고,0,2,0,0,차대차 - 측면충돌,직진우회전진행방해,건조,맑음,교차로 - 교차로안,농기계,남,84세,중상,화물,남,59세,중상
2018072700100062,2018년 7월 27일 05시,금요일,경상북도 구미시 형곡동,중상사고,0,1,0,0,차대차 - 정면충돌,중앙선침범,건조,맑음,단일로 - 기타,이륜,남,17세,중상,승용,남,48세,상해없음
2018072700100076,2018년 7월 27일 06시,금요일,경상북도 포항시 북구 장성동,경상사고,0,0,1,0,차대차 - 측면충돌,안전운전불이행,건조,맑음,단일로 - 기타,승용,남,29세,상해없음,승합,남,52세,경상
2018072700100103,2018년 7월 27일 07시,금요일,경상북도 경산시 압량면,중상사고,0,1,0,0,차대차 - 측면충돌,안전운전불이행,건조,맑음,단일로 - 기타,승용,남,38세,상해없음,자전거,여,61세,중상
2018072700100125,2018년 7월 27일 08시,금요일,경상북도 경주시 황성동,중상사고,0,1,0,1,차대차 - 측면충돌,직진우회전진행방해,건조,맑음,교차로 - 교차로안,승용,여,44세,부상신고,승용,여,65세,중상
2018072700100126,2018년 7월 27일 08시,금요일,경상북도 영천시 망정동,경상사고,0,0,1,0,차대사람 - 횡단중,보행자보호의무위반,건조,맑음,교차로 - 교차로횡단보도내,승용,남,38세,상해없음,보행자,남,48세,경상
2018072700100127,2018년 7월 27일 08시,금요일,경상북도 구미시 원평동,경상사고,0,0,1,0,차대차 - 추돌,안전거리미확보,건조,맑음,교차로 - 교차로안,승용,여,57세,상해없음,승용,남,31세,경상
2018072700100170,2018년 7월 27일 09시,금요일,경상북도 경주시 동천동,경상사고,0,0,1,0,차대차 - 측면충돌,안전운전불이행,건조,맑음,단일로 - 지하차도(도로)내,승용,여,39세,상해없음,승용,여,54세,경상
2018072700100171,2018년 7월 27일 09시,금요일,경상북도 경주시 성동동,경상사고,0,0,2,0,차대차 - 추돌,안전운전불이행,건조,맑음,교차로 - 교차로부근,승용,남,43세,상해없음,승용,여,45세,경상
2018072700100172,2018년 7월 27일 09시,금요일,경상북도 경산시 압량면,경상사고,0,0,1,0,차대차 - 측면충돌,교차로운행방법위반,건조,맑음,교차로 - 교차로안,승용,여,33세,상해없음,승용,남,20세,경상
2018072700100214,2018년 7월 27일 10시,금요일,경상북도 영천시 성내동,경상사고,0,0,1,0,차대사람 - 횡단중,신호위반,건조,맑음,단일로 - 기타,이륜,남,77세,상해없음,보행자,여,17세,경상
2018072700100215,2018년 7월 27일 10시,금요일,경상북도 문경시 호계면,중상사고,0,1,1,0,차대차 - 정면충돌,중앙선침범,건조,맑음,단일로 - 기타,화물,남,67세,경상,화물,남,36세,중상
2018072700100216,2018년 7월 27일 10시,금요일,경상북도 문경시 문경읍,중상사고,0,1,0,0,차량단독 - 공작물충돌,안전운전불이행,건조,맑음,단일로 - 교량,승용,남,24세,중상,,,,
2018072700100241,2018년 7월 27일 11시,금요일,경상북도 포항시 남구 오천읍,중상사고,0,1,0,0,차대차 - 측면충돌,안전운전불이행,건조,맑음,단일로 - 기타,승용,여,60세,중상,승용,남,71세,상해없음
2018072700100270,2018년 7월 27일 12시,금요일,경상북도 영덕군 남정면,경상사고,0,0,2,0,차대차 - 추돌,안전운전불이행,건조,맑음,교차로 - 교차로부근,승용,남,54세,상해없음,승용,여,57세,경상
2018072700100271,2018년 7월 27일 12시,금요일,경상북도 구미시 구포동,경상사고,0,0,1,0,차량단독 - 기타,안전운전불이행,건조,맑음,단일로 - 기타,이륜,남,22세,경상,,,,
2018072700100272,2018년 7월 27일 12시,금요일,경상북도 포항시 남구 상도동,중상사고,0,1,0,0,차대차 - 측면충돌,신호위반,건조,맑음,교차로 - 교차로안,이륜,남,63세,상해없음,이륜,남,50세,중상
2018072700100311,2018년 7월 27일 13시,금요일,경상북도 포항시 북구 용흥동,중상사고,0,1,0,0,차대차 - 기타,안전운전불이행,건조,맑음,교차로 - 교차로부근,이륜,남,41세,중상,승용,남,45세,상해없음
2018072700100312,2018년 7월 27일 13시,금요일,경상북도 상주시 함창읍,경상사고,0,0,2,0,차대차 - 측면충돌,신호위반,건조,맑음,교차로 - 교차로안,원동기,남,18세,경상,승용,여,36세,경상
2018072700100313,2018년 7월 27일 13시,금요일,경상북도 의성군 의성읍,경상사고,0,0,1,0,차대차 - 측면충돌,중앙선침범,건조,맑음,기타 - 기타,승용,남,72세,상해없음,승용,남,66세,상해없음
2018072700100348,2018년 7월 27일 14시,금요일,경상북도 경주시 황오동,중상사고,0,1,0,0,차대차 - 측면충돌,기타,건조,맑음,교차로 - 교차로안,승용,남,68세,상해없음,자전거,남,76세,중상
2018072700100349,2018년 7월 27일 14시,금요일,경상북도 안동시 광석동,중상사고,0,1,0,0,차대사람 - 보도통행중,안전운전불이행,건조,맑음,단일로 - 기타,승용,여,58세,상해없음,보행자,여,67세,중상
2018072700100350,2018년 7월 27일 14시,금요일,경상북도 청도군 화양읍,중상사고,0,1,0,0,차대차 - 추돌,안전운전불이행,건조,맑음,교차로 - 교차로부근,승용,남,42세,상해없음,승용,여,41세,중상
2018072700100387,2018년 7월 27일 15시,금요일,경상북도 예천군 감천면,중상사고,0,2,0,0,차대차 - 추돌,안전운전불이행,건조,맑음,단일로 - 기타,승용,남,22세,상해없음,승용,남,63세,중상
2018072700100435,2018년 7월 27일 16시,금요일,경상북도 구미시 사곡동,경상사고,0,0,3,1,차대차 - 기타,과속,건조,맑음,단일로 - 기타,승용,남,20세,부상신고,승용,남,50세,상해없음
2018072700100436,2018년 7월 27일 16시,금요일,경상북도 문경시 문경읍,경상사고,0,0,6,0,차대차 - 기타,안전운전불이행,건조,맑음,단일로 - 기타,승용,남,27세,경상,승용,남,55세,상해없음