사고번호,사고일시,요일,시군구,사고내용,사망자수,중상자수,경상자수,부상신고자수,사고유형,법규위반,노면상태,기상상태,도로형태,가해운전자 차종,가해운전자 성별,가해운전자 연령,가해운전자 상해정도,피해운전자 차종,피해운전자 성별,피해운전자 연령,피해운전자 상해정도
2018080200100311,2018년 8월 2일 13시,목요일,경상북도 문경시 문경읍,경상사고,0,0,1,0,차대사람 - 횡단중,안전운전불이행,건조,맑음,교차로 - 교차로안,승용,여,58세,상해없음,보행자,여,71세,경상
2018080200100312,2018년 8월 2일 13시,목요일,경상북도 문경시 문경읍,중상사고,0,1,0,0,차대차 - 기타,안전운전불이행,건조,맑음,단일로 - 기타,승용,여,51세,상해없음,이륜,남,70세,중상
2018080200100340,2018년 8월 2일 14시,목요일,경상북도 안동시 일직면,중상사고,0,1,1,0,차대차 - 측면충돌,안전운전불이행,건조,맑음,교차로 - 교차로안,승용,남,22세,상해없음,승용,남,80세,경상
2018080200100341,2018년 8월 2일 14시,목요일,경상북도 김천시 다수동,경상사고,0,0,2,0,차대차 - 측면충돌,안전운전불이행,건조,맑음,교차로 - 교차로안,화물,남,58세,경상,승용,남,71세,경상
2018080200100342,2018년 8월 2일 14시,목요일,경상북도 상주시 남성동,중상사고,0,1,0,0,차대차 - 측면충돌,교차로운행방법위반,건조,맑음,교차로 - 교차로안,화물,남,31세,상해없음,자전거,남,83세,중상
2018080200100343,2018년 8월 2일 14시,목요일,경상북도 칠곡군 약목면,중상사고,0,2,0,0,차대차 - 추돌,안전운전불이행,건조,맑음,교차로 - 교차로안,승용,남,55세,상해없음,이륜,남,70세,중상
2018080200100344,2018년 8월 2일 14시,목요일,경상북도 영천시 대창면,중상사고,0,4,0,0,차대차 - 정면충돌,중앙선침범,건조,맑음,단일로 - 기타,승용,남,65세,중상,승용,남,59세,중상
2018080200100371,2018년 8월 2일 15시,목요일,경상북도 봉화군 봉화읍,중상사고,0,1,0,0,차대사람 - 기타,안전운전불이행,건조,맑음,단일로 - 기타,승용,여,38세,상해없음,보행자,여,71세,중상
2018080200100405,2018년 8월 2일 16시,목요일,경상북도 영천시 성내동,경상사고,0,0,1,0,차대차 - 측면충돌,차로위반,건조,맑음,교차로 - 교차로안,승용,여,61세,상해없음,승용,여,26세,경상
2018080200100444,2018년 8월 2일 17시,목요일,경상북도 영천시 금호읍,경상사고,0,0,1,0,차대차 - 추돌,안전거리미확보,건조,맑음,단일로 - 기타,승합,남,47세,상해없음,승용,여,53세,경상
2018080200100445,2018년 8월 2일 17시,목요일,경상북도 포항시 남구 장흥동,중상사고,0,1,0,0,차대차 - 기타,안전운전불이행,건조,맑음,단일로 - 기타,이륜,남,58세,중상,승용,남,27세,상해없음
2018080200100478,2018년 8월 2일 18시,목요일,경상북도 경주시 양남면,부상신고사고,0,0,0,1,차량단독 - 공작물충돌,안전운전불이행,건조,맑음,교차로 - 교차로부근,이륜,남,54세,부상신고,,,,
2018080200100479,2018년 8월 2일 18시,목요일,경상북도 김천시 덕곡동,중상사고,0,1,0,0,차대차 - 측면충돌,교차로운행방법위반,건조,맑음,교차로 - 교차로안,승용,남,24세,상해없음,이륜,남,18세,중상
2018080200100480,2018년 8월 2일 18시,목요일,경상북도 칠곡군 석적읍,경상사고,0,0,2,0,차대차 - 추돌,안전운전불이행,건조,맑음,교차로 - 교차로부근,승용,여,52세,상해없음,승용,남,22세,경상
2018080200100481,2018년 8월 2일 18시,목요일,경상북도 영천시 금호읍,경상사고,0,0,4,0,차대차 - 추돌,안전운전불이행,건조,맑음,교차로 - 교차로부근,승용,남,31세,경상,승용,여,58세,경상
2018080200100482,2018년 8월 2일 18시,목요일,경상북도 경산시 와촌면,경상사고,0,0,1,0,차대차 - 기타,교차로운행방법위반,건조,맑음,교차로 - 교차로안,승용,남,41세,상해없음,이륜,남,71세,경상
2018080200100483,2018년 8월 2일 18시,목요일,경상북도 청도군 매전면,중상사고,0,2,0,0,차대사람 - 길가장자리구역통행중,안전운전불이행,건조,맑음,단일로 - 기타,승용,남,69세,상해없음,보행자,남,78세,중상
2018080200100484,2018년 8월 2일 18시,목요일,경상북도 성주군 성주읍,경상사고,0,0,1,0,차대차 - 측면충돌,안전운전불이행,건조,맑음,교차로 - 교차로안,화물,남,58세,상해없음,승용,여,54세,경상
2018080200100485,2018년 8월 2일 18시,목요일,경상북도 고령군 대가야읍,경상사고,0,0,2,0,차대차 - 추돌,안전운전불이행,건조,맑음,단일로 - 기타,화물,남,51세,상해없음,승용,남,59세,경상
2018080200100486,2018년 8월 2일 18시,목요일,경상북도 영양군 수비면,중상사고,0,2,4,0,차대차 - 측면충돌,교차로운행방법위반,건조,맑음,교차로 - 교차로안,승용,남,57세,경상,승용,남,59세,경상
2018080200100487,2018년 8월 2일 18시,목요일,경상북도 영천시 화산면,경상사고,0,0,8,0,차대차 - 기타,안전운전불이행,건조,맑음,단일로 - 기타,기타불명,기타불명,미분류,기타불명,승용,남,43세,경상
2018080200100518,2018년 8월 2일 19시,목요일,경상북도 경주시 황오동,경상사고,0,0,1,0,차대사람 - 차도통행중,안전운전불이행,건조,맑음,단일로 - 기타,승용,남,27세,상해없음,보행자,여,4세,경상
2018080200100519,2018년 8월 2일 19시,목요일,경상북도 구미시 원평동,부상신고사고,0,0,0,1,차량단독 - 전도전복 - 전도,안전운전불이행,건조,맑음,단일로 - 기타,자전거,남,57세,부상신고,미분류,미분류,미분류,미분류
2018080200100556,2018년 8월 2일 20시,목요일,경상북도 포항시 북구 죽도동,경상사고,0,0,1,0,차대차 - 기타,안전운전불이행,건조,맑음,단일로 - 기타,이륜,남,17세,경상,승용,남,25세,상해없음
2018080200100582,2018년 8월 2일 21시,목요일,경상북도 영양군 일월면,경상사고,0,0,1,0,차량단독 - 공작물충돌,안전운전불이행,건조,맑음,단일로 - 기타,승용,남,56세,경상,,,,
2018080200100632,2018년 8월 2일 23시,목요일,경상북도 포항시 남구 지곡동,중상사고,0,1,0,0,차대차 - 기타,안전운전불이행,건조,맑음,단일로 - 기타,승용,남,47세,상해없음,자전거,남,42세,중상
2018080300100032,2018년 8월 3일 02시,금요일,경상북도 경주시 성건동,경상사고,0,0,1,0,차대사람 - 차도통행중,안전운전불이행,건조,맑음,단일로 - 기타,이륜,남,27세,상해없음,보행자,남,56세,경상
2018080300100033,2018년 8월 3일 02시,금요일,경상북도 경산시 정평동,중상사고,0,1,0,0,차대차 - 측면충돌,안전운전불이행,젖음/습기,흐림,교차로 - 교차로안,이륜,남,49세,중상,승용,남,38세,상해없음
2018080300100042,2018년 8월 3일 03시,금요일,경상북도 경주시 현곡면,경상사고,0,0,1,0,차대차 - 측면충돌,신호위반,건조,맑음,교차로 - 교차로안,승용,남,18세,상해없음,승용,남,51세,경상
2018080300100057,2018년 8월 3일 05시,금요일,경상북도 문경시 문경읍,중상사고,0,1,0,0,차량단독 - 공작물충돌,안전운전불이행,건조,맑음,단일로 - 기타,승용,남,27세,중상,,,,
2018080300100058,2018년 8월 3일 05시,금요일,경상북도 문경시 산양면,중상사고,0,1,1,0,차대차 - 추돌,안전운전불이행,건조,맑음,교차로 - 교차로부근,화물,남,26세,중상,승용,남,62세,경상
2018080300100059,2018년 8월 3일 05시,금요일,경상북도 군위군 의흥면,경상사고,0,0,1,0,차대차 - 기타,안전운전불이행,건조,맑음,단일로 - 기타,승용,여,60세,상해없음,자전거,여,59세,경상
2018080300100074,2018년 8월 3일 06시,금요일,경상북도 경주시 현곡면,사망사고,1,0,0,0,차대차 - 측면충돌,안전운전불이행,건조,맑음,교차로 - 교차로안,승용,남,39세,상해없음,자전거,남,90세 이상,사망
2018080300100087,2018년 8월 3일 07시,금요일,경상북도 칠곡군 가산면,경상사고,0,0,1,0,차대차 - 추돌,안전거리미확보,건조,맑음,단일로 - 기타,건설기계,남,54세,상해없음,승용,남,50세,경상
2018080300100088,2018년 8월 3일 07시,금요일,경상북도 문경시 점촌동,중상사고,0,3,0,1,차대차 - 측면충돌,기타,건조,맑음,교차로 - 교차로안,승용,여,31세,부상신고,승용,남,49세,중상
2018080300100089,2018년 8월 3일 07시,금요일,경상북도 문경시 가은읍,경상사고,0,0,4,0,차량단독 - 공작물충돌,안전운전불이행,건조,맑음,교차로 - 교차로안,승용,남,75세,경상,,,,
2018080300100109,2018년 8월 3일 08시,금요일,경상북도 칠곡군 왜관읍,경상사고,0,0,1,0,차대차 - 후진중충돌,안전운전불이행,건조,맑음,교차로 - 교차로안,승용,여,52세,상해없음,승용,남,57세,경상
2018080300100110,2018년 8월 3일 08시,금요일,경상북도 칠곡군 석적읍,경상사고,0,0,2,0,차대차 - 측면충돌,교차로운행방법위반,건조,맑음,교차로 - 교차로안,화물,남,46세,상해없음,승용,여,33세,경상
2018080300100111,2018년 8월 3일 08시,금요일,경상북도 군위군 의흥면,중상사고,0,2,0,0,차대차 - 측면충돌,신호위반,건조,맑음,교차로 - 교차로안,건설기계,남,48세,상해없음,화물,남,59세,중상
2018080300100112,2018년 8월 3일 08시,금요일,경상북도 포항시 남구 연일읍,경상사고,0,0,1,0,차대차 - 측면충돌,직진우회전진행방해,건조,맑음,교차로 - 교차로안,개인형이동수단(PM),남,79세,경상,승용,여,40세,상해없음
2018080300100139,2018년 8월 3일 09시,금요일,경상북도 경주시 외동읍,중상사고,0,1,0,0,차대사람 - 길가장자리구역통행중,안전운전불이행,건조,맑음,단일로 - 기타,승용,남,47세,상해없음,보행자,여,69세,중상
2018080300100140,2018년 8월 3일 09시,금요일,경상북도 경주시 서악동,경상사고,0,0,1,0,차대차 - 측면충돌,안전운전불이행,건조,맑음,단일로 - 교량,화물,남,77세,상해없음,승용,여,38세,경상
2018080300100141,2018년 8월 3일 09시,금요일,경상북도 영천시 화남면,경상사고,0,0,1,0,차량단독 - 전도전복 - 전도,안전운전불이행,건조,맑음,단일로 - 기타,이륜,남,52세,경상,미분류,미분류,미분류,미분류
2018080300100142,2018년 8월 3일 09시,금요일,경상북도 문경시 공평동,경상사고,0,0,1,0,차대차 - 측면충돌,안전거리미확보,건조,맑음,교차로 - 교차로부근,승용,여,50세,상해없음,이륜,남,65세,경상
2018080300100177,2018년 8월 3일 10시,금요일,경상북도 포항시 북구 기계면,중상사고,0,2,0,0,차대차 - 측면충돌,중앙선침범,건조,맑음,단일로 - 기타,화물,남,43세,상해없음,승용,남,55세,중상
2018080300100178,2018년 8월 3일 10시,금요일,경상북도 안동시 화성동,중상사고,0,1,0,0,차대사람 - 보도통행중,보행자보호의무위반,건조,맑음,단일로 - 기타,승용,여,29세,상해없음,보행자,남,61세,중상
2018080300100179,2018년 8월 3일 10시,금요일,경상북도 영천시 청통면,경상사고,0,0,5,0,차대차 - 추돌,안전운전불이행,건조,맑음,단일로 - 기타,승용,여,51세,경상,화물,남,52세,경상
2018080300100216,2018년 8월 3일 11시,금요일,경상북도 칠곡군 동명면,중상사고,0,2,0,0,차대차 - 측면충돌,신호위반,건조,맑음,교차로 - 교차로안,화물,남,39세,상해없음,승용,여,36세,중상
2018080300100236,2018년 8월 3일 12시,금요일,경상북도 봉화군 법전면,경상사고,0,0,3,0,차대차 - 측면충돌,안전운전불이행,건조,맑음,단일로 - 기타,승용,남,52세,상해없음,화물,남,33세,상해없음
2018080300100275,2018년 8월 3일 13시,금요일,경상북도 경주시 황오동,경상사고,0,0,4,0,차대차 - 측면충돌,안전운전불이행,건조,맑음,교차로 - 교차로안,승용,여,24세,상해없음,승용,남,60세,경상
2018080300100276,2018년 8월 3일 13시,금요일,경상북도 경주시 구정동,경상사고,0,0,3,0,차대차 - 측면충돌,안전거리미확보,건조,맑음,교차로 - 교차로부근,승용,남,68세,상해없음,승용,남,37세,경상
2018080300100277,2018년 8월 3일 13시,금요일,경상북도 영천시 고경면,경상사고,0,0,2,0,차대차 - 추돌,안전운전불이행,건조,맑음,교차로 - 교차로부근,화물,남,51세,상해없음,승용,여,57세,경상
2018080300100314,2018년 8월 3일 14시,금요일,경상북도 구미시 송정동,부상신고사고,0,0,0,1,차대차 - 측면충돌,안전운전불이행,건조,맑음,단일로 - 기타,이륜,남,21세,부상신고,승용,남,62세,상해없음
2018080300100344,2018년 8월 3일 15시,금요일,경상북도 상주시 신봉동,중상사고,0,1,0,0,차대차 - 측면충돌,안전운전불이행,건조,맑음,단일로 - 기타,승용,남,70세,기타불명,승용,남,55세,기타불명
2018080300100345,2018년 8월 3일 15시,금요일,경상북도 문경시 흥덕동,경상사고,0,0,1,0,차대사람 - 차도통행중,보행자보호의무위반,건조,맑음,교차로 - 교차로안,승용,남,88세,상해없음,보행자,여,73세,경상
2018080300100346,2018년 8월 3일 15시,금요일,경상북도 포항시 남구 구룡포읍,중상사고,0,4,4,0,차대차 - 추돌,안전운전불이행,건조,맑음,단일로 - 기타,승용,남,56세,상해없음,승용,남,56세,중상
2018080300100376,2018년 8월 3일 16시,금요일,경상북도 경주시 안강읍,경상사고,0,0,1,0,차량단독 - 공작물충돌,안전운전불이행,건조,맑음,단일로 - 기타,승용,남,27세,경상,,,,
2018080300100377,2018년 8월 3일 16시,금요일,경상북도 안동시 정하동,경상사고,0,0,2,0,차대차 - 측면충돌,교차로운행방법위반,건조,맑음,교차로 - 교차로안,승용,남,59세,상해없음,승용,남,43세,경상
2018080300100378,2018년 8월 3일 16시,금요일,경상북도 안동시 송현동,경상사고,0,0,1,0,차대차 - 측면충돌,안전운전불이행,건조,맑음,교차로 - 교차로부근,승용,여,41세,경상,화물,남,51세,상해없음
2018080300100379,2018년 8월 3일 16시,금요일,경상북도 영주시 부석면,중상사고,0,1,2,0,차대차 - 측면충돌,안전운전불이행,건조,맑음,교차로 - 교차로안,승용,남,63세,상해없음,승용,남,57세,중상
2018080300100380,2018년 8월 3일 16시,금요일,경상북도 칠곡군 석적읍,경상사고,0,0,3,0,차대차 - 측면충돌,기타,건조,맑음,교차로 - 교차로안,승용,여,41세,경상,화물,남,38세,경상
2018080300100381,2018년 8월 3일 16시,금요일,경상북도 구미시 송정동,중상사고,0,1,0,0,차대차 - 기타,안전운전불이행,건조,맑음,단일로 - 기타,승용,남,54세,상해없음,승용,남,36세,중상
2018080300100382,2018년 8월 3일 16시,금요일,경상북도 포항시 남구 대잠동,경상사고,0,0,2,0,차대차 - 측면충돌,신호위반,건조,맑음,교차로 - 교차로안,승용,남,25세,상해없음,승용,여,46세,경상
2018080300100418,2018년 8월 3일 17시,금요일,경상북도 경주시 성동동,중상사고,0,1,0,0,차대차 - 추돌,안전운전불이행,건조,맑음,교차로 - 교차로부근,승용,여,45세,상해없음,승용,여,64세,중상
2018080300100419,2018년 8월 3일 17시,금요일,경상북도 김천시 농소면,중상사고,0,2,1,0,차대차 - 측면충돌,교차로운행방법위반,건조,맑음,교차로 - 교차로안,승용,여,39세,상해없음,승합,남,47세,상해없음
2018080300100420,2018년 8월 3일 17시,금요일,경상북도 상주시 남성동,경상사고,0,0,6,0,차대차 - 측면충돌,안전운전불이행,건조,맑음,교차로 - 교차로안,승용,남,43세,상해없음,승용,남,44세,경상
2018080300100421,2018년 8월 3일 17시,금요일,경상북도 상주시 낙양동,경상사고,0,0,2,0,차대차 - 측면충돌,교차로운행방법위반,건조,맑음,교차로 - 교차로안,승용,여,43세,경상,승용,남,56세,경상
2018080300100422,2018년 8월 3일 17시,금요일,경상북도 경산시 옥산동,중상사고,0,1,0,0,차대차 - 측면충돌,안전운전불이행,건조,맑음,교차로 - 교차로안,이륜,남,39세,중상,승용,남,20세,상해없음
2018080300100423,2018년 8월 3일 17시,금요일,경상북도 군위군 부계면,경상사고,0,0,5,0,차대차 - 정면충돌,안전운전불이행,건조,맑음,단일로 - 기타,승용,남,34세,상해없음,승용,남,42세,경상
2018080300100424,2018년 8월 3일 17시,금요일,경상북도 울릉군 울릉읍,경상사고,0,0,1,0,차대사람 - 차도통행중,안전운전불이행,건조,맑음,단일로 - 기타,승용,여,47세,상해없음,보행자,남,51세,경상
2018080300100463,2018년 8월 3일 18시,금요일,경상북도 경주시 하동,경상사고,0,0,1,0,차대차 - 기타,안전운전불이행,건조,맑음,단일로 - 기타,승용,남,51세,상해없음,승용,남,47세,경상
2018080300100464,2018년 8월 3일 18시,금요일,경상북도 포항시 북구 흥해읍,중상사고,0,1,2,0,차대차 - 측면충돌,교차로운행방법위반,건조,맑음,교차로 - 교차로안,승용,남,56세,상해없음,승용,남,29세,경상
2018080300100465,2018년 8월 3일 18시,금요일,경상북도 구미시 인의동,경상사고,0,0,8,0,차대차 - 기타,중앙선침범,건조,맑음,교차로 - 교차로부근,승용,남,23세,상해없음,승용,남,48세,경상
2018080300100466,2018년 8월 3일 18시,금요일,경상북도 포항시 남구 해도동,경상사고,0,0,1,0,차대차 - 측면충돌,직진우회전진행방해,건조,맑음,교차로 - 교차로안,승용,남,63세,상해없음,화물,남,35세,경상
2018080300100537,2018년 8월 3일 20시,금요일,경상북도 구미시 지산동,중상사고,0,1,1,0,차대차 - 측면충돌,안전운전불이행,건조,맑음,단일로 - 기타,승용,남,61세,상해없음,승용,남,23세,중상
2018080300100601,2018년 8월 3일 22시,금요일,경상북도 경주시 천북면,중상사고,0,1,1,0,차대차 - 추돌,안전운전불이행,건조,맑음,단일로 - 기타,승용,여,54세,중상,승용,남,41세,경상
2018080300100602,2018년 8월 3일 22시,금요일,경상북도 영주시 하망동,경상사고,0,0,1,0,차대차 - 추돌,안전운전불이행,건조,맑음,단일로 - 기타,승용,남,46세,상해없음,이륜,남,41세,경상
2018080300100603,2018년 8월 3일 22시,금요일,경상북도 칠곡군 북삼읍,경상사고,0,0,2,0,차대사람 - 횡단중,안전운전불이행,건조,맑음,단일로 - 기타,승용,남,35세,상해없음,보행자,남,9세,경상
2018080300100604,2018년 8월 3일 22시,금요일,경상북도 경산시 대동,중상사고,0,1,0,0,차대차 - 측면충돌,안전운전불이행,건조,맑음,단일로 - 기타,이륜,남,23세,중상,승용,남,26세,상해없음
2018080300100626,2018년 8월 3일 23시,금요일,경상북도 포항시 북구 두호동,경상사고,0,0,2,0,차대차 - 추돌,안전운전불이행,건조,맑음,단일로 - 기타,이륜,남,37세,상해없음,승용,남,22세,경상
2018080300100627,2018년 8월 3일 23시,금요일,경상북도 영주시 가흥동,사망사고,1,0,0,0,차대사람 - 기타,안전운전불이행,건조,맑음,단일로 - 기타,승용,남,31세,상해없음,보행자,여,47세,사망
2018080300100628,2018년 8월 3일 23시,금요일,경상북도 경산시 대평동,중상사고,0,1,0,0,차대차 - 측면충돌,안전운전불이행,건조,맑음,교차로 - 교차로부근,이륜,남,39세,중상,승용,남,63세,상해없음
2018080400100050,2018년 8월 4일 02시,토요일,경상북도 구미시 송정동,중상사고,0,1,1,0,차대차 - 측면충돌,안전운전불이행,건조,맑음,교차로 - 교차로부근,승용,여,47세,경상,승용,남,20세,중상
2018080400100057,2018년 8월 4일 03시,토요일,경상북도 구미시 사곡동,부상신고사고,0,0,0,1,차량단독 - 기타,안전운전불이행,건조,맑음,단일로 - 기타,승용,남,26세,부상신고,,,,
2018080400100093,2018년 8월 4일 05시,토요일,경상북도 포항시 남구 해도동,사망사고,1,0,0,0,차대사람 - 횡단중,신호위반,건조,맑음,단일로 - 기타,화물,남,73세,상해없음,보행자,여,72세,사망
2018080400100100,2018년 8월 4일 06시,토요일,경상북도 경주시 황성동,경상사고,0,0,1,0,차대차 - 측면충돌,중앙선침범,건조,맑음,교차로 - 교차로부근,승용,여,45세,상해없음,자전거,여,76세,경상
2018080400100137,2018년 8월 4일 08시,토요일,경상북도 의성군 단촌면,중상사고,0,2,3,0,차대차 - 측면충돌,안전거리미확보,건조,맑음,기타 - 기타,화물,남,67세,경상,승용,여,57세,중상
2018080400100138,2018년 8월 4일 08시,토요일,경상북도 영천시 금노동,중상사고,0,1,0,0,차대사람 - 횡단중,안전운전불이행,건조,맑음,단일로 - 기타,승용,여,56세,상해없음,보행자,여,77세,중상
2018080400100139,2018년 8월 4일 08시,토요일,경상북도 경산시 진량읍,경상사고,0,0,1,0,차대차 - 측면충돌,교차로운행방법위반,건조,맑음,교차로 - 교차로안,승용,남,75세,경상,승용,남,23세,상해없음
2018080400100140,2018년 8월 4일 08시,토요일,경상북도 포항시 남구 해도동,경상사고,0,0,1,0,차대차 - 기타,안전운전불이행,건조,맑음,교차로 - 교차로안,이륜,여,40세,경상,승용,남,38세,상해없음
2018080400100180,2018년 8월 4일 10시,토요일,경상북도 경주시 양남면,경상사고,0,0,1,0,차대차 - 측면충돌,안전운전불이행,건조,맑음,교차로 - 교차로안,승용,남,76세,상해없음,자전거,남,47세,경상
2018080400100181,2018년 8월 4일 10시,토요일,경상북도 경주시 외동읍,경상사고,0,0,2,0,차대차 - 측면충돌,신호위반,건조,맑음,교차로 - 교차로부근,승용,남,22세,상해없음,승용,남,44세,경상
2018080400100182,2018년 8월 4일 10시,토요일,경상북도 포항시 북구 흥해읍,중상사고,0,2,0,0,차대차 - 추돌,안전운전불이행,건조,맑음,교차로 - 교차로부근,건설기계,남,54세,상해없음,승용,남,71세,중상
2018080400100183,2018년 8월 4일 10시,토요일,경상북도 포항시 북구 용흥동,경상사고,0,0,1,0,차대차 - 기타,안전운전불이행,건조,맑음,단일로 - 기타,승용,남,58세,상해없음,자전거,여,62세,경상
2018080400100184,2018년 8월 4일 10시,토요일,경상북도 구미시 송정동,중상사고,0,1,0,0,차대차 - 측면충돌,안전운전불이행,건조,맑음,교차로 - 교차로안,승용,남,54세,상해없음,승용,남,42세,중상
2018080400100213,2018년 8월 4일 11시,토요일,경상북도 칠곡군 왜관읍,중상사고,0,1,0,0,차대차 - 측면충돌,교차로운행방법위반,건조,맑음,교차로 - 교차로안,승합,남,59세,상해없음,이륜,남,60세,중상
2018080400100214,2018년 8월 4일 11시,토요일,경상북도 구미시 선산읍,경상사고,0,0,1,0,차대차 - 기타,안전운전불이행,건조,맑음,교차로 - 교차로부근,승용,여,68세,상해없음,승합,남,47세,상해없음
2018080400100240,2018년 8월 4일 12시,토요일,경상북도 영천시 도동,중상사고,0,1,0,0,차대차 - 측면충돌,교차로운행방법위반,건조,맑음,교차로 - 교차로안,승합,남,74세,상해없음,이륜,남,77세,중상
2018080400100301,2018년 8월 4일 14시,토요일,경상북도 문경시 모전동,경상사고,0,0,1,0,차대차 - 측면충돌,직진우회전진행방해,건조,맑음,교차로 - 교차로안,승용,여,43세,상해없음,자전거,여,70세,경상
2018080400100326,2018년 8월 4일 15시,토요일,경상북도 김천시 삼락동,중상사고,0,1,0,0,차대차 - 측면충돌,교차로운행방법위반,건조,맑음,교차로 - 교차로부근,화물,남,58세,상해없음,이륜,남,34세,중상
2018080400100327,2018년 8월 4일 15시,토요일,경상북도 청도군 운문면,경상사고,0,0,1,0,차대사람 - 횡단중,안전운전불이행,건조,맑음,단일로 - 기타,화물,남,67세,상해없음,보행자,남,6세,경상
2018080400100357,2018년 8월 4일 16시,토요일,경상북도 봉화군 법전면,경상사고,0,0,2,0,차대차 - 기타,교차로운행방법위반,건조,맑음,교차로 - 교차로안,화물,여,54세,상해없음,승용,여,50세,경상
2018080400100358,2018년 8월 4일 16시,토요일,경상북도 성주군 금수면,경상사고,0,0,1,0,차대차 - 측면충돌,중앙선침범,건조,맑음,단일로 - 기타,승용,남,70세,상해없음,승용,남,60세,상해없음
2018080400100386,2018년 8월 4일 17시,토요일,경상북도 포항시 북구 죽도동,경상사고,0,0,1,0,차대사람 - 기타,안전운전불이행,건조,맑음,단일로 - 기타,승용,여,24세,상해없음,보행자,남,58세,경상
2018080400100387,2018년 8월 4일 17시,토요일,경상북도 상주시 사벌면,경상사고,0,0,1,0,차량단독 - 공작물충돌,안전운전불이행,건조,맑음,단일로 - 기타,원동기,남,72세,경상,,,,
2018080400100388,2018년 8월 4일 17시,토요일,경상북도 구미시 송정동,경상사고,0,0,1,0,차대사람 - 기타,보행자보호의무위반,건조,맑음,교차로 - 교차로횡단보도내,승용,여,60세,상해없음,보행자,남,61세,경상
2018080400100421,2018년 8월 4일 18시,토요일,경상북도 울진군 평해읍,경상사고,0,0,5,0,차대차 - 추돌,안전운전불이행,건조,맑음,교차로 - 교차로부근,승용,남,53세,상해없음,승용,여,45세,경상
2018080400100449,2018년 8월 4일 19시,토요일,경상북도 구미시 인의동,경상사고,0,0,1,0,차대사람 - 기타,안전운전불이행,건조,맑음,단일로 - 기타,이륜,남,27세,상해없음,보행자,여,6세,경상
2018080400100504,2018년 8월 4일 21시,토요일,경상북도 포항시 북구 장성동,경상사고,0,0,1,0,차대차 - 추돌,안전운전불이행,건조,맑음,단일로 - 기타,이륜,남,25세,경상,승합,남,65세,상해없음
2018080400100505,2018년 8월 4일 21시,토요일,경상북도 상주시 공검면,중상사고,0,2,0,0,차대차 - 측면충돌,안전운전불이행,건조,맑음,단일로 - 기타,승용,남,57세,상해없음,승용,여,59세,중상
2018080400100506,2018년 8월 4일 21시,토요일,경상북도 구미시 고아읍,경상사고,0,0,1,0,차대사람 - 기타,안전운전불이행,건조,맑음,단일로 - 기타,기타불명,기타불명,미분류,기타불명,보행자,여,26세,경상
2018080400100552,2018년 8월 4일 23시,토요일,경상북도 영양군 석보면,중상사고,0,1,0,0,차대차 - 추돌,안전운전불이행,건조,맑음,교차로 - 교차로부근,화물,남,61세,중상,화물,남,36세,상해없음
2018080500100010,2018년 8월 5일 00시,일요일,경상북도 영주시 가흥동,경상사고,0,0,1,0,차대차 - 추돌,안전운전불이행,건조,맑음,단일로 - 기타,승용,남,40세,상해없음,승용,여,23세,경상
2018080500100011,2018년 8월 5일 00시,일요일,경상북도 영양군 수비면,중상사고,0,1,0,0,차량단독 - 전도전복 - 전복,안전운전불이행,건조,맑음,단일로 - 기타,승용,남,60세,상해없음,미분류,미분류,미분류,미분류
2018080500100012,2018년 8월 5일 00시,일요일,경상북도 포항시 남구 대송면,중상사고,0,1,1,3,차대차 - 기타,안전운전불이행,건조,맑음,단일로 - 기타,승용,여,35세,중상,건설기계,남,36세,경상
2018080500100023,2018년 8월 5일 01시,일요일,경상북도 안동시 옥야동,경상사고,0,0,3,0,차대차 - 정면충돌,신호위반,건조,맑음,교차로 - 교차로안,승용,여,28세,경상,승용,남,46세,경상
2018080500100101,2018년 8월 5일 08시,일요일,경상북도 칠곡군 석적읍,경상사고,0,0,3,0,차대차 - 측면충돌,안전운전불이행,건조,맑음,단일로 - 기타,승용,남,54세,상해없음,승용,여,44세,경상
2018080500100102,2018년 8월 5일 08시,일요일,경상북도 영양군 석보면,경상사고,0,0,1,0,차대차 - 정면충돌,중앙선침범,건조,맑음,단일로 - 기타,화물,여,53세,상해없음,승용,여,59세,경상
2018080500100122,2018년 8월 5일 09시,일요일,경상북도 안동시 남선면,중상사고,0,1,0,0,차대사람 - 길가장자리구역통행중,안전운전불이행,건조,맑음,단일로 - 기타,승용,남,54세,상해없음,보행자,남,30세,중상
2018080500100123,2018년 8월 5일 09시,일요일,경상북도 경산시 사정동,경상사고,0,0,2,0,차대차 - 추돌,안전거리미확보,건조,맑음,교차로 - 교차로부근,승용,여,42세,경상,승용,남,43세,경상
2018080500100145,2018년 8월 5일 10시,일요일,경상북도 안동시 법흥동,중상사고,0,1,2,0,차대차 - 측면충돌,신호위반,건조,맑음,교차로 - 교차로안,이륜,남,16세,중상,승용,남,28세,경상
2018080500100146,2018년 8월 5일 10시,일요일,경상북도 안동시 태화동,경상사고,0,0,1,0,차대차 - 측면충돌,안전운전불이행,건조,맑음,교차로 - 교차로안,승용,남,46세,상해없음,승용,남,60세,경상
2018080500100164,2018년 8월 5일 11시,일요일,경상북도 경주시 성건동,경상사고,0,0,1,0,차대사람 - 횡단중,안전운전불이행,건조,맑음,단일로 - 기타,승용,남,31세,상해없음,보행자,남,5세,경상
2018080500100165,2018년 8월 5일 11시,일요일,경상북도 영덕군 강구면,경상사고,0,0,1,0,차대차 - 추돌,안전운전불이행,건조,맑음,단일로 - 기타,승용,여,33세,상해없음,승용,여,54세,경상