사고번호,사고일시,요일,시군구,사고내용,사망자수,중상자수,경상자수,부상신고자수,사고유형,법규위반,노면상태,기상상태,도로형태,가해운전자 차종,가해운전자 성별,가해운전자 연령,가해운전자 상해정도,피해운전자 차종,피해운전자 성별,피해운전자 연령,피해운전자 상해정도
2018080800100530,2018년 8월 8일 21시,수요일,경상북도 구미시 형곡동,경상사고,0,0,2,0,차대차 - 기타,안전운전불이행,건조,맑음,교차로 - 교차로안,승용,남,39세,상해없음,승용,남,20세,경상
2018080800100573,2018년 8월 8일 23시,수요일,경상북도 의성군 의성읍,중상사고,0,1,0,0,차량단독 - 공작물충돌,안전운전불이행,건조,맑음,기타 - 기타,승용,여,31세,중상,,,,
2018080900100014,2018년 8월 9일 00시,목요일,경상북도 포항시 북구 대흥동,사망사고,1,0,0,0,차량단독 - 공작물충돌,안전운전불이행,건조,맑음,단일로 - 고가도로위,이륜,남,53세,사망,,,,
2018080900100015,2018년 8월 9일 00시,목요일,경상북도 포항시 북구 대흥동,경상사고,0,0,1,0,차대차 - 추돌,안전운전불이행,건조,맑음,단일로 - 고가도로위,승용,남,23세,상해없음,승용,남,71세,경상
2018080900100016,2018년 8월 9일 00시,목요일,경상북도 예천군 예천읍,중상사고,0,1,1,0,차대차 - 측면충돌,안전운전불이행,건조,맑음,교차로 - 교차로안,승용,남,41세,상해없음,승용,남,58세,중상
2018080900100041,2018년 8월 9일 03시,목요일,경상북도 영천시 완산동,중상사고,0,1,0,0,차대차 - 측면충돌,신호위반,건조,맑음,교차로 - 교차로안,승용,남,45세,상해없음,승용,남,59세,중상
2018080900100073,2018년 8월 9일 06시,목요일,경상북도 안동시 태화동,경상사고,0,0,1,0,차대차 - 측면충돌,안전운전불이행,건조,맑음,교차로 - 교차로안,사륜오토바이(ATV),남,78세,경상,승용,남,35세,상해없음
2018080900100096,2018년 8월 9일 07시,목요일,경상북도 구미시 산동면,중상사고,0,1,0,2,차대차 - 측면충돌,교차로운행방법위반,건조,맑음,교차로 - 교차로안,승용,남,27세,부상신고,승용,남,64세,중상
2018080900100125,2018년 8월 9일 08시,목요일,경상북도 경주시 동천동,중상사고,0,1,0,0,차대차 - 측면충돌,안전운전불이행,건조,맑음,교차로 - 교차로안,승용,여,53세,상해없음,자전거,여,74세,중상
2018080900100126,2018년 8월 9일 08시,목요일,경상북도 군위군 효령면,중상사고,0,1,0,0,차대차 - 측면충돌,안전운전불이행,건조,맑음,단일로 - 기타,승합,남,39세,상해없음,농기계,남,66세,중상
2018080900100127,2018년 8월 9일 08시,목요일,경상북도 구미시 도량동,중상사고,0,1,0,0,차대차 - 추돌,안전운전불이행,건조,맑음,단일로 - 기타,승용,남,66세,상해없음,이륜,남,33세,중상
2018080900100156,2018년 8월 9일 09시,목요일,경상북도 안동시 당북동,경상사고,0,0,1,0,차대차 - 측면충돌,안전운전불이행,건조,맑음,단일로 - 기타,승용,남,80세,상해없음,자전거,남,84세,경상
2018080900100157,2018년 8월 9일 09시,목요일,경상북도 상주시 냉림동,중상사고,0,1,0,0,차대차 - 측면충돌,안전운전불이행,건조,맑음,단일로 - 기타,특수,남,50세,상해없음,자전거,여,73세,중상
2018080900100158,2018년 8월 9일 09시,목요일,경상북도 의성군 구천면,중상사고,0,1,0,0,차대차 - 측면충돌,직진우회전진행방해,건조,맑음,교차로 - 교차로안,원동기,남,78세,중상,승용,여,42세,상해없음
2018080900100188,2018년 8월 9일 10시,목요일,경상북도 의성군 봉양면,중상사고,0,2,0,0,차대차 - 측면충돌,안전운전불이행,건조,맑음,단일로 - 기타,화물,남,65세,상해없음,이륜,남,78세,중상
2018080900100253,2018년 8월 9일 12시,목요일,경상북도 영주시 부석면,경상사고,0,0,4,0,차대차 - 측면충돌,교차로운행방법위반,건조,맑음,교차로 - 교차로안,승용,여,54세,경상,승용,남,53세,경상
2018080900100254,2018년 8월 9일 12시,목요일,경상북도 구미시 임수동,경상사고,0,0,4,0,차대차 - 기타,안전운전불이행,건조,맑음,단일로 - 고가도로위,승용,여,57세,상해없음,승용,여,36세,경상
2018080900100255,2018년 8월 9일 12시,목요일,경상북도 포항시 남구 연일읍,경상사고,0,0,1,0,차대차 - 기타,교차로운행방법위반,건조,맑음,교차로 - 교차로안,승용,남,60세,상해없음,이륜,남,32세,경상
2018080900100284,2018년 8월 9일 13시,목요일,경상북도 포항시 북구 우현동,경상사고,0,0,1,0,차대차 - 측면충돌,안전운전불이행,건조,맑음,단일로 - 기타,원동기,남,35세,경상,승용,남,67세,기타불명
2018080900100285,2018년 8월 9일 13시,목요일,경상북도 포항시 북구 우현동,경상사고,0,0,1,0,차대차 - 추돌,안전운전불이행,건조,맑음,교차로 - 교차로부근,승용,남,60세,상해없음,승용,남,62세,경상
2018080900100286,2018년 8월 9일 13시,목요일,경상북도 포항시 남구 상도동,경상사고,0,0,1,0,차대차 - 추돌,안전운전불이행,건조,맑음,교차로 - 교차로안,승용,남,53세,상해없음,승용,여,32세,경상
2018080900100317,2018년 8월 9일 14시,목요일,경상북도 경주시 서면,경상사고,0,0,5,0,차대차 - 추돌,안전운전불이행,건조,맑음,단일로 - 기타,화물,남,52세,상해없음,승용,남,76세,경상
2018080900100318,2018년 8월 9일 14시,목요일,경상북도 포항시 북구 득량동,중상사고,0,1,0,0,차대차 - 측면충돌,차로위반,건조,맑음,단일로 - 기타,승용,남,65세,상해없음,승용,여,63세,중상
2018080900100319,2018년 8월 9일 14시,목요일,경상북도 포항시 남구 송내동,경상사고,0,0,4,0,차대차 - 추돌,안전거리미확보,건조,맑음,단일로 - 기타,화물,남,47세,상해없음,화물,남,58세,상해없음
2018080900100359,2018년 8월 9일 15시,목요일,경상북도 영천시 화남면,중상사고,0,1,0,0,차대차 - 측면충돌,중앙선침범,건조,맑음,단일로 - 기타,화물,남,58세,상해없음,화물,남,54세,상해없음
2018080900100360,2018년 8월 9일 15시,목요일,경상북도 경산시 백천동,경상사고,0,0,1,0,차대사람 - 횡단중,보행자보호의무위반,건조,맑음,교차로 - 교차로횡단보도내,승용,남,50세,상해없음,보행자,남,9세,경상
2018080900100400,2018년 8월 9일 16시,목요일,경상북도 경주시 양남면,중상사고,0,1,4,0,차대차 - 정면충돌,중앙선침범,건조,맑음,단일로 - 지하차도(도로)내,승용,남,29세,경상,승합,남,59세,경상
2018080900100439,2018년 8월 9일 17시,목요일,경상북도 김천시 성내동,경상사고,0,0,1,0,차대차 - 기타,교차로운행방법위반,건조,맑음,교차로 - 교차로안,승용,남,78세,상해없음,승합,남,46세,상해없음
2018080900100473,2018년 8월 9일 18시,목요일,경상북도 경주시 동천동,중상사고,0,1,0,0,차대사람 - 횡단중,안전운전불이행,건조,맑음,단일로 - 기타,자전거,여,58세,상해없음,보행자,여,68세,중상
2018080900100474,2018년 8월 9일 18시,목요일,경상북도 문경시 점촌동,경상사고,0,0,1,0,차대차 - 측면충돌,직진우회전진행방해,건조,맑음,교차로 - 교차로안,승용,여,38세,상해없음,사륜오토바이(ATV),남,85세,경상
2018080900100475,2018년 8월 9일 18시,목요일,경상북도 성주군 선남면,경상사고,0,0,1,0,차대차 - 정면충돌,안전운전불이행,건조,맑음,단일로 - 기타,화물,남,58세,상해없음,승용,여,36세,경상
2018080900100476,2018년 8월 9일 18시,목요일,경상북도 성주군 성주읍,중상사고,0,1,0,0,차대차 - 측면충돌,안전운전불이행,건조,맑음,교차로 - 교차로안,화물,남,19세,상해없음,승용,여,28세,중상
2018080900100477,2018년 8월 9일 18시,목요일,경상북도 포항시 남구 상도동,경상사고,0,0,1,0,차량단독 - 기타,안전운전불이행,건조,맑음,단일로 - 기타,승합,남,56세,상해없음,,,,
2018080900100522,2018년 8월 9일 19시,목요일,경상북도 상주시 남성동,경상사고,0,0,1,0,차대차 - 측면충돌,신호위반,건조,흐림,단일로 - 기타,자전거,남,11세,경상,승용,여,55세,상해없음
2018080900100523,2018년 8월 9일 19시,목요일,경상북도 칠곡군 왜관읍,경상사고,0,0,1,0,차대차 - 측면충돌,안전운전불이행,건조,맑음,단일로 - 기타,이륜,남,78세,경상,승용,여,43세,상해없음
2018080900100524,2018년 8월 9일 19시,목요일,경상북도 성주군 성주읍,경상사고,0,0,1,0,차대차 - 측면충돌,안전운전불이행,건조,맑음,교차로 - 교차로안,승용,남,59세,상해없음,화물,남,38세,경상
2018080900100525,2018년 8월 9일 19시,목요일,경상북도 포항시 남구 동촌동,경상사고,0,0,1,0,차대차 - 추돌,안전운전불이행,젖음/습기,비,교차로 - 교차로부근,승용,남,65세,상해없음,승용,남,50세,경상
2018080900100544,2018년 8월 9일 20시,목요일,경상북도 칠곡군 가산면,경상사고,0,0,1,0,차대차 - 후진중충돌,안전운전불이행,건조,맑음,기타 - 기타,승용,여,71세,상해없음,승용,남,30세,경상
2018080900100545,2018년 8월 9일 20시,목요일,경상북도 경산시 하양읍,중상사고,0,1,0,0,차대사람 - 횡단중,안전운전불이행,건조,맑음,단일로 - 기타,승용,남,44세,상해없음,보행자,남,17세,중상
2018080900100546,2018년 8월 9일 20시,목요일,경상북도 구미시 도량동,경상사고,0,0,1,0,차대차 - 측면충돌,교차로운행방법위반,건조,맑음,교차로 - 교차로안,승용,여,51세,상해없음,이륜,여,55세,경상
2018080900100547,2018년 8월 9일 20시,목요일,경상북도 구미시 옥계동,경상사고,0,0,1,0,차대차 - 기타,안전운전불이행,건조,맑음,교차로 - 교차로부근,이륜,남,39세,경상,기타불명,기타불명,미분류,기타불명
2018080900100574,2018년 8월 9일 21시,목요일,경상북도 안동시 금곡동,사망사고,1,0,0,0,차량단독 - 전도전복 - 전도,안전운전불이행,젖음/습기,비,단일로 - 기타,사륜오토바이(ATV),남,61세,사망,미분류,미분류,미분류,미분류
2018080900100596,2018년 8월 9일 22시,목요일,경상북도 포항시 북구 항구동,경상사고,0,0,1,0,차대차 - 추돌,안전거리미확보,건조,맑음,교차로 - 교차로부근,특수,남,35세,상해없음,승용,여,37세,경상
2018080900100597,2018년 8월 9일 22시,목요일,경상북도 영주시 이산면,부상신고사고,0,0,0,1,차량단독 - 공작물충돌,안전운전불이행,젖음/습기,비,단일로 - 기타,승용,남,58세,부상신고,,,,
2018080900100598,2018년 8월 9일 22시,목요일,경상북도 포항시 남구 해도동,경상사고,0,0,1,0,차대차 - 측면충돌,안전운전불이행,건조,맑음,단일로 - 기타,이륜,남,59세,경상,승용,남,59세,상해없음
2018080900100625,2018년 8월 9일 23시,목요일,경상북도 포항시 남구 송도동,경상사고,0,0,1,0,차대차 - 기타,안전운전불이행,건조,맑음,교차로 - 교차로안,승용,남,55세,상해없음,승용,남,32세,경상
2018081000100032,2018년 8월 10일 02시,금요일,경상북도 포항시 북구 죽도동,경상사고,0,0,1,0,차대차 - 측면충돌,신호위반,건조,맑음,교차로 - 교차로안,승용,남,47세,상해없음,원동기,남,44세,경상
2018081000100045,2018년 8월 10일 04시,금요일,경상북도 포항시 북구 용흥동,중상사고,0,1,1,0,차대차 - 기타,안전운전불이행,건조,맑음,단일로 - 기타,승용,남,34세,상해없음,승용,남,67세,경상
2018081000100046,2018년 8월 10일 04시,금요일,경상북도 칠곡군 동명면,경상사고,0,0,1,0,차량단독 - 공작물충돌,안전운전불이행,젖음/습기,비,교차로 - 교차로안,승용,남,31세,상해없음,,,,
2018081000100056,2018년 8월 10일 05시,금요일,경상북도 문경시 점촌동,경상사고,0,0,3,0,차대차 - 측면충돌,신호위반,건조,맑음,교차로 - 교차로안,승합,남,45세,경상,화물,남,72세,경상
2018081000100057,2018년 8월 10일 05시,금요일,경상북도 경산시 계양동,중상사고,0,2,0,0,차대차 - 추돌,안전운전불이행,젖음/습기,비,교차로 - 교차로부근,승용,여,23세,상해없음,승용,남,61세,중상
2018081000100078,2018년 8월 10일 06시,금요일,경상북도 경주시 천북면,중상사고,0,1,0,0,차량단독 - 도로외이탈 - 추락,안전운전불이행,젖음/습기,비,단일로 - 기타,이륜,남,77세,중상,,,,
2018081000100079,2018년 8월 10일 06시,금요일,경상북도 경주시 건천읍,중상사고,0,7,0,0,차량단독 - 공작물충돌,안전운전불이행,젖음/습기,비,단일로 - 기타,승합,남,63세,중상,,,,
2018081000100080,2018년 8월 10일 06시,금요일,경상북도 구미시 오태동,부상신고사고,0,0,0,1,차량단독 - 공작물충돌,안전운전불이행,젖음/습기,비,단일로 - 기타,승용,남,38세,부상신고,,,,
2018081000100081,2018년 8월 10일 06시,금요일,경상북도 포항시 남구 대송면,경상사고,0,0,1,0,차량단독 - 기타,안전운전불이행,젖음/습기,비,단일로 - 기타,승용,남,67세,경상,,,,
2018081000100082,2018년 8월 10일 06시,금요일,경상북도 포항시 남구 송도동,경상사고,0,0,2,0,차대차 - 기타,신호위반,젖음/습기,비,교차로 - 교차로안,승용,남,52세,상해없음,승용,남,74세,경상
2018081000100094,2018년 8월 10일 07시,금요일,경상북도 영천시 금호읍,경상사고,0,0,3,0,차대차 - 추돌,안전거리미확보,젖음/습기,비,단일로 - 기타,승용,여,48세,경상,승용,남,26세,경상
2018081000100095,2018년 8월 10일 07시,금요일,경상북도 예천군 예천읍,중상사고,0,1,0,0,차대차 - 측면충돌,안전운전불이행,건조,맑음,단일로 - 기타,화물,남,42세,상해없음,자전거,남,64세,중상
2018081000100096,2018년 8월 10일 07시,금요일,경상북도 성주군 선남면,경상사고,0,0,1,0,차대차 - 기타,안전운전불이행,젖음/습기,흐림,교차로 - 교차로안,승용,남,55세,상해없음,화물,남,64세,경상
2018081000100097,2018년 8월 10일 07시,금요일,경상북도 포항시 남구 연일읍,경상사고,0,0,1,0,차대차 - 측면충돌,신호위반,젖음/습기,비,교차로 - 교차로안,승용,남,34세,상해없음,화물,남,58세,경상
2018081000100129,2018년 8월 10일 08시,금요일,경상북도 문경시 문경읍,중상사고,0,1,3,0,차대차 - 측면충돌,교차로운행방법위반,건조,맑음,교차로 - 교차로안,승용,여,48세,경상,승용,여,60세,경상
2018081000100130,2018년 8월 10일 08시,금요일,경상북도 포항시 남구 구룡포읍,경상사고,0,0,2,0,차대차 - 측면충돌,불법유턴,건조,맑음,교차로 - 교차로부근,화물,남,63세,경상,화물,남,61세,경상
2018081000100179,2018년 8월 10일 10시,금요일,경상북도 칠곡군 왜관읍,사망사고,1,0,0,0,차량단독 - 공작물충돌,안전운전불이행,건조,맑음,교차로 - 교차로부근,승용,여,66세,사망,,,,
2018081000100212,2018년 8월 10일 11시,금요일,경상북도 포항시 북구 양덕동,경상사고,0,0,1,0,차대차 - 기타,안전운전불이행,젖음/습기,비,단일로 - 기타,승용,여,50세,상해없음,이륜,남,52세,경상
2018081000100244,2018년 8월 10일 12시,금요일,경상북도 울진군 매화면,사망사고,1,1,0,0,차대차 - 측면충돌,신호위반,젖음/습기,비,교차로 - 교차로안,승용,남,61세,상해없음,승용,남,64세,사망
2018081000100283,2018년 8월 10일 13시,금요일,경상북도 경주시 성건동,중상사고,0,1,0,0,차대차 - 측면충돌,신호위반,젖음/습기,비,교차로 - 교차로부근,승용,남,61세,상해없음,승용,남,28세,중상
2018081000100284,2018년 8월 10일 13시,금요일,경상북도 경주시 신평동,중상사고,0,1,0,0,차대차 - 측면충돌,중앙선침범,건조,맑음,단일로 - 지하차도(도로)내,승용,남,26세,상해없음,이륜,남,65세,중상
2018081000100285,2018년 8월 10일 13시,금요일,경상북도 안동시 일직면,중상사고,0,1,0,0,차대차 - 추돌,안전거리미확보,건조,맑음,교차로 - 교차로부근,화물,남,71세,상해없음,승용,남,52세,중상
2018081000100319,2018년 8월 10일 14시,금요일,경상북도 안동시 정하동,경상사고,0,0,4,0,차대차 - 측면충돌,안전운전불이행,건조,맑음,단일로 - 기타,승용,남,52세,상해없음,승용,남,48세,경상
2018081000100320,2018년 8월 10일 14시,금요일,경상북도 영주시 하망동,경상사고,0,0,1,0,차대사람 - 횡단중,안전운전불이행,건조,맑음,단일로 - 기타,승용,남,37세,상해없음,보행자,남,8세,경상
2018081000100321,2018년 8월 10일 14시,금요일,경상북도 구미시 공단동,경상사고,0,0,1,1,차대차 - 측면충돌,안전운전불이행,건조,맑음,교차로 - 교차로안,승용,여,52세,부상신고,승용,남,52세,경상
2018081000100322,2018년 8월 10일 14시,금요일,경상북도 경산시 진량읍,중상사고,0,1,2,0,차대차 - 추돌,안전운전불이행,건조,맑음,단일로 - 기타,화물,남,39세,상해없음,승용,여,35세,중상
2018081000100362,2018년 8월 10일 15시,금요일,경상북도 경주시 천북면,경상사고,0,0,3,0,차대차 - 측면충돌,안전운전불이행,건조,맑음,단일로 - 기타,화물,남,63세,상해없음,승용,여,49세,경상
2018081000100363,2018년 8월 10일 15시,금요일,경상북도 안동시 운흥동,중상사고,0,1,0,0,차대사람 - 횡단중,안전운전불이행,건조,맑음,교차로 - 교차로횡단보도내,승용,여,60세,상해없음,보행자,여,59세,중상
2018081000100364,2018년 8월 10일 15시,금요일,경상북도 문경시 영순면,경상사고,0,0,2,0,차대차 - 측면충돌,직진우회전진행방해,건조,맑음,교차로 - 교차로안,이륜,남,84세,경상,승용,여,40세,경상
2018081000100401,2018년 8월 10일 16시,금요일,경상북도 예천군 보문면,경상사고,0,0,1,0,차대차 - 측면충돌,안전운전불이행,건조,맑음,교차로 - 교차로안,화물,남,49세,상해없음,화물,남,60세,경상
2018081000100444,2018년 8월 10일 17시,금요일,경상북도 포항시 북구 죽도동,경상사고,0,0,1,0,차대차 - 측면충돌,안전운전불이행,건조,맑음,단일로 - 기타,승용,남,39세,상해없음,승용,여,64세,경상
2018081000100445,2018년 8월 10일 17시,금요일,경상북도 안동시 율세동,경상사고,0,0,1,0,차대차 - 기타,안전운전불이행,건조,맑음,단일로 - 기타,자전거,여,62세,경상,승용,남,60세,상해없음
2018081000100446,2018년 8월 10일 17시,금요일,경상북도 포항시 남구 효자동,중상사고,0,1,1,0,차대차 - 측면충돌,중앙선침범,건조,맑음,단일로 - 기타,승용,여,53세,상해없음,승용,남,52세,중상
2018081000100494,2018년 8월 10일 18시,금요일,경상북도 고령군 성산면,중상사고,0,2,0,0,차대차 - 정면충돌,중앙선침범,건조,맑음,단일로 - 기타,승용,남,74세,중상,승용,남,40세,중상
2018081000100495,2018년 8월 10일 18시,금요일,경상북도 구미시 양호동,경상사고,0,0,1,0,차대차 - 추돌,안전거리미확보,건조,맑음,단일로 - 기타,승용,남,58세,상해없음,승용,여,50세,경상
2018081000100536,2018년 8월 10일 19시,금요일,경상북도 포항시 북구 장성동,중상사고,0,1,0,0,차대사람 - 기타,안전운전불이행,건조,맑음,교차로 - 교차로안,이륜,남,19세,상해없음,보행자,여,43세,중상
2018081000100537,2018년 8월 10일 19시,금요일,경상북도 안동시 송현동,경상사고,0,0,1,0,차대차 - 측면충돌,안전운전불이행,건조,맑음,단일로 - 기타,승용,남,49세,상해없음,원동기,남,19세,경상
2018081000100538,2018년 8월 10일 19시,금요일,경상북도 칠곡군 약목면,경상사고,0,0,2,0,차대차 - 측면충돌,안전운전불이행,건조,맑음,단일로 - 기타,승용,여,54세,상해없음,승용,남,28세,경상
2018081000100579,2018년 8월 10일 20시,금요일,경상북도 경주시 내남면,중상사고,0,1,0,0,차대차 - 추돌,안전운전불이행,건조,맑음,교차로 - 교차로부근,승용,여,50세,기타불명,승용,남,35세,중상
2018081000100608,2018년 8월 10일 21시,금요일,경상북도 영천시 창구동,경상사고,0,0,3,0,차대차 - 측면충돌,안전운전불이행,건조,맑음,교차로 - 교차로안,승용,여,41세,경상,승용,남,43세,경상
2018081000100609,2018년 8월 10일 21시,금요일,경상북도 구미시 형곡동,사망사고,1,0,0,0,차대사람 - 횡단중,신호위반,건조,맑음,교차로 - 교차로안,원동기,남,17세,상해없음,보행자,여,65세,사망
2018081000100610,2018년 8월 10일 21시,금요일,경상북도 포항시 남구 오천읍,중상사고,0,1,0,0,차량단독 - 기타,안전운전불이행,건조,맑음,단일로 - 기타,이륜,남,75세,중상,,,,
2018081000100632,2018년 8월 10일 22시,금요일,경상북도 포항시 북구 덕산동,경상사고,0,0,4,0,차대차 - 측면충돌,안전운전불이행,건조,맑음,교차로 - 교차로안,승용,여,49세,경상,승용,여,28세,경상
2018081100100019,2018년 8월 11일 00시,토요일,경상북도 포항시 북구 흥해읍,경상사고,0,0,1,0,차대차 - 측면충돌,안전운전불이행,건조,맑음,단일로 - 기타,승용,남,22세,상해없음,화물,남,65세,경상
2018081100100035,2018년 8월 11일 01시,토요일,경상북도 김천시 아포읍,중상사고,0,1,0,0,차량단독 - 전도전복 - 전복,안전운전불이행,건조,기타,단일로 - 기타,이륜,남,18세,상해없음,미분류,미분류,미분류,미분류
2018081100100060,2018년 8월 11일 04시,토요일,경상북도 울진군 매화면,경상사고,0,0,1,0,차대차 - 추돌,안전운전불이행,젖음/습기,비,단일로 - 기타,이륜,남,61세,경상,승용,남,76세,상해없음
2018081100100104,2018년 8월 11일 07시,토요일,경상북도 의성군 의성읍,중상사고,0,1,0,0,차대차 - 기타,안전운전불이행,건조,맑음,단일로 - 기타,승합,남,59세,상해없음,이륜,남,65세,상해없음
2018081100100105,2018년 8월 11일 07시,토요일,경상북도 영주시 풍기읍,경상사고,0,0,1,0,차대차 - 측면충돌,신호위반,건조,맑음,교차로 - 교차로안,승용,여,57세,상해없음,승용,여,32세,경상
2018081100100126,2018년 8월 11일 08시,토요일,경상북도 영주시 영주동,부상신고사고,0,0,0,1,차대차 - 측면충돌,안전운전불이행,건조,맑음,교차로 - 교차로안,이륜,남,70세,부상신고,승용,여,49세,상해없음
2018081100100127,2018년 8월 11일 08시,토요일,경상북도 청도군 청도읍,중상사고,0,1,0,0,차대차 - 기타,안전운전불이행,건조,맑음,교차로 - 교차로안,승용,남,58세,중상,승용,남,46세,상해없음
2018081100100128,2018년 8월 11일 08시,토요일,경상북도 구미시 형곡동,경상사고,0,0,1,0,차대차 - 기타,안전운전불이행,건조,맑음,단일로 - 기타,승용,여,29세,경상,승용,기타불명,미분류,기타불명
2018081100100183,2018년 8월 11일 10시,토요일,경상북도 포항시 북구 흥해읍,중상사고,0,1,0,0,차대사람 - 횡단중,안전운전불이행,건조,맑음,교차로 - 교차로안,승용,남,51세,상해없음,보행자,남,45세,중상
2018081100100184,2018년 8월 11일 10시,토요일,경상북도 상주시 공검면,경상사고,0,0,1,0,차대차 - 측면충돌,교차로운행방법위반,건조,맑음,교차로 - 교차로안,화물,남,54세,상해없음,이륜,남,60세,경상
2018081100100210,2018년 8월 11일 11시,토요일,경상북도 영천시 망정동,경상사고,0,0,2,0,차대차 - 측면충돌,신호위반,건조,맑음,교차로 - 교차로안,승용,여,48세,경상,승용,남,37세,경상
2018081100100211,2018년 8월 11일 11시,토요일,경상북도 청도군 각북면,중상사고,0,1,1,0,차대차 - 측면충돌,직진우회전진행방해,건조,맑음,교차로 - 교차로안,이륜,여,81세,중상,승용,남,54세,경상
2018081100100241,2018년 8월 11일 12시,토요일,경상북도 칠곡군 왜관읍,경상사고,0,0,4,1,차대차 - 측면충돌,안전운전불이행,건조,맑음,교차로 - 교차로안,승용,남,54세,부상신고,승용,남,63세,경상
2018081100100242,2018년 8월 11일 12시,토요일,경상북도 성주군 용암면,중상사고,0,1,0,0,차량단독 - 공작물충돌,안전운전불이행,건조,맑음,교차로 - 교차로부근,승용,남,34세,중상,,,,
2018081100100277,2018년 8월 11일 13시,토요일,경상북도 경산시 사동,중상사고,0,2,2,0,차대차 - 추돌,안전거리미확보,건조,맑음,단일로 - 기타,승용,남,41세,상해없음,승용,여,36세,중상
2018081100100278,2018년 8월 11일 13시,토요일,경상북도 영덕군 영해면,중상사고,0,1,0,0,차대차 - 측면충돌,직진우회전진행방해,건조,맑음,교차로 - 교차로안,승용,남,21세,상해없음,이륜,남,79세,중상
2018081100100279,2018년 8월 11일 13시,토요일,경상북도 포항시 남구 오천읍,경상사고,0,0,1,0,차량단독 - 공작물충돌,안전운전불이행,건조,맑음,교차로 - 교차로부근,승용,여,69세,경상,,,,
2018081100100280,2018년 8월 11일 13시,토요일,경상북도 포항시 남구 이동,경상사고,0,0,1,0,차대차 - 기타,안전운전불이행,건조,맑음,기타 - 기타,승용,남,64세,상해없음,승용,여,48세,경상
2018081100100318,2018년 8월 11일 14시,토요일,경상북도 상주시 무양동,경상사고,0,0,1,0,차대차 - 추돌,안전거리미확보,건조,맑음,교차로 - 교차로부근,승용,여,33세,상해없음,승용,남,67세,경상
2018081100100420,2018년 8월 11일 17시,토요일,경상북도 영주시 가흥동,부상신고사고,0,0,0,2,차대차 - 추돌,안전운전불이행,건조,맑음,교차로 - 교차로부근,승용,남,36세,상해없음,승용,남,50세,부상신고
2018081100100421,2018년 8월 11일 17시,토요일,경상북도 경산시 하양읍,경상사고,0,0,1,0,차대차 - 측면충돌,안전운전불이행,건조,맑음,교차로 - 교차로부근,승용,여,19세,상해없음,승용,남,29세,경상
2018081100100422,2018년 8월 11일 17시,토요일,경상북도 포항시 남구 송도동,중상사고,0,1,0,0,차대차 - 측면충돌,안전거리미확보,건조,맑음,단일로 - 기타,승용,남,30세,상해없음,자전거,남,48세,중상
2018081100100459,2018년 8월 11일 18시,토요일,경상북도 경주시 성동동,경상사고,0,0,2,0,차대차 - 측면충돌,안전운전불이행,건조,맑음,단일로 - 지하차도(도로)내,승용,여,62세,경상,승용,남,32세,경상
2018081100100490,2018년 8월 11일 19시,토요일,경상북도 포항시 북구 죽도동,경상사고,0,0,3,0,차대차 - 측면충돌,차로위반,건조,맑음,단일로 - 기타,승용,남,61세,상해없음,승용,남,20세,경상
2018081100100512,2018년 8월 11일 20시,토요일,경상북도 안동시 옥동,경상사고,0,0,1,0,차대차 - 추돌,안전거리미확보,건조,맑음,단일로 - 기타,승용,남,50세,상해없음,승용,여,42세,상해없음
2018081100100513,2018년 8월 11일 20시,토요일,경상북도 김천시 대항면,경상사고,0,0,1,0,차대차 - 측면충돌,안전운전불이행,건조,맑음,단일로 - 기타,승용,여,57세,상해없음,승용,여,43세,경상
2018081100100557,2018년 8월 11일 22시,토요일,경상북도 경주시 동방동,경상사고,0,0,4,0,차대차 - 측면충돌,신호위반,건조,맑음,교차로 - 교차로안,승용,남,45세,상해없음,승용,여,35세,경상
2018081100100559,2018년 8월 11일 22시,토요일,경상북도 칠곡군 가산면,경상사고,0,0,1,0,차대차 - 측면충돌,안전운전불이행,건조,맑음,교차로 - 교차로부근,화물,남,57세,상해없음,승합,남,51세,경상
2018081100100560,2018년 8월 11일 22시,토요일,경상북도 포항시 남구 오천읍,경상사고,0,0,1,0,차대차 - 측면충돌,직진우회전진행방해,건조,맑음,교차로 - 교차로안,승용,남,25세,경상,승용,남,33세,상해없음
2018081200100009,2018년 8월 12일 00시,일요일,경상북도 구미시 진평동,경상사고,0,0,1,0,차대사람 - 기타,안전운전불이행,건조,맑음,단일로 - 기타,승용,남,33세,상해없음,보행자,남,27세,경상
2018081200100024,2018년 8월 12일 01시,일요일,경상북도 영주시 이산면,중상사고,0,1,0,0,차량단독 - 공작물충돌,안전운전불이행,건조,맑음,단일로 - 기타,승용,남,33세,중상,,,,
2018081200100101,2018년 8월 12일 08시,일요일,경상북도 영천시 언하동,경상사고,0,0,1,0,차량단독 - 전도전복 - 전도,안전운전불이행,젖음/습기,비,단일로 - 기타,이륜,남,44세,상해없음,미분류,미분류,미분류,미분류
2018081200100102,2018년 8월 12일 08시,일요일,경상북도 구미시 상모동,부상신고사고,0,0,0,1,차대차 - 기타,안전운전불이행,건조,맑음,단일로 - 기타,승합,남,18세,부상신고,이륜,남,33세,상해없음
2018081200100124,2018년 8월 12일 09시,일요일,경상북도 의성군 안계면,중상사고,0,1,1,0,차대차 - 측면충돌,직진우회전진행방해,건조,맑음,교차로 - 교차로안,승용,남,58세,상해없음,화물,남,62세,중상