사고번호,사고일시,요일,시군구,사고내용,사망자수,중상자수,경상자수,부상신고자수,사고유형,법규위반,노면상태,기상상태,도로형태,가해운전자 차종,가해운전자 성별,가해운전자 연령,가해운전자 상해정도,피해운전자 차종,피해운전자 성별,피해운전자 연령,피해운전자 상해정도
2018081200100134,2018년 8월 12일 10시,일요일,경상북도 고령군 개진면,중상사고,0,1,1,0,차대차 - 측면충돌,중앙선침범,젖음/습기,흐림,단일로 - 기타,화물,남,57세,상해없음,승용,남,65세,중상
2018081200100150,2018년 8월 12일 11시,일요일,경상북도 김천시 부항면,경상사고,0,0,1,0,차량단독 - 전도전복 - 전도,안전운전불이행,건조,맑음,단일로 - 기타,농기계,여,70세,경상,미분류,미분류,미분류,미분류
2018081200100151,2018년 8월 12일 11시,일요일,경상북도 경산시 와촌면,경상사고,0,0,1,0,차대차 - 추돌,안전운전불이행,건조,맑음,교차로 - 교차로부근,승용,남,37세,상해없음,승용,남,54세,경상
2018081200100152,2018년 8월 12일 11시,일요일,경상북도 구미시 봉곡동,중상사고,0,1,0,0,차대사람 - 기타,안전운전불이행,건조,맑음,단일로 - 기타,승용,여,44세,상해없음,보행자,여,49세,중상
2018081200100201,2018년 8월 12일 13시,일요일,경상북도 포항시 북구 흥해읍,중상사고,0,2,0,0,차대차 - 측면충돌,안전운전불이행,건조,맑음,교차로 - 교차로안,승용,남,66세,상해없음,승용,남,51세,상해없음
2018081200100202,2018년 8월 12일 13시,일요일,경상북도 안동시 금곡동,경상사고,0,0,1,0,차대차 - 측면충돌,안전운전불이행,건조,맑음,교차로 - 교차로안,이륜,남,29세,경상,승용,남,86세,상해없음
2018081200100235,2018년 8월 12일 14시,일요일,경상북도 경주시 안강읍,경상사고,0,0,1,0,차대차 - 측면충돌,안전운전불이행,건조,맑음,교차로 - 교차로부근,이륜,남,67세,경상,승용,여,53세,상해없음
2018081200100236,2018년 8월 12일 14시,일요일,경상북도 상주시 화동면,경상사고,0,0,1,0,차대차 - 측면충돌,안전운전불이행,건조,맑음,교차로 - 교차로안,자전거,여,17세,상해없음,승용,남,53세,상해없음
2018081200100237,2018년 8월 12일 14시,일요일,경상북도 영천시 자양면,경상사고,0,0,2,0,차량단독 - 공작물충돌,안전운전불이행,건조,맑음,단일로 - 기타,승용,여,66세,경상,,,,
2018081200100262,2018년 8월 12일 15시,일요일,경상북도 경주시 황성동,경상사고,0,0,1,0,차대차 - 추돌,안전운전불이행,건조,맑음,단일로 - 기타,승용,남,54세,상해없음,승용,여,57세,경상
2018081200100263,2018년 8월 12일 15시,일요일,경상북도 경주시 성동동,중상사고,0,1,0,0,차대사람 - 횡단중,안전운전불이행,건조,맑음,교차로 - 교차로안,승용,여,63세,상해없음,보행자,남,36세,중상
2018081200100264,2018년 8월 12일 15시,일요일,경상북도 영천시 청통면,경상사고,0,0,3,1,차대차 - 측면충돌,신호위반,건조,맑음,교차로 - 교차로안,승용,여,29세,경상,승용,남,60세,경상
2018081200100265,2018년 8월 12일 15시,일요일,경상북도 영덕군 영해면,중상사고,0,2,4,0,차대차 - 추돌,안전운전불이행,건조,맑음,단일로 - 기타,승용,남,28세,경상,승용,남,52세,경상
2018081200100266,2018년 8월 12일 15시,일요일,경상북도 포항시 남구 송내동,중상사고,0,1,0,0,차대차 - 추돌,안전운전불이행,건조,맑음,단일로 - 기타,승용,남,35세,상해없음,승용,여,57세,중상
2018081200100302,2018년 8월 12일 16시,일요일,경상북도 포항시 북구 죽도동,경상사고,0,0,1,0,차대차 - 측면충돌,신호위반,건조,맑음,교차로 - 교차로안,이륜,남,26세,경상,승용,남,39세,상해없음
2018081200100303,2018년 8월 12일 16시,일요일,경상북도 구미시 광평동,경상사고,0,0,3,0,차대차 - 추돌,안전운전불이행,건조,맑음,단일로 - 기타,승용,남,52세,상해없음,승용,여,66세,경상
2018081200100352,2018년 8월 12일 18시,일요일,경상북도 경주시 황오동,경상사고,0,0,1,0,차대사람 - 길가장자리구역통행중,안전운전불이행,건조,맑음,단일로 - 기타,승용,여,47세,상해없음,보행자,여,24세,경상
2018081200100353,2018년 8월 12일 18시,일요일,경상북도 경산시 사동,경상사고,0,0,2,0,차대차 - 측면충돌,교차로운행방법위반,건조,맑음,교차로 - 교차로안,승용,남,23세,상해없음,승용,남,63세,경상
2018081200100375,2018년 8월 12일 19시,일요일,경상북도 경주시 현곡면,중상사고,0,1,1,0,차대차 - 측면충돌,과속,건조,맑음,단일로 - 기타,이륜,남,19세,경상,자전거,여,66세,중상
2018081200100376,2018년 8월 12일 19시,일요일,경상북도 경주시 인왕동,중상사고,0,1,2,0,차대차 - 측면충돌,안전운전불이행,건조,맑음,교차로 - 교차로안,승용,남,57세,상해없음,이륜,남,22세,중상
2018081200100434,2018년 8월 12일 22시,일요일,경상북도 청도군 풍각면,경상사고,0,0,1,0,차대사람 - 보도통행중,안전운전불이행,건조,맑음,단일로 - 기타,승용,남,35세,상해없음,보행자,여,26세,경상
2018081300100060,2018년 8월 13일 06시,월요일,경상북도 경주시 감포읍,경상사고,0,0,1,0,차대사람 - 길가장자리구역통행중,안전운전불이행,건조,맑음,단일로 - 기타,승합,남,63세,상해없음,보행자,남,44세,경상
2018081300100086,2018년 8월 13일 07시,월요일,경상북도 포항시 북구 흥해읍,중상사고,0,1,4,0,차대차 - 측면충돌,안전거리미확보,건조,맑음,단일로 - 기타,승용,남,28세,상해없음,승용,여,19세,경상
2018081300100087,2018년 8월 13일 07시,월요일,경상북도 포항시 북구 흥해읍,경상사고,0,0,11,0,차대차 - 기타,안전거리미확보,건조,맑음,단일로 - 기타,화물,남,23세,상해없음,승용,남,58세,경상
2018081300100088,2018년 8월 13일 07시,월요일,경상북도 칠곡군 동명면,중상사고,0,2,2,0,차대차 - 기타,안전운전불이행,건조,맑음,단일로 - 기타,화물,남,63세,상해없음,화물,남,51세,경상
2018081300100126,2018년 8월 13일 08시,월요일,경상북도 김천시 성내동,중상사고,0,1,0,0,차대사람 - 횡단중,보행자보호의무위반,건조,맑음,단일로 - 기타,승용,여,41세,상해없음,보행자,여,76세,중상
2018081300100127,2018년 8월 13일 08시,월요일,경상북도 포항시 남구 연일읍,경상사고,0,0,1,0,차대차 - 측면충돌,안전운전불이행,건조,맑음,교차로 - 교차로안,승용,여,54세,경상,승용,여,31세,상해없음
2018081300100161,2018년 8월 13일 09시,월요일,경상북도 포항시 남구 오천읍,중상사고,0,1,0,0,차대사람 - 기타,안전운전불이행,건조,맑음,기타 - 기타,승용,여,63세,상해없음,보행자,여,25세,중상
2018081300100197,2018년 8월 13일 10시,월요일,경상북도 영주시 평은면,중상사고,0,1,0,0,차대차 - 측면충돌,중앙선침범,건조,맑음,단일로 - 기타,승용,남,67세,상해없음,이륜,남,66세,중상
2018081300100198,2018년 8월 13일 10시,월요일,경상북도 칠곡군 약목면,경상사고,0,0,1,1,차대차 - 측면충돌,안전운전불이행,건조,맑음,단일로 - 기타,승용,여,56세,상해없음,승용,남,58세,경상
2018081300100199,2018년 8월 13일 10시,월요일,경상북도 영천시 문내동,경상사고,0,0,1,0,차대차 - 측면충돌,신호위반,건조,맑음,교차로 - 교차로안,승용,여,48세,상해없음,화물,남,64세,경상
2018081300100228,2018년 8월 13일 11시,월요일,경상북도 경주시 감포읍,부상신고사고,0,0,0,1,차량단독 - 공작물충돌,안전운전불이행,건조,맑음,교차로 - 교차로부근,승용,남,80세,부상신고,,,,
2018081300100229,2018년 8월 13일 11시,월요일,경상북도 상주시 화서면,중상사고,0,4,0,0,차대차 - 측면충돌,교차로운행방법위반,건조,맑음,교차로 - 교차로안,승용,남,66세,중상,화물,남,64세,중상
2018081300100230,2018년 8월 13일 11시,월요일,경상북도 청도군 청도읍,경상사고,0,0,3,0,차대차 - 추돌,안전운전불이행,건조,맑음,교차로 - 교차로안,승용,여,20세,상해없음,승용,여,55세,경상
2018081300100231,2018년 8월 13일 11시,월요일,경상북도 청도군 각북면,중상사고,0,4,0,0,차량단독 - 공작물충돌,안전운전불이행,건조,맑음,단일로 - 기타,승용,남,58세,중상,,,,
2018081300100232,2018년 8월 13일 11시,월요일,경상북도 구미시 도량동,경상사고,0,0,1,0,차대사람 - 기타,안전운전불이행,건조,맑음,단일로 - 기타,승용,남,67세,상해없음,보행자,여,23세,경상
2018081300100264,2018년 8월 13일 12시,월요일,경상북도 김천시 지좌동,경상사고,0,0,1,0,차대차 - 측면충돌,안전운전불이행,건조,맑음,교차로 - 교차로부근,이륜,여,71세,경상,승용,남,67세,상해없음
2018081300100265,2018년 8월 13일 12시,월요일,경상북도 영천시 조교동,경상사고,0,0,2,0,차대차 - 추돌,안전운전불이행,건조,맑음,교차로 - 교차로안,승용,여,50세,상해없음,승용,여,49세,경상
2018081300100266,2018년 8월 13일 12시,월요일,경상북도 경산시 계양동,경상사고,0,0,1,0,차대차 - 측면충돌,안전운전불이행,건조,맑음,교차로 - 교차로안,승용,여,67세,상해없음,이륜,남,19세,경상
2018081300100267,2018년 8월 13일 12시,월요일,경상북도 예천군 예천읍,중상사고,0,2,0,0,차대차 - 정면충돌,중앙선침범,건조,맑음,단일로 - 기타,승용,남,73세,상해없음,승용,여,57세,중상
2018081300100268,2018년 8월 13일 12시,월요일,경상북도 구미시 선산읍,중상사고,0,1,0,0,차대차 - 측면충돌,안전운전불이행,건조,맑음,교차로 - 교차로안,자전거,남,79세,중상,화물,남,51세,기타불명
2018081300100300,2018년 8월 13일 13시,월요일,경상북도 영덕군 병곡면,경상사고,0,0,4,0,차대차 - 측면충돌,안전운전불이행,건조,맑음,단일로 - 기타,승용,여,37세,경상,승용,남,25세,경상
2018081300100301,2018년 8월 13일 13시,월요일,경상북도 구미시 황상동,경상사고,0,0,2,0,차대차 - 기타,안전운전불이행,건조,맑음,교차로 - 교차로부근,승용,여,63세,상해없음,승용,남,22세,경상
2018081300100302,2018년 8월 13일 13시,월요일,경상북도 포항시 남구 연일읍,경상사고,0,0,1,0,차량단독 - 공작물충돌,안전운전불이행,건조,맑음,교차로 - 교차로부근,화물,남,38세,경상,,,,
2018081300100344,2018년 8월 13일 14시,월요일,경상북도 경주시 황성동,경상사고,0,0,1,0,차대차 - 측면충돌,안전운전불이행,건조,맑음,교차로 - 교차로안,승용,여,51세,상해없음,이륜,남,21세,경상
2018081300100345,2018년 8월 13일 14시,월요일,경상북도 경주시 진현동,경상사고,0,0,2,0,차대차 - 측면충돌,중앙선침범,젖음/습기,비,교차로 - 교차로부근,승용,남,58세,상해없음,승용,여,34세,상해없음
2018081300100346,2018년 8월 13일 14시,월요일,경상북도 칠곡군 약목면,중상사고,0,1,0,0,차대차 - 정면충돌,신호위반,건조,맑음,교차로 - 교차로안,승용,여,52세,상해없음,이륜,여,55세,중상
2018081300100347,2018년 8월 13일 14시,월요일,경상북도 청도군 청도읍,경상사고,0,0,1,0,차대차 - 측면충돌,교차로운행방법위반,건조,맑음,교차로 - 교차로안,승용,여,59세,경상,승용,여,60세,상해없음
2018081300100348,2018년 8월 13일 14시,월요일,경상북도 구미시 상모동,경상사고,0,0,1,0,차대사람 - 횡단중,안전운전불이행,건조,맑음,교차로 - 교차로안,승용,남,57세,상해없음,보행자,여,31세,경상
2018081300100349,2018년 8월 13일 14시,월요일,경상북도 포항시 남구 송도동,중상사고,0,1,0,0,차대차 - 측면충돌,안전운전불이행,건조,맑음,교차로 - 교차로안,승용,여,43세,상해없음,자전거,남,69세,중상
2018081300100381,2018년 8월 13일 15시,월요일,경상북도 포항시 북구 죽도동,경상사고,0,0,1,0,차대차 - 추돌,안전거리미확보,건조,맑음,단일로 - 기타,승용,여,46세,상해없음,승용,여,34세,경상
2018081300100421,2018년 8월 13일 16시,월요일,경상북도 안동시 신안동,중상사고,0,1,1,0,차대차 - 추돌,안전운전불이행,건조,맑음,단일로 - 기타,화물,남,74세,경상,화물,남,50세,중상
2018081300100422,2018년 8월 13일 16시,월요일,경상북도 김천시 신음동,중상사고,0,1,0,0,차대사람 - 횡단중,안전운전불이행,건조,맑음,주차장 - 주차장,승용,남,35세,상해없음,보행자,여,61세,중상
2018081300100423,2018년 8월 13일 16시,월요일,경상북도 구미시 인의동,경상사고,0,0,1,0,차대사람 - 횡단중,안전운전불이행,건조,맑음,단일로 - 기타,승용,남,56세,상해없음,보행자,남,8세,경상
2018081300100458,2018년 8월 13일 17시,월요일,경상북도 경주시 석장동,중상사고,0,2,0,0,차대차 - 추돌,안전거리미확보,건조,맑음,단일로 - 기타,승용,남,72세,상해없음,승용,여,63세,중상
2018081300100459,2018년 8월 13일 17시,월요일,경상북도 안동시 일직면,중상사고,0,1,0,0,차대차 - 정면충돌,안전운전불이행,건조,맑음,단일로 - 기타,화물,남,50세,상해없음,이륜,남,63세,중상
2018081300100460,2018년 8월 13일 17시,월요일,경상북도 영천시 화룡동,경상사고,0,0,1,0,차대차 - 정면충돌,안전운전불이행,건조,맑음,교차로 - 교차로부근,자전거,남,16세,경상,승합,남,56세,상해없음
2018081300100461,2018년 8월 13일 17시,월요일,경상북도 영천시 창구동,경상사고,0,0,1,0,차대차 - 측면충돌,교차로운행방법위반,건조,맑음,단일로 - 기타,승용,여,40세,상해없음,승용,여,59세,경상
2018081300100462,2018년 8월 13일 17시,월요일,경상북도 경산시 하양읍,경상사고,0,0,1,0,차대차 - 추돌,안전운전불이행,건조,맑음,교차로 - 교차로부근,승용,여,66세,상해없음,승용,남,25세,경상
2018081300100516,2018년 8월 13일 18시,월요일,경상북도 안동시 옥동,경상사고,0,0,1,0,차대사람 - 길가장자리구역통행중,안전운전불이행,건조,맑음,단일로 - 기타,승용,여,27세,상해없음,보행자,여,21세,경상
2018081300100517,2018년 8월 13일 18시,월요일,경상북도 구미시 공단동,중상사고,0,3,0,0,차대차 - 추돌,신호위반,건조,맑음,교차로 - 교차로안,승용,남,53세,상해없음,승용,여,27세,중상
2018081300100518,2018년 8월 13일 18시,월요일,경상북도 구미시 봉곡동,중상사고,0,1,0,0,차대차 - 측면충돌,직진우회전진행방해,건조,맑음,교차로 - 교차로안,승용,남,57세,상해없음,이륜,남,22세,중상
2018081300100519,2018년 8월 13일 18시,월요일,경상북도 구미시 사곡동,중상사고,0,1,0,0,차대차 - 기타,안전운전불이행,건조,맑음,단일로 - 기타,화물,남,54세,상해없음,이륜,남,30세,중상
2018081300100627,2018년 8월 13일 21시,월요일,경상북도 안동시 옥동,중상사고,0,1,0,0,차대사람 - 횡단중,안전운전불이행,건조,맑음,단일로 - 기타,승용,여,57세,상해없음,보행자,남,55세,중상
2018081300100653,2018년 8월 13일 22시,월요일,경상북도 예천군 호명면,경상사고,0,0,1,0,차대차 - 측면충돌,안전운전불이행,건조,맑음,교차로 - 교차로안,승용,남,27세,경상,승용,남,53세,상해없음
2018081400100014,2018년 8월 14일 00시,화요일,경상북도 경주시 동천동,경상사고,0,0,3,0,차대차 - 정면충돌,안전운전불이행,건조,맑음,교차로 - 교차로안,승용,남,33세,상해없음,승용,남,51세,상해없음
2018081400100015,2018년 8월 14일 00시,화요일,경상북도 포항시 북구 죽도동,경상사고,0,0,1,0,차대차 - 측면충돌,직진우회전진행방해,건조,맑음,교차로 - 교차로안,승합,남,23세,상해없음,승용,여,45세,경상
2018081400100016,2018년 8월 14일 00시,화요일,경상북도 칠곡군 왜관읍,경상사고,0,0,1,0,차량단독 - 공작물충돌,안전운전불이행,건조,맑음,단일로 - 교량,승용,남,59세,경상,,,,
2018081400100017,2018년 8월 14일 00시,화요일,경상북도 구미시 옥계동,중상사고,0,1,0,0,차대사람 - 길가장자리구역통행중,안전운전불이행,건조,맑음,교차로 - 교차로부근,승용,남,57세,상해없음,보행자,남,41세,중상
2018081400100018,2018년 8월 14일 00시,화요일,경상북도 구미시 선산읍,중상사고,0,1,0,0,차대사람 - 기타,안전운전불이행,건조,맑음,단일로 - 기타,승용,남,52세,상해없음,보행자,남,45세,중상
2018081400100029,2018년 8월 14일 01시,화요일,경상북도 구미시 구포동,경상사고,0,0,1,0,차량단독 - 공작물충돌,안전운전불이행,건조,맑음,단일로 - 기타,승용,남,31세,경상,,,,
2018081400100030,2018년 8월 14일 01시,화요일,경상북도 영천시 매산동,사망사고,1,1,0,0,차대사람 - 기타,과속,건조,맑음,단일로 - 기타,승용,남,23세,상해없음,보행자,남,60세,사망
2018081400100062,2018년 8월 14일 05시,화요일,경상북도 칠곡군 석적읍,경상사고,0,0,1,0,차대차 - 측면충돌,안전운전불이행,건조,맑음,교차로 - 교차로안,승용,남,39세,상해없음,승용,남,32세,경상
2018081400100096,2018년 8월 14일 07시,화요일,경상북도 영천시 교촌동,경상사고,0,0,1,0,차대차 - 측면충돌,안전운전불이행,건조,맑음,교차로 - 교차로안,자전거,남,15세,경상,승용,남,32세,상해없음
2018081400100097,2018년 8월 14일 07시,화요일,경상북도 성주군 성주읍,경상사고,0,0,2,0,차대차 - 정면충돌,중앙선침범,건조,맑음,단일로 - 기타,승용,남,56세,상해없음,화물,남,39세,경상
2018081400100098,2018년 8월 14일 07시,화요일,경상북도 구미시 고아읍,경상사고,0,0,1,0,차대차 - 기타,안전운전불이행,건조,맑음,교차로 - 교차로안,승용,남,36세,상해없음,화물,남,57세,경상
2018081400100127,2018년 8월 14일 08시,화요일,경상북도 경주시 황성동,경상사고,0,0,1,0,차대사람 - 길가장자리구역통행중,안전운전불이행,건조,맑음,단일로 - 기타,기타불명,기타불명,미분류,기타불명,보행자,남,29세,경상
2018081400100128,2018년 8월 14일 08시,화요일,경상북도 울진군 죽변면,경상사고,0,0,1,0,차대차 - 측면충돌,안전거리미확보,건조,맑음,단일로 - 기타,화물,여,52세,상해없음,승용,여,22세,경상
2018081400100167,2018년 8월 14일 09시,화요일,경상북도 칠곡군 약목면,중상사고,0,1,0,0,차대차 - 측면충돌,안전운전불이행,건조,맑음,단일로 - 기타,승용,남,53세,상해없음,이륜,남,71세,중상
2018081400100196,2018년 8월 14일 10시,화요일,경상북도 경주시 내남면,경상사고,0,0,2,0,차대차 - 측면충돌,안전운전불이행,건조,맑음,단일로 - 기타,화물,남,29세,상해없음,화물,남,62세,경상
2018081400100197,2018년 8월 14일 10시,화요일,경상북도 고령군 다산면,중상사고,0,1,0,0,차대차 - 측면충돌,교차로운행방법위반,건조,맑음,교차로 - 교차로안,화물,남,77세,상해없음,이륜,남,80세,중상
2018081400100198,2018년 8월 14일 10시,화요일,경상북도 김천시 아포읍,경상사고,0,0,3,0,차대차 - 기타,안전운전불이행,건조,맑음,단일로 - 기타,승용,남,74세,상해없음,승용,남,35세,경상
2018081400100296,2018년 8월 14일 13시,화요일,경상북도 경주시 노서동,부상신고사고,0,0,0,1,차대차 - 측면충돌,안전운전불이행,건조,맑음,단일로 - 기타,이륜,남,70세,부상신고,승용,남,27세,상해없음
2018081400100297,2018년 8월 14일 13시,화요일,경상북도 경주시 충효동,중상사고,0,1,1,0,차대차 - 측면충돌,안전운전불이행,건조,맑음,교차로 - 교차로안,승용,여,45세,경상,승용,여,65세,중상
2018081400100298,2018년 8월 14일 13시,화요일,경상북도 포항시 북구 기계면,중상사고,0,2,1,0,차대차 - 측면충돌,기타,건조,맑음,교차로 - 교차로안,화물,남,56세,상해없음,승용,여,23세,중상
2018081400100299,2018년 8월 14일 13시,화요일,경상북도 영천시 고경면,경상사고,0,0,1,0,차대차 - 추돌,안전운전불이행,건조,맑음,교차로 - 교차로부근,화물,남,56세,상해없음,승용,남,45세,경상
2018081400100300,2018년 8월 14일 13시,화요일,경상북도 구미시 원평동,경상사고,0,0,1,0,차대차 - 기타,안전운전불이행,건조,맑음,단일로 - 기타,승용,남,39세,상해없음,이륜,남,59세,경상
2018081400100301,2018년 8월 14일 13시,화요일,경상북도 구미시 신평동,경상사고,0,0,1,0,차대차 - 기타,안전운전불이행,건조,맑음,단일로 - 기타,화물,남,49세,상해없음,승용,남,35세,경상
2018081400100334,2018년 8월 14일 14시,화요일,경상북도 경주시 양북면,경상사고,0,0,3,1,차대차 - 측면충돌,안전거리미확보,건조,맑음,단일로 - 기타,승용,남,31세,부상신고,승용,남,61세,경상
2018081400100335,2018년 8월 14일 14시,화요일,경상북도 칠곡군 왜관읍,경상사고,0,0,1,0,차대차 - 측면충돌,중앙선침범,건조,맑음,단일로 - 기타,화물,여,53세,상해없음,화물,남,37세,경상
2018081400100336,2018년 8월 14일 14시,화요일,경상북도 성주군 초전면,중상사고,0,1,0,0,차대차 - 정면충돌,안전운전불이행,건조,맑음,교차로 - 교차로안,승용,여,27세,상해없음,이륜,남,35세,중상
2018081400100337,2018년 8월 14일 14시,화요일,경상북도 구미시 공단동,경상사고,0,0,1,0,차대차 - 측면충돌,안전거리미확보,건조,맑음,단일로 - 기타,화물,남,52세,상해없음,승용,여,51세,경상
2018081400100338,2018년 8월 14일 14시,화요일,경상북도 포항시 남구 동촌동,경상사고,0,0,1,0,차대차 - 추돌,안전거리미확보,건조,맑음,단일로 - 기타,화물,남,45세,상해없음,승용,여,53세,경상
2018081400100365,2018년 8월 14일 15시,화요일,경상북도 구미시 원평동,경상사고,0,0,2,1,차대차 - 기타,안전운전불이행,건조,맑음,단일로 - 기타,이륜,남,49세,부상신고,승용,여,30세,경상
2018081400100366,2018년 8월 14일 15시,화요일,경상북도 구미시 형곡동,경상사고,0,0,1,0,차대차 - 후진중충돌,안전운전불이행,건조,맑음,단일로 - 기타,승용,여,58세,상해없음,승용,여,47세,경상
2018081400100367,2018년 8월 14일 15시,화요일,경상북도 포항시 남구 효자동,중상사고,0,1,1,0,차대차 - 측면충돌,신호위반,건조,맑음,교차로 - 교차로안,승용,남,70세,상해없음,승용,여,50세,중상
2018081400100405,2018년 8월 14일 16시,화요일,경상북도 경주시 용강동,경상사고,0,0,1,0,차대차 - 측면충돌,안전운전불이행,건조,맑음,교차로 - 교차로부근,승합,남,55세,상해없음,승용,여,49세,경상
2018081400100406,2018년 8월 14일 16시,화요일,경상북도 안동시 수상동,경상사고,0,0,4,0,차대차 - 측면충돌,안전운전불이행,건조,맑음,단일로 - 기타,화물,남,45세,상해없음,승용,여,60세,경상
2018081400100407,2018년 8월 14일 16시,화요일,경상북도 구미시 원평동,경상사고,0,0,1,0,차대차 - 기타,안전운전불이행,건조,맑음,교차로 - 교차로안,승용,여,70세,상해없음,화물,남,36세,경상
2018081400100449,2018년 8월 14일 17시,화요일,경상북도 경주시 황성동,중상사고,0,1,0,0,차대차 - 측면충돌,안전운전불이행,건조,맑음,교차로 - 교차로안,이륜,남,77세,중상,승용,여,67세,상해없음
2018081400100450,2018년 8월 14일 17시,화요일,경상북도 경주시 용강동,경상사고,0,0,1,0,차대차 - 측면충돌,안전운전불이행,건조,맑음,단일로 - 기타,화물,남,46세,상해없음,승용,여,41세,경상
2018081400100451,2018년 8월 14일 17시,화요일,경상북도 영주시 봉현면,중상사고,0,2,3,0,차량단독 - 기타,안전운전불이행,건조,맑음,단일로 - 기타,화물,남,66세,경상,,,,
2018081400100452,2018년 8월 14일 17시,화요일,경상북도 영천시 고경면,경상사고,0,0,1,1,차대차 - 측면충돌,신호위반,건조,맑음,교차로 - 교차로안,승용,남,71세,상해없음,승용,여,45세,경상
2018081400100453,2018년 8월 14일 17시,화요일,경상북도 예천군 지보면,중상사고,0,1,0,0,차대차 - 측면충돌,기타,건조,맑음,교차로 - 교차로안,승용,남,44세,상해없음,이륜,남,75세,중상
2018081400100512,2018년 8월 14일 18시,화요일,경상북도 경주시 양남면,부상신고사고,0,0,0,1,차대차 - 기타,안전운전불이행,건조,맑음,단일로 - 기타,기타불명,기타불명,미분류,기타불명,자전거,남,58세,부상신고
2018081400100513,2018년 8월 14일 18시,화요일,경상북도 경주시 황성동,경상사고,0,0,1,0,차대차 - 측면충돌,안전운전불이행,건조,맑음,교차로 - 교차로안,승용,여,44세,상해없음,승용,여,46세,경상
2018081400100514,2018년 8월 14일 18시,화요일,경상북도 상주시 사벌면,경상사고,0,0,1,0,차대사람 - 길가장자리구역통행중,안전운전불이행,건조,맑음,단일로 - 기타,승용,여,40세,상해없음,보행자,여,55세,경상
2018081400100515,2018년 8월 14일 18시,화요일,경상북도 칠곡군 지천면,경상사고,0,0,2,0,차대차 - 측면충돌,안전운전불이행,건조,맑음,교차로 - 교차로안,승용,여,51세,경상,승용,남,39세,경상
2018081400100516,2018년 8월 14일 18시,화요일,경상북도 봉화군 봉화읍,중상사고,0,2,1,0,차대차 - 추돌,안전운전불이행,젖음/습기,비,단일로 - 터널,화물,남,68세,상해없음,화물,남,54세,중상
2018081400100553,2018년 8월 14일 19시,화요일,경상북도 김천시 부곡동,경상사고,0,0,1,0,차대차 - 측면충돌,안전운전불이행,건조,맑음,단일로 - 기타,승합,남,74세,상해없음,이륜,남,73세,경상
2018081400100554,2018년 8월 14일 19시,화요일,경상북도 칠곡군 동명면,중상사고,0,1,0,0,차대차 - 측면충돌,중앙선침범,건조,맑음,단일로 - 지하차도(도로)내,승용,남,46세,상해없음,자전거,여,67세,중상
2018081400100555,2018년 8월 14일 19시,화요일,경상북도 봉화군 명호면,중상사고,0,1,0,0,차대사람 - 기타,안전운전불이행,건조,맑음,단일로 - 기타,승용,남,42세,상해없음,보행자,여,78세,중상
2018081400100584,2018년 8월 14일 20시,화요일,경상북도 영천시 대전동,중상사고,0,1,0,0,차량단독 - 공작물충돌,안전운전불이행,건조,맑음,단일로 - 기타,승용,여,43세,중상,,,,
2018081400100639,2018년 8월 14일 22시,화요일,경상북도 포항시 남구 해도동,경상사고,0,0,1,0,차대차 - 측면충돌,안전운전불이행,건조,맑음,교차로 - 교차로안,기타불명,기타불명,미분류,기타불명,승용,남,48세,경상
2018081400100662,2018년 8월 14일 23시,화요일,경상북도 포항시 북구 흥해읍,중상사고,0,1,1,0,차대차 - 측면충돌,안전운전불이행,건조,맑음,교차로 - 교차로안,승용,남,25세,상해없음,화물,남,50세,중상
2018081400100663,2018년 8월 14일 23시,화요일,경상북도 영천시 고경면,사망사고,1,0,0,0,차량단독 - 공작물충돌,안전운전불이행,건조,맑음,단일로 - 기타,이륜,남,40세,사망,,,,
2018081400100664,2018년 8월 14일 23시,화요일,경상북도 구미시 신동,경상사고,0,0,1,0,차대차 - 기타,안전운전불이행,건조,맑음,단일로 - 기타,승용,남,52세,상해없음,승용,남,24세,경상
2018081500100016,2018년 8월 15일 00시,수요일,경상북도 포항시 남구 송도동,경상사고,0,0,1,0,차대사람 - 기타,안전운전불이행,건조,맑음,주차장 - 주차장,승용,남,25세,상해없음,보행자,남,35세,경상
2018081500100087,2018년 8월 15일 06시,수요일,경상북도 김천시 대항면,중상사고,0,1,0,0,차대차 - 측면충돌,교차로운행방법위반,건조,맑음,교차로 - 교차로안,승용,남,53세,상해없음,자전거,남,71세,중상
2018081500100088,2018년 8월 15일 06시,수요일,경상북도 문경시 문경읍,경상사고,0,0,2,0,차대차 - 측면충돌,안전운전불이행,건조,맑음,교차로 - 교차로안,승용,남,53세,경상,승용,여,35세,경상
2018081500100107,2018년 8월 15일 07시,수요일,경상북도 김천시 부곡동,중상사고,0,1,0,0,차대사람 - 횡단중,보행자보호의무위반,건조,맑음,단일로 - 기타,승용,남,53세,상해없음,보행자,여,68세,중상
2018081500100131,2018년 8월 15일 08시,수요일,경상북도 청도군 각남면,중상사고,0,1,0,0,차대차 - 측면충돌,교차로운행방법위반,건조,맑음,교차로 - 교차로안,승용,남,57세,상해없음,승용,여,57세,중상
2018081500100143,2018년 8월 15일 09시,수요일,경상북도 봉화군 봉화읍,경상사고,0,0,2,0,차대차 - 기타,중앙선침범,건조,맑음,단일로 - 기타,승용,남,56세,상해없음,승용,여,25세,경상