사고번호,사고일시,요일,시군구,사고내용,사망자수,중상자수,경상자수,부상신고자수,사고유형,법규위반,노면상태,기상상태,도로형태,가해운전자 차종,가해운전자 성별,가해운전자 연령,가해운전자 상해정도,피해운전자 차종,피해운전자 성별,피해운전자 연령,피해운전자 상해정도
2018081500100167,2018년 8월 15일 10시,수요일,경상북도 경주시 동방동,경상사고,0,0,2,0,차대차 - 추돌,안전운전불이행,건조,맑음,단일로 - 기타,승합,여,60세,상해없음,승용,여,39세,경상
2018081500100186,2018년 8월 15일 11시,수요일,경상북도 경주시 양남면,경상사고,0,0,1,0,차대차 - 기타,안전운전불이행,건조,맑음,교차로 - 교차로안,화물,남,69세,상해없음,승용,여,38세,경상
2018081500100187,2018년 8월 15일 11시,수요일,경상북도 경주시 교동,중상사고,0,2,0,0,차대사람 - 차도통행중,안전운전불이행,건조,맑음,단일로 - 기타,승용,남,59세,상해없음,보행자,남,48세,중상
2018081500100188,2018년 8월 15일 11시,수요일,경상북도 구미시 장천면,중상사고,0,1,0,0,차량단독 - 기타,안전운전불이행,건조,맑음,단일로 - 기타,농기계,남,79세,중상,,,,
2018081500100218,2018년 8월 15일 12시,수요일,경상북도 포항시 북구 죽도동,경상사고,0,0,1,0,차대차 - 측면충돌,교차로운행방법위반,건조,맑음,교차로 - 교차로안,승용,남,43세,상해없음,승합,남,50세,경상
2018081500100219,2018년 8월 15일 12시,수요일,경상북도 포항시 북구 동빈2가,경상사고,0,0,1,0,차대차 - 측면충돌,직진우회전진행방해,건조,맑음,교차로 - 교차로안,승용,남,72세,상해없음,승용,남,69세,경상
2018081500100220,2018년 8월 15일 12시,수요일,경상북도 예천군 호명면,경상사고,0,0,2,0,차대차 - 측면충돌,안전운전불이행,건조,맑음,단일로 - 기타,승용,여,33세,상해없음,승용,여,33세,경상
2018081500100252,2018년 8월 15일 13시,수요일,경상북도 구미시 고아읍,경상사고,0,0,1,0,차대차 - 기타,안전운전불이행,건조,맑음,교차로 - 교차로부근,화물,남,44세,상해없음,이륜,여,56세,경상
2018081500100281,2018년 8월 15일 14시,수요일,경상북도 포항시 북구 남빈동,경상사고,0,0,2,0,차대차 - 측면충돌,교차로운행방법위반,젖음/습기,비,교차로 - 교차로안,승용,여,53세,상해없음,승용,남,24세,경상
2018081500100282,2018년 8월 15일 14시,수요일,경상북도 영덕군 영해면,중상사고,0,1,0,0,차대차 - 측면충돌,중앙선침범,건조,맑음,단일로 - 기타,승합,남,57세,상해없음,이륜,남,49세,중상
2018081500100309,2018년 8월 15일 15시,수요일,경상북도 안동시 옥동,경상사고,0,0,1,0,차대차 - 측면충돌,안전운전불이행,건조,맑음,단일로 - 기타,승용,남,48세,상해없음,이륜,남,24세,경상
2018081500100310,2018년 8월 15일 15시,수요일,경상북도 칠곡군 지천면,중상사고,0,1,0,0,차대차 - 추돌,안전운전불이행,건조,맑음,단일로 - 기타,화물,남,59세,상해없음,승용,여,63세,중상
2018081500100311,2018년 8월 15일 15시,수요일,경상북도 성주군 가천면,경상사고,0,0,3,0,차대차 - 측면충돌,중앙선침범,건조,맑음,단일로 - 기타,화물,남,45세,상해없음,승용,남,24세,경상
2018081500100312,2018년 8월 15일 15시,수요일,경상북도 구미시 원평동,경상사고,0,0,1,0,차대차 - 추돌,교차로운행방법위반,건조,맑음,교차로 - 교차로안,승용,남,64세,상해없음,승용,여,38세,경상
2018081500100313,2018년 8월 15일 15시,수요일,경상북도 경주시 건천읍,경상사고,0,0,1,0,차대차 - 기타,안전운전불이행,건조,맑음,단일로 - 기타,화물,남,42세,상해없음,화물,남,25세,경상
2018081500100352,2018년 8월 15일 16시,수요일,경상북도 포항시 북구 대흥동,경상사고,0,0,2,0,차대사람 - 횡단중,안전운전불이행,젖음/습기,비,단일로 - 기타,화물,남,55세,상해없음,보행자,여,17세,경상
2018081500100353,2018년 8월 15일 16시,수요일,경상북도 포항시 북구 용흥동,경상사고,0,0,1,0,차대차 - 측면충돌,안전운전불이행,젖음/습기,비,단일로 - 기타,화물,여,55세,상해없음,승용,여,28세,경상
2018081500100354,2018년 8월 15일 16시,수요일,경상북도 경산시 상방동,경상사고,0,0,1,0,차대차 - 기타,교차로운행방법위반,건조,맑음,교차로 - 교차로안,승용,남,36세,상해없음,자전거,남,69세,경상
2018081500100379,2018년 8월 15일 17시,수요일,경상북도 경산시 하양읍,경상사고,0,0,1,0,차대차 - 추돌,안전운전불이행,건조,맑음,단일로 - 기타,승용,남,51세,상해없음,승용,남,51세,경상
2018081500100414,2018년 8월 15일 18시,수요일,경상북도 영주시 풍기읍,중상사고,0,5,0,0,차량단독 - 공작물충돌,안전운전불이행,건조,맑음,단일로 - 기타,승용,여,55세,중상,,,,
2018081500100442,2018년 8월 15일 19시,수요일,경상북도 경주시 현곡면,경상사고,0,0,2,0,차대차 - 측면충돌,안전운전불이행,젖음/습기,비,단일로 - 기타,승용,여,55세,상해없음,승용,여,49세,경상
2018081500100468,2018년 8월 15일 20시,수요일,경상북도 김천시 성내동,중상사고,0,1,0,0,차대사람 - 횡단중,안전운전불이행,건조,맑음,교차로 - 교차로안,승용,남,54세,상해없음,보행자,여,74세,중상
2018081500100501,2018년 8월 15일 21시,수요일,경상북도 경주시 성동동,중상사고,0,2,0,0,차대차 - 추돌,안전운전불이행,건조,맑음,단일로 - 기타,이륜,남,28세,중상,승용,여,56세,상해없음
2018081500100502,2018년 8월 15일 21시,수요일,경상북도 상주시 공검면,경상사고,0,0,1,0,차량단독 - 공작물충돌,안전운전불이행,건조,맑음,단일로 - 기타,승용,여,55세,경상,,,,
2018081500100503,2018년 8월 15일 21시,수요일,경상북도 칠곡군 석적읍,경상사고,0,0,3,0,차대차 - 측면충돌,기타,건조,맑음,교차로 - 교차로안,승용,남,17세,상해없음,승용,여,35세,경상
2018081500100528,2018년 8월 15일 22시,수요일,경상북도 경주시 구정동,경상사고,0,0,2,0,차대차 - 측면충돌,신호위반,젖음/습기,비,교차로 - 교차로안,승용,남,43세,상해없음,승용,여,31세,경상
2018081500100550,2018년 8월 15일 23시,수요일,경상북도 경주시 성동동,경상사고,0,0,1,0,차대차 - 측면충돌,신호위반,젖음/습기,비,교차로 - 교차로안,화물,남,35세,상해없음,승용,여,23세,경상
2018081500100551,2018년 8월 15일 23시,수요일,경상북도 경산시 중방동,경상사고,0,0,1,0,차대차 - 기타,안전운전불이행,젖음/습기,비,교차로 - 교차로안,기타불명,기타불명,미분류,기타불명,이륜,남,34세,경상
2018081500100552,2018년 8월 15일 23시,수요일,경상북도 울진군 울진읍,중상사고,0,1,0,0,차대차 - 측면충돌,중앙선침범,젖음/습기,비,단일로 - 기타,승용,남,64세,상해없음,승용,여,23세,중상
2018081500100553,2018년 8월 15일 23시,수요일,경상북도 포항시 남구 오천읍,경상사고,0,0,2,0,차대차 - 측면충돌,직진우회전진행방해,건조,맑음,교차로 - 교차로안,승용,남,23세,경상,승용,남,25세,경상
2018081600100020,2018년 8월 16일 01시,목요일,경상북도 포항시 북구 흥해읍,중상사고,0,1,0,0,차대차 - 정면충돌,중앙선침범,젖음/습기,비,교차로 - 교차로부근,승용,남,29세,상해없음,승용,남,64세,중상
2018081600100051,2018년 8월 16일 05시,목요일,경상북도 봉화군 물야면,경상사고,0,0,2,0,차대차 - 기타,안전운전불이행,건조,맑음,교차로 - 교차로안,화물,남,69세,상해없음,승용,여,63세,상해없음
2018081600100082,2018년 8월 16일 07시,목요일,경상북도 경주시 천북면,경상사고,0,0,1,0,차대차 - 측면충돌,안전운전불이행,젖음/습기,안개,교차로 - 교차로안,승용,남,57세,상해없음,화물,남,65세,경상
2018081600100108,2018년 8월 16일 08시,목요일,경상북도 경주시 천군동,부상신고사고,0,0,0,3,차대차 - 측면충돌,직진우회전진행방해,젖음/습기,비,단일로 - 기타,승용,남,49세,부상신고,승합,남,57세,상해없음
2018081600100109,2018년 8월 16일 08시,목요일,경상북도 포항시 북구 두호동,경상사고,0,0,1,0,차대차 - 추돌,안전운전불이행,건조,맑음,단일로 - 기타,승용,남,46세,경상,승합,남,55세,상해없음
2018081600100110,2018년 8월 16일 08시,목요일,경상북도 상주시 무양동,경상사고,0,0,1,0,차대차 - 추돌,안전운전불이행,건조,맑음,단일로 - 기타,승용,남,54세,상해없음,승용,남,34세,경상
2018081600100193,2018년 8월 16일 10시,목요일,경상북도 영천시 북안면,경상사고,0,0,1,0,차대차 - 추돌,안전운전불이행,건조,맑음,교차로 - 교차로부근,승용,남,48세,상해없음,승용,남,40세,경상
2018081600100194,2018년 8월 16일 10시,목요일,경상북도 문경시 모전동,경상사고,0,0,1,0,차대차 - 측면충돌,안전운전불이행,건조,맑음,교차로 - 교차로안,승용,여,59세,상해없음,자전거,남,9세,경상
2018081600100195,2018년 8월 16일 10시,목요일,경상북도 경산시 와촌면,중상사고,0,1,0,0,차대차 - 측면충돌,안전운전불이행,건조,맑음,단일로 - 기타,승용,남,20세,상해없음,승용,남,44세,중상
2018081600100196,2018년 8월 16일 10시,목요일,경상북도 군위군 군위읍,중상사고,0,1,0,0,차대사람 - 횡단중,안전운전불이행,건조,맑음,교차로 - 교차로안,승용,남,68세,상해없음,보행자,여,85세,중상
2018081600100267,2018년 8월 16일 12시,목요일,경상북도 상주시 외답동,중상사고,0,1,0,0,차대차 - 측면충돌,차로위반,건조,맑음,교차로 - 교차로안,승용,남,66세,상해없음,이륜,남,25세,중상
2018081600100268,2018년 8월 16일 12시,목요일,경상북도 상주시 냉림동,중상사고,0,1,0,0,차대차 - 측면충돌,교차로운행방법위반,건조,맑음,교차로 - 교차로안,이륜,남,51세,상해없음,자전거,남,71세,중상
2018081600100269,2018년 8월 16일 12시,목요일,경상북도 칠곡군 동명면,경상사고,0,0,2,0,차대차 - 추돌,안전거리미확보,젖음/습기,비,교차로 - 교차로부근,화물,남,73세,상해없음,화물,남,63세,경상
2018081600100270,2018년 8월 16일 12시,목요일,경상북도 문경시 문경읍,경상사고,0,0,1,0,차대차 - 측면충돌,직진우회전진행방해,건조,맑음,교차로 - 교차로안,승용,남,40세,상해없음,승용,여,48세,경상
2018081600100271,2018년 8월 16일 12시,목요일,경상북도 울진군 기성면,중상사고,0,1,0,0,차대사람 - 길가장자리구역통행중,안전운전불이행,건조,맑음,교차로 - 교차로안,승용,남,47세,상해없음,보행자,여,82세,중상
2018081600100272,2018년 8월 16일 12시,목요일,경상북도 울진군 북면,경상사고,0,0,1,0,차대차 - 측면충돌,교차로운행방법위반,건조,맑음,교차로 - 교차로안,건설기계,남,58세,상해없음,승용,여,21세,경상
2018081600100273,2018년 8월 16일 12시,목요일,경상북도 구미시 신동,경상사고,0,0,4,0,차대차 - 기타,중앙선침범,젖음/습기,비,단일로 - 기타,승용,여,48세,경상,승용,남,42세,경상
2018081600100274,2018년 8월 16일 12시,목요일,경상북도 구미시 선산읍,경상사고,0,0,2,0,차대차 - 추돌,안전운전불이행,건조,맑음,단일로 - 기타,화물,남,49세,상해없음,화물,남,36세,경상
2018081600100304,2018년 8월 16일 13시,목요일,경상북도 경주시 황오동,경상사고,0,0,1,0,차대차 - 측면충돌,중앙선침범,건조,맑음,교차로 - 교차로안,이륜,여,59세,상해없음,승용,여,52세,경상
2018081600100305,2018년 8월 16일 13시,목요일,경상북도 구미시 선산읍,중상사고,0,1,0,0,차대사람 - 횡단중,안전운전불이행,건조,맑음,교차로 - 교차로안,이륜,남,37세,상해없음,보행자,여,82세,중상
2018081600100352,2018년 8월 16일 14시,목요일,경상북도 영천시 신령면,경상사고,0,0,2,1,차대차 - 기타,안전운전불이행,건조,맑음,단일로 - 기타,승용,남,59세,상해없음,승용,남,36세,경상
2018081600100383,2018년 8월 16일 15시,목요일,경상북도 김천시 성내동,중상사고,0,1,0,0,차대사람 - 차도통행중,안전운전불이행,건조,맑음,교차로 - 교차로안,승용,여,48세,상해없음,보행자,여,84세,중상
2018081600100384,2018년 8월 16일 15시,목요일,경상북도 포항시 남구 연일읍,경상사고,0,0,1,0,차대차 - 측면충돌,안전거리미확보,젖음/습기,비,단일로 - 기타,승용,여,63세,상해없음,화물,남,40세,경상
2018081600100419,2018년 8월 16일 16시,목요일,경상북도 경주시 내남면,경상사고,0,0,1,1,차대차 - 측면충돌,안전운전불이행,건조,맑음,교차로 - 교차로안,승용,여,51세,부상신고,승용,남,61세,경상
2018081600100420,2018년 8월 16일 16시,목요일,경상북도 김천시 양천동,경상사고,0,0,2,0,차대차 - 측면충돌,신호위반,젖음/습기,비,교차로 - 교차로안,화물,남,66세,상해없음,화물,남,68세,경상
2018081600100474,2018년 8월 16일 17시,목요일,경상북도 군위군 산성면,경상사고,0,0,2,0,차대차 - 측면충돌,중앙선침범,건조,맑음,단일로 - 기타,승용,남,55세,상해없음,승용,남,63세,경상
2018081600100511,2018년 8월 16일 18시,목요일,경상북도 영천시 문외동,경상사고,0,0,1,0,차대차 - 측면충돌,안전운전불이행,건조,맑음,교차로 - 교차로안,승용,남,58세,상해없음,이륜,남,47세,경상
2018081600100540,2018년 8월 16일 19시,목요일,경상북도 경주시 성건동,경상사고,0,0,1,0,차대차 - 추돌,안전운전불이행,건조,맑음,교차로 - 교차로부근,화물,남,73세,상해없음,승용,남,23세,경상
2018081600100541,2018년 8월 16일 19시,목요일,경상북도 상주시 낙동면,중상사고,0,1,0,0,차량단독 - 도로외이탈 - 추락,안전운전불이행,건조,맑음,미분류 - 미분류,이륜,남,72세,중상,,,,
2018081600100542,2018년 8월 16일 19시,목요일,경상북도 칠곡군 약목면,경상사고,0,0,2,0,차대차 - 기타,신호위반,건조,흐림,교차로 - 교차로부근,승용,여,52세,상해없음,승용,남,53세,경상
2018081600100543,2018년 8월 16일 19시,목요일,경상북도 구미시 신평동,경상사고,0,0,1,0,차대차 - 기타,신호위반,건조,맑음,교차로 - 교차로안,승용,여,28세,상해없음,승용,남,64세,경상
2018081600100574,2018년 8월 16일 20시,목요일,경상북도 포항시 북구 장성동,경상사고,0,0,1,0,차대차 - 기타,안전운전불이행,건조,맑음,단일로 - 기타,승용,남,40세,상해없음,승용,남,46세,경상
2018081600100575,2018년 8월 16일 20시,목요일,경상북도 김천시 덕곡동,경상사고,0,0,1,0,차대사람 - 기타,안전운전불이행,건조,맑음,단일로 - 기타,승용,남,37세,상해없음,보행자,남,12세,경상
2018081600100576,2018년 8월 16일 20시,목요일,경상북도 상주시 냉림동,경상사고,0,0,1,0,차대차 - 후진중충돌,안전운전불이행,건조,맑음,교차로 - 교차로부근,승용,여,44세,상해없음,승용,남,58세,경상
2018081600100577,2018년 8월 16일 20시,목요일,경상북도 영주시 하망동,경상사고,0,0,1,0,차대차 - 측면충돌,교차로운행방법위반,건조,맑음,교차로 - 교차로안,승합,남,68세,상해없음,자전거,남,67세,경상
2018081600100578,2018년 8월 16일 20시,목요일,경상북도 경산시 중방동,경상사고,0,0,2,0,차대차 - 추돌,안전거리미확보,건조,맑음,단일로 - 기타,승용,남,57세,상해없음,승용,여,47세,경상
2018081600100608,2018년 8월 16일 21시,목요일,경상북도 칠곡군 가산면,경상사고,0,0,1,1,차대차 - 정면충돌,중앙선침범,건조,맑음,단일로 - 기타,승용,남,47세,부상신고,화물,남,59세,경상
2018081600100609,2018년 8월 16일 21시,목요일,경상북도 구미시 구포동,부상신고사고,0,0,0,1,차대차 - 측면충돌,안전운전불이행,건조,맑음,단일로 - 기타,이륜,남,39세,부상신고,승용,여,47세,상해없음
2018081600100631,2018년 8월 16일 22시,목요일,경상북도 포항시 북구 기계면,경상사고,0,0,1,0,차대차 - 추돌,안전운전불이행,건조,흐림,단일로 - 기타,화물,남,45세,상해없음,화물,남,58세,경상
2018081700100035,2018년 8월 17일 03시,금요일,경상북도 봉화군 봉성면,중상사고,0,1,0,0,차대사람 - 차도통행중,안전운전불이행,건조,맑음,단일로 - 기타,승용,여,54세,상해없음,보행자,남,78세,중상
2018081700100036,2018년 8월 17일 03시,금요일,경상북도 구미시 사곡동,부상신고사고,0,0,0,1,차량단독 - 기타,안전운전불이행,건조,맑음,단일로 - 기타,승용,남,24세,부상신고,,,,
2018081700100072,2018년 8월 17일 06시,금요일,경상북도 김천시 부곡동,경상사고,0,0,1,0,차대차 - 기타,신호위반,건조,맑음,교차로 - 교차로부근,승용,남,28세,상해없음,자전거,남,75세,경상
2018081700100073,2018년 8월 17일 06시,금요일,경상북도 구미시 선기동,사망사고,1,0,0,0,차대차 - 기타,안전운전불이행,건조,맑음,단일로 - 기타,승용,남,57세,상해없음,자전거,남,55세,사망
2018081700100103,2018년 8월 17일 07시,금요일,경상북도 칠곡군 북삼읍,중상사고,0,1,0,0,차대사람 - 기타,안전운전불이행,건조,맑음,교차로 - 교차로안,승용,남,34세,상해없음,보행자,여,36세,중상
2018081700100140,2018년 8월 17일 08시,금요일,경상북도 경산시 중산동,경상사고,0,0,1,0,차대차 - 측면충돌,신호위반,건조,맑음,교차로 - 교차로안,승용,남,32세,상해없음,승용,여,46세,경상
2018081700100141,2018년 8월 17일 08시,금요일,경상북도 청송군 청송읍,경상사고,0,0,1,0,차대차 - 측면충돌,안전운전불이행,건조,맑음,교차로 - 교차로부근,승용,여,39세,상해없음,원동기,남,66세,경상
2018081700100142,2018년 8월 17일 08시,금요일,경상북도 구미시 상모동,중상사고,0,1,0,0,차대차 - 정면충돌,안전운전불이행,건조,맑음,교차로 - 교차로안,승용,여,31세,상해없음,자전거,남,18세,중상
2018081700100168,2018년 8월 17일 09시,금요일,경상북도 경주시 황남동,중상사고,0,1,0,0,차대사람 - 횡단중,보행자보호의무위반,건조,맑음,교차로 - 교차로횡단보도내,승용,남,53세,상해없음,보행자,여,64세,중상
2018081700100169,2018년 8월 17일 09시,금요일,경상북도 구미시 구포동,경상사고,0,0,1,0,차대차 - 기타,안전운전불이행,건조,맑음,단일로 - 기타,승합,남,57세,상해없음,화물,남,45세,경상
2018081700100170,2018년 8월 17일 09시,금요일,경상북도 포항시 남구 상도동,중상사고,0,1,0,0,차대차 - 기타,안전운전불이행,건조,맑음,교차로 - 교차로안,화물,남,39세,상해없음,승용,여,39세,중상
2018081700100217,2018년 8월 17일 10시,금요일,경상북도 포항시 북구 환호동,경상사고,0,0,4,0,차대차 - 측면충돌,중앙선침범,건조,맑음,단일로 - 기타,승용,여,33세,경상,화물,남,62세,경상
2018081700100218,2018년 8월 17일 10시,금요일,경상북도 영주시 영주동,중상사고,0,1,0,0,차대사람 - 횡단중,보행자보호의무위반,건조,맑음,교차로 - 교차로부근,승용,여,31세,상해없음,보행자,남,71세,중상
2018081700100246,2018년 8월 17일 11시,금요일,경상북도 상주시 남성동,중상사고,0,1,0,0,차대사람 - 차도통행중,안전운전불이행,건조,맑음,단일로 - 기타,이륜,남,69세,상해없음,보행자,남,47세,상해없음
2018081700100247,2018년 8월 17일 11시,금요일,경상북도 영천시 화북면,사망사고,1,0,0,0,차량단독 - 공작물충돌,안전운전불이행,건조,맑음,단일로 - 기타,건설기계,남,60세,사망,,,,
2018081700100278,2018년 8월 17일 12시,금요일,경상북도 영천시 청통면,경상사고,0,0,3,0,차대차 - 추돌,안전운전불이행,건조,맑음,교차로 - 교차로부근,승용,여,32세,경상,승용,남,75세,경상
2018081700100279,2018년 8월 17일 12시,금요일,경상북도 군위군 우보면,중상사고,0,1,1,0,차대차 - 측면충돌,과속,건조,맑음,교차로 - 교차로안,승용,남,53세,상해없음,승용,남,70세,경상
2018081700100308,2018년 8월 17일 13시,금요일,경상북도 청송군 진보면,경상사고,0,0,1,0,차대사람 - 차도통행중,안전운전불이행,건조,맑음,교차로 - 교차로안,화물,남,67세,상해없음,보행자,여,82세,경상
2018081700100309,2018년 8월 17일 13시,금요일,경상북도 포항시 남구 대잠동,경상사고,0,0,2,0,차대차 - 측면충돌,교차로운행방법위반,건조,맑음,교차로 - 교차로안,승용,남,45세,상해없음,승용,남,36세,경상
2018081700100345,2018년 8월 17일 14시,금요일,경상북도 의성군 단촌면,중상사고,0,1,1,0,차량단독 - 공작물충돌,안전운전불이행,건조,맑음,단일로 - 기타,화물,남,61세,경상,,,,
2018081700100346,2018년 8월 17일 14시,금요일,경상북도 울진군 평해읍,중상사고,0,1,0,0,차대차 - 기타,중앙선침범,건조,맑음,단일로 - 기타,화물,남,74세,상해없음,승합,남,59세,상해없음
2018081700100347,2018년 8월 17일 14시,금요일,경상북도 영양군 수비면,중상사고,0,1,0,0,차대사람 - 길가장자리구역통행중,안전운전불이행,건조,맑음,단일로 - 기타,화물,남,53세,상해없음,보행자,남,79세,중상
2018081700100440,2018년 8월 17일 16시,금요일,경상북도 안동시 남문동,경상사고,0,0,2,0,차대차 - 정면충돌,교차로운행방법위반,건조,맑음,교차로 - 교차로안,승용,여,56세,경상,승용,여,50세,경상
2018081700100441,2018년 8월 17일 16시,금요일,경상북도 상주시 서문동,경상사고,0,0,1,0,차대차 - 측면충돌,안전운전불이행,건조,맑음,단일로 - 기타,화물,남,47세,상해없음,자전거,남,26세,경상
2018081700100442,2018년 8월 17일 16시,금요일,경상북도 영주시 이산면,경상사고,0,0,1,0,차대차 - 측면충돌,안전운전불이행,건조,맑음,단일로 - 기타,승용,남,70세,기타불명,농기계,남,73세,경상
2018081700100443,2018년 8월 17일 16시,금요일,경상북도 고령군 개진면,중상사고,0,1,0,0,차대차 - 측면충돌,안전운전불이행,건조,맑음,교차로 - 교차로안,승용,남,36세,상해없음,농기계,남,76세,중상
2018081700100494,2018년 8월 17일 17시,금요일,경상북도 김천시 교동,경상사고,0,0,2,0,차대차 - 추돌,안전운전불이행,건조,맑음,단일로 - 기타,승용,남,63세,상해없음,승용,남,56세,경상
2018081700100495,2018년 8월 17일 17시,금요일,경상북도 칠곡군 북삼읍,경상사고,0,0,1,0,차대사람 - 기타,안전운전불이행,건조,맑음,단일로 - 기타,승합,남,53세,상해없음,보행자,여,73세,경상
2018081700100540,2018년 8월 17일 18시,금요일,경상북도 안동시 옥동,중상사고,0,1,3,0,차대차 - 추돌,안전운전불이행,건조,맑음,교차로 - 교차로부근,승합,남,62세,상해없음,승용,여,51세,중상
2018081700100541,2018년 8월 17일 18시,금요일,경상북도 영주시 영주동,경상사고,0,0,1,0,차대차 - 측면충돌,교차로운행방법위반,건조,맑음,교차로 - 교차로안,승용,남,37세,상해없음,화물,남,76세,경상
2018081700100542,2018년 8월 17일 18시,금요일,경상북도 문경시 농암면,중상사고,0,3,2,0,차대차 - 측면충돌,안전운전불이행,건조,맑음,교차로 - 교차로안,승용,남,33세,경상,화물,남,58세,중상
2018081700100543,2018년 8월 17일 18시,금요일,경상북도 경산시 옥곡동,중상사고,0,1,0,0,차대차 - 추돌,안전운전불이행,건조,맑음,교차로 - 교차로부근,자전거,남,14세,중상,승용,남,38세,상해없음
2018081700100544,2018년 8월 17일 18시,금요일,경상북도 구미시 원평동,경상사고,0,0,1,0,차대사람 - 기타,안전운전불이행,건조,맑음,단일로 - 기타,승용,남,56세,상해없음,보행자,여,48세,경상
2018081700100545,2018년 8월 17일 18시,금요일,경상북도 포항시 남구 해도동,부상신고사고,0,0,0,1,차대차 - 기타,안전운전불이행,건조,맑음,교차로 - 교차로횡단보도내,이륜,남,59세,상해없음,자전거,남,78세,부상신고
2018081700100546,2018년 8월 17일 18시,금요일,경상북도 포항시 남구 연일읍,경상사고,0,0,2,0,차대차 - 추돌,안전운전불이행,건조,맑음,단일로 - 기타,승용,남,61세,상해없음,승용,남,41세,경상
2018081700100584,2018년 8월 17일 19시,금요일,경상북도 경주시 황성동,경상사고,0,0,2,0,차대차 - 추돌,안전운전불이행,건조,맑음,교차로 - 교차로부근,이륜,남,17세,경상,승용,남,69세,경상
2018081700100585,2018년 8월 17일 19시,금요일,경상북도 상주시 외답동,경상사고,0,0,1,0,차대차 - 측면충돌,안전운전불이행,건조,맑음,단일로 - 기타,농기계,남,81세,경상,승용,여,57세,상해없음
2018081700100621,2018년 8월 17일 20시,금요일,경상북도 안동시 임하면,사망사고,1,0,0,0,차대차 - 추돌,안전운전불이행,건조,맑음,단일로 - 기타,승용,남,59세,상해없음,농기계,남,63세,사망
2018081700100622,2018년 8월 17일 20시,금요일,경상북도 상주시 공성면,사망사고,1,0,0,0,차량단독 - 도로외이탈 - 기타,안전운전불이행,건조,맑음,단일로 - 기타,이륜,남,76세,사망,,,,
2018081700100623,2018년 8월 17일 20시,금요일,경상북도 구미시 인의동,경상사고,0,0,1,0,차대차 - 측면충돌,안전운전불이행,건조,맑음,단일로 - 기타,승용,남,44세,상해없음,승용,남,44세,상해없음
2018081700100655,2018년 8월 17일 21시,금요일,경상북도 구미시 지산동,경상사고,0,0,2,0,차대차 - 추돌,안전운전불이행,건조,맑음,교차로 - 교차로부근,승용,여,55세,상해없음,승용,여,34세,경상
2018081700100656,2018년 8월 17일 21시,금요일,경상북도 포항시 남구 오천읍,경상사고,0,0,1,0,차대차 - 추돌,안전운전불이행,건조,맑음,단일로 - 기타,이륜,남,17세,경상,승용,남,42세,상해없음
2018081700100681,2018년 8월 17일 22시,금요일,경상북도 포항시 북구 우현동,중상사고,0,2,1,0,차대차 - 기타,안전운전불이행,건조,맑음,단일로 - 기타,승용,여,28세,경상,이륜,남,57세,중상
2018081700100682,2018년 8월 17일 22시,금요일,경상북도 구미시 구평동,경상사고,0,0,1,0,차대사람 - 횡단중,안전운전불이행,건조,맑음,단일로 - 기타,승용,남,46세,상해없음,보행자,남,52세,경상
2018081800100010,2018년 8월 18일 00시,토요일,경상북도 김천시 부곡동,경상사고,0,0,1,0,차대차 - 측면충돌,안전운전불이행,건조,기타,단일로 - 기타,승용,남,45세,상해없음,자전거,남,56세,경상
2018081800100029,2018년 8월 18일 01시,토요일,경상북도 포항시 북구 죽도동,경상사고,0,0,2,0,차대차 - 측면충돌,직진우회전진행방해,건조,맑음,교차로 - 교차로부근,승용,남,62세,상해없음,승용,남,30세,상해없음
2018081800100030,2018년 8월 18일 01시,토요일,경상북도 포항시 남구 상도동,경상사고,0,0,1,0,차량단독 - 기타,안전운전불이행,건조,맑음,교차로 - 교차로부근,승용,남,52세,상해없음,,,,
2018081800100057,2018년 8월 18일 03시,토요일,경상북도 경산시 사정동,중상사고,0,1,1,0,차량단독 - 공작물충돌,안전운전불이행,건조,맑음,단일로 - 기타,승용,남,55세,경상,,,,
2018081800100071,2018년 8월 18일 04시,토요일,경상북도 구미시 선산읍,중상사고,0,1,0,0,차대차 - 측면충돌,중앙선침범,건조,맑음,단일로 - 기타,승용,남,35세,상해없음,이륜,여,70세,중상
2018081800100092,2018년 8월 18일 06시,토요일,경상북도 김천시 평화동,중상사고,0,1,0,0,차대사람 - 차도통행중,안전운전불이행,건조,맑음,단일로 - 기타,승용,남,22세,상해없음,보행자,남,84세,중상
2018081800100093,2018년 8월 18일 06시,토요일,경상북도 구미시 선기동,중상사고,0,1,0,0,차대차 - 기타,안전운전불이행,건조,맑음,단일로 - 기타,승용,남,55세,상해없음,이륜,남,79세,중상
2018081800100094,2018년 8월 18일 06시,토요일,경상북도 포항시 남구 오천읍,경상사고,0,0,1,0,차대차 - 정면충돌,안전운전불이행,건조,맑음,단일로 - 기타,자전거,남,37세,경상,승용,남,30세,상해없음
2018081800100109,2018년 8월 18일 07시,토요일,경상북도 안동시 태화동,중상사고,0,1,0,0,차대사람 - 횡단중,신호위반,건조,맑음,단일로 - 기타,승용,남,46세,상해없음,보행자,여,64세,중상
2018081800100110,2018년 8월 18일 07시,토요일,경상북도 구미시 선산읍,중상사고,0,1,0,0,차대차 - 기타,안전운전불이행,건조,맑음,단일로 - 기타,화물,남,23세,상해없음,자전거,여,81세,중상