사고번호,사고일시,요일,시군구,사고내용,사망자수,중상자수,경상자수,부상신고자수,사고유형,법규위반,노면상태,기상상태,도로형태,가해운전자 차종,가해운전자 성별,가해운전자 연령,가해운전자 상해정도,피해운전자 차종,피해운전자 성별,피해운전자 연령,피해운전자 상해정도
2018082100100327,2018년 8월 21일 14시,화요일,경상북도 포항시 북구 덕산동,경상사고,0,0,1,0,차대차 - 기타,안전운전불이행,건조,맑음,단일로 - 기타,승용,남,58세,상해없음,승용,남,73세,상해없음
2018082100100328,2018년 8월 21일 14시,화요일,경상북도 포항시 북구 죽도동,경상사고,0,0,1,0,차대사람 - 기타,안전운전불이행,건조,맑음,단일로 - 기타,승용,남,71세,상해없음,보행자,여,27세,경상
2018082100100329,2018년 8월 21일 14시,화요일,경상북도 상주시 신봉동,중상사고,0,1,0,0,차대차 - 측면충돌,안전운전불이행,건조,맑음,교차로 - 교차로안,승용,여,42세,상해없음,이륜,남,81세,중상
2018082100100371,2018년 8월 21일 15시,화요일,경상북도 칠곡군 북삼읍,중상사고,0,1,0,0,차대차 - 추돌,교차로운행방법위반,건조,맑음,교차로 - 교차로안,승합,남,67세,상해없음,자전거,남,12세,중상
2018082100100416,2018년 8월 21일 16시,화요일,경상북도 경주시 구정동,중상사고,0,1,0,0,차대차 - 측면충돌,안전운전불이행,건조,맑음,교차로 - 교차로안,승용,여,54세,상해없음,이륜,남,41세,중상
2018082100100417,2018년 8월 21일 16시,화요일,경상북도 영주시 안정면,경상사고,0,0,1,0,차대차 - 측면충돌,안전운전불이행,건조,흐림,교차로 - 교차로안,승용,남,49세,상해없음,자전거,남,79세,경상
2018082100100418,2018년 8월 21일 16시,화요일,경상북도 칠곡군 왜관읍,부상신고사고,0,0,0,1,차대사람 - 길가장자리구역통행중,안전운전불이행,건조,맑음,단일로 - 기타,기타불명,기타불명,미분류,기타불명,보행자,여,12세,부상신고
2018082100100419,2018년 8월 21일 16시,화요일,경상북도 영양군 입암면,경상사고,0,0,1,0,차대차 - 추돌,안전운전불이행,건조,맑음,단일로 - 기타,승용,남,34세,경상,승용,여,61세,상해없음
2018082100100466,2018년 8월 21일 17시,화요일,경상북도 경주시 사정동,중상사고,0,1,2,0,차대차 - 추돌,안전운전불이행,건조,맑음,교차로 - 교차로부근,승용,남,78세,상해없음,승용,남,35세,경상
2018082100100512,2018년 8월 21일 18시,화요일,경상북도 상주시 남성동,중상사고,0,1,0,0,차대차 - 정면충돌,중앙선침범,건조,맑음,단일로 - 기타,승용,남,65세,상해없음,이륜,남,32세,중상
2018082100100513,2018년 8월 21일 18시,화요일,경상북도 상주시 성동동,경상사고,0,0,1,0,차대사람 - 횡단중,안전운전불이행,건조,맑음,단일로 - 기타,화물,남,53세,상해없음,보행자,여,63세,경상
2018082100100514,2018년 8월 21일 18시,화요일,경상북도 고령군 대가야읍,중상사고,0,1,0,0,차량단독 - 전도전복 - 전복,안전운전불이행,건조,맑음,단일로 - 기타,농기계,남,65세,중상,미분류,미분류,미분류,미분류
2018082100100515,2018년 8월 21일 18시,화요일,경상북도 구미시 선기동,중상사고,0,1,0,0,차대차 - 정면충돌,중앙선침범,건조,맑음,단일로 - 기타,승용,남,61세,상해없음,이륜,남,73세,중상
2018082100100553,2018년 8월 21일 19시,화요일,경상북도 포항시 남구 오천읍,중상사고,0,1,0,0,차대사람 - 횡단중,안전운전불이행,건조,맑음,단일로 - 기타,승용,남,57세,상해없음,보행자,남,56세,중상
2018082100100589,2018년 8월 21일 20시,화요일,경상북도 경주시 황성동,중상사고,0,1,0,0,차대차 - 측면충돌,안전거리미확보,건조,맑음,단일로 - 기타,승용,남,29세,상해없음,이륜,남,35세,중상
2018082100100625,2018년 8월 21일 21시,화요일,경상북도 경주시 용강동,경상사고,0,0,1,0,차대차 - 추돌,안전운전불이행,건조,맑음,교차로 - 교차로부근,승용,남,62세,상해없음,승합,남,29세,상해없음
2018082100100626,2018년 8월 21일 21시,화요일,경상북도 경주시 배반동,중상사고,0,2,0,0,차대차 - 기타,안전운전불이행,건조,맑음,단일로 - 기타,승용,여,25세,상해없음,승용,남,24세,중상
2018082100100655,2018년 8월 21일 22시,화요일,경상북도 칠곡군 왜관읍,부상신고사고,0,0,0,1,차량단독 - 공작물충돌,안전운전불이행,건조,맑음,단일로 - 기타,승용,여,40세,부상신고,,,,
2018082100100656,2018년 8월 21일 22시,화요일,경상북도 구미시 구포동,중상사고,0,3,0,0,차대차 - 정면충돌,신호위반,건조,맑음,교차로 - 교차로안,승용,남,44세,기타불명,승용,남,24세,중상
2018082100100674,2018년 8월 21일 23시,화요일,경상북도 포항시 북구 우현동,경상사고,0,0,2,0,차대차 - 측면충돌,교차로운행방법위반,건조,맑음,교차로 - 교차로안,승용,남,56세,상해없음,이륜,남,26세,경상
2018082100100675,2018년 8월 21일 23시,화요일,경상북도 구미시 형곡동,중상사고,0,1,0,0,차대차 - 측면충돌,안전운전불이행,건조,맑음,단일로 - 기타,승용,남,20세,상해없음,승용,남,61세,중상
2018082200100020,2018년 8월 22일 01시,수요일,경상북도 칠곡군 약목면,경상사고,0,0,2,0,차대차 - 추돌,안전운전불이행,건조,맑음,단일로 - 기타,승용,남,40세,상해없음,승용,남,29세,경상
2018082200100051,2018년 8월 22일 05시,수요일,경상북도 경산시 계양동,경상사고,0,0,1,0,차대사람 - 횡단중,안전운전불이행,건조,맑음,교차로 - 교차로횡단보도내,승용,남,74세,상해없음,보행자,여,77세,경상
2018082200100052,2018년 8월 22일 05시,수요일,경상북도 영덕군 영덕읍,중상사고,0,1,1,0,차대차 - 측면충돌,직진우회전진행방해,건조,맑음,교차로 - 교차로안,승용,여,51세,경상,승용,여,56세,중상
2018082200100067,2018년 8월 22일 06시,수요일,경상북도 안동시 평화동,경상사고,0,0,1,0,차대차 - 측면충돌,안전운전불이행,건조,맑음,단일로 - 기타,자전거,남,69세,경상,승용,남,47세,상해없음
2018082200100068,2018년 8월 22일 06시,수요일,경상북도 영천시 조교동,중상사고,0,1,0,0,차대사람 - 횡단중,신호위반,건조,맑음,교차로 - 교차로부근,화물,남,71세,상해없음,보행자,여,59세,중상
2018082200100069,2018년 8월 22일 06시,수요일,경상북도 봉화군 봉화읍,경상사고,0,0,1,0,차대사람 - 기타,안전운전불이행,건조,맑음,단일로 - 기타,승용,남,65세,상해없음,보행자,남,56세,경상
2018082200100070,2018년 8월 22일 06시,수요일,경상북도 구미시 원평동,경상사고,0,0,1,0,차대차 - 기타,안전운전불이행,건조,맑음,단일로 - 기타,자전거,남,74세,경상,승용,남,70세,상해없음
2018082200100093,2018년 8월 22일 07시,수요일,경상북도 안동시 동문동,중상사고,0,1,0,0,차대사람 - 횡단중,보행자보호의무위반,건조,맑음,단일로 - 기타,승용,남,44세,상해없음,보행자,여,79세,중상
2018082200100094,2018년 8월 22일 07시,수요일,경상북도 구미시 산동면,중상사고,0,1,0,0,차대차 - 기타,직진우회전진행방해,건조,맑음,교차로 - 교차로안,승용,남,41세,상해없음,승용,남,68세,중상
2018082200100139,2018년 8월 22일 08시,수요일,경상북도 경주시 석장동,경상사고,0,0,1,0,차대차 - 측면충돌,안전운전불이행,건조,맑음,교차로 - 교차로안,승용,남,63세,상해없음,이륜,남,65세,경상
2018082200100170,2018년 8월 22일 09시,수요일,경상북도 포항시 북구 우현동,경상사고,0,0,2,0,차대차 - 기타,안전운전불이행,건조,맑음,단일로 - 기타,특수,남,42세,상해없음,승용,여,32세,경상
2018082200100171,2018년 8월 22일 09시,수요일,경상북도 예천군 예천읍,중상사고,0,1,0,0,차대차 - 측면충돌,안전운전불이행,건조,맑음,교차로 - 교차로안,승용,여,37세,상해없음,이륜,남,71세,중상
2018082200100199,2018년 8월 22일 10시,수요일,경상북도 의성군 금성면,경상사고,0,0,1,0,차대차 - 추돌,안전운전불이행,건조,맑음,단일로 - 기타,화물,남,65세,상해없음,승용,남,61세,경상
2018082200100200,2018년 8월 22일 10시,수요일,경상북도 청도군 청도읍,경상사고,0,0,1,0,차대차 - 측면충돌,교차로운행방법위반,건조,맑음,교차로 - 교차로안,승용,남,80세,상해없음,화물,남,64세,경상
2018082200100201,2018년 8월 22일 10시,수요일,경상북도 영양군 영양읍,경상사고,0,0,2,0,차대차 - 측면충돌,안전운전불이행,건조,맑음,단일로 - 기타,승용,남,24세,상해없음,승용,남,59세,경상
2018082200100266,2018년 8월 22일 12시,수요일,경상북도 칠곡군 지천면,부상신고사고,0,0,0,1,차대차 - 측면충돌,안전운전불이행,건조,맑음,주차장 - 주차장,승용,여,58세,부상신고,승용,남,46세,상해없음
2018082200100267,2018년 8월 22일 12시,수요일,경상북도 포항시 남구 효자동,중상사고,0,2,2,2,차대차 - 정면충돌,안전운전불이행,건조,맑음,교차로 - 교차로안,승용,여,45세,경상,승용,남,31세,중상
2018082200100301,2018년 8월 22일 13시,수요일,경상북도 안동시 서부동,경상사고,0,0,1,0,차대차 - 측면충돌,안전운전불이행,건조,맑음,기타 - 기타,자전거,여,78세,경상,화물,남,46세,상해없음
2018082200100302,2018년 8월 22일 13시,수요일,경상북도 문경시 농암면,경상사고,0,0,3,0,차대차 - 정면충돌,안전운전불이행,건조,맑음,단일로 - 기타,승용,남,53세,경상,승용,남,56세,경상
2018082200100303,2018년 8월 22일 13시,수요일,경상북도 구미시 비산동,경상사고,0,0,1,0,차대차 - 정면충돌,신호위반,건조,맑음,교차로 - 교차로안,화물,남,33세,상해없음,승용,여,40세,경상
2018082200100332,2018년 8월 22일 14시,수요일,경상북도 경산시 진량읍,중상사고,0,1,0,0,차대차 - 측면충돌,중앙선침범,건조,맑음,단일로 - 기타,승용,남,48세,상해없음,화물,남,46세,중상
2018082200100379,2018년 8월 22일 15시,수요일,경상북도 칠곡군 지천면,중상사고,0,1,0,0,차대사람 - 보도통행중,안전운전불이행,건조,맑음,교차로 - 교차로안,승합,남,64세,상해없음,보행자,여,83세,중상
2018082200100380,2018년 8월 22일 15시,수요일,경상북도 구미시 구평동,경상사고,0,0,1,0,차대차 - 기타,신호위반,건조,맑음,교차로 - 교차로부근,승용,남,76세,상해없음,승용,여,68세,경상
2018082200100418,2018년 8월 22일 16시,수요일,경상북도 영천시 완산동,경상사고,0,0,1,0,차대차 - 측면충돌,직진우회전진행방해,건조,맑음,교차로 - 교차로안,승용,남,73세,상해없음,승용,남,65세,상해없음
2018082200100419,2018년 8월 22일 16시,수요일,경상북도 문경시 점촌동,경상사고,0,0,1,0,차대사람 - 횡단중,안전운전불이행,건조,맑음,단일로 - 기타,승용,여,50세,상해없음,보행자,여,5세,경상
2018082200100457,2018년 8월 22일 17시,수요일,경상북도 칠곡군 가산면,중상사고,0,1,0,0,차대사람 - 횡단중,안전운전불이행,건조,맑음,단일로 - 기타,승용,남,64세,상해없음,보행자,남,74세,중상
2018082200100502,2018년 8월 22일 18시,수요일,경상북도 경주시 외동읍,경상사고,0,0,1,0,차대차 - 측면충돌,안전운전불이행,건조,맑음,교차로 - 교차로안,사륜오토바이(ATV),여,71세,경상,화물,남,69세,상해없음
2018082200100503,2018년 8월 22일 18시,수요일,경상북도 문경시 흥덕동,경상사고,0,0,1,0,차대사람 - 횡단중,안전운전불이행,건조,맑음,단일로 - 기타,승용,남,34세,상해없음,보행자,여,1세,경상
2018082200100544,2018년 8월 22일 19시,수요일,경상북도 포항시 북구 두호동,경상사고,0,0,1,0,차대사람 - 횡단중,보행자보호의무위반,건조,맑음,교차로 - 교차로횡단보도내,기타불명,기타불명,미분류,기타불명,보행자,남,76세,경상
2018082200100545,2018년 8월 22일 19시,수요일,경상북도 포항시 북구 죽도동,경상사고,0,0,1,1,차대차 - 추돌,안전거리미확보,건조,맑음,단일로 - 기타,승용,남,64세,부상신고,승용,여,51세,경상
2018082200100546,2018년 8월 22일 19시,수요일,경상북도 구미시 고아읍,중상사고,0,1,0,0,차량단독 - 전도전복 - 전도,안전운전불이행,건조,맑음,단일로 - 기타,승용,남,58세,중상,미분류,미분류,미분류,미분류
2018082200100547,2018년 8월 22일 19시,수요일,경상북도 포항시 남구 상도동,경상사고,0,0,2,0,차대차 - 추돌,안전운전불이행,건조,맑음,교차로 - 교차로부근,승용,남,32세,상해없음,승용,남,65세,경상
2018082200100548,2018년 8월 22일 19시,수요일,경상북도 포항시 남구 구룡포읍,사망사고,1,0,0,0,차대사람 - 횡단중,안전운전불이행,건조,맑음,교차로 - 교차로횡단보도내,승용,남,53세,상해없음,보행자,여,64세,사망
2018082200100549,2018년 8월 22일 19시,수요일,경상북도 포항시 남구 해도동,중상사고,0,1,1,0,차대차 - 측면충돌,중앙선침범,건조,흐림,단일로 - 교량,승용,남,32세,상해없음,승용,남,67세,중상
2018082200100584,2018년 8월 22일 20시,수요일,경상북도 김천시 덕곡동,부상신고사고,0,0,0,1,차대차 - 측면충돌,안전운전불이행,건조,맑음,단일로 - 기타,승합,남,44세,상해없음,이륜,남,60세,부상신고
2018082200100585,2018년 8월 22일 20시,수요일,경상북도 성주군 성주읍,경상사고,0,0,2,0,차대차 - 측면충돌,안전운전불이행,건조,맑음,단일로 - 기타,승용,여,62세,경상,승용,남,60세,경상
2018082200100641,2018년 8월 22일 22시,수요일,경상북도 구미시 옥계동,중상사고,0,1,0,0,차대차 - 기타,안전운전불이행,건조,흐림,교차로 - 교차로부근,승용,남,45세,상해없음,승용,남,56세,중상
2018082200100665,2018년 8월 22일 23시,수요일,경상북도 김천시 교동,경상사고,0,0,1,0,차대차 - 후진중충돌,안전운전불이행,건조,맑음,단일로 - 기타,승용,남,48세,상해없음,승용,남,44세,기타불명
2018082200100666,2018년 8월 22일 23시,수요일,경상북도 구미시 원평동,경상사고,0,0,1,0,차대사람 - 횡단중,안전운전불이행,건조,맑음,교차로 - 교차로안,승용,남,18세,상해없음,보행자,여,44세,경상
2018082200100667,2018년 8월 22일 23시,수요일,경상북도 구미시 구평동,경상사고,0,0,1,0,차대차 - 기타,교차로운행방법위반,건조,맑음,교차로 - 교차로안,승용,남,25세,상해없음,승용,남,28세,경상
2018082300100039,2018년 8월 23일 03시,목요일,경상북도 성주군 성주읍,경상사고,0,0,1,0,차량단독 - 기타,안전운전불이행,건조,맑음,교차로 - 교차로안,승용,남,67세,상해없음,,,,
2018082300100054,2018년 8월 23일 05시,목요일,경상북도 포항시 북구 양덕동,사망사고,1,0,0,0,차대사람 - 기타,안전운전불이행,젖음/습기,비,교차로 - 교차로안,승용,남,25세,상해없음,보행자,남,79세,사망
2018082300100073,2018년 8월 23일 07시,목요일,경상북도 영주시 가흥동,경상사고,0,0,1,0,차대사람 - 횡단중,안전운전불이행,건조,맑음,단일로 - 기타,승용,여,44세,상해없음,보행자,여,44세,경상
2018082300100074,2018년 8월 23일 07시,목요일,경상북도 포항시 남구 구룡포읍,중상사고,0,1,0,0,차대사람 - 횡단중,보행자보호의무위반,건조,맑음,단일로 - 기타,화물,남,24세,상해없음,보행자,여,61세,중상
2018082300100101,2018년 8월 23일 08시,목요일,경상북도 칠곡군 석적읍,경상사고,0,0,1,0,차대차 - 측면충돌,교차로운행방법위반,건조,맑음,교차로 - 교차로안,승용,여,28세,상해없음,승용,여,32세,경상
2018082300100102,2018년 8월 23일 08시,목요일,경상북도 포항시 남구 상도동,경상사고,0,0,1,0,차대차 - 측면충돌,차로위반,건조,맑음,단일로 - 기타,승용,여,36세,경상,승용,여,63세,상해없음
2018082300100129,2018년 8월 23일 09시,목요일,경상북도 안동시 신안동,경상사고,0,0,2,0,차대차 - 측면충돌,신호위반,건조,맑음,교차로 - 교차로안,승용,남,78세,경상,승용,남,36세,경상
2018082300100130,2018년 8월 23일 09시,목요일,경상북도 김천시 아포읍,중상사고,0,1,0,0,차대차 - 측면충돌,안전운전불이행,젖음/습기,비,교차로 - 교차로안,화물,남,62세,상해없음,승용,남,34세,중상
2018082300100154,2018년 8월 23일 10시,목요일,경상북도 포항시 북구 흥해읍,경상사고,0,0,1,0,차대차 - 측면충돌,교차로운행방법위반,건조,맑음,교차로 - 교차로안,승용,남,55세,상해없음,화물,남,49세,경상
2018082300100155,2018년 8월 23일 10시,목요일,경상북도 봉화군 물야면,경상사고,0,0,2,1,차대차 - 측면충돌,직진우회전진행방해,건조,맑음,교차로 - 교차로안,승용,남,51세,부상신고,화물,남,58세,경상
2018082300100177,2018년 8월 23일 11시,목요일,경상북도 영주시 휴천동,중상사고,0,1,0,0,차대사람 - 횡단중,보행자보호의무위반,건조,흐림,교차로 - 교차로횡단보도내,승용,남,73세,상해없음,보행자,남,88세,중상
2018082300100194,2018년 8월 23일 12시,목요일,경상북도 성주군 성주읍,중상사고,0,1,0,0,차대차 - 측면충돌,안전운전불이행,건조,맑음,교차로 - 교차로안,승용,여,26세,상해없음,자전거,여,68세,중상
2018082300100195,2018년 8월 23일 12시,목요일,경상북도 구미시 광평동,경상사고,0,0,1,0,차대차 - 측면충돌,안전운전불이행,건조,맑음,교차로 - 교차로부근,승용,남,69세,상해없음,승용,여,26세,경상
2018082300100207,2018년 8월 23일 13시,목요일,경상북도 안동시 송현동,경상사고,0,0,1,0,차량단독 - 기타,안전운전불이행,건조,맑음,단일로 - 기타,승합,남,50세,상해없음,,,,
2018082300100208,2018년 8월 23일 13시,목요일,경상북도 김천시 감천면,경상사고,0,0,1,0,차량단독 - 공작물충돌,안전운전불이행,건조,맑음,단일로 - 기타,화물,남,58세,경상,,,,
2018082300100209,2018년 8월 23일 13시,목요일,경상북도 칠곡군 왜관읍,부상신고사고,0,0,0,1,차대사람 - 기타,안전운전불이행,건조,맑음,단일로 - 기타,승합,남,61세,상해없음,보행자,남,41세,부상신고
2018082300100210,2018년 8월 23일 13시,목요일,경상북도 경산시 서상동,중상사고,0,2,0,0,차대차 - 측면충돌,신호위반,건조,맑음,교차로 - 교차로안,화물,남,62세,상해없음,승용,남,70세,중상
2018082300100225,2018년 8월 23일 14시,목요일,경상북도 구미시 고아읍,중상사고,0,1,0,0,차대사람 - 기타,안전운전불이행,건조,맑음,교차로 - 교차로부근,승용,남,59세,상해없음,보행자,여,76세,중상
2018082300100226,2018년 8월 23일 14시,목요일,경상북도 포항시 남구 구룡포읍,경상사고,0,0,1,0,차대차 - 추돌,안전운전불이행,젖음/습기,비,교차로 - 교차로부근,화물,남,56세,상해없음,승용,남,63세,경상
2018082300100251,2018년 8월 23일 15시,목요일,경상북도 울릉군 울릉읍,경상사고,0,0,1,0,차대사람 - 길가장자리구역통행중,안전운전불이행,건조,맑음,단일로 - 기타,이륜,남,57세,상해없음,보행자,여,10세,경상
2018082300100252,2018년 8월 23일 15시,목요일,경상북도 포항시 남구 오천읍,경상사고,0,0,2,0,차대차 - 측면충돌,중앙선침범,젖음/습기,맑음,단일로 - 기타,승용,남,36세,상해없음,승용,여,56세,경상
2018082300100280,2018년 8월 23일 16시,목요일,경상북도 청송군 파천면,경상사고,0,0,1,0,차대차 - 추돌,안전거리미확보,젖음/습기,비,단일로 - 기타,화물,남,56세,상해없음,승용,여,56세,경상
2018082300100307,2018년 8월 23일 17시,목요일,경상북도 포항시 북구 용흥동,경상사고,0,0,2,0,차대차 - 측면충돌,중앙선침범,젖음/습기,비,교차로 - 교차로안,승용,여,46세,상해없음,승용,여,52세,경상
2018082300100308,2018년 8월 23일 17시,목요일,경상북도 상주시 성동동,중상사고,0,1,0,0,차대차 - 측면충돌,안전운전불이행,건조,맑음,교차로 - 교차로부근,승합,남,48세,상해없음,화물,여,59세,상해없음
2018082300100345,2018년 8월 23일 18시,목요일,경상북도 김천시 어모면,경상사고,0,0,1,0,차대차 - 측면충돌,교차로운행방법위반,젖음/습기,맑음,교차로 - 교차로안,승용,남,23세,경상,승용,여,28세,상해없음
2018082300100346,2018년 8월 23일 18시,목요일,경상북도 영주시 이산면,경상사고,0,0,1,0,차량단독 - 도로외이탈 - 추락,안전운전불이행,건조,맑음,단일로 - 기타,화물,남,57세,경상,,,,
2018082300100347,2018년 8월 23일 18시,목요일,경상북도 구미시 신평동,경상사고,0,0,1,0,차대차 - 기타,안전운전불이행,건조,맑음,단일로 - 기타,기타불명,기타불명,미분류,기타불명,승합,남,56세,상해없음
2018082300100398,2018년 8월 23일 19시,목요일,경상북도 구미시 봉곡동,경상사고,0,0,1,0,차대차 - 기타,교차로운행방법위반,젖음/습기,비,교차로 - 교차로안,승용,여,47세,상해없음,이륜,남,18세,경상
2018082300100399,2018년 8월 23일 19시,목요일,경상북도 포항시 남구 대도동,경상사고,0,0,1,0,차대차 - 기타,안전운전불이행,젖음/습기,비,단일로 - 기타,기타불명,기타불명,미분류,기타불명,이륜,남,22세,경상
2018082300100428,2018년 8월 23일 20시,목요일,경상북도 경주시 안강읍,중상사고,0,1,2,1,차대차 - 측면충돌,안전운전불이행,젖음/습기,비,단일로 - 기타,승용,여,47세,중상,승용,남,58세,경상
2018082300100429,2018년 8월 23일 20시,목요일,경상북도 칠곡군 석적읍,경상사고,0,0,1,0,차대차 - 측면충돌,교차로운행방법위반,건조,맑음,교차로 - 교차로안,이륜,남,28세,경상,승용,남,41세,상해없음
2018082300100430,2018년 8월 23일 20시,목요일,경상북도 구미시 도량동,중상사고,0,1,0,0,차대사람 - 기타,보행자보호의무위반,젖음/습기,비,단일로 - 기타,승용,여,38세,상해없음,보행자,남,6세,중상
2018082300100460,2018년 8월 23일 21시,목요일,경상북도 칠곡군 북삼읍,중상사고,0,1,0,0,차대사람 - 길가장자리구역통행중,안전운전불이행,젖음/습기,비,교차로 - 교차로부근,화물,남,62세,상해없음,보행자,여,53세,중상
2018082300100461,2018년 8월 23일 21시,목요일,경상북도 영천시 금호읍,경상사고,0,0,2,0,차대차 - 측면충돌,안전운전불이행,젖음/습기,비,단일로 - 기타,승용,남,27세,상해없음,승용,남,51세,경상
2018082300100462,2018년 8월 23일 21시,목요일,경상북도 구미시 진평동,경상사고,0,0,4,0,차대차 - 기타,안전운전불이행,젖음/습기,비,단일로 - 기타,승용,여,41세,경상,승합,여,51세,경상
2018082300100463,2018년 8월 23일 21시,목요일,경상북도 구미시 사곡동,경상사고,0,0,1,0,차대차 - 추돌,안전거리미확보,젖음/습기,비,교차로 - 교차로부근,승용,남,53세,상해없음,이륜,남,30세,경상
2018082300100500,2018년 8월 23일 22시,목요일,경상북도 안동시 운흥동,경상사고,0,0,1,0,차대사람 - 횡단중,안전운전불이행,건조,맑음,단일로 - 기타,승용,남,57세,상해없음,보행자,여,64세,경상
2018082300100501,2018년 8월 23일 22시,목요일,경상북도 영덕군 영덕읍,경상사고,0,0,2,0,차대차 - 측면충돌,직진우회전진행방해,젖음/습기,비,교차로 - 교차로안,승용,남,52세,상해없음,승합,여,49세,상해없음
2018082300100523,2018년 8월 23일 23시,목요일,경상북도 포항시 북구 장성동,중상사고,0,1,1,0,차대차 - 측면충돌,교차로운행방법위반,젖음/습기,맑음,교차로 - 교차로안,승용,여,62세,상해없음,승용,여,55세,중상
2018082300100524,2018년 8월 23일 23시,목요일,경상북도 포항시 북구 동빈2가,경상사고,0,0,1,0,차대차 - 측면충돌,신호위반,젖음/습기,비,교차로 - 교차로안,승용,남,45세,기타불명,승용,남,58세,상해없음
2018082300100525,2018년 8월 23일 23시,목요일,경상북도 안동시 운안동,중상사고,0,1,0,0,차대사람 - 횡단중,안전운전불이행,젖음/습기,비,단일로 - 기타,승용,여,52세,상해없음,보행자,남,48세,중상
2018082300100526,2018년 8월 23일 23시,목요일,경상북도 구미시 도량동,중상사고,0,1,0,0,차대사람 - 횡단중,보행자보호의무위반,건조,맑음,교차로 - 교차로횡단보도내,승용,남,45세,상해없음,보행자,여,49세,중상
2018082400100084,2018년 8월 24일 07시,금요일,경상북도 의성군 다인면,중상사고,0,1,1,0,차대차 - 정면충돌,중앙선침범,젖음/습기,흐림,교차로 - 교차로안,승용,여,63세,경상,승용,남,61세,상해없음
2018082400100085,2018년 8월 24일 07시,금요일,경상북도 칠곡군 북삼읍,경상사고,0,0,1,0,차대차 - 정면충돌,교차로운행방법위반,건조,맑음,교차로 - 교차로안,화물,남,54세,상해없음,승용,남,73세,경상
2018082400100086,2018년 8월 24일 07시,금요일,경상북도 구미시 원평동,중상사고,0,3,1,0,차대차 - 기타,신호위반,건조,맑음,교차로 - 교차로안,승합,남,65세,상해없음,승합,남,51세,상해없음
2018082400100102,2018년 8월 24일 08시,금요일,경상북도 안동시 운흥동,경상사고,0,0,2,0,차대차 - 추돌,직진우회전진행방해,건조,맑음,교차로 - 교차로안,승용,남,63세,상해없음,승용,남,39세,경상
2018082400100103,2018년 8월 24일 08시,금요일,경상북도 상주시 함창읍,경상사고,0,0,1,0,차대차 - 측면충돌,교차로운행방법위반,젖음/습기,비,교차로 - 교차로안,승용,여,39세,상해없음,자전거,여,65세,경상
2018082400100129,2018년 8월 24일 09시,금요일,경상북도 구미시 인의동,경상사고,0,0,1,0,차대사람 - 차도통행중,안전운전불이행,건조,맑음,교차로 - 교차로부근,승용,여,56세,상해없음,보행자,여,62세,경상
2018082400100162,2018년 8월 24일 10시,금요일,경상북도 경주시 성건동,경상사고,0,0,1,0,차대차 - 기타,안전운전불이행,건조,맑음,교차로 - 교차로부근,승용,남,60세,상해없음,화물,남,67세,상해없음
2018082400100190,2018년 8월 24일 11시,금요일,경상북도 영천시 고경면,사망사고,1,0,0,0,차대사람 - 길가장자리구역통행중,안전운전불이행,건조,맑음,교차로 - 교차로부근,화물,남,77세,상해없음,보행자,여,77세,사망
2018082400100191,2018년 8월 24일 11시,금요일,경상북도 경산시 진량읍,경상사고,0,0,2,0,차대차 - 측면충돌,직진우회전진행방해,건조,맑음,교차로 - 교차로안,화물,남,26세,경상,승용,남,26세,경상
2018082400100192,2018년 8월 24일 11시,금요일,경상북도 울진군 후포면,중상사고,0,1,0,0,차대차 - 측면충돌,교차로운행방법위반,건조,맑음,교차로 - 교차로부근,승용,남,71세,상해없음,승용,남,64세,중상
2018082400100225,2018년 8월 24일 12시,금요일,경상북도 포항시 남구 대송면,경상사고,0,0,1,0,차대차 - 측면충돌,안전운전불이행,건조,맑음,교차로 - 교차로부근,화물,남,52세,상해없음,승용,남,54세,경상
2018082400100253,2018년 8월 24일 13시,금요일,경상북도 상주시 남성동,경상사고,0,0,1,0,차대사람 - 횡단중,안전운전불이행,건조,맑음,단일로 - 기타,이륜,남,23세,상해없음,보행자,남,8세,경상
2018082400100289,2018년 8월 24일 14시,금요일,경상북도 김천시 응명동,경상사고,0,0,1,0,차대차 - 측면충돌,신호위반,건조,맑음,교차로 - 교차로안,승합,남,60세,상해없음,승용,여,57세,경상
2018082400100290,2018년 8월 24일 14시,금요일,경상북도 영주시 휴천동,부상신고사고,0,0,0,1,차대차 - 측면충돌,안전운전불이행,건조,맑음,교차로 - 교차로안,이륜,남,85세,부상신고,승용,여,39세,상해없음
2018082400100291,2018년 8월 24일 14시,금요일,경상북도 영덕군 지품면,경상사고,0,0,1,0,차대차 - 측면충돌,교차로운행방법위반,건조,맑음,교차로 - 교차로안,화물,남,62세,상해없음,이륜,남,79세,경상
2018082400100316,2018년 8월 24일 15시,금요일,경상북도 경주시 황성동,중상사고,0,1,3,0,차대차 - 측면충돌,신호위반,건조,맑음,교차로 - 교차로안,화물,남,45세,상해없음,승용,남,67세,경상
2018082400100317,2018년 8월 24일 15시,금요일,경상북도 안동시 옥동,경상사고,0,0,2,0,차대차 - 기타,신호위반,건조,맑음,교차로 - 교차로안,승용,여,64세,상해없음,승용,남,19세,경상
2018082400100318,2018년 8월 24일 15시,금요일,경상북도 김천시 신음동,경상사고,0,0,1,0,차대차 - 측면충돌,안전운전불이행,건조,맑음,교차로 - 교차로부근,승용,여,44세,상해없음,승용,여,27세,경상