사고번호,사고일시,요일,시군구,사고내용,사망자수,중상자수,경상자수,부상신고자수,사고유형,법규위반,노면상태,기상상태,도로형태,가해운전자 차종,가해운전자 성별,가해운전자 연령,가해운전자 상해정도,피해운전자 차종,피해운전자 성별,피해운전자 연령,피해운전자 상해정도
2018090600100248,2018년 9월 6일 13시,목요일,경상북도 포항시 북구 용흥동,경상사고,0,0,4,0,차대차 - 정면충돌,교차로운행방법위반,건조,맑음,교차로 - 교차로안,승용,여,33세,상해없음,승용,여,47세,경상
2018090600100279,2018년 9월 6일 14시,목요일,경상북도 경주시 황성동,중상사고,0,1,0,0,차대사람 - 횡단중,보행자보호의무위반,건조,맑음,교차로 - 교차로횡단보도내,승용,여,61세,상해없음,보행자,여,68세,중상
2018090600100280,2018년 9월 6일 14시,목요일,경상북도 구미시 인의동,중상사고,0,1,0,0,차대사람 - 기타,보행자보호의무위반,건조,맑음,교차로 - 교차로횡단보도내,승용,여,37세,상해없음,보행자,남,67세,중상
2018090600100281,2018년 9월 6일 14시,목요일,경상북도 구미시 지산동,중상사고,0,1,2,0,차대차 - 추돌,안전거리미확보,건조,맑음,단일로 - 기타,승합,남,54세,상해없음,승용,여,48세,중상
2018090600100306,2018년 9월 6일 15시,목요일,경상북도 김천시 양천동,경상사고,0,0,1,0,차대차 - 측면충돌,안전운전불이행,건조,맑음,단일로 - 기타,건설기계,남,44세,상해없음,화물,남,69세,경상
2018090600100377,2018년 9월 6일 17시,목요일,경상북도 경주시 마동,중상사고,0,1,1,0,차대차 - 정면충돌,안전운전불이행,젖음/습기,비,교차로 - 교차로안,승용,여,21세,상해없음,승용,남,57세,중상
2018090600100378,2018년 9월 6일 17시,목요일,경상북도 봉화군 춘양면,부상신고사고,0,0,0,1,차량단독 - 전도전복 - 전도,안전운전불이행,젖음/습기,비,단일로 - 기타,화물,남,55세,부상신고,미분류,미분류,미분류,미분류
2018090600100411,2018년 9월 6일 18시,목요일,경상북도 구미시 선기동,경상사고,0,0,3,0,차대차 - 기타,교차로운행방법위반,건조,맑음,교차로 - 교차로안,승용,남,63세,경상,승용,여,58세,경상
2018090600100456,2018년 9월 6일 19시,목요일,경상북도 영주시 하망동,경상사고,0,0,1,0,차대차 - 측면충돌,중앙선침범,건조,맑음,단일로 - 기타,승용,남,46세,상해없음,승용,여,36세,경상
2018090600100457,2018년 9월 6일 19시,목요일,경상북도 영덕군 축산면,경상사고,0,0,1,0,차대사람 - 차도통행중,안전운전불이행,건조,맑음,단일로 - 기타,승용,남,67세,상해없음,보행자,남,47세,경상
2018090600100492,2018년 9월 6일 20시,목요일,경상북도 영천시 망정동,중상사고,0,1,0,0,차대사람 - 횡단중,안전운전불이행,건조,맑음,단일로 - 기타,승용,남,44세,상해없음,보행자,남,62세,중상
2018090600100493,2018년 9월 6일 20시,목요일,경상북도 구미시 구포동,중상사고,0,1,1,0,차대차 - 측면충돌,차로위반,건조,맑음,교차로 - 교차로부근,승용,남,47세,상해없음,이륜,남,58세,중상
2018090600100524,2018년 9월 6일 21시,목요일,경상북도 구미시 공단동,경상사고,0,0,1,0,차대차 - 측면충돌,기타,건조,맑음,교차로 - 교차로안,이륜,남,35세,경상,승용,남,57세,상해없음
2018090600100555,2018년 9월 6일 22시,목요일,경상북도 경주시 동천동,중상사고,0,1,0,0,차대사람 - 차도통행중,안전운전불이행,건조,맑음,단일로 - 기타,승용,남,61세,상해없음,보행자,남,60세,중상
2018090700100009,2018년 9월 7일 00시,금요일,경상북도 포항시 북구 상원동,중상사고,0,1,0,0,차대사람 - 횡단중,안전운전불이행,건조,맑음,단일로 - 기타,승용,남,67세,상해없음,보행자,남,46세,중상
2018090700100010,2018년 9월 7일 00시,금요일,경상북도 칠곡군 석적읍,경상사고,0,0,2,0,차대차 - 추돌,안전운전불이행,건조,맑음,교차로 - 교차로부근,승용,남,39세,상해없음,승용,여,29세,경상
2018090700100011,2018년 9월 7일 00시,금요일,경상북도 영천시 고경면,중상사고,0,1,0,0,차대차 - 추돌,안전운전불이행,건조,맑음,단일로 - 기타,화물,남,61세,상해없음,화물,남,60세,중상
2018090700100050,2018년 9월 7일 04시,금요일,경상북도 포항시 북구 항구동,경상사고,0,0,2,0,차대차 - 기타,신호위반,건조,맑음,교차로 - 교차로안,승합,남,54세,경상,승용,남,70세,경상
2018090700100051,2018년 9월 7일 04시,금요일,경상북도 포항시 북구 장성동,사망사고,1,1,0,0,차량단독 - 공작물충돌,안전운전불이행,건조,맑음,단일로 - 기타,승용,여,33세,중상,,,,
2018090700100072,2018년 9월 7일 05시,금요일,경상북도 경주시 강동면,중상사고,0,3,0,0,차대차 - 추돌,안전운전불이행,젖음/습기,비,단일로 - 기타,승용,남,65세,상해없음,화물,남,53세,상해없음
2018090700100113,2018년 9월 7일 07시,금요일,경상북도 경주시 건천읍,중상사고,0,1,0,0,차대차 - 측면충돌,안전운전불이행,젖음/습기,비,교차로 - 교차로부근,승용,남,64세,상해없음,승용,여,51세,중상
2018090700100114,2018년 9월 7일 07시,금요일,경상북도 영주시 하망동,중상사고,0,1,0,0,차대차 - 측면충돌,안전운전불이행,건조,맑음,교차로 - 교차로안,승용,남,62세,상해없음,자전거,남,15세,중상
2018090700100115,2018년 9월 7일 07시,금요일,경상북도 경주시 건천읍,경상사고,0,0,1,0,차대차 - 기타,안전운전불이행,젖음/습기,맑음,기타 - 기타,승용,남,66세,상해없음,승용,여,41세,경상
2018090700100152,2018년 9월 7일 08시,금요일,경상북도 안동시 풍산읍,중상사고,0,1,1,0,차량단독 - 전도전복 - 전도,안전운전불이행,건조,흐림,단일로 - 기타,화물,여,54세,경상,미분류,미분류,미분류,미분류
2018090700100153,2018년 9월 7일 08시,금요일,경상북도 영주시 영주동,경상사고,0,0,1,0,차대차 - 측면충돌,안전운전불이행,건조,맑음,단일로 - 기타,화물,남,70세,상해없음,자전거,남,58세,경상
2018090700100154,2018년 9월 7일 08시,금요일,경상북도 경산시 진량읍,중상사고,0,1,0,0,차대사람 - 횡단중,보행자보호의무위반,젖음/습기,비,단일로 - 기타,승합,남,52세,상해없음,보행자,남,24세,중상
2018090700100155,2018년 9월 7일 08시,금요일,경상북도 경산시 압량면,경상사고,0,0,1,0,차대차 - 측면충돌,신호위반,젖음/습기,비,교차로 - 교차로안,승용,남,68세,상해없음,승용,남,60세,경상
2018090700100156,2018년 9월 7일 08시,금요일,경상북도 구미시 임수동,경상사고,0,0,3,0,차대차 - 기타,안전운전불이행,건조,맑음,교차로 - 교차로안,승용,여,62세,상해없음,승용,여,47세,경상
2018090700100157,2018년 9월 7일 08시,금요일,경상북도 포항시 남구 대잠동,경상사고,0,0,1,0,차대사람 - 차도통행중,안전운전불이행,건조,맑음,단일로 - 기타,승용,여,23세,상해없음,보행자,남,26세,경상
2018090700100236,2018년 9월 7일 10시,금요일,경상북도 울진군 온정면,중상사고,0,1,0,0,차대차 - 기타,안전운전불이행,건조,맑음,단일로 - 기타,화물,남,69세,상해없음,이륜,남,75세,중상
2018090700100268,2018년 9월 7일 11시,금요일,경상북도 상주시 만산동,중상사고,0,1,0,0,차대차 - 기타,안전운전불이행,건조,맑음,단일로 - 기타,화물,남,60세,상해없음,이륜,남,76세,중상
2018090700100269,2018년 9월 7일 11시,금요일,경상북도 문경시 산양면,경상사고,0,0,2,0,차대차 - 측면충돌,직진우회전진행방해,건조,맑음,교차로 - 교차로안,승용,여,58세,경상,승용,여,61세,경상
2018090700100271,2018년 9월 7일 11시,금요일,경상북도 포항시 남구 송도동,중상사고,0,1,1,0,차대차 - 측면충돌,직진우회전진행방해,건조,맑음,교차로 - 교차로안,이륜,남,72세,중상,승용,여,62세,경상
2018090700100305,2018년 9월 7일 12시,금요일,경상북도 경주시 건천읍,중상사고,0,1,0,0,차대사람 - 횡단중,보행자보호의무위반,건조,맑음,단일로 - 기타,이륜,남,17세,상해없음,보행자,남,57세,중상
2018090700100306,2018년 9월 7일 12시,금요일,경상북도 청송군 안덕면,사망사고,1,2,0,0,차대차 - 측면충돌,교차로운행방법위반,건조,맑음,교차로 - 교차로안,화물,남,60세,중상,화물,남,58세,사망
2018090700100333,2018년 9월 7일 13시,금요일,경상북도 구미시 원평동,경상사고,0,0,1,0,차대사람 - 기타,보행자보호의무위반,건조,맑음,교차로 - 교차로부근,승용,남,79세,상해없음,보행자,여,41세,경상
2018090700100370,2018년 9월 7일 14시,금요일,경상북도 경주시 노서동,경상사고,0,0,1,0,차대사람 - 길가장자리구역통행중,안전운전불이행,건조,맑음,단일로 - 기타,승용,여,35세,상해없음,보행자,남,63세,경상
2018090700100371,2018년 9월 7일 14시,금요일,경상북도 칠곡군 왜관읍,경상사고,0,0,1,0,차대차 - 측면충돌,안전운전불이행,건조,맑음,단일로 - 기타,자전거,여,81세,경상,화물,남,55세,기타불명
2018090700100408,2018년 9월 7일 15시,금요일,경상북도 안동시 옥동,경상사고,0,0,1,0,차대차 - 측면충돌,직진우회전진행방해,건조,맑음,교차로 - 교차로안,승용,남,65세,상해없음,이륜,남,21세,경상
2018090700100409,2018년 9월 7일 15시,금요일,경상북도 안동시 옥동,경상사고,0,0,1,0,차대차 - 추돌,안전운전불이행,건조,맑음,단일로 - 기타,승용,남,56세,상해없음,승용,남,41세,경상
2018090700100443,2018년 9월 7일 16시,금요일,경상북도 경주시 외동읍,중상사고,0,1,0,0,차대차 - 측면충돌,안전운전불이행,건조,맑음,교차로 - 교차로안,승용,여,56세,상해없음,이륜,남,58세,중상
2018090700100444,2018년 9월 7일 16시,금요일,경상북도 포항시 북구 흥해읍,경상사고,0,0,1,0,차대차 - 측면충돌,안전운전불이행,건조,맑음,교차로 - 교차로안,승용,남,61세,상해없음,화물,남,37세,경상
2018090700100445,2018년 9월 7일 16시,금요일,경상북도 칠곡군 왜관읍,경상사고,0,0,2,0,차대차 - 추돌,안전운전불이행,건조,맑음,단일로 - 기타,승용,남,59세,상해없음,승용,여,47세,경상
2018090700100446,2018년 9월 7일 16시,금요일,경상북도 영천시 임고면,경상사고,0,0,1,0,차대차 - 측면충돌,교차로운행방법위반,건조,맑음,교차로 - 교차로안,승용,여,55세,상해없음,자전거,남,87세,경상
2018090700100447,2018년 9월 7일 16시,금요일,경상북도 경산시 중방동,경상사고,0,0,1,0,차대차 - 기타,안전운전불이행,건조,맑음,단일로 - 기타,승용,남,28세,경상,승용,여,24세,상해없음
2018090700100487,2018년 9월 7일 17시,금요일,경상북도 문경시 문경읍,경상사고,0,0,1,0,차대차 - 측면충돌,중앙선침범,건조,맑음,단일로 - 기타,이륜,여,58세,경상,승용,여,70세,상해없음
2018090700100534,2018년 9월 7일 18시,금요일,경상북도 구미시 옥계동,중상사고,0,1,0,0,차대사람 - 기타,안전운전불이행,건조,맑음,교차로 - 교차로안,승용,여,28세,상해없음,보행자,여,44세,중상
2018090700100535,2018년 9월 7일 18시,금요일,경상북도 구미시 옥계동,중상사고,0,1,0,0,차대차 - 추돌,안전거리미확보,건조,맑음,교차로 - 교차로부근,승용,남,55세,상해없음,승용,여,51세,중상
2018090700100584,2018년 9월 7일 19시,금요일,경상북도 경산시 사동,경상사고,0,0,1,0,차대차 - 측면충돌,안전거리미확보,건조,맑음,단일로 - 기타,승용,여,44세,상해없음,이륜,남,34세,경상
2018090700100585,2018년 9월 7일 19시,금요일,경상북도 구미시 진평동,부상신고사고,0,0,0,1,차대차 - 기타,안전운전불이행,건조,맑음,단일로 - 기타,이륜,남,18세,부상신고,승용,여,34세,상해없음
2018090700100619,2018년 9월 7일 20시,금요일,경상북도 안동시 당북동,경상사고,0,0,3,0,차대차 - 측면충돌,교차로운행방법위반,건조,맑음,교차로 - 교차로부근,승용,여,50세,상해없음,승용,여,38세,경상
2018090700100620,2018년 9월 7일 20시,금요일,경상북도 김천시 다수동,중상사고,0,1,0,0,차대사람 - 차도통행중,안전운전불이행,건조,맑음,주차장 - 주차장,승합,남,68세,상해없음,보행자,남,64세,중상
2018090700100621,2018년 9월 7일 20시,금요일,경상북도 상주시 개운동,중상사고,0,2,0,0,차대차 - 측면충돌,안전운전불이행,건조,맑음,단일로 - 기타,승용,남,39세,상해없음,승용,남,33세,기타불명
2018090700100708,2018년 9월 7일 23시,금요일,경상북도 고령군 다산면,경상사고,0,0,1,0,차대사람 - 기타,안전운전불이행,건조,맑음,단일로 - 기타,화물,남,56세,상해없음,보행자,남,42세,경상
2018090800100054,2018년 9월 8일 02시,토요일,경상북도 경산시 진량읍,중상사고,0,2,1,0,차대차 - 추돌,안전운전불이행,건조,맑음,교차로 - 교차로부근,화물,남,49세,상해없음,승용,남,36세,중상
2018090800100055,2018년 9월 8일 02시,토요일,경상북도 구미시 비산동,중상사고,0,2,0,1,차대차 - 추돌,안전운전불이행,건조,맑음,단일로 - 기타,승용,남,53세,부상신고,승용,남,44세,중상
2018090800100070,2018년 9월 8일 03시,토요일,경상북도 경산시 중방동,경상사고,0,0,1,0,차대차 - 측면충돌,중앙선침범,건조,맑음,단일로 - 기타,기타불명,기타불명,미분류,기타불명,승용,남,45세,경상
2018090800100082,2018년 9월 8일 04시,토요일,경상북도 포항시 남구 대도동,경상사고,0,0,1,0,차대차 - 추돌,안전운전불이행,건조,맑음,단일로 - 기타,승용,여,48세,상해없음,승용,남,40세,경상
2018090800100129,2018년 9월 8일 07시,토요일,경상북도 청도군 화양읍,경상사고,0,0,2,0,차대차 - 측면충돌,신호위반,건조,맑음,교차로 - 교차로안,승용,남,66세,경상,승용,여,58세,경상
2018090800100152,2018년 9월 8일 08시,토요일,경상북도 상주시 화개동,경상사고,0,0,1,0,차대차 - 측면충돌,교차로운행방법위반,건조,맑음,교차로 - 교차로부근,승용,남,71세,상해없음,화물,남,47세,상해없음
2018090800100153,2018년 9월 8일 08시,토요일,경상북도 구미시 선산읍,중상사고,0,2,0,0,차대차 - 측면충돌,안전운전불이행,건조,맑음,교차로 - 교차로안,승용,남,62세,중상,승용,여,62세,중상
2018090800100211,2018년 9월 8일 10시,토요일,경상북도 상주시 화서면,경상사고,0,0,1,0,차대차 - 기타,안전운전불이행,건조,맑음,단일로 - 기타,승용,남,45세,상해없음,승용,남,25세,경상
2018090800100247,2018년 9월 8일 11시,토요일,경상북도 상주시 헌신동,경상사고,0,0,3,0,차대차 - 추돌,안전운전불이행,건조,맑음,교차로 - 교차로부근,승용,남,42세,상해없음,승용,여,45세,경상
2018090800100248,2018년 9월 8일 11시,토요일,경상북도 영주시 부석면,경상사고,0,0,1,0,차대차 - 기타,안전운전불이행,건조,맑음,단일로 - 기타,사륜오토바이(ATV),여,61세,상해없음,승합,남,58세,상해없음
2018090800100296,2018년 9월 8일 12시,토요일,경상북도 영주시 안정면,중상사고,0,1,1,0,차대차 - 측면충돌,안전운전불이행,건조,맑음,교차로 - 교차로안,승용,남,52세,상해없음,승용,남,68세,경상
2018090800100334,2018년 9월 8일 13시,토요일,경상북도 구미시 옥계동,중상사고,0,1,0,0,차대차 - 기타,중앙선침범,건조,맑음,교차로 - 교차로안,이륜,남,65세,상해없음,이륜,남,36세,중상
2018090800100335,2018년 9월 8일 13시,토요일,경상북도 포항시 남구 오천읍,경상사고,0,0,1,0,차대차 - 기타,안전운전불이행,건조,맑음,단일로 - 기타,승용,남,52세,상해없음,승용,여,38세,경상
2018090800100374,2018년 9월 8일 14시,토요일,경상북도 김천시 응명동,경상사고,0,0,1,0,차대차 - 측면충돌,안전운전불이행,건조,맑음,단일로 - 기타,승용,남,66세,상해없음,이륜,남,23세,경상
2018090800100375,2018년 9월 8일 14시,토요일,경상북도 상주시 모동면,중상사고,0,1,0,0,차대차 - 측면충돌,중앙선침범,건조,맑음,단일로 - 기타,화물,남,63세,상해없음,화물,남,32세,중상
2018090800100376,2018년 9월 8일 14시,토요일,경상북도 경산시 압량면,중상사고,0,3,0,0,차대차 - 측면충돌,과속,건조,맑음,교차로 - 교차로안,승용,남,28세,중상,승용,여,60세,중상
2018090800100377,2018년 9월 8일 14시,토요일,경상북도 포항시 남구 지곡동,경상사고,0,0,1,0,차대차 - 추돌,안전거리미확보,건조,맑음,단일로 - 기타,승용,남,36세,상해없음,승용,남,59세,경상
2018090800100403,2018년 9월 8일 15시,토요일,경상북도 경주시 구황동,경상사고,0,0,1,0,차대차 - 측면충돌,안전운전불이행,건조,맑음,교차로 - 교차로안,승용,여,38세,상해없음,승용,여,41세,경상
2018090800100404,2018년 9월 8일 15시,토요일,경상북도 예천군 지보면,중상사고,0,1,0,0,차대차 - 측면충돌,중앙선침범,건조,맑음,단일로 - 기타,농기계,남,71세,중상,승용,남,55세,상해없음
2018090800100446,2018년 9월 8일 16시,토요일,경상북도 의성군 단북면,중상사고,0,1,0,0,차대차 - 측면충돌,중앙선침범,건조,맑음,단일로 - 기타,이륜,남,73세,중상,승용,여,53세,상해없음
2018090800100523,2018년 9월 8일 18시,토요일,경상북도 구미시 송정동,경상사고,0,0,1,0,차대차 - 측면충돌,중앙선침범,건조,맑음,단일로 - 기타,자전거,남,25세,경상,이륜,남,40세,상해없음
2018090800100524,2018년 9월 8일 18시,토요일,경상북도 김천시 농소면,중상사고,0,1,2,0,차대사람 - 보도통행중,기타,건조,맑음,단일로 - 기타,승용,여,66세,상해없음,보행자,여,55세,중상
2018090800100556,2018년 9월 8일 19시,토요일,경상북도 김천시 부곡동,경상사고,0,0,1,0,차대차 - 측면충돌,교차로운행방법위반,건조,맑음,교차로 - 교차로안,승용,남,27세,상해없음,이륜,남,30세,경상
2018090800100557,2018년 9월 8일 19시,토요일,경상북도 칠곡군 동명면,경상사고,0,0,1,0,차대차 - 정면충돌,중앙선침범,건조,맑음,단일로 - 기타,승용,여,52세,상해없음,승용,남,36세,경상
2018090800100558,2018년 9월 8일 19시,토요일,경상북도 영천시 화북면,중상사고,0,1,0,0,차대사람 - 길가장자리구역통행중,안전운전불이행,건조,맑음,단일로 - 기타,화물,남,75세,상해없음,보행자,여,69세,중상
2018090800100559,2018년 9월 8일 19시,토요일,경상북도 청송군 청송읍,경상사고,0,0,1,0,차대차 - 추돌,안전운전불이행,건조,맑음,교차로 - 교차로안,승합,남,60세,상해없음,승용,여,46세,경상
2018090800100593,2018년 9월 8일 20시,토요일,경상북도 경산시 서상동,경상사고,0,0,1,0,차대차 - 기타,교차로운행방법위반,건조,맑음,교차로 - 교차로부근,승합,여,45세,상해없음,이륜,남,29세,경상
2018090800100621,2018년 9월 8일 21시,토요일,경상북도 구미시 도량동,경상사고,0,0,1,0,차대사람 - 기타,안전운전불이행,건조,맑음,교차로 - 교차로부근,승합,남,46세,상해없음,보행자,남,48세,경상
2018090800100645,2018년 9월 8일 22시,토요일,경상북도 경주시 동천동,경상사고,0,0,3,0,차대차 - 측면충돌,안전운전불이행,건조,맑음,교차로 - 교차로안,승용,남,20세,경상,승용,남,50세,경상
2018090800100646,2018년 9월 8일 22시,토요일,경상북도 포항시 남구 구룡포읍,중상사고,0,1,1,0,차대사람 - 길가장자리구역통행중,안전운전불이행,건조,맑음,단일로 - 기타,승용,여,52세,상해없음,보행자,남,60세,경상
2018090900100054,2018년 9월 9일 03시,일요일,경상북도 포항시 북구 두호동,중상사고,0,2,1,0,차량단독 - 공작물충돌,신호위반,건조,맑음,교차로 - 교차로부근,승용,남,18세,상해없음,,,,
2018090900100064,2018년 9월 9일 04시,일요일,경상북도 포항시 남구 해도동,경상사고,0,0,1,0,차대차 - 측면충돌,중앙선침범,건조,맑음,단일로 - 기타,승용,남,65세,상해없음,이륜,남,24세,경상
2018090900100091,2018년 9월 9일 06시,일요일,경상북도 김천시 대항면,경상사고,0,0,1,1,차대차 - 측면충돌,안전운전불이행,건조,맑음,교차로 - 교차로안,승용,남,66세,부상신고,승합,남,50세,상해없음
2018090900100103,2018년 9월 9일 07시,일요일,경상북도 청도군 청도읍,중상사고,0,2,0,0,차대차 - 측면충돌,교차로운행방법위반,건조,맑음,교차로 - 교차로안,승용,남,70세,상해없음,이륜,남,81세,중상
2018090900100104,2018년 9월 9일 07시,일요일,경상북도 성주군 성주읍,중상사고,0,1,0,0,차대차 - 기타,안전운전불이행,건조,맑음,교차로 - 교차로안,승용,남,43세,상해없음,승합,남,68세,상해없음
2018090900100128,2018년 9월 9일 09시,일요일,경상북도 영천시 대창면,경상사고,0,0,3,0,차대차 - 측면충돌,직진우회전진행방해,건조,맑음,교차로 - 교차로안,승용,남,69세,경상,승용,기타불명,미분류,기타불명
2018090900100129,2018년 9월 9일 09시,일요일,경상북도 경산시 압량면,중상사고,0,2,0,0,차대차 - 측면충돌,신호위반,건조,맑음,교차로 - 교차로안,건설기계,남,61세,상해없음,승용,여,35세,중상
2018090900100130,2018년 9월 9일 09시,일요일,경상북도 영덕군 창수면,경상사고,0,0,2,0,차대차 - 추돌,안전운전불이행,건조,맑음,단일로 - 기타,승용,남,42세,상해없음,승용,남,60세,경상
2018090900100153,2018년 9월 9일 10시,일요일,경상북도 안동시 일직면,경상사고,0,0,1,0,차대차 - 측면충돌,안전운전불이행,건조,맑음,교차로 - 교차로부근,화물,남,51세,상해없음,자전거,여,73세,경상
2018090900100154,2018년 9월 9일 10시,일요일,경상북도 상주시 서성동,중상사고,0,1,0,0,차대차 - 측면충돌,교차로운행방법위반,건조,맑음,교차로 - 교차로안,이륜,남,46세,중상,승합,남,45세,상해없음
2018090900100155,2018년 9월 9일 10시,일요일,경상북도 문경시 산양면,경상사고,0,0,2,0,차대차 - 추돌,안전거리미확보,건조,맑음,교차로 - 교차로부근,화물,남,31세,상해없음,승용,남,70세,상해없음
2018090900100156,2018년 9월 9일 10시,일요일,경상북도 청송군 부남면,중상사고,0,1,0,0,차대차 - 측면충돌,안전운전불이행,건조,맑음,단일로 - 기타,화물,남,66세,상해없음,자전거,남,82세,중상
2018090900100183,2018년 9월 9일 11시,일요일,경상북도 경주시 건천읍,중상사고,0,1,0,0,차대차 - 측면충돌,안전운전불이행,건조,맑음,단일로 - 기타,승용,여,63세,상해없음,화물,남,37세,상해없음
2018090900100184,2018년 9월 9일 11시,일요일,경상북도 김천시 성내동,경상사고,0,0,1,0,차대차 - 측면충돌,안전운전불이행,건조,맑음,교차로 - 교차로부근,승합,여,28세,상해없음,개인형이동수단(PM),남,90세 이상,경상
2018090900100185,2018년 9월 9일 11시,일요일,경상북도 고령군 쌍림면,경상사고,0,0,1,0,차대차 - 측면충돌,신호위반,건조,맑음,교차로 - 교차로안,승용,여,64세,상해없음,승용,남,68세,상해없음
2018090900100209,2018년 9월 9일 12시,일요일,경상북도 영천시 성내동,중상사고,0,1,1,0,차대차 - 측면충돌,직진우회전진행방해,건조,맑음,교차로 - 교차로안,승용,여,61세,중상,승용,남,29세,경상
2018090900100210,2018년 9월 9일 12시,일요일,경상북도 성주군 선남면,중상사고,0,1,1,0,차대차 - 측면충돌,안전운전불이행,건조,맑음,단일로 - 기타,승용,남,46세,상해없음,이륜,여,55세,중상
2018090900100211,2018년 9월 9일 12시,일요일,경상북도 포항시 남구 대도동,부상신고사고,0,0,0,1,차대차 - 측면충돌,직진우회전진행방해,건조,맑음,교차로 - 교차로안,승용,남,26세,부상신고,이륜,남,19세,상해없음
2018090900100240,2018년 9월 9일 13시,일요일,경상북도 영천시 금호읍,중상사고,0,2,3,0,차대차 - 추돌,안전운전불이행,건조,맑음,단일로 - 기타,화물,남,75세,중상,승합,남,63세,경상
2018090900100241,2018년 9월 9일 13시,일요일,경상북도 경산시 백천동,중상사고,0,2,0,0,차대차 - 측면충돌,안전운전불이행,건조,맑음,주차장 - 주차장,승용,여,30세,상해없음,자전거,남,74세,중상
2018090900100242,2018년 9월 9일 13시,일요일,경상북도 구미시 장천면,경상사고,0,0,1,0,차대차 - 측면충돌,신호위반,건조,맑음,교차로 - 교차로안,승용,남,40세,상해없음,승용,남,56세,상해없음
2018090900100278,2018년 9월 9일 14시,일요일,경상북도 경주시 천군동,경상사고,0,0,1,0,차대사람 - 길가장자리구역통행중,안전운전불이행,건조,맑음,단일로 - 기타,승합,남,61세,상해없음,보행자,남,41세,경상
2018090900100279,2018년 9월 9일 14시,일요일,경상북도 포항시 북구 죽도동,경상사고,0,0,1,0,차대차 - 측면충돌,안전운전불이행,건조,맑음,단일로 - 기타,승용,남,40세,상해없음,원동기,남,42세,경상
2018090900100313,2018년 9월 9일 15시,일요일,경상북도 경주시 외동읍,중상사고,0,3,2,0,차대차 - 추돌,안전운전불이행,건조,맑음,단일로 - 기타,승용,남,64세,상해없음,승용,남,28세,중상
2018090900100314,2018년 9월 9일 15시,일요일,경상북도 안동시 북후면,중상사고,0,1,2,0,차대차 - 정면충돌,안전운전불이행,건조,맑음,단일로 - 기타,승용,남,33세,상해없음,농기계,남,81세,중상
2018090900100315,2018년 9월 9일 15시,일요일,경상북도 문경시 가은읍,경상사고,0,0,2,0,차대차 - 기타,안전운전불이행,건조,맑음,교차로 - 교차로안,승합,남,29세,상해없음,승용,남,49세,경상
2018090900100316,2018년 9월 9일 15시,일요일,경상북도 경산시 진량읍,경상사고,0,0,2,0,차대차 - 측면충돌,안전거리미확보,건조,맑음,단일로 - 기타,승용,남,55세,상해없음,승용,여,41세,상해없음
2018090900100317,2018년 9월 9일 15시,일요일,경상북도 구미시 원평동,경상사고,0,0,2,0,차대차 - 추돌,안전운전불이행,건조,맑음,교차로 - 교차로부근,승용,남,55세,상해없음,승용,여,50세,경상
2018090900100343,2018년 9월 9일 16시,일요일,경상북도 안동시 운흥동,중상사고,0,1,0,0,차대차 - 측면충돌,직진우회전진행방해,건조,맑음,교차로 - 교차로안,승용,남,42세,상해없음,자전거,남,23세,중상
2018090900100344,2018년 9월 9일 16시,일요일,경상북도 안동시 와룡면,중상사고,0,1,0,0,차대차 - 기타,안전운전불이행,건조,맑음,교차로 - 교차로안,이륜,여,62세,중상,승용,남,36세,상해없음
2018090900100385,2018년 9월 9일 17시,일요일,경상북도 경주시 외동읍,중상사고,0,1,3,0,차대차 - 측면충돌,신호위반,건조,맑음,교차로 - 교차로안,승용,남,65세,상해없음,승용,남,38세,경상
2018090900100386,2018년 9월 9일 17시,일요일,경상북도 영천시 고경면,중상사고,0,1,0,0,차량단독 - 도로외이탈 - 기타,안전운전불이행,건조,맑음,단일로 - 기타,승용,남,67세,중상,,,,
2018090900100415,2018년 9월 9일 18시,일요일,경상북도 포항시 남구 효자동,경상사고,0,0,2,0,차대차 - 측면충돌,안전운전불이행,젖음/습기,흐림,교차로 - 교차로부근,화물,남,58세,상해없음,승용,남,30세,경상
2018090900100438,2018년 9월 9일 19시,일요일,경상북도 포항시 북구 양덕동,경상사고,0,0,3,0,차대차 - 추돌,안전운전불이행,건조,맑음,단일로 - 기타,승용,남,57세,상해없음,승용,남,26세,경상
2018090900100439,2018년 9월 9일 19시,일요일,경상북도 영덕군 영덕읍,경상사고,0,0,2,0,차대차 - 추돌,안전운전불이행,젖음/습기,비,교차로 - 교차로부근,승합,남,46세,상해없음,승용,남,27세,경상
2018090900100471,2018년 9월 9일 20시,일요일,경상북도 경산시 서상동,사망사고,1,0,0,0,차대차 - 측면충돌,신호위반,건조,맑음,교차로 - 교차로안,이륜,남,19세,사망,화물,남,32세,상해없음
2018090900100496,2018년 9월 9일 21시,일요일,경상북도 구미시 사곡동,경상사고,0,0,1,0,차대차 - 기타,안전운전불이행,건조,맑음,교차로 - 교차로안,승용,남,43세,상해없음,승용,여,48세,경상
2018090900100497,2018년 9월 9일 21시,일요일,경상북도 구미시 봉곡동,경상사고,0,0,2,0,차대차 - 추돌,안전운전불이행,건조,맑음,교차로 - 교차로안,승용,여,45세,상해없음,이륜,남,53세,경상
2018090900100516,2018년 9월 9일 22시,일요일,경상북도 경주시 성건동,중상사고,0,1,0,0,차대사람 - 차도통행중,안전운전불이행,젖음/습기,흐림,교차로 - 교차로안,승용,여,25세,상해없음,보행자,남,53세,중상