사고번호,사고일시,요일,시군구,사고내용,사망자수,중상자수,경상자수,부상신고자수,사고유형,법규위반,노면상태,기상상태,도로형태,가해운전자 차종,가해운전자 성별,가해운전자 연령,가해운전자 상해정도,피해운전자 차종,피해운전자 성별,피해운전자 연령,피해운전자 상해정도
2018091200100477,2018년 9월 12일 16시,수요일,경상북도 경산시 중방동,경상사고,0,0,1,0,차대차 - 측면충돌,안전운전불이행,건조,맑음,교차로 - 교차로안,승용,여,59세,상해없음,자전거,여,34세,경상
2018091200100478,2018년 9월 12일 16시,수요일,경상북도 구미시 인의동,경상사고,0,0,1,0,차대사람 - 기타,안전운전불이행,건조,맑음,단일로 - 기타,승용,여,41세,기타불명,보행자,남,8세,경상
2018091200100523,2018년 9월 12일 17시,수요일,경상북도 포항시 북구 두호동,경상사고,0,0,1,0,차대사람 - 횡단중,보행자보호의무위반,건조,맑음,교차로 - 교차로횡단보도내,이륜,남,16세,상해없음,보행자,여,76세,경상
2018091200100524,2018년 9월 12일 17시,수요일,경상북도 영주시 풍기읍,경상사고,0,0,1,0,차대차 - 측면충돌,신호위반,건조,맑음,단일로 - 기타,승용,남,22세,상해없음,건설기계,남,55세,경상
2018091200100525,2018년 9월 12일 17시,수요일,경상북도 칠곡군 왜관읍,경상사고,0,0,1,0,차대차 - 측면충돌,중앙선침범,건조,맑음,단일로 - 기타,승용,여,50세,상해없음,자전거,남,15세,경상
2018091200100623,2018년 9월 12일 19시,수요일,경상북도 안동시 옥동,경상사고,0,0,2,0,차대차 - 추돌,안전거리미확보,젖음/습기,흐림,단일로 - 기타,승용,남,68세,상해없음,승용,남,29세,경상
2018091200100624,2018년 9월 12일 19시,수요일,경상북도 상주시 남적동,중상사고,0,1,0,0,차량단독 - 전도전복 - 전도,안전운전불이행,건조,맑음,단일로 - 기타,원동기,남,67세,중상,미분류,미분류,미분류,미분류
2018091200100625,2018년 9월 12일 19시,수요일,경상북도 상주시 함창읍,중상사고,0,1,0,0,차대차 - 측면충돌,신호위반,건조,맑음,교차로 - 교차로안,이륜,여,70세,중상,승용,여,58세,상해없음
2018091200100626,2018년 9월 12일 19시,수요일,경상북도 영덕군 영덕읍,중상사고,0,1,0,0,차대차 - 추돌,안전운전불이행,건조,맑음,단일로 - 기타,화물,남,59세,중상,화물,남,54세,기타불명
2018091200100627,2018년 9월 12일 19시,수요일,경상북도 포항시 북구 죽도동,경상사고,0,0,1,0,차량단독 - 기타,안전운전불이행,건조,맑음,교차로 - 교차로안,승용,남,62세,상해없음,,,,
2018091200100663,2018년 9월 12일 20시,수요일,경상북도 경산시 평산동,중상사고,0,1,0,0,차대사람 - 차도통행중,안전운전불이행,건조,맑음,주차장 - 주차장,승용,여,20세,상해없음,보행자,남,50세,중상
2018091200100664,2018년 9월 12일 20시,수요일,경상북도 영덕군 영덕읍,부상신고사고,0,0,0,1,차대차 - 추돌,안전거리미확보,건조,맑음,단일로 - 기타,화물,남,41세,상해없음,승용,여,33세,부상신고
2018091200100665,2018년 9월 12일 20시,수요일,경상북도 구미시 거의동,경상사고,0,0,1,0,차대차 - 기타,교차로운행방법위반,건조,맑음,교차로 - 교차로부근,화물,남,47세,상해없음,자전거,남,24세,경상
2018091200100666,2018년 9월 12일 20시,수요일,경상북도 포항시 남구 대잠동,경상사고,0,0,2,1,차대차 - 측면충돌,직진우회전진행방해,건조,맑음,교차로 - 교차로안,승합,남,59세,부상신고,승용,남,78세,경상
2018091200100693,2018년 9월 12일 21시,수요일,경상북도 안동시 태화동,경상사고,0,0,4,0,차대차 - 측면충돌,안전운전불이행,건조,맑음,단일로 - 기타,화물,남,59세,상해없음,승용,여,41세,경상
2018091200100694,2018년 9월 12일 21시,수요일,경상북도 칠곡군 북삼읍,경상사고,0,0,1,1,차대차 - 추돌,안전운전불이행,건조,맑음,단일로 - 기타,이륜,남,18세,상해없음,승용,여,42세,경상
2018091200100695,2018년 9월 12일 21시,수요일,경상북도 구미시 산동면,경상사고,0,0,1,0,차대사람 - 횡단중,신호위반,건조,맑음,교차로 - 교차로횡단보도내,승용,여,28세,상해없음,보행자,남,11세,경상
2018091200100722,2018년 9월 12일 22시,수요일,경상북도 포항시 남구 오천읍,경상사고,0,0,1,0,차대차 - 기타,안전운전불이행,건조,맑음,단일로 - 기타,승용,남,54세,상해없음,승용,여,38세,경상
2018091200100746,2018년 9월 12일 23시,수요일,경상북도 포항시 남구 오천읍,중상사고,0,1,0,0,차대차 - 측면충돌,직진우회전진행방해,건조,맑음,교차로 - 교차로안,승용,여,48세,상해없음,이륜,남,31세,중상
2018091300100010,2018년 9월 13일 00시,목요일,경상북도 포항시 북구 두호동,경상사고,0,0,1,0,차대사람 - 기타,안전운전불이행,건조,맑음,단일로 - 기타,승용,남,25세,상해없음,보행자,남,44세,경상
2018091300100023,2018년 9월 13일 01시,목요일,경상북도 구미시 원평동,경상사고,0,0,1,0,차대사람 - 기타,안전운전불이행,건조,맑음,단일로 - 기타,승용,남,38세,상해없음,보행자,남,43세,경상
2018091300100062,2018년 9월 13일 05시,목요일,경상북도 포항시 북구 죽도동,중상사고,0,1,0,0,차대차 - 측면충돌,신호위반,건조,맑음,교차로 - 교차로안,원동기,남,35세,중상,승용,남,62세,상해없음
2018091300100093,2018년 9월 13일 07시,목요일,경상북도 구미시 인의동,경상사고,0,0,1,0,차대차 - 추돌,안전운전불이행,건조,맑음,단일로 - 기타,이륜,남,25세,상해없음,승용,남,25세,경상
2018091300100133,2018년 9월 13일 08시,목요일,경상북도 포항시 북구 흥해읍,경상사고,0,0,1,0,차대차 - 추돌,안전운전불이행,건조,맑음,단일로 - 기타,화물,남,35세,상해없음,승용,여,45세,경상
2018091300100134,2018년 9월 13일 08시,목요일,경상북도 상주시 화서면,중상사고,0,1,0,0,차대사람 - 횡단중,안전운전불이행,건조,흐림,교차로 - 교차로안,화물,남,57세,상해없음,보행자,여,81세,중상
2018091300100135,2018년 9월 13일 08시,목요일,경상북도 구미시 고아읍,경상사고,0,0,1,0,차대차 - 측면충돌,안전운전불이행,건조,맑음,단일로 - 기타,특수,남,29세,상해없음,승용,여,48세,경상
2018091300100169,2018년 9월 13일 09시,목요일,경상북도 포항시 북구 죽장면,중상사고,0,1,0,0,차대사람 - 횡단중,안전운전불이행,건조,흐림,교차로 - 교차로안,승용,남,37세,상해없음,보행자,여,77세,중상
2018091300100193,2018년 9월 13일 10시,목요일,경상북도 안동시 당북동,경상사고,0,0,2,0,차대차 - 측면충돌,안전운전불이행,건조,맑음,단일로 - 기타,승용,남,32세,경상,승용,여,47세,경상
2018091300100194,2018년 9월 13일 10시,목요일,경상북도 영덕군 영덕읍,사망사고,1,0,0,0,차대차 - 측면충돌,직진우회전진행방해,건조,맑음,교차로 - 교차로안,화물,여,54세,상해없음,이륜,여,74세,사망
2018091300100195,2018년 9월 13일 10시,목요일,경상북도 포항시 남구 대잠동,경상사고,0,0,1,0,차대차 - 추돌,안전거리미확보,건조,맑음,교차로 - 교차로부근,승용,여,45세,상해없음,승용,여,48세,경상
2018091300100229,2018년 9월 13일 11시,목요일,경상북도 경주시 동천동,경상사고,0,0,3,0,차대차 - 측면충돌,안전운전불이행,건조,맑음,단일로 - 지하차도(도로)내,승용,여,19세,경상,화물,남,66세,경상
2018091300100230,2018년 9월 13일 11시,목요일,경상북도 포항시 북구 동빈1가,중상사고,0,1,0,0,차대차 - 측면충돌,안전운전불이행,건조,맑음,교차로 - 교차로안,승용,남,60세,상해없음,승용,남,68세,중상
2018091300100231,2018년 9월 13일 11시,목요일,경상북도 포항시 북구 양덕동,중상사고,0,2,1,0,차대차 - 측면충돌,신호위반,건조,맑음,교차로 - 교차로안,승용,여,71세,상해없음,화물,남,45세,경상
2018091300100255,2018년 9월 13일 12시,목요일,경상북도 영주시 풍기읍,중상사고,0,1,0,0,차대차 - 측면충돌,안전운전불이행,건조,맑음,단일로 - 기타,승용,여,54세,상해없음,자전거,여,72세,중상
2018091300100256,2018년 9월 13일 12시,목요일,경상북도 포항시 남구 지곡동,경상사고,0,0,3,0,차대차 - 기타,안전운전불이행,건조,맑음,단일로 - 기타,승용,여,34세,경상,승용,여,34세,경상
2018091300100292,2018년 9월 13일 13시,목요일,경상북도 안동시 풍산읍,경상사고,0,0,2,2,차대차 - 추돌,안전거리미확보,젖음/습기,비,교차로 - 교차로부근,승용,남,75세,경상,승용,남,74세,부상신고
2018091300100318,2018년 9월 13일 14시,목요일,경상북도 경주시 성건동,중상사고,0,1,2,0,차대차 - 추돌,안전운전불이행,건조,맑음,단일로 - 기타,화물,남,61세,상해없음,승합,남,51세,경상
2018091300100319,2018년 9월 13일 14시,목요일,경상북도 포항시 북구 흥해읍,중상사고,0,4,0,0,차대차 - 정면충돌,안전운전불이행,건조,맑음,교차로 - 교차로안,건설기계,남,27세,상해없음,승용,남,68세,중상
2018091300100320,2018년 9월 13일 14시,목요일,경상북도 안동시 안막동,경상사고,0,0,1,0,차대차 - 추돌,안전운전불이행,젖음/습기,비,단일로 - 기타,화물,남,60세,상해없음,승용,남,38세,경상
2018091300100359,2018년 9월 13일 15시,목요일,경상북도 경주시 성동동,경상사고,0,0,1,0,차대차 - 측면충돌,안전운전불이행,젖음/습기,흐림,교차로 - 교차로부근,승용,남,60세,상해없음,승용,남,39세,경상
2018091300100360,2018년 9월 13일 15시,목요일,경상북도 포항시 북구 장성동,중상사고,0,1,0,0,차대차 - 측면충돌,교차로운행방법위반,젖음/습기,흐림,교차로 - 교차로안,승용,여,47세,상해없음,원동기,남,56세,중상
2018091300100361,2018년 9월 13일 15시,목요일,경상북도 영덕군 병곡면,중상사고,0,3,0,0,차대차 - 측면충돌,신호위반,젖음/습기,비,교차로 - 교차로안,승용,남,61세,상해없음,승용,남,47세,중상
2018091300100397,2018년 9월 13일 16시,목요일,경상북도 경주시 동방동,중상사고,0,1,0,0,차대사람 - 횡단중,신호위반,젖음/습기,비,교차로 - 교차로횡단보도내,화물,남,57세,상해없음,보행자,여,59세,중상
2018091300100398,2018년 9월 13일 16시,목요일,경상북도 안동시 정하동,경상사고,0,0,1,0,차대차 - 측면충돌,중앙선침범,건조,맑음,단일로 - 기타,화물,여,61세,상해없음,승용,여,44세,경상
2018091300100399,2018년 9월 13일 16시,목요일,경상북도 봉화군 재산면,부상신고사고,0,0,0,1,차량단독 - 전도전복 - 전복,안전운전불이행,건조,맑음,단일로 - 기타,승합,남,67세,부상신고,미분류,미분류,미분류,미분류
2018091300100400,2018년 9월 13일 16시,목요일,경상북도 군위군 효령면,중상사고,0,1,0,0,차대차 - 측면충돌,안전운전불이행,건조,맑음,단일로 - 기타,화물,남,66세,상해없음,화물,남,64세,중상
2018091300100401,2018년 9월 13일 16시,목요일,경상북도 구미시 형곡동,경상사고,0,0,1,0,차대차 - 기타,교차로운행방법위반,건조,맑음,교차로 - 교차로안,화물,남,65세,상해없음,이륜,남,40세,경상
2018091300100402,2018년 9월 13일 16시,목요일,경상북도 구미시 고아읍,중상사고,0,2,0,0,차대차 - 측면충돌,교차로운행방법위반,건조,맑음,단일로 - 기타,승용,여,40세,상해없음,승용,여,31세,중상
2018091300100453,2018년 9월 13일 17시,목요일,경상북도 경주시 용강동,경상사고,0,0,2,0,차대차 - 추돌,안전운전불이행,젖음/습기,비,단일로 - 기타,승용,남,50세,상해없음,승용,여,42세,경상
2018091300100454,2018년 9월 13일 17시,목요일,경상북도 경주시 외동읍,경상사고,0,0,1,0,차대차 - 측면충돌,안전운전불이행,젖음/습기,맑음,교차로 - 교차로부근,승용,남,22세,상해없음,화물,남,26세,경상
2018091300100455,2018년 9월 13일 17시,목요일,경상북도 구미시 옥계동,경상사고,0,0,1,0,차대사람 - 기타,안전운전불이행,건조,맑음,단일로 - 기타,승용,여,39세,상해없음,보행자,남,54세,경상
2018091300100456,2018년 9월 13일 17시,목요일,경상북도 구미시 도량동,중상사고,0,1,0,0,차대사람 - 보도통행중,안전운전불이행,건조,맑음,단일로 - 기타,승용,여,55세,상해없음,보행자,여,39세,중상
2018091300100457,2018년 9월 13일 17시,목요일,경상북도 포항시 남구 오천읍,경상사고,0,0,2,0,차대차 - 정면충돌,중앙선침범,젖음/습기,비,단일로 - 기타,승합,남,48세,상해없음,승용,남,31세,경상
2018091300100505,2018년 9월 13일 18시,목요일,경상북도 포항시 남구 대잠동,경상사고,0,0,1,0,차대차 - 측면충돌,교차로운행방법위반,건조,맑음,교차로 - 교차로안,이륜,남,51세,경상,승용,여,48세,상해없음
2018091300100549,2018년 9월 13일 19시,목요일,경상북도 경주시 서부동,경상사고,0,0,1,0,차대사람 - 차도통행중,안전운전불이행,건조,맑음,단일로 - 기타,승용,남,68세,상해없음,보행자,남,54세,경상
2018091300100550,2018년 9월 13일 19시,목요일,경상북도 영주시 가흥동,중상사고,0,2,0,0,차대차 - 추돌,안전운전불이행,건조,맑음,주차장 - 주차장,승용,남,73세,중상,승용,여,34세,중상
2018091300100551,2018년 9월 13일 19시,목요일,경상북도 문경시 점촌동,경상사고,0,0,1,0,차대사람 - 횡단중,안전운전불이행,건조,맑음,교차로 - 교차로횡단보도내,승용,여,50세,상해없음,보행자,여,72세,경상
2018091300100600,2018년 9월 13일 20시,목요일,경상북도 김천시 부곡동,경상사고,0,0,1,0,차대차 - 후진중충돌,안전운전불이행,건조,맑음,교차로 - 교차로부근,승용,남,60세,상해없음,이륜,남,51세,경상
2018091300100601,2018년 9월 13일 20시,목요일,경상북도 구미시 황상동,경상사고,0,0,1,0,차대차 - 기타,안전거리미확보,젖음/습기,흐림,단일로 - 기타,이륜,남,34세,상해없음,승용,여,26세,경상
2018091300100627,2018년 9월 13일 21시,목요일,경상북도 안동시 풍천면,중상사고,0,1,0,0,차대차 - 정면충돌,신호위반,건조,맑음,교차로 - 교차로안,승용,남,25세,상해없음,승용,남,26세,중상
2018091300100628,2018년 9월 13일 21시,목요일,경상북도 구미시 산동면,경상사고,0,0,2,0,차대사람 - 기타,보행자보호의무위반,건조,흐림,교차로 - 교차로부근,이륜,남,38세,경상,보행자,남,46세,경상
2018091300100699,2018년 9월 13일 23시,목요일,경상북도 포항시 남구 해도동,경상사고,0,0,3,1,차대차 - 기타,직진우회전진행방해,건조,맑음,교차로 - 교차로안,승용,여,66세,부상신고,승용,남,58세,경상
2018091300100700,2018년 9월 13일 23시,목요일,경상북도 상주시 내서면,사망사고,1,1,1,0,차대차 - 기타,안전운전불이행,건조,맑음,단일로 - 기타,화물,남,38세,사망,화물,남,57세,경상
2018091400100011,2018년 9월 14일 00시,금요일,경상북도 경주시 양북면,부상신고사고,0,0,0,1,차량단독 - 도로외이탈 - 추락,안전운전불이행,젖음/습기,비,단일로 - 기타,화물,남,23세,부상신고,,,,
2018091400100079,2018년 9월 14일 05시,금요일,경상북도 상주시 내서면,사망사고,1,0,0,0,차량단독 - 도로외이탈 - 추락,안전운전불이행,젖음/습기,비,단일로 - 기타,승용,남,64세,사망,,,,
2018091400100095,2018년 9월 14일 06시,금요일,경상북도 구미시 공단동,중상사고,0,1,0,0,차대차 - 측면충돌,안전운전불이행,젖음/습기,비,단일로 - 기타,승용,남,35세,상해없음,승용,여,38세,중상
2018091400100117,2018년 9월 14일 07시,금요일,경상북도 경주시 건천읍,중상사고,0,1,0,0,차량단독 - 공작물충돌,안전운전불이행,젖음/습기,비,단일로 - 기타,승용,여,44세,중상,,,,
2018091400100154,2018년 9월 14일 08시,금요일,경상북도 포항시 북구 죽도동,경상사고,0,0,1,0,차대차 - 기타,안전운전불이행,젖음/습기,비,단일로 - 기타,승용,남,52세,상해없음,승용,여,52세,상해없음
2018091400100155,2018년 9월 14일 08시,금요일,경상북도 경산시 옥산동,경상사고,0,0,1,0,차대차 - 추돌,안전운전불이행,건조,맑음,단일로 - 기타,승용,남,51세,상해없음,승용,여,44세,경상
2018091400100156,2018년 9월 14일 08시,금요일,경상북도 경산시 사동,경상사고,0,0,1,0,차대사람 - 횡단중,신호위반,젖음/습기,비,교차로 - 교차로횡단보도내,화물,남,53세,상해없음,보행자,여,6세,경상
2018091400100202,2018년 9월 14일 09시,금요일,경상북도 포항시 북구 흥해읍,경상사고,0,0,2,0,차대차 - 측면충돌,교차로운행방법위반,젖음/습기,비,교차로 - 교차로안,승용,남,69세,기타불명,승용,남,31세,경상
2018091400100203,2018년 9월 14일 09시,금요일,경상북도 안동시 임하면,경상사고,0,0,2,0,차대차 - 추돌,안전운전불이행,젖음/습기,비,단일로 - 기타,화물,남,74세,상해없음,화물,여,52세,경상
2018091400100204,2018년 9월 14일 09시,금요일,경상북도 칠곡군 석적읍,경상사고,0,0,1,0,차대차 - 측면충돌,안전운전불이행,젖음/습기,흐림,교차로 - 교차로부근,승용,남,48세,상해없음,화물,남,46세,경상
2018091400100231,2018년 9월 14일 10시,금요일,경상북도 김천시 부곡동,중상사고,0,1,1,0,차대차 - 추돌,안전운전불이행,젖음/습기,비,교차로 - 교차로안,승용,남,22세,상해없음,승용,남,57세,경상
2018091400100263,2018년 9월 14일 11시,금요일,경상북도 영주시 봉현면,사망사고,1,1,0,0,차대차 - 추돌,안전운전불이행,젖음/습기,흐림,단일로 - 기타,화물,남,71세,사망,화물,기타불명,미분류,기타불명
2018091400100264,2018년 9월 14일 11시,금요일,경상북도 영주시 가흥동,경상사고,0,0,1,0,차대차 - 측면충돌,안전운전불이행,건조,맑음,교차로 - 교차로부근,화물,여,48세,상해없음,승용,여,39세,경상
2018091400100266,2018년 9월 14일 11시,금요일,경상북도 경산시 진량읍,중상사고,0,3,0,0,차대차 - 정면충돌,중앙선침범,젖음/습기,비,교차로 - 교차로안,승합,남,52세,상해없음,승용,여,42세,상해없음
2018091400100267,2018년 9월 14일 11시,금요일,경상북도 구미시 공단동,경상사고,0,0,1,0,차대차 - 기타,안전운전불이행,젖음/습기,비,교차로 - 교차로부근,승용,남,62세,상해없음,승용,여,40세,경상
2018091400100293,2018년 9월 14일 12시,금요일,경상북도 경주시 현곡면,중상사고,0,2,0,0,차대차 - 측면충돌,중앙선침범,젖음/습기,비,단일로 - 지하차도(도로)내,승용,여,62세,중상,승용,남,59세,중상
2018091400100294,2018년 9월 14일 12시,금요일,경상북도 안동시 명륜동,중상사고,0,1,0,0,차대차 - 측면충돌,안전운전불이행,젖음/습기,비,단일로 - 기타,승용,남,73세,상해없음,이륜,남,73세,중상
2018091400100295,2018년 9월 14일 12시,금요일,경상북도 칠곡군 가산면,경상사고,0,0,1,0,차대차 - 정면충돌,안전운전불이행,젖음/습기,흐림,단일로 - 기타,화물,남,57세,경상,건설기계,남,48세,상해없음
2018091400100329,2018년 9월 14일 13시,금요일,경상북도 경주시 북군동,경상사고,0,0,1,0,차대차 - 측면충돌,중앙선침범,젖음/습기,비,단일로 - 지하차도(도로)내,승합,남,52세,상해없음,승용,여,26세,경상
2018091400100330,2018년 9월 14일 13시,금요일,경상북도 경주시 노서동,경상사고,0,0,1,0,차대사람 - 횡단중,안전운전불이행,젖음/습기,비,교차로 - 교차로횡단보도내,승용,여,66세,상해없음,보행자,여,59세,경상
2018091400100362,2018년 9월 14일 14시,금요일,경상북도 포항시 북구 대흥동,경상사고,0,0,1,0,차대차 - 추돌,안전운전불이행,젖음/습기,비,단일로 - 기타,승용,남,23세,상해없음,승용,남,64세,경상
2018091400100363,2018년 9월 14일 14시,금요일,경상북도 안동시 길안면,경상사고,0,0,1,0,차량단독 - 공작물충돌,안전운전불이행,젖음/습기,비,단일로 - 기타,화물,남,63세,경상,,,,
2018091400100364,2018년 9월 14일 14시,금요일,경상북도 구미시 송정동,부상신고사고,0,0,0,1,차대차 - 추돌,안전거리미확보,건조,맑음,교차로 - 교차로부근,승용,남,54세,상해없음,승용,여,44세,부상신고
2018091400100390,2018년 9월 14일 15시,금요일,경상북도 경주시 용강동,경상사고,0,0,2,1,차대차 - 측면충돌,신호위반,젖음/습기,비,교차로 - 교차로안,승용,남,76세,부상신고,승용,남,66세,경상
2018091400100391,2018년 9월 14일 15시,금요일,경상북도 영주시 하망동,경상사고,0,0,1,0,차대차 - 측면충돌,신호위반,건조,맑음,교차로 - 교차로안,이륜,남,69세,경상,승용,남,55세,상해없음
2018091400100431,2018년 9월 14일 16시,금요일,경상북도 포항시 북구 흥해읍,중상사고,0,1,0,0,차대차 - 측면충돌,안전운전불이행,젖음/습기,비,단일로 - 기타,승용,여,42세,상해없음,이륜,남,38세,중상
2018091400100432,2018년 9월 14일 16시,금요일,경상북도 영주시 안정면,중상사고,0,1,0,0,차량단독 - 공작물충돌,안전운전불이행,건조,흐림,교차로 - 교차로부근,화물,남,72세,중상,,,,
2018091400100433,2018년 9월 14일 16시,금요일,경상북도 영천시 화북면,경상사고,0,0,2,0,차대차 - 측면충돌,중앙선침범,건조,맑음,단일로 - 기타,화물,남,71세,상해없음,승용,여,50세,경상
2018091400100434,2018년 9월 14일 16시,금요일,경상북도 성주군 선남면,경상사고,0,0,3,0,차대차 - 측면충돌,안전운전불이행,건조,맑음,기타 - 기타,승용,남,26세,경상,승용,여,44세,경상
2018091400100435,2018년 9월 14일 16시,금요일,경상북도 구미시 원평동,중상사고,0,1,1,0,차대차 - 추돌,안전거리미확보,젖음/습기,비,단일로 - 기타,승합,남,50세,상해없음,승용,남,22세,경상
2018091400100475,2018년 9월 14일 17시,금요일,경상북도 경주시 동부동,경상사고,0,0,1,0,차대차 - 측면충돌,중앙선침범,젖음/습기,비,단일로 - 기타,승용,남,47세,상해없음,자전거,여,67세,경상
2018091400100476,2018년 9월 14일 17시,금요일,경상북도 경주시 천군동,경상사고,0,0,2,1,차대차 - 측면충돌,기타,젖음/습기,비,교차로 - 교차로안,승합,남,58세,상해없음,승용,남,30세,경상
2018091400100477,2018년 9월 14일 17시,금요일,경상북도 의성군 단북면,중상사고,0,1,0,0,차대차 - 측면충돌,직진우회전진행방해,젖음/습기,맑음,교차로 - 교차로안,화물,남,58세,상해없음,화물,남,26세,중상
2018091400100520,2018년 9월 14일 18시,금요일,경상북도 울진군 기성면,부상신고사고,0,0,0,1,차량단독 - 도로외이탈 - 추락,안전운전불이행,건조,맑음,단일로 - 기타,승용,남,61세,부상신고,,,,
2018091400100521,2018년 9월 14일 18시,금요일,경상북도 구미시 공단동,중상사고,0,1,0,0,차대차 - 측면충돌,안전거리미확보,젖음/습기,비,단일로 - 기타,승용,여,59세,상해없음,원동기,남,49세,중상
2018091400100522,2018년 9월 14일 18시,금요일,경상북도 구미시 해평면,경상사고,0,0,1,0,차대차 - 기타,기타,젖음/습기,비,교차로 - 교차로안,승용,남,37세,상해없음,승용,남,34세,경상
2018091400100571,2018년 9월 14일 19시,금요일,경상북도 칠곡군 지천면,사망사고,1,0,0,0,차대사람 - 기타,안전운전불이행,젖음/습기,비,단일로 - 기타,승용,남,61세,상해없음,보행자,여,76세,사망
2018091400100572,2018년 9월 14일 19시,금요일,경상북도 경산시 진량읍,중상사고,0,1,0,0,차대차 - 측면충돌,안전운전불이행,건조,맑음,교차로 - 교차로안,승용,남,28세,상해없음,화물,남,40세,중상
2018091400100573,2018년 9월 14일 19시,금요일,경상북도 구미시 진평동,경상사고,0,0,1,0,차대사람 - 기타,보행자보호의무위반,젖음/습기,비,교차로 - 교차로안,승용,남,26세,상해없음,보행자,남,24세,경상
2018091400100624,2018년 9월 14일 20시,금요일,경상북도 포항시 북구 죽도동,경상사고,0,0,1,0,차대차 - 측면충돌,안전운전불이행,젖음/습기,비,단일로 - 기타,승용,남,28세,상해없음,승용,남,25세,경상
2018091400100625,2018년 9월 14일 20시,금요일,경상북도 포항시 북구 항구동,경상사고,0,0,3,0,차대차 - 측면충돌,안전운전불이행,젖음/습기,비,단일로 - 기타,승용,남,65세,경상,승용,남,68세,경상
2018091400100626,2018년 9월 14일 20시,금요일,경상북도 안동시 수상동,경상사고,0,0,1,0,차대차 - 추돌,안전운전불이행,건조,맑음,단일로 - 기타,승용,남,46세,상해없음,특수,남,48세,기타불명
2018091400100627,2018년 9월 14일 20시,금요일,경상북도 칠곡군 왜관읍,경상사고,0,0,1,0,차대차 - 측면충돌,안전운전불이행,건조,맑음,교차로 - 교차로안,자전거,남,78세,경상,승용,여,41세,상해없음
2018091400100628,2018년 9월 14일 20시,금요일,경상북도 구미시 황상동,경상사고,0,0,1,0,차대차 - 기타,안전운전불이행,건조,맑음,교차로 - 교차로부근,승용,남,53세,상해없음,승용,남,58세,경상
2018091400100673,2018년 9월 14일 21시,금요일,경상북도 포항시 북구 용흥동,경상사고,0,0,3,0,차대차 - 추돌,안전거리미확보,젖음/습기,비,교차로 - 교차로부근,승용,남,55세,상해없음,승용,남,44세,상해없음
2018091400100674,2018년 9월 14일 21시,금요일,경상북도 구미시 신평동,경상사고,0,0,1,0,차대사람 - 기타,안전운전불이행,젖음/습기,비,단일로 - 기타,이륜,남,23세,경상,보행자,여,70세,상해없음
2018091400100713,2018년 9월 14일 22시,금요일,경상북도 포항시 북구 두호동,경상사고,0,0,1,0,차대사람 - 기타,안전운전불이행,건조,맑음,교차로 - 교차로부근,승용,남,57세,상해없음,보행자,여,35세,경상
2018091400100714,2018년 9월 14일 22시,금요일,경상북도 김천시 부곡동,경상사고,0,0,1,0,차대차 - 측면충돌,교차로운행방법위반,젖음/습기,비,교차로 - 교차로안,승용,남,49세,경상,승용,남,43세,상해없음
2018091400100749,2018년 9월 14일 23시,금요일,경상북도 구미시 고아읍,경상사고,0,0,1,0,차대차 - 기타,중앙선침범,젖음/습기,비,단일로 - 기타,승용,남,26세,상해없음,승용,여,50세,경상
2018091500100012,2018년 9월 15일 00시,토요일,경상북도 포항시 북구 양덕동,중상사고,0,1,2,0,차대차 - 측면충돌,안전운전불이행,건조,맑음,교차로 - 교차로안,승용,남,46세,경상,승용,남,58세,중상
2018091500100013,2018년 9월 15일 00시,토요일,경상북도 포항시 북구 흥해읍,경상사고,0,0,2,0,차대차 - 측면충돌,안전운전불이행,젖음/습기,비,교차로 - 교차로안,승용,남,30세,상해없음,승용,남,33세,경상
2018091500100030,2018년 9월 15일 01시,토요일,경상북도 경산시 압량면,사망사고,1,0,1,0,차대차 - 측면충돌,안전운전불이행,젖음/습기,비,단일로 - 기타,승용,여,40세,경상,승합,남,64세,기타불명
2018091500100048,2018년 9월 15일 02시,토요일,경상북도 경산시 진량읍,중상사고,0,1,0,0,차량단독 - 전도전복 - 전도,안전운전불이행,침수,비,단일로 - 기타,승용,남,29세,중상,미분류,미분류,미분류,미분류
2018091500100064,2018년 9월 15일 03시,토요일,경상북도 구미시 오태동,경상사고,0,0,1,0,차대차 - 추돌,안전운전불이행,건조,맑음,단일로 - 기타,승용,남,44세,상해없음,승용,남,65세,경상
2018091500100065,2018년 9월 15일 03시,토요일,경상북도 구미시 인의동,경상사고,0,0,3,0,차대차 - 추돌,안전운전불이행,건조,맑음,단일로 - 기타,승용,남,29세,상해없음,승합,남,28세,경상
2018091500100106,2018년 9월 15일 06시,토요일,경상북도 영천시 임고면,중상사고,0,1,0,0,차대사람 - 차도통행중,안전운전불이행,건조,흐림,단일로 - 기타,승용,여,47세,상해없음,보행자,남,51세,중상
2018091500100107,2018년 9월 15일 06시,토요일,경상북도 구미시 공단동,중상사고,0,1,0,1,차대차 - 기타,안전운전불이행,건조,맑음,교차로 - 교차로안,승용,남,56세,부상신고,승용,남,51세,중상
2018091500100127,2018년 9월 15일 07시,토요일,경상북도 구미시 임수동,경상사고,0,0,1,0,차대차 - 측면충돌,안전운전불이행,건조,맑음,단일로 - 기타,화물,남,49세,상해없음,승용,남,41세,경상
2018091500100147,2018년 9월 15일 08시,토요일,경상북도 포항시 북구 흥해읍,경상사고,0,0,1,0,차대차 - 측면충돌,교차로운행방법위반,건조,맑음,교차로 - 교차로안,승용,여,55세,상해없음,이륜,남,76세,경상