사고번호,사고일시,요일,시군구,사고내용,사망자수,중상자수,경상자수,부상신고자수,사고유형,법규위반,노면상태,기상상태,도로형태,가해운전자 차종,가해운전자 성별,가해운전자 연령,가해운전자 상해정도,피해운전자 차종,피해운전자 성별,피해운전자 연령,피해운전자 상해정도
2018091500100175,2018년 9월 15일 09시,토요일,경상북도 경산시 하양읍,경상사고,0,0,3,0,차대차 - 추돌,안전거리미확보,건조,맑음,교차로 - 교차로부근,화물,남,54세,상해없음,승용,남,47세,경상
2018091500100176,2018년 9월 15일 09시,토요일,경상북도 포항시 남구 대잠동,경상사고,0,0,1,0,차대차 - 측면충돌,안전운전불이행,건조,맑음,교차로 - 교차로안,승용,남,54세,상해없음,승용,남,24세,경상
2018091500100177,2018년 9월 15일 09시,토요일,경상북도 경산시 옥산동,경상사고,0,0,1,0,차대차 - 기타,안전운전불이행,건조,맑음,단일로 - 기타,기타불명,기타불명,미분류,기타불명,승용,남,43세,경상
2018091500100211,2018년 9월 15일 10시,토요일,경상북도 포항시 남구 연일읍,경상사고,0,0,1,0,차대차 - 측면충돌,안전운전불이행,건조,흐림,교차로 - 교차로부근,승용,남,65세,상해없음,승용,남,33세,경상
2018091500100245,2018년 9월 15일 11시,토요일,경상북도 상주시 모서면,경상사고,0,0,1,0,차대차 - 측면충돌,안전운전불이행,건조,맑음,교차로 - 교차로부근,승합,남,63세,상해없음,자전거,남,80세,경상
2018091500100246,2018년 9월 15일 11시,토요일,경상북도 상주시 남성동,경상사고,0,0,3,0,차대차 - 기타,차로위반,건조,흐림,단일로 - 기타,승용,남,19세,상해없음,승용,남,40세,상해없음
2018091500100247,2018년 9월 15일 11시,토요일,경상북도 문경시 공평동,경상사고,0,0,1,0,차대차 - 측면충돌,안전운전불이행,건조,맑음,단일로 - 기타,이륜,남,89세,경상,승용,남,28세,상해없음
2018091500100285,2018년 9월 15일 12시,토요일,경상북도 영천시 완산동,경상사고,0,0,1,2,차대차 - 측면충돌,안전운전불이행,건조,맑음,단일로 - 기타,승용,남,38세,상해없음,승용,여,58세,경상
2018091500100286,2018년 9월 15일 12시,토요일,경상북도 영덕군 창수면,경상사고,0,0,1,0,차대차 - 측면충돌,안전운전불이행,건조,맑음,단일로 - 기타,이륜,남,77세,경상,화물,남,80세,상해없음
2018091500100287,2018년 9월 15일 12시,토요일,경상북도 영덕군 축산면,중상사고,0,1,0,0,차대차 - 측면충돌,안전운전불이행,건조,맑음,단일로 - 기타,화물,남,59세,상해없음,이륜,남,84세,중상
2018091500100327,2018년 9월 15일 13시,토요일,경상북도 경주시 진현동,중상사고,0,1,1,0,차대차 - 측면충돌,신호위반,건조,맑음,교차로 - 교차로안,승용,남,56세,중상,승용,남,32세,상해없음
2018091500100328,2018년 9월 15일 13시,토요일,경상북도 포항시 북구 흥해읍,경상사고,0,0,4,0,차대차 - 추돌,안전운전불이행,건조,맑음,교차로 - 교차로부근,승용,남,34세,상해없음,승용,남,59세,경상
2018091500100329,2018년 9월 15일 13시,토요일,경상북도 포항시 북구 창포동,경상사고,0,0,3,0,차대차 - 측면충돌,안전운전불이행,건조,맑음,단일로 - 기타,승용,남,67세,상해없음,승용,여,57세,경상
2018091500100330,2018년 9월 15일 13시,토요일,경상북도 포항시 남구 대송면,부상신고사고,0,0,0,1,차대차 - 기타,안전운전불이행,건조,맑음,단일로 - 기타,승용,남,29세,부상신고,화물,남,62세,상해없음
2018091500100356,2018년 9월 15일 14시,토요일,경상북도 포항시 북구 흥해읍,중상사고,0,1,1,0,차대차 - 측면충돌,신호위반,건조,맑음,교차로 - 교차로안,화물,남,57세,상해없음,승용,여,23세,중상
2018091500100357,2018년 9월 15일 14시,토요일,경상북도 포항시 북구 용흥동,경상사고,0,0,1,0,차대차 - 측면충돌,교차로운행방법위반,건조,맑음,교차로 - 교차로안,화물,남,57세,상해없음,승용,여,60세,경상
2018091500100358,2018년 9월 15일 14시,토요일,경상북도 청도군 화양읍,경상사고,0,0,1,0,차대차 - 기타,안전운전불이행,건조,맑음,단일로 - 기타,개인형이동수단(PM),여,69세,경상,승합,남,53세,상해없음
2018091500100431,2018년 9월 15일 16시,토요일,경상북도 경주시 노서동,경상사고,0,0,1,0,차대사람 - 횡단중,신호위반,건조,맑음,교차로 - 교차로횡단보도내,승용,남,73세,상해없음,보행자,여,12세,경상
2018091500100432,2018년 9월 15일 16시,토요일,경상북도 군위군 군위읍,경상사고,0,0,1,0,차대차 - 측면충돌,안전운전불이행,건조,맑음,주차장 - 주차장,화물,남,78세,상해없음,화물,여,46세,상해없음
2018091500100433,2018년 9월 15일 16시,토요일,경상북도 포항시 남구 해도동,경상사고,0,0,1,0,차대차 - 기타,안전운전불이행,건조,맑음,교차로 - 교차로안,자전거,남,67세,경상,승용,남,67세,상해없음
2018091500100467,2018년 9월 15일 17시,토요일,경상북도 경주시 성건동,중상사고,0,3,4,0,차대차 - 측면충돌,안전운전불이행,건조,맑음,교차로 - 교차로안,승용,남,28세,경상,승용,여,53세,중상
2018091500100468,2018년 9월 15일 17시,토요일,경상북도 예천군 예천읍,중상사고,0,1,0,0,차대차 - 측면충돌,신호위반,젖음/습기,흐림,교차로 - 교차로안,화물,남,53세,상해없음,승용,남,63세,중상
2018091500100469,2018년 9월 15일 17시,토요일,경상북도 포항시 남구 연일읍,중상사고,0,1,0,0,차대차 - 기타,직진우회전진행방해,건조,맑음,교차로 - 교차로안,승용,여,59세,상해없음,자전거,남,57세,중상
2018091500100470,2018년 9월 15일 17시,토요일,경상북도 포항시 남구 오천읍,경상사고,0,0,1,0,차대차 - 측면충돌,교차로운행방법위반,건조,맑음,교차로 - 교차로안,자전거,여,62세,경상,승용,남,28세,상해없음
2018091500100507,2018년 9월 15일 18시,토요일,경상북도 예천군 호명면,사망사고,1,0,0,0,차대차 - 측면충돌,안전운전불이행,젖음/습기,비,교차로 - 교차로안,승용,남,64세,상해없음,이륜,남,26세,사망
2018091500100537,2018년 9월 15일 19시,토요일,경상북도 안동시 명륜동,중상사고,0,1,1,0,차대차 - 측면충돌,안전운전불이행,건조,맑음,교차로 - 교차로안,승용,남,64세,상해없음,화물,남,69세,경상
2018091500100538,2018년 9월 15일 19시,토요일,경상북도 의성군 의성읍,경상사고,0,0,1,0,차대차 - 기타,안전운전불이행,젖음/습기,비,단일로 - 기타,화물,남,66세,상해없음,이륜,남,32세,경상
2018091500100539,2018년 9월 15일 19시,토요일,경상북도 영천시 금호읍,경상사고,0,0,1,0,차대차 - 추돌,안전운전불이행,건조,맑음,교차로 - 교차로부근,승용,남,58세,상해없음,승용,여,51세,경상
2018091500100540,2018년 9월 15일 19시,토요일,경상북도 구미시 도량동,경상사고,0,0,1,0,차대사람 - 횡단중,보행자보호의무위반,건조,맑음,교차로 - 교차로안,이륜,남,20세,상해없음,보행자,여,10세,경상
2018091500100567,2018년 9월 15일 20시,토요일,경상북도 포항시 북구 죽도동,중상사고,0,1,0,0,차대차 - 측면충돌,신호위반,건조,맑음,교차로 - 교차로안,승용,남,32세,상해없음,이륜,남,17세,중상
2018091500100568,2018년 9월 15일 20시,토요일,경상북도 안동시 용상동,경상사고,0,0,2,0,차대차 - 추돌,안전운전불이행,건조,맑음,단일로 - 기타,승용,남,42세,상해없음,승용,남,64세,경상
2018091500100569,2018년 9월 15일 20시,토요일,경상북도 영주시 가흥동,경상사고,0,0,2,0,차대차 - 추돌,안전운전불이행,젖음/습기,비,교차로 - 교차로부근,승용,여,48세,상해없음,승용,남,38세,경상
2018091500100570,2018년 9월 15일 20시,토요일,경상북도 성주군 선남면,중상사고,0,1,4,0,차대차 - 추돌,안전운전불이행,젖음/습기,비,교차로 - 교차로부근,승용,여,54세,상해없음,승용,남,34세,경상
2018091500100598,2018년 9월 15일 21시,토요일,경상북도 경주시 구황동,경상사고,0,0,1,0,차대차 - 측면충돌,안전운전불이행,건조,맑음,교차로 - 교차로안,승용,남,57세,상해없음,승용,여,57세,경상
2018091500100621,2018년 9월 15일 22시,토요일,경상북도 경주시 안강읍,중상사고,0,1,0,0,차대차 - 측면충돌,안전운전불이행,건조,맑음,교차로 - 교차로안,승용,남,21세,상해없음,자전거,남,53세,중상
2018091500100622,2018년 9월 15일 22시,토요일,경상북도 안동시 일직면,경상사고,0,0,1,0,차대차 - 추돌,안전거리미확보,젖음/습기,흐림,단일로 - 기타,승용,남,37세,상해없음,승용,남,48세,상해없음
2018091500100623,2018년 9월 15일 22시,토요일,경상북도 군위군 군위읍,사망사고,1,0,0,0,차대차 - 추돌,과속,건조,맑음,단일로 - 기타,승용,남,40세,상해없음,승용,남,30세,상해없음
2018091500100624,2018년 9월 15일 22시,토요일,경상북도 구미시 인의동,중상사고,0,1,0,0,차대사람 - 횡단중,보행자보호의무위반,젖음/습기,흐림,교차로 - 교차로안,승용,여,49세,상해없음,보행자,여,54세,중상
2018091600100028,2018년 9월 16일 01시,일요일,경상북도 경주시 외동읍,중상사고,0,1,0,1,차대차 - 측면충돌,안전운전불이행,젖음/습기,안개,교차로 - 교차로안,승용,남,58세,부상신고,자전거,남,43세,중상
2018091600100029,2018년 9월 16일 01시,일요일,경상북도 구미시 선기동,경상사고,0,0,1,0,차량단독 - 전도전복 - 전도,안전운전불이행,젖음/습기,비,단일로 - 기타,이륜,남,16세,경상,미분류,미분류,미분류,미분류
2018091600100030,2018년 9월 16일 01시,일요일,경상북도 포항시 남구 해도동,경상사고,0,0,1,0,차대차 - 추돌,안전운전불이행,건조,맑음,단일로 - 기타,승용,남,38세,상해없음,승용,남,29세,상해없음
2018091600100045,2018년 9월 16일 02시,일요일,경상북도 칠곡군 약목면,부상신고사고,0,0,0,1,차량단독 - 공작물충돌,기타,건조,맑음,단일로 - 교량,이륜,남,32세,부상신고,,,,
2018091600100057,2018년 9월 16일 03시,일요일,경상북도 칠곡군 가산면,경상사고,0,0,1,0,차량단독 - 공작물충돌,안전운전불이행,젖음/습기,흐림,단일로 - 교량,승용,남,35세,경상,,,,
2018091600100067,2018년 9월 16일 04시,일요일,경상북도 영주시 휴천동,경상사고,0,0,1,0,차대차 - 측면충돌,안전운전불이행,건조,맑음,교차로 - 교차로안,승용,남,33세,상해없음,이륜,남,21세,경상
2018091600100081,2018년 9월 16일 05시,일요일,경상북도 구미시 인의동,중상사고,0,1,2,0,차대차 - 기타,안전운전불이행,젖음/습기,흐림,교차로 - 교차로부근,이륜,남,15세,중상,승용,남,71세,상해없음
2018091600100096,2018년 9월 16일 06시,일요일,경상북도 구미시 임수동,경상사고,0,0,2,0,차대차 - 측면충돌,안전운전불이행,건조,맑음,교차로 - 교차로부근,승용,여,25세,상해없음,승용,남,64세,경상
2018091600100106,2018년 9월 16일 07시,일요일,경상북도 안동시 임하면,경상사고,0,0,2,0,차대차 - 측면충돌,안전운전불이행,젖음/습기,비,교차로 - 교차로안,승용,남,69세,상해없음,화물,남,65세,경상
2018091600100107,2018년 9월 16일 07시,일요일,경상북도 성주군 성주읍,중상사고,0,1,0,0,차량단독 - 기타,기타,건조,맑음,교차로 - 교차로부근,승합,남,40세,상해없음,,,,
2018091600100124,2018년 9월 16일 08시,일요일,경상북도 경주시 보문동,경상사고,0,0,1,0,차대차 - 측면충돌,안전운전불이행,건조,맑음,단일로 - 기타,승용,남,70세,상해없음,승용,여,46세,경상
2018091600100125,2018년 9월 16일 08시,일요일,경상북도 문경시 산양면,중상사고,0,1,1,0,차대차 - 측면충돌,안전운전불이행,건조,맑음,교차로 - 교차로안,승용,여,63세,상해없음,이륜,남,76세,중상
2018091600100143,2018년 9월 16일 09시,일요일,경상북도 고령군 대가야읍,경상사고,0,0,4,2,차대차 - 측면충돌,교차로운행방법위반,건조,맑음,교차로 - 교차로안,승용,남,39세,경상,승용,여,57세,경상
2018091600100144,2018년 9월 16일 09시,일요일,경상북도 구미시 선산읍,경상사고,0,0,2,0,차대차 - 기타,신호위반,건조,맑음,교차로 - 교차로안,승용,남,66세,상해없음,승용,여,57세,경상
2018091600100191,2018년 9월 16일 11시,일요일,경상북도 문경시 문경읍,경상사고,0,0,4,0,차대차 - 측면충돌,안전운전불이행,건조,흐림,단일로 - 기타,화물,남,50세,경상,승용,남,47세,경상
2018091600100192,2018년 9월 16일 11시,일요일,경상북도 구미시 사곡동,경상사고,0,0,1,0,차대사람 - 횡단중,안전운전불이행,건조,맑음,단일로 - 기타,승용,여,56세,상해없음,보행자,여,84세,경상
2018091600100216,2018년 9월 16일 12시,일요일,경상북도 경주시 충효동,경상사고,0,0,1,0,차대차 - 측면충돌,안전거리미확보,건조,맑음,교차로 - 교차로부근,승용,여,60세,상해없음,이륜,남,20세,경상
2018091600100217,2018년 9월 16일 12시,일요일,경상북도 김천시 지좌동,경상사고,0,0,2,0,차대차 - 측면충돌,안전운전불이행,건조,맑음,단일로 - 기타,승용,여,41세,상해없음,승용,여,57세,경상
2018091600100245,2018년 9월 16일 13시,일요일,경상북도 상주시 남성동,중상사고,0,1,2,0,차대차 - 측면충돌,기타,건조,맑음,단일로 - 기타,승용,여,56세,상해없음,이륜,남,20세,중상
2018091600100246,2018년 9월 16일 13시,일요일,경상북도 칠곡군 석적읍,경상사고,0,0,4,0,차대차 - 측면충돌,직진우회전진행방해,건조,맑음,교차로 - 교차로안,승용,남,29세,경상,승용,남,42세,경상
2018091600100247,2018년 9월 16일 13시,일요일,경상북도 성주군 선남면,경상사고,0,0,1,0,차대차 - 측면충돌,안전운전불이행,건조,맑음,교차로 - 교차로부근,승용,여,63세,상해없음,승용,남,63세,경상
2018091600100273,2018년 9월 16일 14시,일요일,경상북도 경주시 인왕동,경상사고,0,0,3,0,차대차 - 측면충돌,신호위반,건조,맑음,교차로 - 교차로안,승용,남,47세,상해없음,승용,여,39세,경상
2018091600100274,2018년 9월 16일 14시,일요일,경상북도 경주시 건천읍,경상사고,0,0,2,0,차대차 - 측면충돌,안전운전불이행,건조,맑음,교차로 - 교차로부근,승용,남,56세,상해없음,승용,여,45세,경상
2018091600100275,2018년 9월 16일 14시,일요일,경상북도 칠곡군 석적읍,경상사고,0,0,1,0,차대차 - 측면충돌,안전운전불이행,건조,맑음,단일로 - 기타,승용,남,59세,상해없음,승용,여,32세,경상
2018091600100276,2018년 9월 16일 14시,일요일,경상북도 영천시 완산동,중상사고,0,1,0,0,차대사람 - 횡단중,안전운전불이행,건조,맑음,교차로 - 교차로부근,승용,남,58세,상해없음,보행자,남,3세,중상
2018091600100277,2018년 9월 16일 14시,일요일,경상북도 영덕군 병곡면,중상사고,0,1,0,0,차대차 - 추돌,안전운전불이행,건조,맑음,단일로 - 기타,승합,남,55세,상해없음,이륜,남,84세,중상
2018091600100278,2018년 9월 16일 14시,일요일,경상북도 포항시 남구 오천읍,경상사고,0,0,1,0,차대차 - 측면충돌,안전운전불이행,건조,맑음,교차로 - 교차로부근,승용,남,50세,상해없음,승용,여,60세,경상
2018091600100308,2018년 9월 16일 15시,일요일,경상북도 경산시 평산동,중상사고,0,2,0,0,차대사람 - 횡단중,보행자보호의무위반,건조,맑음,교차로 - 교차로안,화물,남,56세,상해없음,보행자,남,68세,중상
2018091600100346,2018년 9월 16일 16시,일요일,경상북도 경주시 외동읍,경상사고,0,0,1,0,차대차 - 추돌,안전운전불이행,건조,맑음,단일로 - 기타,승용,남,82세,상해없음,승용,남,37세,경상
2018091600100347,2018년 9월 16일 16시,일요일,경상북도 포항시 북구 죽도동,경상사고,0,0,1,0,차대사람 - 기타,안전운전불이행,건조,맑음,단일로 - 기타,승용,남,59세,상해없음,보행자,여,60세,경상
2018091600100348,2018년 9월 16일 16시,일요일,경상북도 구미시 고아읍,경상사고,0,0,3,0,차대차 - 기타,중앙선침범,건조,맑음,단일로 - 기타,승용,여,38세,상해없음,승용,여,52세,경상
2018091600100349,2018년 9월 16일 16시,일요일,경상북도 구미시 봉곡동,중상사고,0,1,1,0,차대사람 - 횡단중,안전운전불이행,건조,흐림,단일로 - 기타,승용,남,26세,상해없음,보행자,여,9세,중상
2018091600100393,2018년 9월 16일 17시,일요일,경상북도 안동시 태화동,중상사고,0,1,0,0,차대차 - 측면충돌,신호위반,건조,맑음,교차로 - 교차로안,화물,남,57세,상해없음,자전거,남,14세,중상
2018091600100417,2018년 9월 16일 18시,일요일,경상북도 성주군 월항면,중상사고,0,1,0,0,차량단독 - 도로외이탈 - 추락,안전운전불이행,건조,맑음,단일로 - 기타,이륜,남,61세,중상,,,,
2018091600100418,2018년 9월 16일 18시,일요일,경상북도 구미시 원평동,부상신고사고,0,0,0,1,차대차 - 기타,안전운전불이행,건조,맑음,단일로 - 기타,자전거,남,60세,부상신고,승합,남,50세,상해없음
2018091600100449,2018년 9월 16일 19시,일요일,경상북도 문경시 동로면,경상사고,0,0,1,0,차대차 - 측면충돌,중앙선침범,건조,맑음,단일로 - 기타,이륜,남,67세,경상,승용,여,46세,상해없음
2018091600100474,2018년 9월 16일 20시,일요일,경상북도 경주시 성건동,경상사고,0,0,1,0,차대차 - 측면충돌,안전운전불이행,건조,맑음,단일로 - 기타,승용,남,65세,상해없음,이륜,남,23세,경상
2018091600100510,2018년 9월 16일 22시,일요일,경상북도 구미시 진평동,경상사고,0,0,1,0,차대차 - 측면충돌,안전거리미확보,건조,맑음,교차로 - 교차로부근,승용,남,44세,상해없음,이륜,남,16세,경상
2018091600100529,2018년 9월 16일 23시,일요일,경상북도 구미시 임은동,경상사고,0,0,2,0,차대차 - 기타,안전운전불이행,건조,맑음,교차로 - 교차로안,승용,남,45세,상해없음,승용,남,52세,경상
2018091700100008,2018년 9월 17일 00시,월요일,경상북도 고령군 쌍림면,중상사고,0,1,0,0,차량단독 - 공작물충돌,안전운전불이행,건조,맑음,단일로 - 기타,승용,남,51세,중상,,,,
2018091700100042,2018년 9월 17일 05시,월요일,경상북도 문경시 문경읍,사망사고,1,0,1,0,차대차 - 추돌,안전운전불이행,젖음/습기,흐림,단일로 - 기타,화물,남,54세,상해없음,원동기,남,24세,경상
2018091700100059,2018년 9월 17일 06시,월요일,경상북도 안동시 임하면,중상사고,0,1,0,0,차량단독 - 도로외이탈 - 기타,안전운전불이행,건조,맑음,단일로 - 기타,화물,남,52세,중상,,,,
2018091700100087,2018년 9월 17일 07시,월요일,경상북도 경주시 성동동,경상사고,0,0,2,0,차대차 - 측면충돌,신호위반,건조,맑음,교차로 - 교차로부근,승용,남,59세,상해없음,승용,여,54세,경상
2018091700100088,2018년 9월 17일 07시,월요일,경상북도 구미시 공단동,경상사고,0,0,1,0,차대차 - 측면충돌,안전운전불이행,건조,맑음,교차로 - 교차로부근,승용,남,48세,상해없음,승용,남,57세,경상
2018091700100126,2018년 9월 17일 08시,월요일,경상북도 포항시 북구 흥해읍,경상사고,0,0,1,0,차대차 - 측면충돌,차로위반,건조,맑음,교차로 - 교차로부근,승용,남,38세,상해없음,승용,여,39세,경상
2018091700100127,2018년 9월 17일 08시,월요일,경상북도 영덕군 축산면,중상사고,0,1,1,0,차대차 - 추돌,안전운전불이행,건조,맑음,단일로 - 기타,화물,여,52세,경상,농기계,남,65세,중상
2018091700100168,2018년 9월 17일 09시,월요일,경상북도 김천시 봉산면,경상사고,0,0,1,0,차대차 - 측면충돌,신호위반,건조,맑음,교차로 - 교차로안,이륜,남,78세,경상,승용,여,59세,상해없음
2018091700100169,2018년 9월 17일 09시,월요일,경상북도 구미시 상모동,경상사고,0,0,1,0,차대차 - 측면충돌,중앙선침범,건조,맑음,단일로 - 기타,특수,남,56세,상해없음,승용,남,57세,경상
2018091700100199,2018년 9월 17일 10시,월요일,경상북도 의성군 의성읍,중상사고,0,1,0,0,차대차 - 측면충돌,안전운전불이행,건조,맑음,단일로 - 기타,승용,여,54세,상해없음,이륜,남,80세,중상
2018091700100200,2018년 9월 17일 10시,월요일,경상북도 영천시 문외동,경상사고,0,0,1,0,차대차 - 측면충돌,차로위반,건조,맑음,단일로 - 기타,화물,남,61세,상해없음,승용,남,80세,경상
2018091700100228,2018년 9월 17일 11시,월요일,경상북도 경산시 자인면,중상사고,0,2,1,0,차대차 - 측면충돌,신호위반,건조,맑음,교차로 - 교차로안,승용,여,70세,상해없음,승용,여,21세,경상
2018091700100251,2018년 9월 17일 12시,월요일,경상북도 김천시 평화동,경상사고,0,0,1,0,차대사람 - 횡단중,보행자보호의무위반,건조,맑음,교차로 - 교차로횡단보도내,승용,여,42세,상해없음,보행자,여,24세,경상
2018091700100252,2018년 9월 17일 12시,월요일,경상북도 구미시 원평동,경상사고,0,0,1,0,차대사람 - 횡단중,안전운전불이행,건조,맑음,기타 - 기타,기타불명,기타불명,미분류,기타불명,보행자,여,63세,경상
2018091700100282,2018년 9월 17일 13시,월요일,경상북도 상주시 외남면,중상사고,0,1,0,0,차대차 - 기타,안전운전불이행,건조,맑음,단일로 - 기타,화물,남,68세,상해없음,농기계,여,77세,중상
2018091700100283,2018년 9월 17일 13시,월요일,경상북도 영천시 완산동,경상사고,0,0,1,0,차대사람 - 횡단중,교차로운행방법위반,건조,맑음,교차로 - 교차로안,승용,여,49세,상해없음,보행자,남,23세,경상
2018091700100284,2018년 9월 17일 13시,월요일,경상북도 예천군 풍양면,경상사고,0,0,1,0,차대차 - 측면충돌,안전운전불이행,건조,맑음,교차로 - 교차로안,화물,남,45세,상해없음,승용,남,51세,경상
2018091700100285,2018년 9월 17일 13시,월요일,경상북도 청송군 진보면,경상사고,0,0,2,0,차대차 - 추돌,안전거리미확보,건조,맑음,단일로 - 기타,화물,남,22세,상해없음,승용,여,73세,경상
2018091700100286,2018년 9월 17일 13시,월요일,경상북도 영양군 영양읍,중상사고,0,1,0,0,차대사람 - 차도통행중,안전운전불이행,건조,맑음,단일로 - 기타,화물,남,61세,상해없음,보행자,여,77세,중상
2018091700100315,2018년 9월 17일 14시,월요일,경상북도 경주시 내남면,중상사고,0,1,0,0,차대차 - 측면충돌,안전운전불이행,건조,맑음,교차로 - 교차로부근,이륜,남,77세,중상,승용,남,62세,상해없음
2018091700100316,2018년 9월 17일 14시,월요일,경상북도 포항시 북구 죽도동,경상사고,0,0,1,0,차대차 - 측면충돌,신호위반,건조,맑음,교차로 - 교차로안,승용,여,34세,상해없음,이륜,남,67세,경상
2018091700100317,2018년 9월 17일 14시,월요일,경상북도 영주시 가흥동,중상사고,0,1,0,0,차대차 - 측면충돌,신호위반,건조,맑음,교차로 - 교차로안,승용,남,26세,상해없음,승용,남,59세,중상
2018091700100318,2018년 9월 17일 14시,월요일,경상북도 경산시 계양동,중상사고,0,1,0,0,차대차 - 측면충돌,안전운전불이행,건조,맑음,교차로 - 교차로안,이륜,여,55세,중상,승용,남,45세,상해없음
2018091700100319,2018년 9월 17일 14시,월요일,경상북도 울진군 죽변면,중상사고,0,1,0,0,차대차 - 측면충돌,직진우회전진행방해,건조,맑음,교차로 - 교차로부근,건설기계,남,55세,상해없음,이륜,남,72세,중상
2018091700100403,2018년 9월 17일 16시,월요일,경상북도 경주시 황오동,경상사고,0,0,1,0,차대차 - 측면충돌,안전운전불이행,건조,맑음,단일로 - 기타,승용,여,43세,상해없음,승용,남,69세,상해없음
2018091700100404,2018년 9월 17일 16시,월요일,경상북도 영천시 임고면,경상사고,0,0,1,0,차대차 - 추돌,안전거리미확보,건조,맑음,교차로 - 교차로부근,승합,남,53세,상해없음,승합,남,49세,상해없음
2018091700100405,2018년 9월 17일 16시,월요일,경상북도 영덕군 영해면,경상사고,0,0,1,0,차대사람 - 차도통행중,안전운전불이행,건조,맑음,단일로 - 기타,승용,남,87세,상해없음,보행자,남,14세,경상
2018091700100406,2018년 9월 17일 16시,월요일,경상북도 구미시 인의동,경상사고,0,0,1,0,차대차 - 기타,안전운전불이행,건조,맑음,교차로 - 교차로부근,승용,남,60세,상해없음,승용,남,26세,경상
2018091700100454,2018년 9월 17일 17시,월요일,경상북도 포항시 북구 죽도동,중상사고,0,1,0,0,차대차 - 기타,안전운전불이행,건조,맑음,단일로 - 기타,승용,여,32세,상해없음,이륜,남,25세,중상
2018091700100455,2018년 9월 17일 17시,월요일,경상북도 청도군 화양읍,경상사고,0,0,1,0,차대차 - 추돌,안전운전불이행,건조,맑음,교차로 - 교차로부근,승용,남,66세,경상,화물,남,56세,기타불명
2018091700100456,2018년 9월 17일 17시,월요일,경상북도 영양군 영양읍,중상사고,0,1,0,0,차대차 - 정면충돌,안전운전불이행,건조,맑음,단일로 - 기타,화물,남,53세,상해없음,이륜,남,37세,중상
2018091700100502,2018년 9월 17일 18시,월요일,경상북도 구미시 도량동,중상사고,0,1,0,0,차대사람 - 기타,안전운전불이행,건조,맑음,주차장 - 주차장,승용,여,61세,상해없음,보행자,남,53세,중상
2018091700100503,2018년 9월 17일 18시,월요일,경상북도 포항시 남구 연일읍,경상사고,0,0,1,0,차대차 - 측면충돌,교차로운행방법위반,건조,맑음,교차로 - 교차로안,승용,남,62세,상해없음,이륜,남,70세,경상
2018091700100544,2018년 9월 17일 19시,월요일,경상북도 안동시 남문동,중상사고,0,1,2,0,차대차 - 측면충돌,직진우회전진행방해,건조,맑음,교차로 - 교차로안,승용,남,43세,경상,승용,남,72세,경상
2018091700100545,2018년 9월 17일 19시,월요일,경상북도 영양군 입암면,경상사고,0,0,1,0,차대차 - 측면충돌,신호위반,건조,맑음,교차로 - 교차로안,농기계,남,76세,경상,승용,남,49세,상해없음
2018091700100583,2018년 9월 17일 20시,월요일,경상북도 구미시 봉곡동,경상사고,0,0,1,0,차대사람 - 기타,기타,건조,맑음,기타 - 기타,이륜,남,23세,기타불명,보행자,남,48세,경상
2018091700100623,2018년 9월 17일 21시,월요일,경상북도 영주시 휴천동,중상사고,0,1,0,0,차대사람 - 횡단중,안전운전불이행,건조,맑음,단일로 - 기타,승용,남,33세,상해없음,보행자,남,40세,중상
2018091700100624,2018년 9월 17일 21시,월요일,경상북도 경산시 평산동,경상사고,0,0,2,0,차대차 - 측면충돌,신호위반,건조,맑음,교차로 - 교차로안,승용,남,39세,상해없음,승용,남,49세,경상
2018091700100647,2018년 9월 17일 22시,월요일,경상북도 안동시 율세동,경상사고,0,0,1,0,차대사람 - 횡단중,안전운전불이행,건조,맑음,단일로 - 기타,승용,남,42세,상해없음,보행자,여,32세,경상
2018091700100648,2018년 9월 17일 22시,월요일,경상북도 문경시 영순면,중상사고,0,2,0,0,차대차 - 추돌,안전운전불이행,건조,맑음,단일로 - 기타,승용,남,52세,상해없음,승용,여,57세,중상
2018091700100649,2018년 9월 17일 22시,월요일,경상북도 구미시 송정동,경상사고,0,0,1,0,차대차 - 기타,안전운전불이행,건조,맑음,교차로 - 교차로부근,승용,여,43세,상해없음,자전거,남,16세,경상
2018091700100673,2018년 9월 17일 23시,월요일,경상북도 경주시 진현동,경상사고,0,0,2,0,차대차 - 추돌,안전운전불이행,건조,맑음,단일로 - 기타,승용,남,39세,상해없음,승용,남,29세,경상
2018091700100674,2018년 9월 17일 23시,월요일,경상북도 안동시 태화동,중상사고,0,1,0,0,차량단독 - 기타,안전운전불이행,건조,맑음,단일로 - 기타,승용,남,34세,중상,,,,
2018091700100675,2018년 9월 17일 23시,월요일,경상북도 경산시 옥산동,중상사고,0,1,0,0,차대사람 - 기타,안전운전불이행,건조,맑음,단일로 - 기타,이륜,남,30세,기타불명,보행자,여,70세,중상
2018091800100010,2018년 9월 18일 00시,화요일,경상북도 경산시 진량읍,경상사고,0,0,1,0,차대사람 - 횡단중,보행자보호의무위반,건조,맑음,교차로 - 교차로안,승용,남,36세,상해없음,보행자,남,50세,경상
2018091800100052,2018년 9월 18일 05시,화요일,경상북도 구미시 진평동,중상사고,0,1,0,0,차대사람 - 기타,안전운전불이행,건조,맑음,단일로 - 기타,기타불명,기타불명,미분류,기타불명,보행자,여,25세,중상