사고번호,사고일시,요일,시군구,사고내용,사망자수,중상자수,경상자수,부상신고자수,사고유형,법규위반,노면상태,기상상태,도로형태,가해운전자 차종,가해운전자 성별,가해운전자 연령,가해운전자 상해정도,피해운전자 차종,피해운전자 성별,피해운전자 연령,피해운전자 상해정도
2018091800100065,2018년 9월 18일 06시,화요일,경상북도 안동시 용상동,경상사고,0,0,1,0,차대차 - 측면충돌,안전운전불이행,건조,맑음,단일로 - 기타,이륜,남,34세,경상,승합,남,44세,상해없음
2018091800100066,2018년 9월 18일 06시,화요일,경상북도 예천군 예천읍,경상사고,0,0,1,0,차대차 - 측면충돌,직진우회전진행방해,건조,맑음,교차로 - 교차로안,승용,남,61세,상해없음,자전거,여,70세,경상
2018091800100142,2018년 9월 18일 08시,화요일,경상북도 영주시 하망동,중상사고,0,1,0,0,차대사람 - 횡단중,보행자보호의무위반,건조,맑음,단일로 - 기타,승용,여,61세,상해없음,보행자,여,9세,중상
2018091800100143,2018년 9월 18일 08시,화요일,경상북도 경산시 하양읍,중상사고,0,1,1,0,차대사람 - 길가장자리구역통행중,안전운전불이행,건조,맑음,단일로 - 기타,원동기,남,39세,중상,보행자,여,23세,경상
2018091800100144,2018년 9월 18일 08시,화요일,경상북도 구미시 진평동,경상사고,0,0,1,0,차대차 - 기타,안전운전불이행,건조,맑음,교차로 - 교차로부근,승용,남,23세,상해없음,화물,남,40세,경상
2018091800100228,2018년 9월 18일 10시,화요일,경상북도 경주시 성건동,경상사고,0,0,1,0,차대차 - 측면충돌,안전운전불이행,건조,맑음,교차로 - 교차로안,승합,남,65세,상해없음,승용,남,64세,경상
2018091800100229,2018년 9월 18일 10시,화요일,경상북도 포항시 북구 용흥동,경상사고,0,0,1,0,차대차 - 측면충돌,중앙선침범,건조,맑음,단일로 - 기타,승용,남,46세,상해없음,승용,남,59세,상해없음
2018091800100230,2018년 9월 18일 10시,화요일,경상북도 안동시 풍산읍,중상사고,0,1,0,0,차대차 - 추돌,안전운전불이행,건조,맑음,단일로 - 기타,화물,남,38세,상해없음,화물,여,62세,중상
2018091800100231,2018년 9월 18일 10시,화요일,경상북도 영덕군 영덕읍,경상사고,0,0,1,0,차대차 - 측면충돌,안전운전불이행,건조,맑음,미분류 - 미분류,화물,남,29세,상해없음,화물,남,28세,경상
2018091800100232,2018년 9월 18일 10시,화요일,경상북도 봉화군 명호면,경상사고,0,0,2,0,차대차 - 추돌,안전운전불이행,건조,맑음,교차로 - 교차로부근,화물,남,43세,상해없음,승용,남,71세,경상
2018091800100262,2018년 9월 18일 11시,화요일,경상북도 안동시 태화동,중상사고,0,2,0,0,차대차 - 측면충돌,안전운전불이행,건조,맑음,교차로 - 교차로안,승용,남,66세,상해없음,승용,여,33세,중상
2018091800100263,2018년 9월 18일 11시,화요일,경상북도 문경시 모전동,경상사고,0,0,1,0,차대차 - 측면충돌,안전거리미확보,건조,맑음,교차로 - 교차로부근,승용,남,60세,상해없음,승용,남,36세,경상
2018091800100290,2018년 9월 18일 12시,화요일,경상북도 상주시 서문동,경상사고,0,0,1,0,차대차 - 측면충돌,안전운전불이행,건조,맑음,단일로 - 기타,화물,남,59세,상해없음,이륜,남,31세,경상
2018091800100291,2018년 9월 18일 12시,화요일,경상북도 경산시 대정동,중상사고,0,1,0,0,차대차 - 정면충돌,교차로운행방법위반,건조,맑음,교차로 - 교차로안,승용,남,49세,상해없음,이륜,남,74세,중상
2018091800100292,2018년 9월 18일 12시,화요일,경상북도 영덕군 영덕읍,중상사고,0,1,0,0,차대차 - 측면충돌,직진우회전진행방해,건조,맑음,교차로 - 교차로안,이륜,남,73세,중상,승합,남,63세,상해없음
2018091800100321,2018년 9월 18일 13시,화요일,경상북도 봉화군 석포면,중상사고,0,2,0,0,차대차 - 기타,안전운전불이행,건조,맑음,교차로 - 교차로안,승용,여,35세,상해없음,이륜,남,84세,중상
2018091800100358,2018년 9월 18일 14시,화요일,경상북도 포항시 북구 죽도동,경상사고,0,0,1,0,차대차 - 기타,교차로운행방법위반,건조,맑음,교차로 - 교차로안,화물,여,53세,상해없음,이륜,남,41세,경상
2018091800100359,2018년 9월 18일 14시,화요일,경상북도 영덕군 달산면,경상사고,0,0,2,0,차량단독 - 도로외이탈 - 추락,안전운전불이행,건조,맑음,단일로 - 기타,승용,여,59세,경상,,,,
2018091800100360,2018년 9월 18일 14시,화요일,경상북도 성주군 초전면,중상사고,0,1,1,0,차대차 - 측면충돌,중앙선침범,건조,맑음,단일로 - 기타,승합,남,36세,중상,화물,남,57세,경상
2018091800100399,2018년 9월 18일 15시,화요일,경상북도 안동시 풍천면,경상사고,0,0,1,0,차대차 - 정면충돌,안전운전불이행,건조,맑음,단일로 - 기타,자전거,남,12세,경상,승용,남,27세,상해없음
2018091800100400,2018년 9월 18일 15시,화요일,경상북도 울진군 북면,중상사고,0,1,0,0,차대사람 - 횡단중,안전운전불이행,건조,맑음,단일로 - 기타,승용,남,46세,상해없음,보행자,남,9세,중상
2018091800100453,2018년 9월 18일 16시,화요일,경상북도 경산시 삼풍동,중상사고,0,1,0,0,차대차 - 기타,교차로운행방법위반,건조,맑음,교차로 - 교차로안,승용,남,23세,상해없음,자전거,남,20세,중상
2018091800100499,2018년 9월 18일 17시,화요일,경상북도 안동시 남후면,경상사고,0,0,1,0,차량단독 - 공작물충돌,안전운전불이행,건조,맑음,단일로 - 기타,화물,남,65세,경상,,,,
2018091800100532,2018년 9월 18일 18시,화요일,경상북도 포항시 북구 창포동,중상사고,0,1,0,0,차대차 - 측면충돌,안전운전불이행,건조,맑음,단일로 - 기타,승용,남,26세,상해없음,이륜,남,18세,중상
2018091800100533,2018년 9월 18일 18시,화요일,경상북도 안동시 풍산읍,경상사고,0,0,2,0,차대차 - 추돌,안전운전불이행,건조,맑음,단일로 - 기타,승용,남,61세,상해없음,승용,남,79세,경상
2018091800100534,2018년 9월 18일 18시,화요일,경상북도 포항시 남구 동촌동,경상사고,0,0,1,0,차대차 - 측면충돌,교차로운행방법위반,건조,맑음,교차로 - 교차로안,승용,남,64세,상해없음,승용,남,26세,경상
2018091800100583,2018년 9월 18일 19시,화요일,경상북도 경주시 안강읍,경상사고,0,0,1,1,차대차 - 측면충돌,안전운전불이행,건조,맑음,교차로 - 교차로안,승용,남,23세,부상신고,승용,여,51세,경상
2018091800100618,2018년 9월 18일 20시,화요일,경상북도 구미시 원평동,경상사고,0,0,1,0,차대차 - 기타,신호위반,건조,맑음,교차로 - 교차로안,승용,남,31세,상해없음,승용,여,28세,경상
2018091800100619,2018년 9월 18일 20시,화요일,경상북도 구미시 해평면,중상사고,0,1,0,0,차대차 - 기타,안전운전불이행,건조,맑음,단일로 - 기타,기타불명,기타불명,미분류,기타불명,자전거,남,59세,중상
2018091800100673,2018년 9월 18일 22시,화요일,경상북도 김천시 율곡동,경상사고,0,0,1,0,차대차 - 측면충돌,안전운전불이행,건조,맑음,주차장 - 주차장,승용,여,48세,상해없음,승용,여,35세,경상
2018091800100696,2018년 9월 18일 23시,화요일,경상북도 포항시 남구 송도동,경상사고,0,0,2,0,차대사람 - 횡단중,보행자보호의무위반,건조,흐림,교차로 - 교차로횡단보도내,승용,남,48세,상해없음,보행자,남,30세,경상
2018091900100011,2018년 9월 19일 00시,수요일,경상북도 경산시 진량읍,부상신고사고,0,0,0,1,차대차 - 기타,신호위반,건조,맑음,교차로 - 교차로안,승용,남,27세,상해없음,승용,남,47세,부상신고
2018091900100045,2018년 9월 19일 04시,수요일,경상북도 포항시 북구 학산동,경상사고,0,0,2,0,차대차 - 측면충돌,차로위반,건조,맑음,단일로 - 기타,승용,남,71세,상해없음,승용,남,35세,경상
2018091900100046,2018년 9월 19일 04시,수요일,경상북도 청송군 진보면,사망사고,1,0,0,0,차량단독 - 도로외이탈 - 추락,안전운전불이행,건조,맑음,단일로 - 기타,화물,남,50세,사망,,,,
2018091900100067,2018년 9월 19일 06시,수요일,경상북도 포항시 북구 남빈동,중상사고,0,1,0,0,차대차 - 측면충돌,안전운전불이행,건조,맑음,교차로 - 교차로안,화물,남,53세,상해없음,자전거,남,73세,중상
2018091900100068,2018년 9월 19일 06시,수요일,경상북도 경산시 점촌동,중상사고,0,1,0,0,차량단독 - 공작물충돌,안전운전불이행,건조,맑음,단일로 - 기타,이륜,남,27세,상해없음,,,,
2018091900100069,2018년 9월 19일 06시,수요일,경상북도 경산시 정평동,경상사고,0,0,1,0,차대차 - 추돌,안전운전불이행,건조,맑음,단일로 - 기타,승용,남,50세,상해없음,승용,남,56세,경상
2018091900100070,2018년 9월 19일 06시,수요일,경상북도 영덕군 영덕읍,중상사고,0,3,0,0,차대차 - 추돌,안전운전불이행,건조,맑음,단일로 - 기타,승용,남,63세,상해없음,건설기계,남,58세,상해없음
2018091900100137,2018년 9월 19일 08시,수요일,경상북도 칠곡군 왜관읍,부상신고사고,0,0,0,1,차대차 - 추돌,안전운전불이행,건조,맑음,교차로 - 교차로부근,자전거,남,15세,부상신고,승용,남,32세,상해없음
2018091900100138,2018년 9월 19일 08시,수요일,경상북도 영천시 대창면,경상사고,0,0,1,0,차량단독 - 공작물충돌,안전운전불이행,건조,맑음,단일로 - 기타,승용,여,53세,경상,,,,
2018091900100139,2018년 9월 19일 08시,수요일,경상북도 구미시 진평동,중상사고,0,1,1,0,차대차 - 정면충돌,안전운전불이행,건조,맑음,교차로 - 교차로안,승용,여,43세,상해없음,이륜,남,62세,경상
2018091900100173,2018년 9월 19일 09시,수요일,경상북도 문경시 가은읍,사망사고,1,0,1,0,차대차 - 측면충돌,안전운전불이행,건조,흐림,교차로 - 교차로안,화물,남,56세,경상,이륜,남,70세,사망
2018091900100174,2018년 9월 19일 09시,수요일,경상북도 봉화군 춘양면,중상사고,0,1,0,0,차대차 - 측면충돌,직진우회전진행방해,건조,맑음,교차로 - 교차로안,승용,남,84세,상해없음,이륜,남,63세,중상
2018091900100175,2018년 9월 19일 09시,수요일,경상북도 고령군 개진면,경상사고,0,0,1,0,차대사람 - 차도통행중,안전운전불이행,건조,맑음,단일로 - 기타,화물,남,45세,상해없음,보행자,여,85세,경상
2018091900100202,2018년 9월 19일 10시,수요일,경상북도 구미시 상모동,경상사고,0,0,1,0,차대사람 - 기타,안전운전불이행,건조,맑음,교차로 - 교차로부근,화물,남,48세,상해없음,보행자,여,35세,경상
2018091900100230,2018년 9월 19일 11시,수요일,경상북도 안동시 풍천면,중상사고,0,1,1,0,차대차 - 정면충돌,안전운전불이행,건조,맑음,단일로 - 기타,승용,남,85세,상해없음,승용,여,69세,경상
2018091900100265,2018년 9월 19일 12시,수요일,경상북도 경주시 성건동,중상사고,0,1,0,0,차대차 - 측면충돌,직진우회전진행방해,건조,맑음,교차로 - 교차로안,승용,여,52세,상해없음,화물,남,25세,중상
2018091900100266,2018년 9월 19일 12시,수요일,경상북도 영주시 가흥동,중상사고,0,1,0,0,차대차 - 측면충돌,신호위반,건조,맑음,교차로 - 교차로안,이륜,남,75세,상해없음,승용,남,72세,상해없음
2018091900100267,2018년 9월 19일 12시,수요일,경상북도 고령군 개진면,중상사고,0,1,0,0,차대차 - 측면충돌,안전운전불이행,건조,맑음,단일로 - 기타,화물,남,65세,상해없음,자전거,여,69세,중상
2018091900100299,2018년 9월 19일 13시,수요일,경상북도 안동시 옥야동,경상사고,0,0,1,0,차량단독 - 기타,기타,건조,맑음,단일로 - 기타,승합,남,59세,상해없음,,,,
2018091900100300,2018년 9월 19일 13시,수요일,경상북도 김천시 어모면,중상사고,0,1,0,0,차량단독 - 도로외이탈 - 추락,안전운전불이행,건조,맑음,단일로 - 기타,승용,남,62세,중상,,,,
2018091900100333,2018년 9월 19일 14시,수요일,경상북도 경주시 성동동,중상사고,0,1,0,0,차대차 - 측면충돌,안전거리미확보,건조,맑음,단일로 - 기타,승용,남,37세,상해없음,승용,남,75세,중상
2018091900100334,2018년 9월 19일 14시,수요일,경상북도 영주시 휴천동,경상사고,0,0,1,0,차대차 - 측면충돌,안전운전불이행,건조,맑음,교차로 - 교차로부근,자전거,남,57세,경상,승합,남,58세,상해없음
2018091900100335,2018년 9월 19일 14시,수요일,경상북도 구미시 황상동,중상사고,0,1,0,0,차대차 - 기타,안전거리미확보,건조,맑음,교차로 - 교차로안,자전거,남,41세,중상,승용,남,30세,상해없음
2018091900100361,2018년 9월 19일 15시,수요일,경상북도 포항시 북구 장성동,중상사고,0,1,1,0,차대차 - 정면충돌,안전운전불이행,건조,맑음,교차로 - 교차로안,승용,남,71세,상해없음,승합,여,38세,중상
2018091900100362,2018년 9월 19일 15시,수요일,경상북도 포항시 북구 죽도동,경상사고,0,0,1,0,차대차 - 정면충돌,안전운전불이행,건조,맑음,교차로 - 교차로안,승용,남,64세,상해없음,이륜,남,22세,경상
2018091900100363,2018년 9월 19일 15시,수요일,경상북도 상주시 낙동면,중상사고,0,1,0,0,차대차 - 추돌,안전운전불이행,건조,흐림,단일로 - 기타,화물,남,67세,상해없음,승용,남,65세,중상
2018091900100364,2018년 9월 19일 15시,수요일,경상북도 경산시 하양읍,경상사고,0,0,1,0,차대차 - 측면충돌,교차로운행방법위반,건조,맑음,교차로 - 교차로안,이륜,남,51세,경상,승용,여,35세,상해없음
2018091900100365,2018년 9월 19일 15시,수요일,경상북도 칠곡군 지천면,경상사고,0,0,1,0,차대차 - 기타,안전운전불이행,건조,맑음,단일로 - 기타,승합,남,52세,상해없음,화물,남,22세,경상
2018091900100402,2018년 9월 19일 16시,수요일,경상북도 구미시 옥계동,경상사고,0,0,1,0,차대차 - 기타,교차로운행방법위반,건조,흐림,교차로 - 교차로안,승용,여,37세,상해없음,승용,여,62세,경상
2018091900100436,2018년 9월 19일 17시,수요일,경상북도 포항시 북구 학잠동,중상사고,0,1,0,0,차대사람 - 기타,안전운전불이행,건조,맑음,교차로 - 교차로안,화물,남,45세,상해없음,보행자,여,61세,중상
2018091900100437,2018년 9월 19일 17시,수요일,경상북도 안동시 서후면,경상사고,0,0,1,0,차량단독 - 전도전복 - 전도,안전운전불이행,건조,맑음,단일로 - 기타,이륜,남,22세,경상,미분류,미분류,미분류,미분류
2018091900100438,2018년 9월 19일 17시,수요일,경상북도 문경시 동로면,경상사고,0,0,1,0,차대차 - 기타,중앙선침범,건조,흐림,단일로 - 기타,승용,여,40세,경상,화물,남,62세,상해없음
2018091900100439,2018년 9월 19일 17시,수요일,경상북도 경산시 옥곡동,경상사고,0,0,1,0,차대사람 - 보도통행중,안전운전불이행,건조,맑음,주차장 - 주차장,승용,남,47세,상해없음,보행자,여,10세,경상
2018091900100440,2018년 9월 19일 17시,수요일,경상북도 청도군 청도읍,경상사고,0,0,2,0,차대차 - 추돌,안전운전불이행,건조,맑음,단일로 - 교량,승용,여,59세,상해없음,승용,남,44세,경상
2018091900100503,2018년 9월 19일 18시,수요일,경상북도 경주시 산내면,중상사고,0,1,0,0,차량단독 - 전도전복 - 전복,안전운전불이행,젖음/습기,비,단일로 - 기타,화물,남,45세,중상,미분류,미분류,미분류,미분류
2018091900100504,2018년 9월 19일 18시,수요일,경상북도 경주시 천북면,중상사고,0,1,0,1,차대차 - 측면충돌,안전운전불이행,젖음/습기,비,교차로 - 교차로부근,화물,남,63세,부상신고,승용,여,41세,중상
2018091900100505,2018년 9월 19일 18시,수요일,경상북도 경주시 동천동,경상사고,0,0,1,0,차대차 - 측면충돌,안전운전불이행,젖음/습기,비,단일로 - 지하차도(도로)내,승용,남,37세,상해없음,이륜,남,25세,경상
2018091900100506,2018년 9월 19일 18시,수요일,경상북도 봉화군 봉화읍,경상사고,0,0,1,0,차대차 - 기타,안전운전불이행,건조,맑음,단일로 - 기타,승용,여,56세,상해없음,화물,남,58세,상해없음
2018091900100507,2018년 9월 19일 18시,수요일,경상북도 구미시 봉곡동,경상사고,0,0,1,0,차대차 - 기타,안전운전불이행,건조,맑음,단일로 - 기타,승용,남,57세,상해없음,이륜,남,31세,경상
2018091900100508,2018년 9월 19일 18시,수요일,경상북도 포항시 남구 연일읍,경상사고,0,0,1,0,차대차 - 측면충돌,안전운전불이행,건조,흐림,교차로 - 교차로안,승용,남,38세,상해없음,승용,남,50세,상해없음
2018091900100554,2018년 9월 19일 19시,수요일,경상북도 영주시 상망동,중상사고,0,2,1,0,차대차 - 측면충돌,신호위반,젖음/습기,비,교차로 - 교차로안,승용,남,71세,상해없음,승용,여,52세,경상
2018091900100589,2018년 9월 19일 20시,수요일,경상북도 영주시 휴천동,사망사고,1,0,0,0,차대사람 - 횡단중,안전운전불이행,건조,맑음,교차로 - 교차로부근,승용,남,29세,상해없음,보행자,남,68세,사망
2018091900100629,2018년 9월 19일 21시,수요일,경상북도 영천시 완산동,경상사고,0,0,1,1,차대사람 - 횡단중,안전운전불이행,젖음/습기,비,교차로 - 교차로부근,승용,남,52세,상해없음,보행자,남,63세,부상신고
2018091900100630,2018년 9월 19일 21시,수요일,경상북도 포항시 남구 상도동,경상사고,0,0,1,0,차대차 - 추돌,안전운전불이행,젖음/습기,비,단일로 - 기타,승용,남,64세,상해없음,승용,남,38세,경상
2018091900100662,2018년 9월 19일 22시,수요일,경상북도 경주시 안강읍,경상사고,0,0,1,0,차량단독 - 공작물충돌,안전운전불이행,젖음/습기,비,단일로 - 기타,승용,여,54세,상해없음,,,,
2018091900100663,2018년 9월 19일 22시,수요일,경상북도 포항시 북구 두호동,경상사고,0,0,1,0,차대차 - 측면충돌,안전운전불이행,건조,맑음,단일로 - 기타,화물,남,52세,상해없음,승용,남,48세,경상
2018091900100692,2018년 9월 19일 23시,수요일,경상북도 안동시 풍천면,경상사고,0,0,1,0,차대차 - 추돌,안전운전불이행,젖음/습기,비,단일로 - 기타,승용,남,30세,상해없음,승용,남,55세,경상
2018092000100015,2018년 9월 20일 00시,목요일,경상북도 구미시 임수동,중상사고,0,1,8,0,차대차 - 기타,안전운전불이행,건조,맑음,교차로 - 교차로부근,승용,여,35세,상해없음,승용,남,29세,경상
2018092000100016,2018년 9월 20일 00시,목요일,경상북도 구미시 원평동,경상사고,0,0,1,0,차대차 - 기타,안전거리미확보,젖음/습기,비,단일로 - 기타,승용,남,50세,상해없음,승용,남,35세,경상
2018092000100066,2018년 9월 20일 05시,목요일,경상북도 울진군 죽변면,중상사고,0,1,0,0,차대사람 - 기타,안전운전불이행,건조,맑음,기타 - 기타,화물,남,54세,상해없음,보행자,여,78세,중상
2018092000100109,2018년 9월 20일 07시,목요일,경상북도 칠곡군 약목면,부상신고사고,0,0,0,1,차대차 - 측면충돌,안전운전불이행,젖음/습기,흐림,교차로 - 교차로안,이륜,남,62세,부상신고,승용,남,52세,상해없음
2018092000100110,2018년 9월 20일 07시,목요일,경상북도 경산시 진량읍,경상사고,0,0,1,0,차대차 - 측면충돌,차로위반,젖음/습기,비,단일로 - 기타,승합,남,70세,상해없음,승용,남,38세,경상
2018092000100152,2018년 9월 20일 08시,목요일,경상북도 경산시 진량읍,경상사고,0,0,1,0,차대차 - 측면충돌,중앙선침범,젖음/습기,비,단일로 - 기타,승용,남,63세,상해없음,승용,남,31세,경상
2018092000100153,2018년 9월 20일 08시,목요일,경상북도 구미시 원평동,경상사고,0,0,2,0,차대차 - 측면충돌,신호위반,젖음/습기,비,교차로 - 교차로안,승용,여,34세,상해없음,화물,남,47세,경상
2018092000100154,2018년 9월 20일 08시,목요일,경상북도 구미시 지산동,경상사고,0,0,2,0,차대차 - 측면충돌,안전운전불이행,젖음/습기,비,교차로 - 교차로안,화물,남,64세,상해없음,화물,남,44세,경상
2018092000100155,2018년 9월 20일 08시,목요일,경상북도 구미시 도량동,경상사고,0,0,1,0,차대차 - 측면충돌,안전운전불이행,젖음/습기,비,단일로 - 기타,화물,남,43세,상해없음,승용,여,48세,경상
2018092000100249,2018년 9월 20일 11시,목요일,경상북도 포항시 북구 죽도동,중상사고,0,1,1,0,차대차 - 기타,신호위반,건조,맑음,교차로 - 교차로안,화물,남,59세,상해없음,승용,남,40세,경상
2018092000100250,2018년 9월 20일 11시,목요일,경상북도 칠곡군 왜관읍,중상사고,0,1,1,0,차대차 - 측면충돌,안전운전불이행,젖음/습기,비,교차로 - 교차로안,승용,여,59세,중상,승용,남,51세,경상
2018092000100251,2018년 9월 20일 11시,목요일,경상북도 성주군 성주읍,중상사고,0,2,2,0,차대차 - 정면충돌,중앙선침범,젖음/습기,비,기타 - 기타,화물,남,70세,경상,화물,남,60세,경상
2018092000100285,2018년 9월 20일 12시,목요일,경상북도 경주시 석장동,중상사고,0,1,0,0,차대차 - 측면충돌,안전운전불이행,젖음/습기,비,교차로 - 교차로안,승용,여,52세,상해없음,이륜,남,37세,중상
2018092000100286,2018년 9월 20일 12시,목요일,경상북도 안동시 태화동,경상사고,0,0,1,0,차대차 - 측면충돌,안전운전불이행,건조,맑음,교차로 - 교차로부근,승용,여,36세,상해없음,자전거,남,82세,경상
2018092000100287,2018년 9월 20일 12시,목요일,경상북도 안동시 옥동,경상사고,0,0,1,0,차대차 - 측면충돌,안전운전불이행,건조,맑음,교차로 - 교차로안,승용,여,33세,상해없음,승용,여,42세,경상
2018092000100288,2018년 9월 20일 12시,목요일,경상북도 경산시 진량읍,중상사고,0,1,0,0,차대차 - 측면충돌,중앙선침범,건조,맑음,교차로 - 교차로부근,이륜,남,87세,중상,화물,남,56세,상해없음
2018092000100289,2018년 9월 20일 12시,목요일,경상북도 고령군 쌍림면,부상신고사고,0,0,0,2,차대차 - 측면충돌,중앙선침범,젖음/습기,비,단일로 - 기타,화물,남,77세,상해없음,승용,남,71세,부상신고
2018092000100323,2018년 9월 20일 13시,목요일,경상북도 구미시 형곡동,경상사고,0,0,1,0,차대차 - 측면충돌,중앙선침범,젖음/습기,비,단일로 - 기타,승용,여,58세,상해없음,승용,남,62세,경상
2018092000100354,2018년 9월 20일 14시,목요일,경상북도 포항시 북구 용흥동,경상사고,0,0,1,0,차대차 - 추돌,안전거리미확보,건조,맑음,단일로 - 기타,승용,남,57세,상해없음,승용,남,46세,경상
2018092000100355,2018년 9월 20일 14시,목요일,경상북도 예천군 예천읍,경상사고,0,0,1,0,차대사람 - 기타,기타,젖음/습기,비,단일로 - 기타,승용,남,53세,상해없음,보행자,남,50세,경상
2018092000100356,2018년 9월 20일 14시,목요일,경상북도 구미시 지산동,경상사고,0,0,1,0,차대차 - 추돌,안전거리미확보,젖음/습기,비,단일로 - 기타,승용,남,45세,상해없음,승용,남,39세,경상
2018092000100396,2018년 9월 20일 15시,목요일,경상북도 상주시 중동면,중상사고,0,1,1,0,차대차 - 측면충돌,중앙선침범,젖음/습기,흐림,단일로 - 기타,화물,여,59세,상해없음,승용,남,54세,경상
2018092000100397,2018년 9월 20일 15시,목요일,경상북도 영주시 조암동,중상사고,0,1,0,0,차대차 - 측면충돌,안전운전불이행,건조,맑음,교차로 - 교차로부근,승용,여,55세,상해없음,자전거,남,64세,중상
2018092000100398,2018년 9월 20일 15시,목요일,경상북도 경산시 압량면,경상사고,0,0,1,0,차대차 - 측면충돌,안전거리미확보,건조,맑음,단일로 - 기타,승용,여,58세,상해없음,승용,여,42세,경상
2018092000100438,2018년 9월 20일 16시,목요일,경상북도 경주시 석장동,중상사고,0,1,0,0,차대사람 - 횡단중,안전운전불이행,젖음/습기,비,단일로 - 기타,승용,여,54세,상해없음,보행자,여,22세,중상
2018092000100439,2018년 9월 20일 16시,목요일,경상북도 영주시 하망동,부상신고사고,0,0,0,3,차대사람 - 기타,안전운전불이행,건조,맑음,교차로 - 교차로안,승용,여,48세,상해없음,보행자,남,45세,부상신고
2018092000100440,2018년 9월 20일 16시,목요일,경상북도 문경시 산양면,경상사고,0,0,1,0,차대차 - 측면충돌,안전운전불이행,건조,맑음,교차로 - 교차로안,화물,남,54세,상해없음,자전거,여,78세,경상
2018092000100441,2018년 9월 20일 16시,목요일,경상북도 구미시 송정동,경상사고,0,0,1,0,차대차 - 추돌,안전운전불이행,건조,맑음,단일로 - 기타,승용,남,69세,상해없음,승합,남,57세,상해없음
2018092000100485,2018년 9월 20일 17시,목요일,경상북도 경산시 진량읍,경상사고,0,0,1,0,차대차 - 측면충돌,차로위반,건조,맑음,단일로 - 기타,승용,남,48세,상해없음,승용,여,52세,경상
2018092000100533,2018년 9월 20일 18시,목요일,경상북도 포항시 북구 흥해읍,중상사고,0,1,3,0,차대차 - 추돌,안전운전불이행,젖음/습기,비,단일로 - 기타,승용,남,56세,경상,승용,남,56세,상해없음
2018092000100534,2018년 9월 20일 18시,목요일,경상북도 칠곡군 지천면,중상사고,0,1,0,0,차대사람 - 길가장자리구역통행중,안전운전불이행,건조,맑음,단일로 - 지하차도(도로)내,승용,여,52세,상해없음,보행자,남,64세,중상
2018092000100535,2018년 9월 20일 18시,목요일,경상북도 영천시 금노동,경상사고,0,0,4,0,차대차 - 추돌,안전운전불이행,건조,흐림,단일로 - 기타,승용,남,46세,상해없음,화물,여,42세,경상
2018092000100536,2018년 9월 20일 18시,목요일,경상북도 경산시 하양읍,경상사고,0,0,1,0,차대차 - 측면충돌,신호위반,건조,맑음,교차로 - 교차로안,승용,여,42세,상해없음,이륜,남,46세,경상
2018092000100537,2018년 9월 20일 18시,목요일,경상북도 구미시 원평동,중상사고,0,1,0,0,차대차 - 측면충돌,신호위반,건조,맑음,교차로 - 교차로안,이륜,남,50세,중상,승용,남,33세,상해없음
2018092000100538,2018년 9월 20일 18시,목요일,경상북도 포항시 남구 대잠동,경상사고,0,0,1,0,차대차 - 측면충돌,신호위반,젖음/습기,비,단일로 - 기타,승용,여,53세,상해없음,승용,여,56세,경상
2018092000100600,2018년 9월 20일 19시,목요일,경상북도 영주시 가흥동,경상사고,0,0,1,0,차대차 - 측면충돌,신호위반,건조,맑음,교차로 - 교차로안,승용,여,60세,상해없음,승합,남,52세,경상
2018092000100601,2018년 9월 20일 19시,목요일,경상북도 칠곡군 왜관읍,사망사고,1,0,0,0,차대차 - 측면충돌,안전운전불이행,건조,맑음,단일로 - 기타,승용,남,26세,상해없음,자전거,여,71세,사망
2018092000100602,2018년 9월 20일 19시,목요일,경상북도 문경시 산양면,경상사고,0,0,1,0,차대차 - 측면충돌,중앙선침범,건조,맑음,단일로 - 기타,승용,남,69세,상해없음,승용,남,38세,경상
2018092000100653,2018년 9월 20일 20시,목요일,경상북도 구미시 진평동,경상사고,0,0,1,0,차대차 - 기타,안전운전불이행,젖음/습기,비,교차로 - 교차로안,승용,남,55세,상해없음,이륜,남,29세,경상
2018092000100654,2018년 9월 20일 20시,목요일,경상북도 구미시 도량동,경상사고,0,0,1,0,차대차 - 측면충돌,교차로운행방법위반,젖음/습기,비,교차로 - 교차로안,승용,남,50세,상해없음,이륜,남,44세,경상
2018092000100689,2018년 9월 20일 21시,목요일,경상북도 상주시 인봉동,중상사고,0,3,0,0,차대차 - 측면충돌,교차로운행방법위반,젖음/습기,비,교차로 - 교차로안,승용,남,58세,상해없음,승용,여,51세,중상
2018092000100690,2018년 9월 20일 21시,목요일,경상북도 문경시 모전동,경상사고,0,0,1,0,차대차 - 측면충돌,안전운전불이행,젖음/습기,흐림,단일로 - 기타,승용,남,46세,경상,승합,남,62세,기타불명
2018092000100718,2018년 9월 20일 22시,목요일,경상북도 포항시 남구 지곡동,중상사고,0,1,1,0,차대사람 - 횡단중,안전운전불이행,건조,맑음,교차로 - 교차로안,승용,남,48세,상해없음,보행자,남,21세,경상
2018092000100753,2018년 9월 20일 23시,목요일,경상북도 구미시 옥계동,경상사고,0,0,1,0,차대차 - 측면충돌,중앙선침범,건조,맑음,단일로 - 기타,승용,남,58세,상해없음,이륜,남,41세,경상