사고번호,사고일시,요일,시군구,사고내용,사망자수,중상자수,경상자수,부상신고자수,사고유형,법규위반,노면상태,기상상태,도로형태,가해운전자 차종,가해운전자 성별,가해운전자 연령,가해운전자 상해정도,피해운전자 차종,피해운전자 성별,피해운전자 연령,피해운전자 상해정도
2018092600100300,2018년 9월 26일 17시,수요일,경상북도 포항시 북구 흥해읍,경상사고,0,0,1,0,차대차 - 추돌,안전거리미확보,건조,맑음,단일로 - 기타,승용,남,56세,상해없음,승용,여,60세,경상
2018092600100301,2018년 9월 26일 17시,수요일,경상북도 청도군 이서면,중상사고,0,1,1,0,차대차 - 측면충돌,신호위반,건조,맑음,교차로 - 교차로안,승용,남,60세,상해없음,화물,남,72세,중상
2018092600100327,2018년 9월 26일 18시,수요일,경상북도 경주시 산내면,사망사고,1,0,0,0,차량단독 - 공작물충돌,안전운전불이행,건조,맑음,단일로 - 기타,화물,남,57세,사망,,,,
2018092600100328,2018년 9월 26일 18시,수요일,경상북도 김천시 부곡동,경상사고,0,0,1,0,차대차 - 측면충돌,신호위반,건조,맑음,교차로 - 교차로안,화물,남,59세,상해없음,승용,남,41세,경상
2018092600100329,2018년 9월 26일 18시,수요일,경상북도 영주시 풍기읍,경상사고,0,0,2,0,차대차 - 측면충돌,안전운전불이행,건조,맑음,교차로 - 교차로부근,화물,남,48세,상해없음,승합,남,67세,경상
2018092600100330,2018년 9월 26일 18시,수요일,경상북도 경산시 중산동,경상사고,0,0,1,0,차대차 - 기타,신호위반,건조,맑음,교차로 - 교차로안,승용,여,34세,상해없음,승용,남,32세,경상
2018092600100331,2018년 9월 26일 18시,수요일,경상북도 포항시 남구 오천읍,중상사고,0,1,1,0,차대차 - 추돌,안전운전불이행,건조,맑음,단일로 - 기타,승용,남,60세,상해없음,승용,여,41세,중상
2018092600100366,2018년 9월 26일 19시,수요일,경상북도 경주시 마동,경상사고,0,0,1,0,차대차 - 정면충돌,차로위반,건조,맑음,단일로 - 기타,승용,여,63세,상해없음,승용,남,35세,경상
2018092600100396,2018년 9월 26일 20시,수요일,경상북도 영주시 하망동,중상사고,0,3,0,0,차대차 - 측면충돌,안전운전불이행,건조,맑음,교차로 - 교차로안,화물,남,69세,상해없음,승용,남,70세,상해없음
2018092600100397,2018년 9월 26일 20시,수요일,경상북도 포항시 남구 지곡동,부상신고사고,0,0,0,1,차대차 - 기타,안전거리미확보,건조,맑음,단일로 - 기타,이륜,남,20세,부상신고,승용,남,31세,상해없음
2018092600100424,2018년 9월 26일 21시,수요일,경상북도 경주시 외동읍,경상사고,0,0,1,1,차대차 - 측면충돌,기타,젖음/습기,흐림,단일로 - 기타,승합,남,41세,부상신고,승용,남,73세,기타불명
2018092600100425,2018년 9월 26일 21시,수요일,경상북도 경주시 동천동,중상사고,0,1,1,0,차대차 - 추돌,안전운전불이행,건조,맑음,교차로 - 교차로부근,승용,남,52세,상해없음,승용,남,39세,경상
2018092600100426,2018년 9월 26일 21시,수요일,경상북도 영천시 신령면,중상사고,0,1,1,0,차량단독 - 공작물충돌,안전운전불이행,건조,맑음,단일로 - 기타,승용,남,26세,경상,,,,
2018092600100427,2018년 9월 26일 21시,수요일,경상북도 구미시 시미동,경상사고,0,0,1,0,차대차 - 추돌,안전운전불이행,건조,맑음,교차로 - 교차로부근,승용,남,48세,상해없음,승용,남,38세,경상
2018092600100462,2018년 9월 26일 23시,수요일,경상북도 구미시 진평동,경상사고,0,0,1,0,차대차 - 측면충돌,직진우회전진행방해,건조,맑음,교차로 - 교차로안,승용,남,59세,상해없음,승용,여,39세,상해없음
2018092700100019,2018년 9월 27일 04시,목요일,경상북도 구미시 사곡동,경상사고,0,0,1,0,차대차 - 추돌,안전운전불이행,건조,맑음,단일로 - 기타,승용,여,28세,상해없음,화물,남,49세,경상
2018092700100029,2018년 9월 27일 05시,목요일,경상북도 영천시 청통면,경상사고,0,0,2,0,차대차 - 측면충돌,신호위반,건조,흐림,교차로 - 교차로안,화물,남,65세,경상,승용,남,36세,경상
2018092700100041,2018년 9월 27일 06시,목요일,경상북도 김천시 대광동,경상사고,0,0,1,0,차대차 - 측면충돌,신호위반,건조,맑음,교차로 - 교차로안,승용,남,40세,상해없음,승용,남,43세,경상
2018092700100070,2018년 9월 27일 07시,목요일,경상북도 성주군 초전면,중상사고,0,1,2,0,차대차 - 기타,안전운전불이행,건조,맑음,교차로 - 교차로안,승용,남,21세,상해없음,승용,여,66세,경상
2018092700100071,2018년 9월 27일 07시,목요일,경상북도 울진군 기성면,사망사고,1,0,0,0,차량단독 - 도로외이탈 - 추락,안전운전불이행,젖음/습기,비,단일로 - 기타,승용,남,56세,사망,,,,
2018092700100114,2018년 9월 27일 08시,목요일,경상북도 경주시 용강동,중상사고,0,1,0,0,차대차 - 측면충돌,신호위반,건조,맑음,교차로 - 교차로부근,승용,여,47세,상해없음,자전거,여,56세,중상
2018092700100115,2018년 9월 27일 08시,목요일,경상북도 구미시 형곡동,경상사고,0,0,1,0,차대사람 - 횡단중,안전운전불이행,건조,맑음,교차로 - 교차로안,화물,남,66세,상해없음,보행자,여,80세,경상
2018092700100153,2018년 9월 27일 09시,목요일,경상북도 경산시 계양동,경상사고,0,0,1,0,차대차 - 추돌,안전거리미확보,건조,맑음,단일로 - 기타,승용,남,61세,상해없음,승용,여,42세,경상
2018092700100181,2018년 9월 27일 10시,목요일,경상북도 상주시 냉림동,경상사고,0,0,1,0,차대차 - 후진중충돌,안전운전불이행,건조,맑음,교차로 - 교차로안,승용,남,37세,상해없음,화물,남,71세,경상
2018092700100212,2018년 9월 27일 11시,목요일,경상북도 경산시 사동,경상사고,0,0,2,0,차대차 - 측면충돌,중앙선침범,건조,맑음,단일로 - 기타,승용,남,51세,상해없음,승용,남,54세,경상
2018092700100213,2018년 9월 27일 11시,목요일,경상북도 성주군 용암면,경상사고,0,0,1,0,차량단독 - 기타,안전운전불이행,건조,맑음,단일로 - 기타,이륜,남,40세,경상,,,,
2018092700100214,2018년 9월 27일 11시,목요일,경상북도 포항시 남구 오천읍,경상사고,0,0,1,0,차대사람 - 차도통행중,안전운전불이행,건조,맑음,교차로 - 교차로안,승용,여,62세,상해없음,보행자,여,27세,경상
2018092700100246,2018년 9월 27일 12시,목요일,경상북도 김천시 평화동,중상사고,0,1,0,0,차대차 - 측면충돌,안전운전불이행,건조,맑음,단일로 - 기타,화물,여,50세,상해없음,자전거,여,69세,중상
2018092700100247,2018년 9월 27일 12시,목요일,경상북도 상주시 서성동,경상사고,0,0,1,0,차대차 - 측면충돌,중앙선침범,건조,맑음,단일로 - 기타,이륜,남,76세,경상,화물,남,69세,상해없음
2018092700100248,2018년 9월 27일 12시,목요일,경상북도 영주시 영주동,경상사고,0,0,1,0,차대사람 - 기타,안전운전불이행,건조,맑음,주차장 - 주차장,승용,여,66세,상해없음,보행자,여,66세,경상
2018092700100249,2018년 9월 27일 12시,목요일,경상북도 포항시 남구 해도동,경상사고,0,0,1,1,차대차 - 추돌,안전거리미확보,건조,맑음,교차로 - 교차로부근,화물,남,54세,상해없음,화물,남,64세,경상
2018092700100276,2018년 9월 27일 13시,목요일,경상북도 안동시 당북동,중상사고,0,1,0,0,차대사람 - 보도통행중,기타,건조,맑음,단일로 - 기타,화물,남,35세,상해없음,보행자,여,47세,중상
2018092700100277,2018년 9월 27일 13시,목요일,경상북도 상주시 낙동면,중상사고,0,1,0,0,차대사람 - 횡단중,안전운전불이행,건조,맑음,단일로 - 기타,승합,남,47세,상해없음,보행자,여,70세,중상
2018092700100329,2018년 9월 27일 14시,목요일,경상북도 문경시 마성면,중상사고,0,1,0,0,차대차 - 측면충돌,안전운전불이행,건조,맑음,단일로 - 교량,화물,남,44세,상해없음,이륜,남,70세,중상
2018092700100368,2018년 9월 27일 15시,목요일,경상북도 울진군 후포면,중상사고,0,1,0,0,차대차 - 측면충돌,교차로운행방법위반,건조,맑음,교차로 - 교차로안,승용,여,39세,상해없음,이륜,남,66세,중상
2018092700100369,2018년 9월 27일 15시,목요일,경상북도 포항시 남구 오천읍,중상사고,0,1,0,0,차대차 - 측면충돌,안전운전불이행,건조,맑음,교차로 - 교차로부근,승용,남,70세,상해없음,자전거,여,9세,중상
2018092700100416,2018년 9월 27일 16시,목요일,경상북도 경주시 성동동,경상사고,0,0,1,0,차대사람 - 횡단중,보행자보호의무위반,건조,맑음,교차로 - 교차로횡단보도내,승용,남,70세,상해없음,보행자,여,55세,경상
2018092700100417,2018년 9월 27일 16시,목요일,경상북도 영주시 하망동,경상사고,0,0,1,0,차대차 - 측면충돌,교차로운행방법위반,건조,맑음,교차로 - 교차로안,승용,여,35세,상해없음,승용,남,47세,경상
2018092700100418,2018년 9월 27일 16시,목요일,경상북도 봉화군 상운면,중상사고,0,1,0,0,차대차 - 기타,중앙선침범,건조,맑음,단일로 - 기타,화물,남,76세,상해없음,승용,남,59세,중상
2018092700100456,2018년 9월 27일 17시,목요일,경상북도 영천시 북안면,경상사고,0,0,1,0,차대차 - 기타,안전운전불이행,건조,맑음,단일로 - 기타,원동기,남,50세,경상,화물,남,42세,상해없음
2018092700100457,2018년 9월 27일 17시,목요일,경상북도 청도군 청도읍,중상사고,0,2,0,0,차대차 - 측면충돌,직진우회전진행방해,건조,맑음,교차로 - 교차로안,승용,여,52세,중상,건설기계,남,50세,중상
2018092700100458,2018년 9월 27일 17시,목요일,경상북도 군위군 군위읍,중상사고,0,1,0,0,차대차 - 측면충돌,직진우회전진행방해,건조,맑음,교차로 - 교차로안,승용,남,70세,상해없음,승용,남,30세,중상
2018092700100459,2018년 9월 27일 17시,목요일,경상북도 구미시 도량동,경상사고,0,0,1,1,차대차 - 측면충돌,교차로운행방법위반,건조,맑음,교차로 - 교차로안,승용,여,39세,부상신고,승용,남,74세,경상
2018092700100510,2018년 9월 27일 18시,목요일,경상북도 경주시 신평동,경상사고,0,0,1,0,차대차 - 측면충돌,안전운전불이행,건조,맑음,교차로 - 교차로안,승용,남,59세,상해없음,승용,여,59세,경상
2018092700100511,2018년 9월 27일 18시,목요일,경상북도 포항시 북구 흥해읍,경상사고,0,0,2,0,차대차 - 기타,안전운전불이행,건조,맑음,단일로 - 기타,화물,남,47세,상해없음,승용,여,48세,경상
2018092700100512,2018년 9월 27일 18시,목요일,경상북도 칠곡군 왜관읍,경상사고,0,0,1,0,차대사람 - 기타,안전운전불이행,건조,맑음,단일로 - 기타,기타불명,기타불명,미분류,기타불명,보행자,남,59세,경상
2018092700100513,2018년 9월 27일 18시,목요일,경상북도 고령군 대가야읍,경상사고,0,0,1,0,차량단독 - 공작물충돌,안전운전불이행,건조,맑음,단일로 - 기타,자전거,남,62세,경상,,,,
2018092700100514,2018년 9월 27일 18시,목요일,경상북도 영양군 석보면,경상사고,0,0,1,0,차대차 - 정면충돌,중앙선침범,건조,맑음,단일로 - 기타,화물,남,69세,상해없음,이륜,남,39세,경상
2018092700100555,2018년 9월 27일 19시,목요일,경상북도 경주시 용강동,경상사고,0,0,1,0,차대차 - 측면충돌,안전운전불이행,건조,맑음,교차로 - 교차로안,승용,남,49세,상해없음,승용,여,24세,경상
2018092700100556,2018년 9월 27일 19시,목요일,경상북도 안동시 풍산읍,경상사고,0,0,1,0,차대차 - 추돌,안전거리미확보,건조,맑음,단일로 - 기타,화물,남,59세,상해없음,승용,남,55세,상해없음
2018092700100557,2018년 9월 27일 19시,목요일,경상북도 군위군 효령면,중상사고,0,1,0,0,차대사람 - 횡단중,안전운전불이행,건조,맑음,단일로 - 기타,승용,남,76세,상해없음,보행자,남,55세,중상
2018092700100558,2018년 9월 27일 19시,목요일,경상북도 포항시 남구 오천읍,중상사고,0,1,0,0,차대사람 - 횡단중,신호위반,건조,맑음,교차로 - 교차로안,화물,남,69세,상해없음,보행자,여,10세,중상
2018092700100592,2018년 9월 27일 20시,목요일,경상북도 경주시 구황동,경상사고,0,0,2,0,차대차 - 측면충돌,안전운전불이행,건조,맑음,교차로 - 교차로안,승용,남,55세,상해없음,승용,남,26세,경상
2018092700100593,2018년 9월 27일 20시,목요일,경상북도 영주시 부석면,경상사고,0,0,2,0,차대차 - 정면충돌,안전운전불이행,건조,맑음,단일로 - 기타,화물,남,61세,상해없음,승용,남,46세,경상
2018092700100594,2018년 9월 27일 20시,목요일,경상북도 경산시 중산동,중상사고,0,1,0,0,차대사람 - 횡단중,안전운전불이행,건조,맑음,교차로 - 교차로횡단보도내,승용,여,52세,상해없음,보행자,여,69세,중상
2018092700100595,2018년 9월 27일 20시,목요일,경상북도 군위군 의흥면,경상사고,0,0,1,0,차대차 - 정면충돌,중앙선침범,건조,맑음,단일로 - 기타,화물,남,58세,상해없음,승용,남,37세,경상
2018092700100596,2018년 9월 27일 20시,목요일,경상북도 구미시 지산동,경상사고,0,0,1,0,차대차 - 추돌,안전운전불이행,건조,맑음,교차로 - 교차로부근,승용,남,46세,상해없음,승용,남,62세,경상
2018092700100655,2018년 9월 27일 23시,목요일,경상북도 포항시 북구 죽도동,경상사고,0,0,2,0,차대차 - 후진중충돌,안전운전불이행,건조,맑음,단일로 - 기타,승용,여,31세,상해없음,승합,남,55세,상해없음
2018092700100656,2018년 9월 27일 23시,목요일,경상북도 구미시 남통동,경상사고,0,0,1,0,차대사람 - 기타,안전운전불이행,건조,맑음,단일로 - 기타,승용,여,54세,상해없음,보행자,남,37세,경상
2018092700100657,2018년 9월 27일 23시,목요일,경상북도 구미시 원평동,중상사고,0,1,0,0,차대사람 - 기타,안전운전불이행,건조,맑음,단일로 - 기타,승용,남,57세,상해없음,보행자,남,55세,중상
2018092800100016,2018년 9월 28일 01시,금요일,경상북도 포항시 북구 장성동,경상사고,0,0,1,0,차대사람 - 기타,안전운전불이행,건조,맑음,주차장 - 주차장,승용,남,53세,상해없음,보행자,남,19세,경상
2018092800100047,2018년 9월 28일 06시,금요일,경상북도 안동시 서후면,경상사고,0,0,2,0,차대차 - 측면충돌,신호위반,젖음/습기,안개,교차로 - 교차로안,화물,남,61세,상해없음,화물,남,59세,경상
2018092800100067,2018년 9월 28일 07시,금요일,경상북도 안동시 정하동,경상사고,0,0,1,0,차대차 - 측면충돌,신호위반,건조,맑음,교차로 - 교차로안,화물,남,47세,상해없음,승용,남,34세,경상
2018092800100068,2018년 9월 28일 07시,금요일,경상북도 포항시 남구 오천읍,경상사고,0,0,1,0,차대차 - 기타,직진우회전진행방해,젖음/습기,비,교차로 - 교차로안,화물,남,62세,상해없음,자전거,남,23세,경상
2018092800100094,2018년 9월 28일 08시,금요일,경상북도 경주시 황성동,중상사고,0,1,0,0,차대사람 - 횡단중,안전운전불이행,건조,맑음,교차로 - 교차로안,화물,남,47세,상해없음,보행자,남,60세,중상
2018092800100095,2018년 9월 28일 08시,금요일,경상북도 의성군 비안면,중상사고,0,1,0,0,차대차 - 측면충돌,신호위반,건조,맑음,교차로 - 교차로안,승용,남,55세,상해없음,승용,여,52세,중상
2018092800100096,2018년 9월 28일 08시,금요일,경상북도 고령군 대가야읍,경상사고,0,0,1,0,차대사람 - 보도통행중,안전운전불이행,건조,맑음,교차로 - 교차로안,화물,남,73세,상해없음,보행자,여,75세,경상
2018092800100097,2018년 9월 28일 08시,금요일,경상북도 영양군 영양읍,경상사고,0,0,1,0,차대차 - 측면충돌,교차로운행방법위반,건조,맑음,교차로 - 교차로안,승용,남,31세,상해없음,승용,남,31세,경상
2018092800100098,2018년 9월 28일 08시,금요일,경상북도 구미시 원평동,경상사고,0,0,1,0,차대차 - 측면충돌,신호위반,건조,맑음,교차로 - 교차로횡단보도내,승용,남,22세,상해없음,자전거,남,43세,경상
2018092800100132,2018년 9월 28일 09시,금요일,경상북도 포항시 북구 우현동,경상사고,0,0,2,2,차대차 - 추돌,안전운전불이행,건조,맑음,단일로 - 기타,승용,여,39세,상해없음,승용,여,63세,부상신고
2018092800100133,2018년 9월 28일 09시,금요일,경상북도 영천시 고경면,중상사고,0,2,0,0,차량단독 - 도로외이탈 - 추락,안전운전불이행,젖음/습기,비,단일로 - 기타,승용,남,76세,중상,,,,
2018092800100134,2018년 9월 28일 09시,금요일,경상북도 구미시 지산동,경상사고,0,0,1,0,차대차 - 추돌,안전운전불이행,건조,맑음,교차로 - 교차로부근,화물,남,64세,상해없음,승용,여,39세,경상
2018092800100135,2018년 9월 28일 09시,금요일,경상북도 구미시 고아읍,경상사고,0,0,1,0,차대차 - 기타,안전운전불이행,건조,맑음,교차로 - 교차로안,승용,남,36세,상해없음,자전거,여,54세,경상
2018092800100136,2018년 9월 28일 09시,금요일,경상북도 포항시 남구 동해면,경상사고,0,0,1,0,차량단독 - 기타,안전운전불이행,젖음/습기,비,단일로 - 기타,승용,여,41세,경상,,,,
2018092800100167,2018년 9월 28일 10시,금요일,경상북도 칠곡군 왜관읍,중상사고,0,1,0,0,차대사람 - 차도통행중,안전운전불이행,건조,맑음,교차로 - 교차로안,화물,남,66세,상해없음,보행자,여,80세,중상
2018092800100193,2018년 9월 28일 11시,금요일,경상북도 포항시 북구 항구동,경상사고,0,0,1,0,차대차 - 추돌,안전거리미확보,건조,맑음,단일로 - 기타,특수,남,30세,상해없음,승용,남,45세,경상
2018092800100194,2018년 9월 28일 11시,금요일,경상북도 영주시 조암동,경상사고,0,0,1,0,차대차 - 측면충돌,안전운전불이행,건조,맑음,주차장 - 주차장,화물,여,62세,상해없음,승용,남,41세,기타불명
2018092800100195,2018년 9월 28일 11시,금요일,경상북도 구미시 송정동,경상사고,0,0,2,0,차대차 - 추돌,안전운전불이행,건조,맑음,교차로 - 교차로부근,승용,남,54세,상해없음,승용,여,41세,경상
2018092800100223,2018년 9월 28일 12시,금요일,경상북도 경주시 외동읍,경상사고,0,0,1,0,차대사람 - 횡단중,보행자보호의무위반,건조,맑음,교차로 - 교차로안,화물,남,86세,상해없음,보행자,남,24세,경상
2018092800100224,2018년 9월 28일 12시,금요일,경상북도 영주시 하망동,중상사고,0,1,0,0,차대차 - 측면충돌,안전운전불이행,건조,맑음,단일로 - 기타,화물,남,66세,상해없음,자전거,여,64세,중상
2018092800100251,2018년 9월 28일 13시,금요일,경상북도 포항시 북구 청하면,경상사고,0,0,3,0,차대차 - 측면충돌,안전운전불이행,건조,맑음,단일로 - 기타,화물,남,54세,상해없음,승용,여,32세,경상
2018092800100279,2018년 9월 28일 14시,금요일,경상북도 구미시 원평동,중상사고,0,2,3,0,차대차 - 기타,안전운전불이행,건조,맑음,단일로 - 기타,승용,남,55세,상해없음,승용,남,39세,중상
2018092800100304,2018년 9월 28일 15시,금요일,경상북도 경주시 용강동,부상신고사고,0,0,0,1,차대차 - 측면충돌,안전운전불이행,건조,맑음,단일로 - 기타,이륜,남,72세,부상신고,승용,여,32세,상해없음
2018092800100305,2018년 9월 28일 15시,금요일,경상북도 영천시 금호읍,중상사고,0,1,0,0,차대차 - 추돌,안전거리미확보,건조,맑음,단일로 - 기타,화물,남,62세,상해없음,이륜,남,45세,중상
2018092800100306,2018년 9월 28일 15시,금요일,경상북도 포항시 남구 괴동동,경상사고,0,0,2,0,차대차 - 측면충돌,안전운전불이행,건조,맑음,교차로 - 교차로부근,승용,남,27세,상해없음,화물,남,67세,경상
2018092800100337,2018년 9월 28일 16시,금요일,경상북도 경주시 현곡면,경상사고,0,0,1,0,차대차 - 측면충돌,안전운전불이행,건조,맑음,단일로 - 기타,자전거,남,17세,경상,승용,여,36세,기타불명
2018092800100338,2018년 9월 28일 16시,금요일,경상북도 경산시 서상동,경상사고,0,0,1,0,차량단독 - 공작물충돌,안전운전불이행,건조,맑음,교차로 - 교차로안,승합,남,53세,상해없음,,,,
2018092800100339,2018년 9월 28일 16시,금요일,경상북도 구미시 진평동,경상사고,0,0,1,0,차대사람 - 기타,안전운전불이행,건조,맑음,교차로 - 교차로안,이륜,남,41세,상해없음,보행자,여,14세,경상
2018092800100378,2018년 9월 28일 17시,금요일,경상북도 상주시 함창읍,중상사고,0,1,0,0,차대차 - 측면충돌,안전운전불이행,건조,맑음,단일로 - 기타,이륜,남,72세,중상,건설기계,남,45세,상해없음
2018092800100416,2018년 9월 28일 18시,금요일,경상북도 경주시 용강동,중상사고,0,1,0,0,차대차 - 측면충돌,안전운전불이행,건조,맑음,단일로 - 기타,승용,여,46세,상해없음,승용,남,45세,중상
2018092800100417,2018년 9월 28일 18시,금요일,경상북도 영주시 가흥동,경상사고,0,0,1,0,차대차 - 측면충돌,신호위반,건조,맑음,교차로 - 교차로안,승용,남,55세,상해없음,이륜,남,33세,경상
2018092800100418,2018년 9월 28일 18시,금요일,경상북도 영천시 고경면,경상사고,0,0,1,0,차대차 - 측면충돌,안전운전불이행,건조,맑음,교차로 - 교차로부근,승용,남,56세,경상,화물,남,59세,상해없음
2018092800100419,2018년 9월 28일 18시,금요일,경상북도 문경시 점촌동,경상사고,0,0,1,0,차대차 - 측면충돌,직진우회전진행방해,건조,맑음,교차로 - 교차로안,승용,여,62세,상해없음,승용,남,39세,상해없음
2018092800100420,2018년 9월 28일 18시,금요일,경상북도 봉화군 춘양면,부상신고사고,0,0,0,1,차대차 - 측면충돌,신호위반,건조,맑음,교차로 - 교차로안,자전거,남,12세,부상신고,승용,여,48세,상해없음
2018092800100443,2018년 9월 28일 19시,금요일,경상북도 포항시 북구 죽도동,경상사고,0,0,1,0,차대차 - 측면충돌,교차로운행방법위반,건조,맑음,교차로 - 교차로안,승용,남,69세,상해없음,승용,남,55세,상해없음
2018092800100444,2018년 9월 28일 19시,금요일,경상북도 구미시 임은동,중상사고,0,2,0,0,차대차 - 기타,중앙선침범,건조,맑음,단일로 - 기타,승용,남,37세,상해없음,화물,남,51세,중상
2018092800100445,2018년 9월 28일 19시,금요일,경상북도 포항시 남구 대도동,경상사고,0,0,1,0,차대차 - 측면충돌,불법유턴,건조,맑음,교차로 - 교차로안,승용,여,59세,상해없음,승용,남,61세,경상
2018092800100484,2018년 9월 28일 20시,금요일,경상북도 울진군 근남면,경상사고,0,0,1,0,차대차 - 정면충돌,중앙선침범,건조,맑음,단일로 - 기타,화물,남,80세,상해없음,화물,남,74세,경상
2018092800100506,2018년 9월 28일 21시,금요일,경상북도 경주시 성건동,경상사고,0,0,5,0,차대차 - 추돌,안전운전불이행,건조,맑음,단일로 - 기타,승용,남,36세,상해없음,화물,남,45세,경상
2018092800100507,2018년 9월 28일 21시,금요일,경상북도 칠곡군 동명면,경상사고,0,0,1,0,차대차 - 측면충돌,안전운전불이행,건조,맑음,단일로 - 기타,화물,남,24세,상해없음,화물,남,65세,경상
2018092800100532,2018년 9월 28일 22시,금요일,경상북도 영주시 순흥면,경상사고,0,0,1,0,차량단독 - 전도전복 - 전도,안전운전불이행,건조,맑음,단일로 - 기타,이륜,남,21세,경상,미분류,미분류,미분류,미분류
2018092800100557,2018년 9월 28일 23시,금요일,경상북도 포항시 북구 두호동,부상신고사고,0,0,0,1,차대사람 - 길가장자리구역통행중,안전운전불이행,건조,맑음,교차로 - 교차로안,승용,남,47세,상해없음,보행자,남,31세,부상신고
2018092900100016,2018년 9월 29일 00시,토요일,경상북도 경주시 내남면,중상사고,0,1,0,0,차대차 - 측면충돌,안전운전불이행,건조,맑음,단일로 - 기타,승용,남,26세,상해없음,승용,여,42세,중상
2018092900100017,2018년 9월 29일 00시,토요일,경상북도 포항시 북구 흥해읍,중상사고,0,1,0,0,차대차 - 측면충돌,안전운전불이행,건조,맑음,단일로 - 기타,승용,여,47세,상해없음,승용,여,56세,중상
2018092900100018,2018년 9월 29일 00시,토요일,경상북도 포항시 남구 호동,중상사고,0,1,2,0,차대차 - 추돌,안전운전불이행,건조,맑음,단일로 - 기타,화물,남,62세,경상,특수,남,46세,기타불명
2018092900100049,2018년 9월 29일 02시,토요일,경상북도 안동시 옥동,중상사고,0,1,0,0,차대사람 - 차도통행중,안전운전불이행,건조,맑음,단일로 - 기타,승용,여,25세,상해없음,보행자,여,23세,중상
2018092900100050,2018년 9월 29일 02시,토요일,경상북도 구미시 원평동,중상사고,0,1,0,0,차대사람 - 횡단중,안전운전불이행,건조,맑음,교차로 - 교차로부근,승용,여,60세,상해없음,보행자,남,39세,중상
2018092900100074,2018년 9월 29일 04시,토요일,경상북도 경산시 압량면,사망사고,1,0,0,0,차대사람 - 기타,신호위반,건조,맑음,교차로 - 교차로횡단보도내,화물,남,60세,상해없음,보행자,여,50세,사망
2018092900100075,2018년 9월 29일 04시,토요일,경상북도 구미시 원평동,경상사고,0,0,1,0,차대차 - 기타,안전운전불이행,건조,맑음,단일로 - 기타,승용,남,27세,상해없음,승용,남,55세,경상
2018092900100090,2018년 9월 29일 05시,토요일,경상북도 영주시 봉현면,경상사고,0,0,1,0,차대차 - 측면충돌,안전운전불이행,건조,맑음,교차로 - 교차로안,승용,여,50세,상해없음,승용,남,48세,경상
2018092900100091,2018년 9월 29일 05시,토요일,경상북도 영천시 고경면,경상사고,0,0,1,0,차량단독 - 공작물충돌,안전운전불이행,건조,맑음,단일로 - 기타,화물,남,49세,경상,,,,
2018092900100092,2018년 9월 29일 05시,토요일,경상북도 문경시 마성면,중상사고,0,1,0,0,차량단독 - 공작물충돌,안전운전불이행,건조,맑음,단일로 - 기타,자전거,남,42세,중상,,,,
2018092900100093,2018년 9월 29일 05시,토요일,경상북도 경산시 중방동,중상사고,0,1,0,0,차대사람 - 횡단중,안전운전불이행,건조,맑음,교차로 - 교차로안,승용,남,32세,상해없음,보행자,여,90세 이상,중상
2018092900100118,2018년 9월 29일 07시,토요일,경상북도 안동시 옥야동,경상사고,0,0,2,0,차대차 - 정면충돌,신호위반,건조,맑음,교차로 - 교차로안,화물,남,51세,상해없음,승용,남,57세,경상
2018092900100153,2018년 9월 29일 09시,토요일,경상북도 영주시 가흥동,중상사고,0,2,0,0,차대차 - 측면충돌,직진우회전진행방해,건조,맑음,교차로 - 교차로안,승용,남,40세,상해없음,승용,여,70세,중상
2018092900100154,2018년 9월 29일 09시,토요일,경상북도 군위군 군위읍,중상사고,0,1,0,0,차량단독 - 기타,기타,건조,맑음,단일로 - 기타,승합,남,44세,상해없음,,,,
2018092900100155,2018년 9월 29일 09시,토요일,경상북도 구미시 산동면,경상사고,0,0,1,0,차대차 - 기타,안전운전불이행,건조,맑음,단일로 - 기타,승용,남,62세,상해없음,승용,남,30세,경상
2018092900100199,2018년 9월 29일 10시,토요일,경상북도 포항시 북구 장성동,중상사고,0,1,0,0,차대사람 - 기타,안전운전불이행,건조,맑음,단일로 - 기타,승용,여,60세,상해없음,보행자,여,55세,중상
2018092900100200,2018년 9월 29일 10시,토요일,경상북도 김천시 부곡동,경상사고,0,0,2,0,차대차 - 측면충돌,신호위반,건조,맑음,교차로 - 교차로안,승용,여,22세,상해없음,승용,여,47세,경상
2018092900100201,2018년 9월 29일 10시,토요일,경상북도 경산시 백천동,경상사고,0,0,1,0,차대차 - 측면충돌,불법유턴,건조,맑음,교차로 - 교차로부근,승용,여,36세,상해없음,이륜,남,20세,경상
2018092900100233,2018년 9월 29일 11시,토요일,경상북도 경주시 황오동,경상사고,0,0,1,0,차대차 - 추돌,안전운전불이행,건조,맑음,교차로 - 교차로부근,승용,남,57세,상해없음,승용,남,57세,상해없음
2018092900100234,2018년 9월 29일 11시,토요일,경상북도 영주시 풍기읍,경상사고,0,0,1,0,차대차 - 측면충돌,안전운전불이행,건조,맑음,단일로 - 기타,화물,남,60세,상해없음,승용,남,58세,경상
2018092900100271,2018년 9월 29일 12시,토요일,경상북도 구미시 임수동,경상사고,0,0,1,0,차대차 - 기타,안전운전불이행,건조,맑음,단일로 - 기타,승용,남,47세,상해없음,자전거,남,49세,경상