사고번호,사고일시,요일,시군구,사고내용,사망자수,중상자수,경상자수,부상신고자수,사고유형,법규위반,노면상태,기상상태,도로형태,가해운전자 차종,가해운전자 성별,가해운전자 연령,가해운전자 상해정도,피해운전자 차종,피해운전자 성별,피해운전자 연령,피해운전자 상해정도
2018092900100300,2018년 9월 29일 13시,토요일,경상북도 안동시 성곡동,중상사고,0,1,2,0,차대차 - 측면충돌,교차로운행방법위반,건조,맑음,교차로 - 교차로안,승용,여,52세,상해없음,승용,남,70세,상해없음
2018092900100301,2018년 9월 29일 13시,토요일,경상북도 문경시 점촌동,경상사고,0,0,1,0,차대차 - 측면충돌,안전운전불이행,건조,맑음,단일로 - 기타,승용,여,29세,상해없음,이륜,남,18세,경상
2018092900100302,2018년 9월 29일 13시,토요일,경상북도 경산시 중방동,중상사고,0,1,1,0,차대사람 - 기타,안전운전불이행,건조,맑음,교차로 - 교차로안,승용,여,26세,기타불명,보행자,여,53세,중상
2018092900100338,2018년 9월 29일 14시,토요일,경상북도 포항시 북구 죽도동,경상사고,0,0,1,0,차대차 - 측면충돌,신호위반,젖음/습기,비,교차로 - 교차로안,자전거,남,78세,경상,화물,남,47세,상해없음
2018092900100361,2018년 9월 29일 15시,토요일,경상북도 구미시 도량동,경상사고,0,0,1,0,차대차 - 측면충돌,직진우회전진행방해,건조,맑음,교차로 - 교차로안,승용,남,44세,상해없음,이륜,남,25세,경상
2018092900100396,2018년 9월 29일 16시,토요일,경상북도 포항시 북구 흥해읍,경상사고,0,0,1,0,차대차 - 정면충돌,안전운전불이행,젖음/습기,비,교차로 - 교차로안,승합,남,57세,상해없음,이륜,남,38세,경상
2018092900100397,2018년 9월 29일 16시,토요일,경상북도 포항시 북구 흥해읍,경상사고,0,0,1,0,차대차 - 후진중충돌,안전운전불이행,젖음/습기,흐림,교차로 - 교차로부근,승용,남,45세,상해없음,승용,남,21세,경상
2018092900100433,2018년 9월 29일 17시,토요일,경상북도 경주시 조양동,중상사고,0,1,5,0,차대차 - 정면충돌,안전운전불이행,젖음/습기,비,단일로 - 기타,승용,남,43세,경상,승용,남,66세,중상
2018092900100434,2018년 9월 29일 17시,토요일,경상북도 안동시 용상동,경상사고,0,0,1,0,차대차 - 측면충돌,안전운전불이행,건조,맑음,교차로 - 교차로부근,승용,여,51세,상해없음,자전거,남,12세,경상
2018092900100435,2018년 9월 29일 17시,토요일,경상북도 구미시 송정동,중상사고,0,1,2,0,차대차 - 기타,안전운전불이행,건조,맑음,교차로 - 교차로안,승용,여,48세,상해없음,승용,남,61세,중상
2018092900100436,2018년 9월 29일 17시,토요일,경상북도 포항시 남구 대잠동,경상사고,0,0,2,0,차대차 - 측면충돌,안전운전불이행,젖음/습기,비,교차로 - 교차로안,기타불명,기타불명,미분류,기타불명,승용,여,61세,경상
2018092900100470,2018년 9월 29일 18시,토요일,경상북도 영주시 부석면,중상사고,0,3,0,0,차대차 - 측면충돌,안전운전불이행,건조,맑음,단일로 - 기타,승용,남,69세,상해없음,농기계,남,80세,중상
2018092900100471,2018년 9월 29일 18시,토요일,경상북도 경산시 사동,경상사고,0,0,1,0,차대차 - 측면충돌,중앙선침범,건조,맑음,교차로 - 교차로안,화물,남,59세,상해없음,승용,남,36세,경상
2018092900100472,2018년 9월 29일 18시,토요일,경상북도 영양군 영양읍,중상사고,0,1,2,0,차대차 - 측면충돌,안전운전불이행,건조,맑음,단일로 - 기타,이륜,남,58세,경상,이륜,남,75세,경상
2018092900100508,2018년 9월 29일 19시,토요일,경상북도 안동시 태화동,경상사고,0,0,1,0,차대차 - 측면충돌,직진우회전진행방해,건조,맑음,교차로 - 교차로안,승용,남,53세,상해없음,이륜,남,29세,경상
2018092900100509,2018년 9월 29일 19시,토요일,경상북도 영덕군 영덕읍,경상사고,0,0,3,0,차대차 - 후진중충돌,안전운전불이행,젖음/습기,비,교차로 - 교차로부근,승용,여,52세,경상,승용,여,22세,경상
2018092900100510,2018년 9월 29일 19시,토요일,경상북도 구미시 도량동,중상사고,0,1,0,0,차대차 - 측면충돌,신호위반,건조,맑음,교차로 - 교차로안,이륜,남,18세,중상,승용,남,29세,상해없음
2018092900100576,2018년 9월 29일 21시,토요일,경상북도 포항시 북구 양덕동,경상사고,0,0,1,0,차대차 - 정면충돌,신호위반,건조,맑음,교차로 - 교차로안,승용,여,58세,상해없음,승용,남,32세,경상
2018092900100577,2018년 9월 29일 21시,토요일,경상북도 포항시 북구 우현동,경상사고,0,0,1,0,차대차 - 측면충돌,안전운전불이행,젖음/습기,맑음,단일로 - 기타,승용,남,59세,상해없음,승용,여,38세,상해없음
2018092900100578,2018년 9월 29일 21시,토요일,경상북도 경산시 하양읍,경상사고,0,0,1,0,차량단독 - 공작물충돌,기타,건조,맑음,단일로 - 기타,승합,남,54세,상해없음,,,,
2018092900100595,2018년 9월 29일 22시,토요일,경상북도 경산시 상방동,경상사고,0,0,1,0,차대차 - 추돌,안전운전불이행,건조,맑음,교차로 - 교차로안,화물,남,49세,상해없음,승용,남,25세,경상
2018092900100614,2018년 9월 29일 23시,토요일,경상북도 구미시 송정동,경상사고,0,0,4,0,차대차 - 추돌,안전운전불이행,건조,맑음,단일로 - 기타,승용,남,32세,상해없음,화물,남,24세,경상
2018093000100066,2018년 9월 30일 06시,일요일,경상북도 경주시 인왕동,경상사고,0,0,1,0,차대차 - 측면충돌,신호위반,건조,맑음,교차로 - 교차로안,승합,남,51세,상해없음,화물,남,49세,경상
2018093000100079,2018년 9월 30일 07시,일요일,경상북도 경주시 신평동,중상사고,0,2,0,0,차대차 - 측면충돌,안전운전불이행,젖음/습기,비,교차로 - 교차로안,승용,남,29세,상해없음,화물,남,67세,중상
2018093000100117,2018년 9월 30일 09시,일요일,경상북도 경주시 보문동,중상사고,0,1,0,0,차량단독 - 공작물충돌,안전운전불이행,젖음/습기,흐림,단일로 - 기타,승용,남,35세,중상,,,,
2018093000100118,2018년 9월 30일 09시,일요일,경상북도 경산시 백천동,중상사고,0,1,0,0,차대차 - 측면충돌,교차로운행방법위반,건조,맑음,교차로 - 교차로부근,승용,여,56세,상해없음,자전거,여,63세,중상
2018093000100134,2018년 9월 30일 10시,일요일,경상북도 경주시 시래동,경상사고,0,0,1,0,차대차 - 측면충돌,안전운전불이행,젖음/습기,비,교차로 - 교차로안,승용,남,66세,상해없음,승용,여,27세,경상
2018093000100135,2018년 9월 30일 10시,일요일,경상북도 성주군 초전면,경상사고,0,0,1,0,차대차 - 후진중충돌,안전운전불이행,건조,맑음,단일로 - 기타,화물,남,57세,상해없음,승용,여,56세,경상
2018093000100161,2018년 9월 30일 11시,일요일,경상북도 경주시 배동,사망사고,1,1,2,0,차대차 - 추돌,안전운전불이행,건조,맑음,단일로 - 기타,이륜,남,51세,사망,승용,남,31세,경상
2018093000100162,2018년 9월 30일 11시,일요일,경상북도 포항시 남구 연일읍,중상사고,0,1,2,0,차대차 - 기타,안전운전불이행,건조,맑음,단일로 - 기타,승용,남,72세,상해없음,승용,남,26세,경상
2018093000100182,2018년 9월 30일 12시,일요일,경상북도 영주시 휴천동,경상사고,0,0,1,0,차대차 - 측면충돌,안전운전불이행,건조,맑음,교차로 - 교차로안,화물,남,46세,상해없음,승용,남,46세,경상
2018093000100214,2018년 9월 30일 13시,일요일,경상북도 구미시 선산읍,중상사고,0,1,4,0,차대차 - 측면충돌,안전운전불이행,건조,맑음,단일로 - 기타,승용,여,63세,경상,승용,여,46세,중상
2018093000100250,2018년 9월 30일 14시,일요일,경상북도 김천시 황금동,중상사고,0,1,0,0,차대사람 - 길가장자리구역통행중,안전운전불이행,건조,맑음,단일로 - 기타,승용,여,55세,상해없음,보행자,여,60세,중상
2018093000100286,2018년 9월 30일 15시,일요일,경상북도 영덕군 축산면,중상사고,0,1,0,0,차량단독 - 도로외이탈 - 추락,안전운전불이행,건조,맑음,단일로 - 기타,화물,남,62세,중상,,,,
2018093000100287,2018년 9월 30일 15시,일요일,경상북도 청도군 화양읍,경상사고,0,0,2,0,차대차 - 측면충돌,교차로운행방법위반,건조,맑음,교차로 - 교차로안,승용,여,27세,경상,승용,여,66세,경상
2018093000100313,2018년 9월 30일 16시,일요일,경상북도 경주시 안강읍,중상사고,0,1,1,0,차대차 - 측면충돌,중앙선침범,건조,맑음,단일로 - 기타,화물,남,63세,상해없음,화물,남,66세,경상
2018093000100314,2018년 9월 30일 16시,일요일,경상북도 안동시 풍산읍,중상사고,0,2,0,0,차대차 - 측면충돌,안전운전불이행,건조,맑음,단일로 - 기타,화물,남,61세,중상,승용,여,31세,중상
2018093000100315,2018년 9월 30일 16시,일요일,경상북도 안동시 옥야동,부상신고사고,0,0,0,1,차대사람 - 보도통행중,안전운전불이행,젖음/습기,비,교차로 - 교차로안,기타불명,기타불명,미분류,기타불명,보행자,여,57세,부상신고
2018093000100316,2018년 9월 30일 16시,일요일,경상북도 김천시 다수동,경상사고,0,0,3,0,차대차 - 후진중충돌,중앙선침범,건조,맑음,교차로 - 교차로부근,화물,남,65세,상해없음,승용,남,39세,상해없음
2018093000100317,2018년 9월 30일 16시,일요일,경상북도 칠곡군 가산면,경상사고,0,0,1,1,차대차 - 측면충돌,안전운전불이행,건조,맑음,단일로 - 기타,화물,남,54세,부상신고,승용,여,56세,경상
2018093000100318,2018년 9월 30일 16시,일요일,경상북도 경산시 자인면,중상사고,0,1,0,0,차대차 - 측면충돌,안전운전불이행,건조,맑음,단일로 - 기타,화물,남,60세,상해없음,이륜,여,65세,중상
2018093000100319,2018년 9월 30일 16시,일요일,경상북도 경산시 옥산동,경상사고,0,0,2,0,차대차 - 기타,안전운전불이행,건조,맑음,교차로 - 교차로안,승용,여,56세,상해없음,승용,남,38세,경상
2018093000100320,2018년 9월 30일 16시,일요일,경상북도 청도군 풍각면,중상사고,0,1,0,0,차대차 - 측면충돌,신호위반,건조,맑음,교차로 - 교차로안,승용,남,49세,상해없음,승용,여,36세,중상
2018093000100321,2018년 9월 30일 16시,일요일,경상북도 포항시 남구 송도동,경상사고,0,0,2,0,차대차 - 기타,안전운전불이행,건조,맑음,교차로 - 교차로안,승용,여,37세,상해없음,승용,남,50세,경상
2018093000100362,2018년 9월 30일 17시,일요일,경상북도 경주시 서면,경상사고,0,0,1,0,차대사람 - 길가장자리구역통행중,안전운전불이행,건조,맑음,교차로 - 교차로안,화물,남,79세,상해없음,보행자,남,78세,경상
2018093000100363,2018년 9월 30일 17시,일요일,경상북도 경주시 외동읍,중상사고,0,1,0,0,차량단독 - 공작물충돌,안전운전불이행,건조,맑음,단일로 - 기타,승용,남,54세,상해없음,,,,
2018093000100394,2018년 9월 30일 18시,일요일,경상북도 경주시 외동읍,중상사고,0,1,0,0,차량단독 - 공작물충돌,안전운전불이행,건조,맑음,교차로 - 교차로부근,승용,남,36세,중상,,,,
2018093000100431,2018년 9월 30일 19시,일요일,경상북도 경주시 안강읍,부상신고사고,0,0,0,1,차대차 - 측면충돌,안전운전불이행,건조,맑음,교차로 - 교차로안,이륜,남,72세,부상신고,승합,남,53세,상해없음
2018093000100432,2018년 9월 30일 19시,일요일,경상북도 구미시 형곡동,중상사고,0,1,0,0,차대차 - 추돌,안전운전불이행,건조,맑음,교차로 - 교차로부근,승용,남,24세,상해없음,이륜,남,64세,중상
2018093000100433,2018년 9월 30일 19시,일요일,경상북도 김천시 아포읍,경상사고,0,0,2,0,차대차 - 추돌,안전운전불이행,건조,맑음,단일로 - 기타,승용,남,24세,상해없음,승용,남,28세,상해없음
2018093000100477,2018년 9월 30일 21시,일요일,경상북도 포항시 북구 장성동,경상사고,0,0,1,0,차대차 - 기타,안전운전불이행,건조,맑음,기타 - 기타,승용,남,59세,상해없음,승용,여,53세,경상
2018093000100496,2018년 9월 30일 22시,일요일,경상북도 경주시 산내면,중상사고,0,1,0,0,차량단독 - 전도전복 - 전복,안전운전불이행,건조,맑음,단일로 - 기타,승용,남,67세,중상,미분류,미분류,미분류,미분류
2018093000100497,2018년 9월 30일 22시,일요일,경상북도 상주시 성하동,중상사고,0,1,0,0,차대차 - 측면충돌,안전운전불이행,건조,맑음,단일로 - 기타,승용,남,43세,상해없음,이륜,남,35세,중상
2018100100100005,2018년 10월 1일 00시,월요일,경상북도 안동시 법흥동,경상사고,0,0,3,0,차대차 - 측면충돌,안전운전불이행,건조,맑음,단일로 - 기타,승용,남,20세,상해없음,승용,남,46세,경상
2018100100100045,2018년 10월 1일 05시,월요일,경상북도 구미시 인의동,경상사고,0,0,1,0,차대차 - 측면충돌,교차로운행방법위반,건조,맑음,교차로 - 교차로안,화물,남,63세,상해없음,승용,남,61세,경상
2018100100100057,2018년 10월 1일 06시,월요일,경상북도 영주시 하망동,중상사고,0,1,0,0,차대차 - 측면충돌,직진우회전진행방해,건조,맑음,교차로 - 교차로안,화물,남,55세,상해없음,승용,여,64세,중상
2018100100100072,2018년 10월 1일 07시,월요일,경상북도 경주시 서악동,중상사고,0,1,0,0,차대차 - 추돌,안전운전불이행,건조,맑음,단일로 - 기타,승용,남,47세,상해없음,승용,남,53세,중상
2018100100100073,2018년 10월 1일 07시,월요일,경상북도 경산시 압량면,경상사고,0,0,1,0,차대차 - 측면충돌,차로위반,젖음/습기,비,단일로 - 기타,승용,남,25세,상해없음,승용,남,29세,경상
2018100100100109,2018년 10월 1일 08시,월요일,경상북도 칠곡군 지천면,경상사고,0,0,5,0,차대차 - 추돌,안전운전불이행,건조,맑음,단일로 - 기타,승용,여,43세,경상,승용,남,40세,경상
2018100100100110,2018년 10월 1일 08시,월요일,경상북도 포항시 남구 청림동,경상사고,0,0,1,0,차대차 - 기타,안전거리미확보,건조,맑음,교차로 - 교차로안,특수,남,64세,상해없음,승용,남,28세,경상
2018100100100111,2018년 10월 1일 08시,월요일,경상북도 구미시 도개면,사망사고,1,0,1,0,차량단독 - 공작물충돌,안전운전불이행,건조,흐림,단일로 - 기타,화물,남,58세,사망,,,,
2018100100100147,2018년 10월 1일 09시,월요일,경상북도 경주시 양남면,경상사고,0,0,1,0,차대차 - 측면충돌,안전운전불이행,건조,맑음,교차로 - 교차로안,승용,남,46세,경상,화물,남,55세,상해없음
2018100100100148,2018년 10월 1일 09시,월요일,경상북도 영천시 대전동,중상사고,0,1,1,0,차대차 - 측면충돌,교차로운행방법위반,건조,맑음,교차로 - 교차로안,승용,여,40세,경상,승용,남,28세,중상
2018100100100186,2018년 10월 1일 10시,월요일,경상북도 경주시 내남면,경상사고,0,0,1,0,차대차 - 측면충돌,안전운전불이행,건조,맑음,교차로 - 교차로안,승용,남,51세,상해없음,승용,남,70세,경상
2018100100100187,2018년 10월 1일 10시,월요일,경상북도 포항시 북구 두호동,경상사고,0,0,2,0,차대차 - 측면충돌,중앙선침범,건조,맑음,단일로 - 기타,승용,남,18세,상해없음,승용,여,38세,경상
2018100100100188,2018년 10월 1일 10시,월요일,경상북도 청송군 현서면,경상사고,0,0,2,0,차대차 - 추돌,안전거리미확보,젖음/습기,비,단일로 - 기타,화물,남,47세,상해없음,화물,남,74세,상해없음
2018100100100211,2018년 10월 1일 11시,월요일,경상북도 상주시 서문동,중상사고,0,1,0,0,차대사람 - 길가장자리구역통행중,안전운전불이행,건조,맑음,단일로 - 기타,승용,남,38세,상해없음,보행자,여,38세,중상
2018100100100212,2018년 10월 1일 11시,월요일,경상북도 예천군 용문면,중상사고,0,1,0,0,차대차 - 측면충돌,안전운전불이행,건조,맑음,단일로 - 기타,승용,남,66세,상해없음,승용,여,48세,중상
2018100100100213,2018년 10월 1일 11시,월요일,경상북도 구미시 공단동,경상사고,0,0,1,0,차대차 - 측면충돌,안전운전불이행,건조,맑음,단일로 - 기타,승용,남,59세,상해없음,승용,여,58세,경상
2018100100100214,2018년 10월 1일 11시,월요일,경상북도 구미시 황상동,경상사고,0,0,1,0,차대사람 - 기타,신호위반,건조,맑음,교차로 - 교차로안,승용,여,58세,상해없음,보행자,여,71세,경상
2018100100100246,2018년 10월 1일 12시,월요일,경상북도 경주시 동천동,중상사고,0,1,0,0,차대사람 - 횡단중,보행자보호의무위반,건조,맑음,교차로 - 교차로횡단보도내,승용,여,56세,상해없음,보행자,여,34세,중상
2018100100100247,2018년 10월 1일 12시,월요일,경상북도 구미시 송정동,경상사고,0,0,1,0,차대차 - 기타,안전운전불이행,건조,맑음,단일로 - 기타,승용,남,69세,상해없음,승용,남,63세,경상
2018100100100286,2018년 10월 1일 13시,월요일,경상북도 포항시 북구 득량동,경상사고,0,0,1,0,차대차 - 측면충돌,직진우회전진행방해,건조,맑음,교차로 - 교차로부근,건설기계,남,42세,상해없음,승용,여,38세,경상
2018100100100287,2018년 10월 1일 13시,월요일,경상북도 문경시 모전동,중상사고,0,1,2,0,차대차 - 추돌,안전운전불이행,건조,맑음,교차로 - 교차로안,화물,남,24세,상해없음,승용,남,78세,경상
2018100100100288,2018년 10월 1일 13시,월요일,경상북도 군위군 군위읍,경상사고,0,0,2,0,차대차 - 추돌,안전운전불이행,건조,흐림,단일로 - 기타,화물,남,33세,상해없음,화물,남,54세,경상
2018100100100323,2018년 10월 1일 14시,월요일,경상북도 경주시 도지동,중상사고,0,1,1,0,차대차 - 추돌,안전운전불이행,건조,맑음,교차로 - 교차로부근,화물,여,68세,상해없음,승용,여,24세,중상
2018100100100324,2018년 10월 1일 14시,월요일,경상북도 상주시 화남면,경상사고,0,0,9,0,차대차 - 측면충돌,중앙선침범,건조,맑음,단일로 - 기타,화물,남,71세,상해없음,승합,남,38세,경상
2018100100100354,2018년 10월 1일 15시,월요일,경상북도 포항시 북구 장성동,경상사고,0,0,1,0,차대차 - 추돌,안전운전불이행,건조,맑음,교차로 - 교차로부근,승용,남,31세,상해없음,승용,남,61세,경상
2018100100100355,2018년 10월 1일 15시,월요일,경상북도 경산시 중방동,중상사고,0,1,0,0,차대사람 - 횡단중,안전운전불이행,건조,맑음,단일로 - 기타,승용,여,51세,상해없음,보행자,남,65세,중상
2018100100100395,2018년 10월 1일 16시,월요일,경상북도 포항시 북구 득량동,중상사고,0,1,0,0,차대차 - 측면충돌,안전운전불이행,건조,맑음,단일로 - 기타,승합,남,67세,상해없음,이륜,남,36세,중상
2018100100100396,2018년 10월 1일 16시,월요일,경상북도 영천시 청통면,중상사고,0,1,0,0,차대차 - 추돌,안전운전불이행,건조,맑음,단일로 - 기타,화물,남,84세,중상,화물,남,42세,기타불명
2018100100100397,2018년 10월 1일 16시,월요일,경상북도 예천군 예천읍,경상사고,0,0,1,0,차대차 - 측면충돌,안전운전불이행,건조,맑음,단일로 - 기타,승용,남,78세,상해없음,화물,남,50세,경상
2018100100100441,2018년 10월 1일 17시,월요일,경상북도 포항시 남구 대도동,경상사고,0,0,1,0,차대차 - 측면충돌,안전거리미확보,건조,맑음,단일로 - 기타,화물,남,57세,상해없음,승용,남,35세,경상
2018100100100559,2018년 10월 1일 20시,월요일,경상북도 포항시 북구 흥해읍,중상사고,0,1,0,0,차량단독 - 기타,안전운전불이행,건조,맑음,단일로 - 기타,승합,남,59세,상해없음,,,,
2018100100100583,2018년 10월 1일 21시,월요일,경상북도 영천시 매산동,경상사고,0,0,1,0,차대차 - 측면충돌,차로위반,건조,맑음,단일로 - 기타,승합,남,34세,상해없음,특수,남,36세,경상
2018100100100584,2018년 10월 1일 21시,월요일,경상북도 경산시 상방동,경상사고,0,0,1,0,차대차 - 측면충돌,안전운전불이행,건조,맑음,단일로 - 기타,승용,남,57세,상해없음,승용,여,33세,경상
2018100100100615,2018년 10월 1일 23시,월요일,경상북도 경주시 성건동,경상사고,0,0,1,0,차대차 - 측면충돌,안전운전불이행,건조,맑음,단일로 - 기타,승용,남,26세,상해없음,이륜,남,24세,상해없음
2018100200100005,2018년 10월 2일 00시,화요일,경상북도 포항시 북구 죽도동,경상사고,0,0,1,0,차대차 - 측면충돌,안전운전불이행,건조,맑음,단일로 - 기타,승용,남,38세,상해없음,이륜,남,66세,경상
2018100200100015,2018년 10월 2일 01시,화요일,경상북도 구미시 옥계동,경상사고,0,0,1,0,차대차 - 측면충돌,안전거리미확보,건조,맑음,단일로 - 기타,승용,여,47세,상해없음,이륜,남,21세,경상
2018100200100023,2018년 10월 2일 02시,화요일,경상북도 구미시 원평동,경상사고,0,0,1,0,차대차 - 측면충돌,신호위반,건조,맑음,교차로 - 교차로안,승용,남,32세,상해없음,승용,남,37세,경상
2018100200100049,2018년 10월 2일 05시,화요일,경상북도 영주시 영주동,중상사고,0,1,0,0,차대사람 - 보도통행중,기타,건조,맑음,단일로 - 기타,승용,남,63세,상해없음,보행자,여,61세,중상
2018100200100059,2018년 10월 2일 06시,화요일,경상북도 포항시 북구 흥해읍,중상사고,0,1,0,0,차대차 - 기타,안전운전불이행,건조,맑음,교차로 - 교차로안,화물,남,76세,중상,건설기계,남,57세,상해없음
2018100200100122,2018년 10월 2일 08시,화요일,경상북도 영주시 휴천동,중상사고,0,1,4,0,차대차 - 측면충돌,신호위반,건조,맑음,교차로 - 교차로안,이륜,남,81세,경상,승용,여,34세,경상
2018100200100123,2018년 10월 2일 08시,화요일,경상북도 영덕군 강구면,경상사고,0,0,1,0,차대차 - 측면충돌,차로위반,건조,맑음,단일로 - 기타,건설기계,남,47세,상해없음,승용,여,49세,경상
2018100200100124,2018년 10월 2일 08시,화요일,경상북도 군위군 군위읍,중상사고,0,1,1,0,차대차 - 측면충돌,안전운전불이행,건조,맑음,교차로 - 교차로안,화물,남,79세,경상,화물,남,39세,중상
2018100200100170,2018년 10월 2일 09시,화요일,경상북도 영덕군 영덕읍,경상사고,0,0,1,0,차대사람 - 차도통행중,안전운전불이행,건조,맑음,단일로 - 기타,승합,남,34세,상해없음,보행자,여,77세,경상
2018100200100171,2018년 10월 2일 09시,화요일,경상북도 영덕군 영덕읍,경상사고,0,0,1,0,차대차 - 측면충돌,안전운전불이행,건조,맑음,교차로 - 교차로안,화물,남,60세,상해없음,자전거,여,67세,경상
2018100200100205,2018년 10월 2일 10시,화요일,경상북도 안동시 옥야동,경상사고,0,0,1,0,차대차 - 측면충돌,안전운전불이행,건조,맑음,교차로 - 교차로부근,화물,남,78세,상해없음,승용,여,64세,경상
2018100200100206,2018년 10월 2일 10시,화요일,경상북도 김천시 대항면,중상사고,0,2,0,0,차대차 - 추돌,안전거리미확보,건조,맑음,단일로 - 기타,화물,남,62세,상해없음,승용,남,37세,중상
2018100200100207,2018년 10월 2일 10시,화요일,경상북도 영천시 창구동,중상사고,0,3,0,0,차대차 - 측면충돌,교차로운행방법위반,건조,맑음,교차로 - 교차로안,화물,남,60세,중상,승용,여,65세,중상
2018100200100239,2018년 10월 2일 11시,화요일,경상북도 영천시 화남면,중상사고,0,1,0,0,차대차 - 측면충돌,직진우회전진행방해,건조,맑음,교차로 - 교차로안,승용,여,57세,상해없음,농기계,남,70세,중상
2018100200100240,2018년 10월 2일 11시,화요일,경상북도 예천군 호명면,중상사고,0,1,0,0,차대차 - 측면충돌,안전운전불이행,건조,맑음,교차로 - 교차로안,승용,남,48세,상해없음,승용,남,36세,중상
2018100200100267,2018년 10월 2일 12시,화요일,경상북도 경주시 시래동,경상사고,0,0,2,0,차대차 - 추돌,안전운전불이행,건조,맑음,단일로 - 지하차도(도로)내,이륜,남,83세,상해없음,승용,여,56세,경상
2018100200100268,2018년 10월 2일 12시,화요일,경상북도 영천시 창구동,경상사고,0,0,2,0,차대차 - 측면충돌,교차로운행방법위반,건조,맑음,교차로 - 교차로안,화물,남,60세,경상,승용,남,71세,경상
2018100200100269,2018년 10월 2일 12시,화요일,경상북도 경산시 대동,경상사고,0,0,2,0,차대사람 - 차도통행중,안전운전불이행,건조,맑음,단일로 - 기타,승용,남,22세,상해없음,보행자,여,35세,경상
2018100200100301,2018년 10월 2일 13시,화요일,경상북도 포항시 북구 용흥동,경상사고,0,0,1,0,차대차 - 추돌,안전운전불이행,건조,맑음,단일로 - 기타,승용,남,66세,상해없음,승용,남,62세,경상
2018100200100302,2018년 10월 2일 13시,화요일,경상북도 영천시 화남면,중상사고,0,1,0,0,차대차 - 후진중충돌,안전운전불이행,건조,맑음,단일로 - 기타,농기계,남,76세,중상,승용,남,65세,상해없음
2018100200100366,2018년 10월 2일 15시,화요일,경상북도 김천시 평화동,경상사고,0,0,1,0,차대차 - 측면충돌,안전운전불이행,건조,맑음,교차로 - 교차로안,승용,남,66세,상해없음,이륜,남,65세,경상
2018100200100367,2018년 10월 2일 15시,화요일,경상북도 영주시 영주동,중상사고,0,1,0,0,차대사람 - 횡단중,보행자보호의무위반,건조,맑음,단일로 - 기타,화물,남,30세,상해없음,보행자,남,69세,중상
2018100200100368,2018년 10월 2일 15시,화요일,경상북도 청도군 각남면,중상사고,0,1,0,0,차대차 - 측면충돌,안전운전불이행,건조,맑음,기타 - 기타,승용,여,66세,상해없음,이륜,남,83세,중상
2018100200100408,2018년 10월 2일 16시,화요일,경상북도 문경시 마성면,중상사고,0,1,1,0,차대차 - 추돌,안전운전불이행,건조,맑음,교차로 - 교차로부근,승용,남,68세,경상,화물,남,33세,중상
2018100200100409,2018년 10월 2일 16시,화요일,경상북도 군위군 의흥면,경상사고,0,0,1,0,차대차 - 기타,기타,건조,맑음,단일로 - 기타,화물,남,59세,상해없음,화물,남,74세,상해없음
2018100200100410,2018년 10월 2일 16시,화요일,경상북도 구미시 진평동,경상사고,0,0,1,0,차대차 - 후진중충돌,안전운전불이행,건조,맑음,단일로 - 기타,화물,남,46세,상해없음,원동기,남,42세,경상
2018100200100442,2018년 10월 2일 17시,화요일,경상북도 경주시 성동동,중상사고,0,1,0,0,차대차 - 측면충돌,안전운전불이행,건조,맑음,교차로 - 교차로안,승합,남,61세,상해없음,자전거,여,78세,중상
2018100200100443,2018년 10월 2일 17시,화요일,경상북도 안동시 태화동,경상사고,0,0,1,0,차대차 - 정면충돌,중앙선침범,건조,맑음,단일로 - 기타,승합,남,24세,상해없음,승용,여,39세,경상
2018100200100445,2018년 10월 2일 17시,화요일,경상북도 봉화군 봉성면,경상사고,0,0,4,0,차대차 - 추돌,안전운전불이행,건조,맑음,단일로 - 기타,승용,남,59세,상해없음,승용,남,64세,경상
2018100200100446,2018년 10월 2일 17시,화요일,경상북도 구미시 봉곡동,중상사고,0,1,0,0,차대차 - 기타,안전운전불이행,건조,맑음,교차로 - 교차로부근,승용,남,54세,상해없음,승용,여,49세,기타불명
2018100200100447,2018년 10월 2일 17시,화요일,경상북도 구미시 진평동,경상사고,0,0,1,0,차대차 - 기타,교차로운행방법위반,건조,맑음,교차로 - 교차로안,승용,남,37세,상해없음,이륜,남,37세,경상
2018100200100495,2018년 10월 2일 18시,화요일,경상북도 경주시 성건동,경상사고,0,0,1,1,차대차 - 후진중충돌,중앙선침범,건조,맑음,단일로 - 기타,승용,남,36세,부상신고,승용,남,60세,상해없음
2018100200100496,2018년 10월 2일 18시,화요일,경상북도 안동시 송천동,경상사고,0,0,8,0,차대차 - 측면충돌,과속,건조,맑음,교차로 - 교차로안,승용,남,45세,경상,승합,남,51세,상해없음
2018100200100497,2018년 10월 2일 18시,화요일,경상북도 문경시 점촌동,중상사고,0,1,0,0,차대차 - 정면충돌,중앙선침범,건조,맑음,교차로 - 교차로부근,화물,남,37세,상해없음,이륜,남,42세,중상
2018100200100498,2018년 10월 2일 18시,화요일,경상북도 경산시 옥산동,중상사고,0,1,0,0,차대사람 - 횡단중,안전운전불이행,건조,맑음,교차로 - 교차로부근,승용,남,24세,상해없음,보행자,여,54세,중상