사고번호,사고일시,요일,시군구,사고내용,사망자수,중상자수,경상자수,부상신고자수,사고유형,법규위반,노면상태,기상상태,도로형태,가해운전자 차종,가해운전자 성별,가해운전자 연령,가해운전자 상해정도,피해운전자 차종,피해운전자 성별,피해운전자 연령,피해운전자 상해정도
2018100200100499,2018년 10월 2일 18시,화요일,경상북도 경산시 자인면,경상사고,0,0,1,0,차대차 - 추돌,안전운전불이행,건조,맑음,단일로 - 기타,화물,남,57세,경상,화물,기타불명,미분류,기타불명
2018100200100500,2018년 10월 2일 18시,화요일,경상북도 울진군 북면,경상사고,0,0,1,0,차대차 - 기타,안전운전불이행,건조,맑음,기타 - 기타,화물,남,57세,상해없음,승용,남,41세,경상
2018100200100549,2018년 10월 2일 19시,화요일,경상북도 경주시 충효동,중상사고,0,1,0,0,차대사람 - 횡단중,보행자보호의무위반,건조,맑음,단일로 - 기타,승용,여,42세,상해없음,보행자,여,69세,중상
2018100200100598,2018년 10월 2일 20시,화요일,경상북도 칠곡군 북삼읍,중상사고,0,1,0,0,차대차 - 측면충돌,중앙선침범,건조,맑음,교차로 - 교차로안,승용,여,41세,상해없음,이륜,남,48세,중상
2018100200100599,2018년 10월 2일 20시,화요일,경상북도 영천시 망정동,경상사고,0,0,1,0,차대차 - 추돌,안전운전불이행,건조,맑음,교차로 - 교차로부근,승용,남,50세,상해없음,승용,남,56세,경상
2018100200100628,2018년 10월 2일 21시,화요일,경상북도 포항시 남구 송도동,중상사고,0,1,0,0,차대차 - 추돌,안전운전불이행,건조,맑음,단일로 - 기타,이륜,남,31세,중상,승용,남,29세,상해없음
2018100200100680,2018년 10월 2일 23시,화요일,경상북도 경주시 보문동,중상사고,0,1,1,0,차대차 - 측면충돌,신호위반,건조,맑음,교차로 - 교차로안,승용,여,53세,중상,승용,남,38세,경상
2018100300100139,2018년 10월 3일 08시,수요일,경상북도 영천시 금호읍,경상사고,0,0,1,0,차대차 - 추돌,안전운전불이행,건조,맑음,교차로 - 교차로부근,화물,남,58세,상해없음,승용,남,27세,경상
2018100300100160,2018년 10월 3일 09시,수요일,경상북도 구미시 고아읍,경상사고,0,0,2,0,차대차 - 추돌,안전거리미확보,건조,맑음,단일로 - 기타,건설기계,남,64세,상해없음,승용,여,37세,경상
2018100300100185,2018년 10월 3일 10시,수요일,경상북도 경주시 황성동,경상사고,0,0,1,0,차대차 - 측면충돌,안전운전불이행,건조,맑음,교차로 - 교차로안,승용,여,67세,상해없음,승용,남,37세,경상
2018100300100186,2018년 10월 3일 10시,수요일,경상북도 포항시 북구 두호동,중상사고,0,1,0,0,차대사람 - 횡단중,안전운전불이행,건조,맑음,단일로 - 기타,화물,남,63세,상해없음,보행자,여,85세,중상
2018100300100187,2018년 10월 3일 10시,수요일,경상북도 포항시 북구 용흥동,중상사고,0,1,8,0,차대차 - 추돌,안전운전불이행,건조,맑음,단일로 - 기타,승합,남,55세,상해없음,승용,남,60세,상해없음
2018100300100188,2018년 10월 3일 10시,수요일,경상북도 예천군 풍양면,사망사고,1,0,0,0,차량단독 - 공작물충돌,안전운전불이행,건조,맑음,단일로 - 기타,이륜,남,81세,사망,,,,
2018100300100210,2018년 10월 3일 11시,수요일,경상북도 경주시 서면,경상사고,0,0,2,0,차대차 - 측면충돌,중앙선침범,건조,맑음,단일로 - 기타,승용,남,52세,상해없음,승용,남,67세,경상
2018100300100211,2018년 10월 3일 11시,수요일,경상북도 김천시 부곡동,경상사고,0,0,1,0,차대차 - 측면충돌,신호위반,건조,맑음,교차로 - 교차로안,승용,남,86세,상해없음,승용,남,66세,경상
2018100300100271,2018년 10월 3일 13시,수요일,경상북도 포항시 북구 죽도동,부상신고사고,0,0,0,1,차대사람 - 기타,안전운전불이행,건조,맑음,단일로 - 기타,승용,여,32세,상해없음,보행자,남,59세,부상신고
2018100300100272,2018년 10월 3일 13시,수요일,경상북도 안동시 안흥동,중상사고,0,1,0,0,차대차 - 기타,신호위반,건조,맑음,교차로 - 교차로횡단보도내,승용,남,30세,상해없음,이륜,남,76세,중상
2018100300100273,2018년 10월 3일 13시,수요일,경상북도 안동시 서후면,경상사고,0,0,2,0,차대차 - 추돌,안전거리미확보,건조,맑음,단일로 - 기타,승용,남,83세,경상,승용,여,47세,경상
2018100300100274,2018년 10월 3일 13시,수요일,경상북도 영주시 휴천동,중상사고,0,3,0,0,차대차 - 측면충돌,신호위반,건조,맑음,교차로 - 교차로안,화물,남,86세,상해없음,승용,여,58세,중상
2018100300100275,2018년 10월 3일 13시,수요일,경상북도 고령군 다산면,경상사고,0,0,1,0,차대차 - 추돌,안전운전불이행,건조,맑음,단일로 - 기타,자전거,남,23세,상해없음,자전거,남,60세,경상
2018100300100310,2018년 10월 3일 14시,수요일,경상북도 청도군 운문면,중상사고,0,1,1,0,차대차 - 측면충돌,안전운전불이행,건조,맑음,단일로 - 기타,이륜,남,37세,경상,이륜,남,29세,중상
2018100300100342,2018년 10월 3일 15시,수요일,경상북도 경주시 북군동,중상사고,0,1,0,0,차대사람 - 보도통행중,안전운전불이행,건조,맑음,단일로 - 기타,자전거,남,22세,상해없음,보행자,여,55세,중상
2018100300100343,2018년 10월 3일 15시,수요일,경상북도 경주시 신평동,경상사고,0,0,1,0,차대차 - 측면충돌,안전운전불이행,건조,맑음,교차로 - 교차로안,승용,남,24세,기타불명,이륜,남,49세,경상
2018100300100344,2018년 10월 3일 15시,수요일,경상북도 경주시 동방동,중상사고,0,1,1,0,차대차 - 측면충돌,안전거리미확보,건조,맑음,단일로 - 기타,승용,남,26세,상해없음,승용,남,30세,경상
2018100300100345,2018년 10월 3일 15시,수요일,경상북도 안동시 운흥동,경상사고,0,0,2,0,차대차 - 측면충돌,안전거리미확보,건조,맑음,교차로 - 교차로안,승용,남,37세,경상,승용,남,50세,경상
2018100300100346,2018년 10월 3일 15시,수요일,경상북도 성주군 초전면,중상사고,0,1,0,0,차대차 - 기타,안전운전불이행,건조,맑음,단일로 - 기타,화물,남,55세,기타불명,화물,남,59세,중상
2018100300100347,2018년 10월 3일 15시,수요일,경상북도 구미시 원평동,경상사고,0,0,1,0,차대차 - 기타,교차로운행방법위반,건조,맑음,교차로 - 교차로안,승용,남,31세,상해없음,승합,남,53세,상해없음
2018100300100374,2018년 10월 3일 16시,수요일,경상북도 경주시 성건동,경상사고,0,0,2,0,차대차 - 측면충돌,안전운전불이행,건조,맑음,교차로 - 교차로안,승용,남,47세,상해없음,자전거,여,70세,경상
2018100300100375,2018년 10월 3일 16시,수요일,경상북도 포항시 북구 대신동,경상사고,0,0,1,0,차대차 - 측면충돌,안전운전불이행,건조,맑음,단일로 - 기타,승용,남,56세,상해없음,승합,남,45세,경상
2018100300100376,2018년 10월 3일 16시,수요일,경상북도 김천시 평화동,경상사고,0,0,1,0,차대차 - 추돌,안전운전불이행,건조,맑음,교차로 - 교차로부근,승용,남,59세,상해없음,승용,남,25세,경상
2018100300100377,2018년 10월 3일 16시,수요일,경상북도 상주시 함창읍,중상사고,0,2,0,0,차대차 - 추돌,안전운전불이행,건조,맑음,단일로 - 기타,승용,남,57세,중상,화물,남,52세,상해없음
2018100300100424,2018년 10월 3일 17시,수요일,경상북도 칠곡군 동명면,경상사고,0,0,1,0,차대차 - 측면충돌,안전운전불이행,건조,맑음,교차로 - 교차로부근,승용,남,48세,상해없음,승합,남,69세,경상
2018100300100425,2018년 10월 3일 17시,수요일,경상북도 예천군 호명면,중상사고,0,1,2,0,차대차 - 측면충돌,신호위반,건조,맑음,교차로 - 교차로안,화물,남,50세,경상,승용,남,64세,경상
2018100300100462,2018년 10월 3일 18시,수요일,경상북도 영천시 문내동,중상사고,0,1,0,0,차대사람 - 횡단중,안전운전불이행,건조,맑음,교차로 - 교차로횡단보도내,승용,여,61세,상해없음,보행자,여,64세,중상
2018100300100463,2018년 10월 3일 18시,수요일,경상북도 구미시 고아읍,중상사고,0,1,1,0,차대차 - 기타,안전운전불이행,건조,맑음,교차로 - 교차로부근,승용,남,22세,상해없음,승용,여,50세,중상
2018100300100498,2018년 10월 3일 19시,수요일,경상북도 안동시 옥야동,중상사고,0,1,0,0,차대사람 - 횡단중,안전운전불이행,건조,맑음,단일로 - 기타,승용,남,36세,상해없음,보행자,여,82세,중상
2018100300100499,2018년 10월 3일 19시,수요일,경상북도 영천시 망정동,경상사고,0,0,2,0,차대차 - 추돌,안전운전불이행,건조,맑음,교차로 - 교차로부근,이륜,남,23세,경상,승용,남,43세,경상
2018100300100543,2018년 10월 3일 21시,수요일,경상북도 김천시 부곡동,경상사고,0,0,3,0,차대차 - 추돌,안전운전불이행,건조,맑음,기타 - 기타,승용,남,21세,상해없음,승용,여,46세,경상
2018100300100544,2018년 10월 3일 21시,수요일,경상북도 경산시 진량읍,사망사고,1,0,0,0,차대사람 - 횡단중,안전운전불이행,건조,맑음,교차로 - 교차로안,승용,남,41세,상해없음,보행자,여,60세,사망
2018100300100557,2018년 10월 3일 22시,수요일,경상북도 경주시 동천동,중상사고,0,1,0,0,차대차 - 기타,교차로운행방법위반,건조,맑음,교차로 - 교차로부근,승용,남,80세,상해없음,승합,남,56세,상해없음
2018100300100558,2018년 10월 3일 22시,수요일,경상북도 영천시 망정동,중상사고,0,2,2,0,차대차 - 측면충돌,교차로운행방법위반,건조,맑음,교차로 - 교차로안,승용,여,55세,경상,승용,남,30세,중상
2018100400100008,2018년 10월 4일 00시,목요일,경상북도 군위군 부계면,사망사고,1,0,0,1,차대차 - 기타,안전운전불이행,건조,맑음,단일로 - 기타,화물,남,34세,사망,특수,남,58세,부상신고
2018100400100020,2018년 10월 4일 01시,목요일,경상북도 의성군 의성읍,중상사고,0,2,0,0,차대차 - 측면충돌,중앙선침범,건조,맑음,기타 - 기타,승용,남,69세,중상,승용,남,45세,중상
2018100400100052,2018년 10월 4일 05시,목요일,경상북도 포항시 북구 대신동,중상사고,0,1,0,0,차대사람 - 횡단중,안전운전불이행,건조,흐림,단일로 - 기타,승용,남,70세,상해없음,보행자,남,75세,중상
2018100400100053,2018년 10월 4일 05시,목요일,경상북도 성주군 용암면,부상신고사고,0,0,0,1,차대차 - 측면충돌,안전운전불이행,건조,맑음,교차로 - 교차로안,화물,남,60세,부상신고,특수,남,63세,상해없음
2018100400100064,2018년 10월 4일 06시,목요일,경상북도 영천시 청통면,중상사고,0,1,0,0,차대사람 - 횡단중,안전운전불이행,건조,맑음,단일로 - 기타,승용,여,32세,상해없음,보행자,여,72세,중상
2018100400100085,2018년 10월 4일 07시,목요일,경상북도 칠곡군 지천면,중상사고,0,1,0,1,차대차 - 측면충돌,안전운전불이행,건조,맑음,단일로 - 기타,승용,남,44세,부상신고,화물,남,62세,중상
2018100400100086,2018년 10월 4일 07시,목요일,경상북도 구미시 구평동,중상사고,0,2,0,0,차대차 - 추돌,안전운전불이행,건조,맑음,교차로 - 교차로부근,승용,남,23세,상해없음,화물,남,50세,중상
2018100400100126,2018년 10월 4일 08시,목요일,경상북도 김천시 감문면,경상사고,0,0,2,0,차대차 - 측면충돌,안전운전불이행,건조,맑음,교차로 - 교차로안,승용,여,48세,경상,화물,남,37세,경상
2018100400100127,2018년 10월 4일 08시,목요일,경상북도 상주시 부원동,경상사고,0,0,1,0,차대차 - 측면충돌,안전운전불이행,건조,맑음,교차로 - 교차로안,원동기,여,64세,경상,화물,남,77세,상해없음
2018100400100128,2018년 10월 4일 08시,목요일,경상북도 영주시 가흥동,경상사고,0,0,2,0,차대차 - 측면충돌,안전운전불이행,건조,맑음,교차로 - 교차로안,승용,여,48세,경상,승용,여,56세,경상
2018100400100130,2018년 10월 4일 08시,목요일,경상북도 구미시 원평동,경상사고,0,0,1,0,차대사람 - 기타,교차로운행방법위반,건조,맑음,교차로 - 교차로부근,승용,남,46세,상해없음,보행자,여,71세,경상
2018100400100131,2018년 10월 4일 08시,목요일,경상북도 구미시 도량동,중상사고,0,1,0,0,차대차 - 기타,안전운전불이행,건조,맑음,단일로 - 기타,승용,여,57세,상해없음,이륜,남,82세,중상
2018100400100132,2018년 10월 4일 08시,목요일,경상북도 포항시 남구 동촌동,경상사고,0,0,1,0,차대차 - 기타,신호위반,건조,맑음,교차로 - 교차로안,특수,남,61세,상해없음,승용,남,64세,경상
2018100400100133,2018년 10월 4일 08시,목요일,경상북도 포항시 남구 상도동,경상사고,0,0,2,0,차대차 - 기타,안전거리미확보,건조,맑음,단일로 - 기타,승용,남,35세,경상,승용,남,52세,경상
2018100400100184,2018년 10월 4일 09시,목요일,경상북도 경주시 서악동,중상사고,0,1,0,0,차대차 - 측면충돌,안전운전불이행,건조,맑음,교차로 - 교차로부근,자전거,여,74세,중상,화물,남,45세,상해없음
2018100400100185,2018년 10월 4일 09시,목요일,경상북도 경주시 용강동,중상사고,0,1,0,0,차대차 - 측면충돌,안전운전불이행,건조,맑음,교차로 - 교차로안,이륜,남,77세,중상,승용,여,37세,상해없음
2018100400100228,2018년 10월 4일 10시,목요일,경상북도 상주시 화동면,중상사고,0,2,0,0,차대차 - 측면충돌,신호위반,건조,맑음,교차로 - 교차로안,화물,남,62세,중상,승용,남,25세,중상
2018100400100229,2018년 10월 4일 10시,목요일,경상북도 영주시 휴천동,경상사고,0,0,1,0,차대차 - 측면충돌,안전운전불이행,건조,맑음,단일로 - 기타,승용,남,42세,상해없음,자전거,여,48세,경상
2018100400100258,2018년 10월 4일 11시,목요일,경상북도 울진군 매화면,경상사고,0,0,1,0,차대차 - 기타,안전운전불이행,건조,맑음,단일로 - 기타,화물,남,29세,경상,자전거,남,58세,상해없음
2018100400100259,2018년 10월 4일 11시,목요일,경상북도 구미시 공단동,경상사고,0,0,1,0,차대차 - 측면충돌,신호위반,건조,맑음,교차로 - 교차로안,화물,남,43세,상해없음,이륜,남,27세,경상
2018100400100289,2018년 10월 4일 12시,목요일,경상북도 경산시 정평동,중상사고,0,1,0,0,차대차 - 기타,안전운전불이행,건조,맑음,단일로 - 기타,승용,여,26세,상해없음,승용,남,27세,중상
2018100400100290,2018년 10월 4일 12시,목요일,경상북도 영덕군 영덕읍,중상사고,0,1,0,0,차대차 - 측면충돌,직진우회전진행방해,건조,맑음,교차로 - 교차로안,승용,남,75세,상해없음,승용,여,53세,중상
2018100400100291,2018년 10월 4일 12시,목요일,경상북도 울진군 기성면,중상사고,0,1,2,0,차대차 - 측면충돌,신호위반,건조,맑음,교차로 - 교차로안,화물,남,66세,경상,화물,남,46세,상해없음
2018100400100292,2018년 10월 4일 12시,목요일,경상북도 구미시 옥계동,중상사고,0,1,0,0,차대사람 - 횡단중,보행자보호의무위반,건조,맑음,교차로 - 교차로횡단보도내,승용,여,49세,상해없음,보행자,여,13세,중상
2018100400100367,2018년 10월 4일 14시,목요일,경상북도 구미시 지산동,부상신고사고,0,0,0,1,차대차 - 기타,안전운전불이행,건조,맑음,단일로 - 기타,이륜,남,44세,부상신고,승용,남,60세,상해없음
2018100400100398,2018년 10월 4일 15시,목요일,경상북도 경주시 현곡면,경상사고,0,0,1,0,차대사람 - 횡단중,신호위반,건조,맑음,교차로 - 교차로횡단보도내,승용,여,56세,상해없음,보행자,남,7세,경상
2018100400100399,2018년 10월 4일 15시,목요일,경상북도 경산시 하양읍,경상사고,0,0,1,0,차대차 - 추돌,안전운전불이행,건조,맑음,단일로 - 기타,승용,남,22세,상해없음,화물,남,38세,경상
2018100400100400,2018년 10월 4일 15시,목요일,경상북도 구미시 옥계동,중상사고,0,1,0,0,차대차 - 정면충돌,중앙선침범,건조,흐림,단일로 - 기타,승용,여,37세,상해없음,원동기,남,59세,중상
2018100400100401,2018년 10월 4일 15시,목요일,경상북도 포항시 남구 이동,경상사고,0,0,2,0,차대차 - 측면충돌,직진우회전진행방해,건조,맑음,교차로 - 교차로안,승용,여,54세,기타불명,승용,여,44세,경상
2018100400100466,2018년 10월 4일 17시,목요일,경상북도 경주시 성건동,중상사고,0,1,0,0,차대차 - 측면충돌,안전운전불이행,건조,맑음,교차로 - 교차로안,자전거,남,25세,중상,승용,남,74세,상해없음
2018100400100467,2018년 10월 4일 17시,목요일,경상북도 포항시 남구 구룡포읍,부상신고사고,0,0,0,1,차대차 - 기타,중앙선침범,건조,맑음,단일로 - 기타,화물,남,48세,상해없음,승합,남,63세,상해없음
2018100400100524,2018년 10월 4일 18시,목요일,경상북도 안동시 평화동,경상사고,0,0,1,0,차대차 - 측면충돌,신호위반,건조,맑음,교차로 - 교차로안,승용,남,66세,상해없음,승용,남,58세,경상
2018100400100525,2018년 10월 4일 18시,목요일,경상북도 안동시 안기동,경상사고,0,0,1,0,차대차 - 측면충돌,안전운전불이행,건조,맑음,단일로 - 기타,자전거,남,75세,경상,승용,여,45세,상해없음
2018100400100526,2018년 10월 4일 18시,목요일,경상북도 문경시 모전동,중상사고,0,2,0,0,차대차 - 추돌,안전운전불이행,건조,맑음,교차로 - 교차로부근,승용,남,27세,상해없음,승용,여,50세,중상
2018100400100527,2018년 10월 4일 18시,목요일,경상북도 구미시 고아읍,중상사고,0,1,0,1,차대차 - 추돌,안전운전불이행,건조,맑음,단일로 - 기타,승용,여,32세,부상신고,승용,남,53세,중상
2018100400100576,2018년 10월 4일 19시,목요일,경상북도 포항시 북구 남빈동,경상사고,0,0,2,0,차대차 - 기타,안전운전불이행,건조,맑음,단일로 - 기타,이륜,남,25세,경상,이륜,남,20세,경상
2018100400100623,2018년 10월 4일 20시,목요일,경상북도 포항시 북구 죽도동,경상사고,0,0,1,0,차대차 - 추돌,안전거리미확보,건조,맑음,단일로 - 기타,승용,남,60세,상해없음,승용,여,48세,경상
2018100400100624,2018년 10월 4일 20시,목요일,경상북도 경산시 조영동,경상사고,0,0,1,0,차대사람 - 기타,안전운전불이행,건조,맑음,단일로 - 기타,승용,남,61세,상해없음,보행자,여,39세,경상
2018100400100658,2018년 10월 4일 21시,목요일,경상북도 구미시 사곡동,부상신고사고,0,0,0,3,차대차 - 추돌,안전운전불이행,건조,맑음,단일로 - 기타,승용,여,49세,상해없음,승용,남,57세,부상신고
2018100400100659,2018년 10월 4일 21시,목요일,경상북도 포항시 남구 오천읍,경상사고,0,0,1,0,차대차 - 측면충돌,안전운전불이행,건조,맑음,교차로 - 교차로부근,승용,남,25세,상해없음,개인형이동수단(PM),남,38세,경상
2018100400100689,2018년 10월 4일 22시,목요일,경상북도 포항시 남구 오천읍,경상사고,0,0,1,0,차대사람 - 횡단중,신호위반,건조,맑음,교차로 - 교차로안,승용,남,65세,상해없음,보행자,여,64세,경상
2018100400100690,2018년 10월 4일 22시,목요일,경상북도 포항시 남구 송도동,부상신고사고,0,0,0,1,차대차 - 추돌,안전운전불이행,건조,맑음,교차로 - 교차로부근,승용,여,38세,상해없음,승용,여,46세,부상신고
2018100400100720,2018년 10월 4일 23시,목요일,경상북도 김천시 신음동,경상사고,0,0,1,0,차대차 - 측면충돌,신호위반,기타,맑음,교차로 - 교차로안,승용,남,36세,상해없음,화물,남,40세,경상
2018100400100721,2018년 10월 4일 23시,목요일,경상북도 영천시 청통면,경상사고,0,0,2,0,차대차 - 측면충돌,신호위반,젖음/습기,비,교차로 - 교차로안,승용,여,46세,상해없음,승용,남,37세,경상
2018100500100023,2018년 10월 5일 01시,금요일,경상북도 김천시 부곡동,경상사고,0,0,2,0,차대차 - 추돌,안전운전불이행,젖음/습기,비,교차로 - 교차로부근,화물,남,57세,상해없음,승용,남,62세,경상
2018100500100024,2018년 10월 5일 01시,금요일,경상북도 포항시 남구 지곡동,경상사고,0,0,1,0,차량단독 - 전도전복 - 전복,안전운전불이행,젖음/습기,흐림,단일로 - 기타,원동기,남,22세,경상,미분류,미분류,미분류,미분류
2018100500100047,2018년 10월 5일 03시,금요일,경상북도 영천시 임고면,사망사고,1,0,1,0,차대차 - 측면충돌,안전운전불이행,젖음/습기,비,단일로 - 기타,승용,남,65세,경상,승용,여,51세,사망
2018100500100080,2018년 10월 5일 06시,금요일,경상북도 포항시 남구 해도동,중상사고,0,1,0,0,차대차 - 기타,안전운전불이행,젖음/습기,비,단일로 - 기타,승용,여,43세,상해없음,자전거,남,71세,중상
2018100500100106,2018년 10월 5일 07시,금요일,경상북도 영주시 상망동,중상사고,0,1,0,0,차대차 - 측면충돌,중앙선침범,젖음/습기,비,단일로 - 기타,화물,남,31세,상해없음,승용,여,40세,중상
2018100500100138,2018년 10월 5일 08시,금요일,경상북도 경주시 성건동,경상사고,0,0,2,0,차대차 - 측면충돌,안전운전불이행,젖음/습기,비,단일로 - 기타,승합,남,41세,상해없음,승용,여,49세,경상
2018100500100139,2018년 10월 5일 08시,금요일,경상북도 상주시 거동동,사망사고,1,0,0,0,차량단독 - 도로외이탈 - 추락,안전운전불이행,젖음/습기,비,단일로 - 기타,승용,여,48세,사망,,,,
2018100500100140,2018년 10월 5일 08시,금요일,경상북도 경산시 진량읍,중상사고,0,1,0,0,차대차 - 추돌,안전운전불이행,젖음/습기,비,단일로 - 기타,이륜,남,58세,중상,승용,남,26세,상해없음
2018100500100141,2018년 10월 5일 08시,금요일,경상북도 고령군 운수면,중상사고,0,1,0,0,차량단독 - 공작물충돌,안전운전불이행,젖음/습기,비,단일로 - 기타,승용,남,53세,중상,,,,
2018100500100142,2018년 10월 5일 08시,금요일,경상북도 의성군 안평면,경상사고,0,0,1,0,차대차 - 추돌,안전운전불이행,젖음/습기,비,단일로 - 기타,승용,여,56세,상해없음,승용,남,51세,경상
2018100500100193,2018년 10월 5일 09시,금요일,경상북도 경주시 안강읍,경상사고,0,0,2,0,차대차 - 측면충돌,직진우회전진행방해,젖음/습기,비,교차로 - 교차로안,승용,남,77세,상해없음,승용,남,76세,경상
2018100500100194,2018년 10월 5일 09시,금요일,경상북도 예천군 예천읍,중상사고,0,2,0,0,차대차 - 측면충돌,안전운전불이행,젖음/습기,비,교차로 - 교차로안,화물,남,56세,상해없음,승용,남,79세,중상
2018100500100221,2018년 10월 5일 10시,금요일,경상북도 경산시 중방동,중상사고,0,1,0,0,차대차 - 측면충돌,신호위반,건조,맑음,교차로 - 교차로안,승합,남,56세,상해없음,승용,남,75세,중상
2018100500100222,2018년 10월 5일 10시,금요일,경상북도 구미시 산동면,중상사고,0,1,1,1,차대차 - 추돌,안전운전불이행,젖음/습기,비,교차로 - 교차로안,승용,여,59세,상해없음,승용,남,42세,중상
2018100500100253,2018년 10월 5일 11시,금요일,경상북도 상주시 내서면,중상사고,0,1,1,0,차대차 - 정면충돌,중앙선침범,젖음/습기,비,단일로 - 기타,승용,남,43세,상해없음,화물,남,74세,경상
2018100500100254,2018년 10월 5일 11시,금요일,경상북도 영천시 금호읍,경상사고,0,0,1,0,차량단독 - 공작물충돌,안전운전불이행,젖음/습기,비,단일로 - 기타,화물,남,43세,경상,,,,
2018100500100255,2018년 10월 5일 11시,금요일,경상북도 영천시 화남면,부상신고사고,0,0,0,2,차대차 - 추돌,안전거리미확보,젖음/습기,비,단일로 - 기타,화물,남,37세,상해없음,화물,남,82세,부상신고
2018100500100256,2018년 10월 5일 11시,금요일,경상북도 문경시 영신동,경상사고,0,0,3,0,차대차 - 측면충돌,교차로운행방법위반,젖음/습기,비,교차로 - 교차로안,승용,여,25세,경상,승용,남,71세,상해없음
2018100500100330,2018년 10월 5일 13시,금요일,경상북도 의성군 안평면,중상사고,0,1,0,0,차대차 - 측면충돌,안전운전불이행,젖음/습기,비,단일로 - 기타,승용,남,55세,상해없음,승용,남,36세,중상
2018100500100366,2018년 10월 5일 14시,금요일,경상북도 포항시 북구 죽도동,경상사고,0,0,1,0,차대사람 - 기타,안전운전불이행,젖음/습기,비,단일로 - 기타,승용,남,68세,상해없음,보행자,남,68세,경상
2018100500100367,2018년 10월 5일 14시,금요일,경상북도 영주시 단산면,중상사고,0,1,0,0,차대차 - 측면충돌,안전운전불이행,젖음/습기,비,교차로 - 교차로안,화물,남,58세,상해없음,승용,남,46세,중상
2018100500100368,2018년 10월 5일 14시,금요일,경상북도 영천시 금호읍,중상사고,0,1,0,0,차량단독 - 공작물충돌,안전운전불이행,젖음/습기,비,단일로 - 교량,화물,남,64세,중상,,,,
2018100500100369,2018년 10월 5일 14시,금요일,경상북도 경산시 중방동,경상사고,0,0,1,0,차대차 - 측면충돌,직진우회전진행방해,젖음/습기,비,교차로 - 교차로안,승용,남,71세,상해없음,이륜,남,59세,경상
2018100500100428,2018년 10월 5일 15시,금요일,경상북도 경산시 상방동,중상사고,0,1,0,0,차대사람 - 기타,기타,건조,맑음,교차로 - 교차로부근,화물,남,61세,상해없음,보행자,남,71세,중상
2018100500100461,2018년 10월 5일 16시,금요일,경상북도 경주시 서부동,경상사고,0,0,1,0,차대차 - 측면충돌,안전운전불이행,젖음/습기,비,교차로 - 교차로부근,화물,남,56세,상해없음,승용,여,50세,경상
2018100500100462,2018년 10월 5일 16시,금요일,경상북도 경주시 외동읍,경상사고,0,0,1,0,차대차 - 측면충돌,안전거리미확보,젖음/습기,흐림,단일로 - 기타,화물,남,55세,상해없음,화물,여,26세,경상
2018100500100463,2018년 10월 5일 16시,금요일,경상북도 김천시 어모면,중상사고,0,1,0,0,차대차 - 측면충돌,교차로운행방법위반,건조,맑음,교차로 - 교차로안,화물,남,54세,상해없음,승용,여,58세,중상
2018100500100464,2018년 10월 5일 16시,금요일,경상북도 봉화군 봉성면,경상사고,0,0,1,0,차량단독 - 기타,안전운전불이행,젖음/습기,비,단일로 - 기타,화물,남,47세,상해없음,,,,
2018100500100465,2018년 10월 5일 16시,금요일,경상북도 구미시 도량동,경상사고,0,0,3,0,차대차 - 추돌,안전운전불이행,젖음/습기,비,교차로 - 교차로부근,승용,여,37세,상해없음,승용,여,40세,경상
2018100500100466,2018년 10월 5일 16시,금요일,경상북도 포항시 남구 해도동,경상사고,0,0,1,0,차대사람 - 길가장자리구역통행중,안전운전불이행,건조,맑음,교차로 - 교차로부근,화물,남,53세,상해없음,보행자,여,25세,경상
2018100500100509,2018년 10월 5일 17시,금요일,경상북도 상주시 함창읍,경상사고,0,0,1,0,차대차 - 추돌,안전거리미확보,건조,흐림,교차로 - 교차로부근,승용,남,53세,상해없음,승용,여,44세,경상
2018100500100510,2018년 10월 5일 17시,금요일,경상북도 영천시 금호읍,경상사고,0,0,2,0,차대차 - 추돌,안전운전불이행,젖음/습기,비,교차로 - 교차로부근,화물,남,56세,상해없음,승용,여,59세,경상
2018100500100511,2018년 10월 5일 17시,금요일,경상북도 경산시 사동,경상사고,0,0,1,0,차대차 - 측면충돌,안전운전불이행,젖음/습기,비,교차로 - 교차로안,승용,남,61세,상해없음,승용,남,35세,경상
2018100500100512,2018년 10월 5일 17시,금요일,경상북도 구미시 부곡동,경상사고,0,0,1,0,차대차 - 추돌,안전운전불이행,젖음/습기,비,단일로 - 기타,승용,남,49세,상해없음,승용,여,45세,경상
2018100500100587,2018년 10월 5일 18시,금요일,경상북도 안동시 송현동,경상사고,0,0,2,0,차대차 - 측면충돌,안전운전불이행,건조,맑음,교차로 - 교차로안,화물,남,57세,상해없음,승용,남,41세,경상
2018100500100588,2018년 10월 5일 18시,금요일,경상북도 김천시 개령면,부상신고사고,0,0,0,1,차대사람 - 차도통행중,안전운전불이행,젖음/습기,비,단일로 - 기타,승용,여,49세,상해없음,보행자,여,55세,부상신고
2018100500100589,2018년 10월 5일 18시,금요일,경상북도 문경시 흥덕동,중상사고,0,1,0,0,차대사람 - 횡단중,안전운전불이행,젖음/습기,맑음,단일로 - 기타,이륜,남,36세,상해없음,보행자,여,89세,중상
2018100500100590,2018년 10월 5일 18시,금요일,경상북도 경산시 중방동,경상사고,0,0,1,0,차대사람 - 횡단중,보행자보호의무위반,젖음/습기,비,교차로 - 교차로부근,화물,여,40세,상해없음,보행자,여,30세,경상