사고번호,사고일시,요일,시군구,사고내용,사망자수,중상자수,경상자수,부상신고자수,사고유형,법규위반,노면상태,기상상태,도로형태,가해운전자 차종,가해운전자 성별,가해운전자 연령,가해운전자 상해정도,피해운전자 차종,피해운전자 성별,피해운전자 연령,피해운전자 상해정도
2018100500100591,2018년 10월 5일 18시,금요일,경상북도 포항시 남구 연일읍,경상사고,0,0,1,0,차대차 - 기타,안전운전불이행,젖음/습기,비,교차로 - 교차로부근,기타불명,기타불명,미분류,기타불명,승용,여,62세,경상
2018100500100592,2018년 10월 5일 18시,금요일,경상북도 포항시 남구 이동,경상사고,0,0,1,0,차대차 - 기타,안전거리미확보,젖음/습기,비,교차로 - 교차로부근,승용,여,19세,상해없음,승용,남,29세,경상
2018100500100667,2018년 10월 5일 19시,금요일,경상북도 경주시 용강동,중상사고,0,1,0,0,차대차 - 측면충돌,신호위반,젖음/습기,비,교차로 - 교차로안,승용,여,40세,상해없음,승용,남,43세,중상
2018100500100668,2018년 10월 5일 19시,금요일,경상북도 김천시 율곡동,경상사고,0,0,1,0,차대차 - 추돌,안전운전불이행,젖음/습기,비,단일로 - 기타,승용,남,63세,상해없음,승용,남,34세,경상
2018100500100669,2018년 10월 5일 19시,금요일,경상북도 칠곡군 석적읍,경상사고,0,0,1,0,차대차 - 측면충돌,교차로운행방법위반,젖음/습기,비,교차로 - 교차로안,승용,남,58세,상해없음,승용,남,42세,경상
2018100500100670,2018년 10월 5일 19시,금요일,경상북도 봉화군 봉성면,경상사고,0,0,1,0,차대차 - 기타,안전운전불이행,젖음/습기,비,단일로 - 기타,승합,남,44세,경상,승용,남,55세,상해없음
2018100500100671,2018년 10월 5일 19시,금요일,경상북도 구미시 인의동,경상사고,0,0,2,0,차대차 - 추돌,안전운전불이행,젖음/습기,비,교차로 - 교차로부근,승용,여,38세,상해없음,승용,여,42세,경상
2018100500100672,2018년 10월 5일 19시,금요일,경상북도 구미시 원평동,경상사고,0,0,1,0,차대차 - 기타,안전운전불이행,젖음/습기,비,교차로 - 교차로안,승용,남,48세,상해없음,승용,남,35세,경상
2018100500100733,2018년 10월 5일 20시,금요일,경상북도 경산시 진량읍,경상사고,0,0,1,0,차대사람 - 횡단중,안전운전불이행,젖음/습기,흐림,단일로 - 기타,승용,남,42세,상해없음,보행자,남,53세,경상
2018100500100734,2018년 10월 5일 20시,금요일,경상북도 예천군 예천읍,중상사고,0,1,2,0,차대차 - 추돌,안전운전불이행,젖음/습기,비,단일로 - 기타,승용,남,65세,중상,승용,남,45세,경상
2018100500100735,2018년 10월 5일 20시,금요일,경상북도 구미시 형곡동,중상사고,0,1,0,0,차대사람 - 횡단중,안전운전불이행,젖음/습기,비,교차로 - 교차로안,이륜,남,24세,상해없음,보행자,여,53세,중상
2018100500100736,2018년 10월 5일 20시,금요일,경상북도 포항시 남구 대잠동,경상사고,0,0,2,0,차대차 - 추돌,안전운전불이행,젖음/습기,비,교차로 - 교차로부근,승용,여,49세,상해없음,승용,여,59세,경상
2018100500100820,2018년 10월 5일 22시,금요일,경상북도 경산시 옥산동,경상사고,0,0,1,0,차대차 - 추돌,안전거리미확보,젖음/습기,비,교차로 - 교차로부근,승용,남,34세,상해없음,승용,여,26세,경상
2018100500100862,2018년 10월 5일 23시,금요일,경상북도 포항시 북구 학잠동,경상사고,0,0,1,0,차대차 - 측면충돌,안전운전불이행,젖음/습기,비,단일로 - 기타,승용,남,57세,상해없음,승용,남,48세,경상
2018100600100017,2018년 10월 6일 00시,토요일,경상북도 포항시 북구 죽도동,중상사고,0,1,3,0,차대차 - 추돌,안전운전불이행,젖음/습기,비,단일로 - 기타,승용,남,36세,상해없음,승용,남,49세,경상
2018100600100018,2018년 10월 6일 00시,토요일,경상북도 포항시 북구 장성동,경상사고,0,0,1,0,차대차 - 측면충돌,신호위반,젖음/습기,비,교차로 - 교차로부근,승용,여,54세,상해없음,승용,여,51세,경상
2018100600100059,2018년 10월 6일 01시,토요일,경상북도 구미시 봉곡동,경상사고,0,0,1,0,차대차 - 기타,안전거리미확보,젖음/습기,비,단일로 - 기타,승용,여,34세,상해없음,원동기,남,24세,경상
2018100600100121,2018년 10월 6일 03시,토요일,경상북도 경산시 옥산동,부상신고사고,0,0,0,1,차대사람 - 차도통행중,안전운전불이행,젖음/습기,비,교차로 - 교차로안,승용,남,25세,상해없음,보행자,남,24세,부상신고
2018100600100168,2018년 10월 6일 05시,토요일,경상북도 칠곡군 왜관읍,중상사고,0,1,0,0,차대차 - 측면충돌,신호위반,건조,맑음,교차로 - 교차로안,화물,남,30세,상해없음,승용,남,61세,중상
2018100600100192,2018년 10월 6일 07시,토요일,경상북도 경산시 대정동,중상사고,0,1,0,0,차대차 - 측면충돌,중앙선침범,젖음/습기,비,단일로 - 기타,화물,남,59세,기타불명,화물,남,51세,중상
2018100600100213,2018년 10월 6일 08시,토요일,경상북도 칠곡군 동명면,부상신고사고,0,0,0,1,차량단독 - 공작물충돌,안전운전불이행,젖음/습기,비,단일로 - 기타,승용,남,44세,부상신고,,,,
2018100600100231,2018년 10월 6일 09시,토요일,경상북도 경산시 중방동,경상사고,0,0,1,0,차대차 - 측면충돌,차로위반,젖음/습기,비,단일로 - 기타,건설기계,남,41세,상해없음,승용,여,68세,경상
2018100600100232,2018년 10월 6일 09시,토요일,경상북도 성주군 대가면,중상사고,0,1,0,0,차대차 - 기타,안전운전불이행,젖음/습기,비,단일로 - 기타,승용,남,48세,중상,특수,남,42세,상해없음
2018100600100267,2018년 10월 6일 10시,토요일,경상북도 안동시 옥동,경상사고,0,0,1,0,차량단독 - 공작물충돌,안전운전불이행,젖음/습기,비,단일로 - 기타,화물,남,47세,경상,,,,
2018100600100268,2018년 10월 6일 10시,토요일,경상북도 안동시 송현동,경상사고,0,0,1,0,차대차 - 측면충돌,교차로운행방법위반,건조,맑음,교차로 - 교차로안,승용,남,73세,상해없음,승용,남,43세,경상
2018100600100269,2018년 10월 6일 10시,토요일,경상북도 상주시 거동동,중상사고,0,1,1,0,차대차 - 측면충돌,안전운전불이행,젖음/습기,비,교차로 - 교차로안,화물,남,54세,중상,승용,남,45세,경상
2018100600100270,2018년 10월 6일 10시,토요일,경상북도 경산시 중방동,경상사고,0,0,1,0,차대차 - 측면충돌,안전운전불이행,건조,맑음,교차로 - 교차로안,승용,남,51세,상해없음,승용,남,46세,경상
2018100600100305,2018년 10월 6일 11시,토요일,경상북도 경주시 황성동,경상사고,0,0,3,0,차대차 - 추돌,안전운전불이행,젖음/습기,비,단일로 - 기타,승합,남,53세,상해없음,승용,여,55세,경상
2018100600100306,2018년 10월 6일 11시,토요일,경상북도 안동시 옥야동,경상사고,0,0,1,0,차대차 - 기타,안전거리미확보,젖음/습기,비,단일로 - 기타,화물,남,39세,상해없음,이륜,남,18세,경상
2018100600100307,2018년 10월 6일 11시,토요일,경상북도 상주시 화산동,경상사고,0,0,3,0,차대차 - 측면충돌,신호위반,건조,맑음,교차로 - 교차로안,승용,여,43세,경상,승용,여,54세,경상
2018100600100308,2018년 10월 6일 11시,토요일,경상북도 영주시 이산면,경상사고,0,0,1,0,차량단독 - 공작물충돌,안전운전불이행,젖음/습기,비,단일로 - 기타,승용,남,53세,경상,,,,
2018100600100330,2018년 10월 6일 12시,토요일,경상북도 안동시 평화동,부상신고사고,0,0,0,1,차대차 - 후진중충돌,안전운전불이행,젖음/습기,비,교차로 - 교차로부근,승용,남,73세,기타불명,이륜,남,30세,부상신고
2018100600100331,2018년 10월 6일 12시,토요일,경상북도 영덕군 강구면,중상사고,0,4,2,0,차대차 - 추돌,안전운전불이행,젖음/습기,비,교차로 - 교차로안,화물,남,62세,중상,승용,여,32세,중상
2018100600100332,2018년 10월 6일 12시,토요일,경상북도 예천군 보문면,중상사고,0,1,0,0,차대사람 - 기타,기타,건조,맑음,교차로 - 교차로부근,승용,남,64세,상해없음,보행자,여,58세,중상
2018100600100333,2018년 10월 6일 12시,토요일,경상북도 구미시 공단동,경상사고,0,0,1,0,차대차 - 추돌,안전운전불이행,젖음/습기,비,단일로 - 기타,화물,남,40세,상해없음,화물,남,34세,경상
2018100600100386,2018년 10월 6일 14시,토요일,경상북도 경주시 황성동,중상사고,0,1,1,0,차대차 - 추돌,안전운전불이행,건조,맑음,단일로 - 기타,승용,남,40세,상해없음,승용,여,55세,경상
2018100600100387,2018년 10월 6일 14시,토요일,경상북도 영천시 화남면,중상사고,0,1,1,0,차대차 - 정면충돌,중앙선침범,젖음/습기,비,단일로 - 기타,승용,여,57세,중상,승용,남,61세,경상
2018100600100388,2018년 10월 6일 14시,토요일,경상북도 영천시 임고면,중상사고,0,5,1,0,차대차 - 측면충돌,신호위반,건조,맑음,교차로 - 교차로안,승용,남,49세,중상,화물,남,55세,경상
2018100600100389,2018년 10월 6일 14시,토요일,경상북도 포항시 남구 구룡포읍,경상사고,0,0,1,0,차대차 - 기타,직진우회전진행방해,건조,맑음,단일로 - 기타,승용,남,48세,상해없음,화물,남,73세,경상
2018100600100390,2018년 10월 6일 14시,토요일,경상북도 칠곡군 지천면,중상사고,0,1,0,0,차대차 - 측면충돌,안전운전불이행,젖음/습기,비,단일로 - 기타,승용,남,34세,중상,화물,남,40세,상해없음
2018100600100420,2018년 10월 6일 15시,토요일,경상북도 경주시 성건동,경상사고,0,0,1,0,차대차 - 측면충돌,안전운전불이행,건조,맑음,교차로 - 교차로안,승용,여,48세,상해없음,자전거,여,81세,경상
2018100600100421,2018년 10월 6일 15시,토요일,경상북도 포항시 북구 죽도동,중상사고,0,1,1,0,차대차 - 측면충돌,안전운전불이행,건조,맑음,단일로 - 기타,이륜,남,49세,중상,승용,남,30세,상해없음
2018100600100422,2018년 10월 6일 15시,토요일,경상북도 칠곡군 가산면,경상사고,0,0,1,1,차대차 - 측면충돌,안전운전불이행,건조,맑음,단일로 - 기타,승용,남,69세,부상신고,승용,남,24세,경상
2018100600100423,2018년 10월 6일 15시,토요일,경상북도 구미시 산동면,부상신고사고,0,0,0,1,차량단독 - 전도전복 - 전도,안전운전불이행,젖음/습기,흐림,단일로 - 기타,원동기,남,63세,부상신고,미분류,미분류,미분류,미분류
2018100600100424,2018년 10월 6일 15시,토요일,경상북도 구미시 오태동,경상사고,0,0,1,0,차대차 - 기타,안전운전불이행,건조,맑음,단일로 - 기타,승용,남,36세,상해없음,이륜,남,76세,경상
2018100600100454,2018년 10월 6일 16시,토요일,경상북도 포항시 북구 흥해읍,경상사고,0,0,3,0,차대차 - 측면충돌,안전운전불이행,건조,맑음,교차로 - 교차로안,승용,남,66세,상해없음,승용,남,27세,경상
2018100600100455,2018년 10월 6일 16시,토요일,경상북도 예천군 예천읍,중상사고,0,1,0,0,차대사람 - 횡단중,안전운전불이행,건조,맑음,단일로 - 기타,승용,여,57세,상해없음,보행자,남,9세,중상
2018100600100456,2018년 10월 6일 16시,토요일,경상북도 포항시 남구 해도동,경상사고,0,0,1,0,차대차 - 측면충돌,안전운전불이행,건조,맑음,단일로 - 기타,승합,남,48세,상해없음,승합,남,55세,경상
2018100600100482,2018년 10월 6일 17시,토요일,경상북도 포항시 북구 청하면,중상사고,0,1,0,0,차대사람 - 길가장자리구역통행중,안전운전불이행,건조,맑음,단일로 - 기타,승용,남,29세,상해없음,보행자,여,76세,중상
2018100600100517,2018년 10월 6일 18시,토요일,경상북도 김천시 농소면,경상사고,0,0,3,0,차대차 - 측면충돌,차로위반,건조,기타,단일로 - 기타,승용,여,37세,상해없음,승용,여,37세,경상
2018100600100518,2018년 10월 6일 18시,토요일,경상북도 청송군 청송읍,중상사고,0,1,1,0,차대차 - 측면충돌,안전운전불이행,건조,맑음,단일로 - 기타,승용,남,76세,상해없음,승용,여,56세,경상
2018100600100554,2018년 10월 6일 19시,토요일,경상북도 포항시 남구 송내동,경상사고,0,0,2,0,차대차 - 기타,안전운전불이행,건조,맑음,교차로 - 교차로부근,승용,남,57세,경상,승용,남,28세,경상
2018100600100584,2018년 10월 6일 20시,토요일,경상북도 칠곡군 동명면,중상사고,0,1,0,0,차대차 - 측면충돌,안전운전불이행,건조,맑음,단일로 - 기타,기타불명,기타불명,미분류,기타불명,승용,남,51세,중상
2018100600100585,2018년 10월 6일 20시,토요일,경상북도 구미시 옥계동,부상신고사고,0,0,0,1,차대차 - 기타,교차로운행방법위반,건조,맑음,교차로 - 교차로안,승용,여,41세,상해없음,이륜,남,16세,부상신고
2018100600100614,2018년 10월 6일 21시,토요일,경상북도 경주시 외동읍,중상사고,0,3,0,0,차대차 - 측면충돌,신호위반,건조,맑음,교차로 - 교차로안,승용,여,52세,기타불명,승용,여,42세,중상
2018100600100615,2018년 10월 6일 21시,토요일,경상북도 경산시 백천동,경상사고,0,0,1,0,차대사람 - 기타,안전운전불이행,건조,맑음,단일로 - 기타,기타불명,기타불명,미분류,기타불명,보행자,여,49세,경상
2018100600100637,2018년 10월 6일 22시,토요일,경상북도 안동시 옥동,경상사고,0,0,1,0,차대차 - 추돌,안전운전불이행,건조,맑음,단일로 - 기타,승용,남,39세,상해없음,이륜,남,20세,경상
2018100600100653,2018년 10월 6일 23시,토요일,경상북도 경주시 성건동,경상사고,0,0,2,0,차대사람 - 길가장자리구역통행중,안전운전불이행,건조,맑음,교차로 - 교차로안,승용,남,27세,상해없음,보행자,여,7세,경상
2018100600100654,2018년 10월 6일 23시,토요일,경상북도 구미시 인의동,경상사고,0,0,3,0,차대차 - 기타,중앙선침범,건조,맑음,단일로 - 기타,승용,남,57세,상해없음,승용,여,37세,경상
2018100700100043,2018년 10월 7일 02시,일요일,경상북도 안동시 태화동,경상사고,0,0,2,0,차대차 - 정면충돌,신호위반,건조,맑음,교차로 - 교차로안,승용,여,51세,경상,화물,여,48세,경상
2018100700100044,2018년 10월 7일 02시,일요일,경상북도 경산시 압량면,경상사고,0,0,1,0,차대차 - 측면충돌,안전운전불이행,건조,맑음,단일로 - 기타,승용,남,38세,상해없음,승용,남,39세,경상
2018100700100045,2018년 10월 7일 02시,일요일,경상북도 구미시 오태동,중상사고,0,3,1,0,차량단독 - 공작물충돌,과속,건조,맑음,단일로 - 기타,승용,남,23세,경상,,,,
2018100700100046,2018년 10월 7일 02시,일요일,경상북도 포항시 남구 오천읍,중상사고,0,1,0,0,차대사람 - 기타,안전운전불이행,건조,맑음,단일로 - 기타,기타불명,기타불명,미분류,기타불명,보행자,남,50세,중상
2018100700100079,2018년 10월 7일 05시,일요일,경상북도 포항시 북구 죽도동,중상사고,0,1,0,0,차대사람 - 기타,안전운전불이행,건조,맑음,단일로 - 기타,승용,여,54세,상해없음,보행자,남,23세,중상
2018100700100095,2018년 10월 7일 06시,일요일,경상북도 안동시 태화동,경상사고,0,0,2,0,차대차 - 측면충돌,안전운전불이행,건조,맑음,교차로 - 교차로안,승용,남,51세,상해없음,화물,남,41세,경상
2018100700100096,2018년 10월 7일 06시,일요일,경상북도 김천시 아포읍,중상사고,0,1,1,0,차대사람 - 길가장자리구역통행중,안전운전불이행,건조,맑음,단일로 - 기타,승용,남,42세,상해없음,보행자,남,70세,경상
2018100700100111,2018년 10월 7일 07시,일요일,경상북도 안동시 길안면,경상사고,0,0,1,0,차대차 - 정면충돌,중앙선침범,젖음/습기,안개,단일로 - 기타,승용,여,56세,상해없음,승용,남,67세,경상
2018100700100112,2018년 10월 7일 07시,일요일,경상북도 칠곡군 약목면,중상사고,0,1,0,0,차대차 - 측면충돌,안전거리미확보,건조,맑음,교차로 - 교차로부근,승용,여,72세,중상,승합,남,44세,상해없음
2018100700100113,2018년 10월 7일 07시,일요일,경상북도 포항시 남구 대도동,경상사고,0,0,1,3,차대차 - 기타,안전운전불이행,건조,맑음,교차로 - 교차로부근,승용,남,36세,상해없음,승용,남,39세,경상
2018100700100148,2018년 10월 7일 09시,일요일,경상북도 상주시 무양동,중상사고,0,1,0,0,차대차 - 정면충돌,안전운전불이행,건조,맑음,단일로 - 기타,승용,여,56세,상해없음,이륜,남,76세,중상
2018100700100149,2018년 10월 7일 09시,일요일,경상북도 영천시 신령면,경상사고,0,0,1,0,차대차 - 측면충돌,교차로운행방법위반,건조,맑음,교차로 - 교차로안,이륜,남,76세,경상,화물,남,49세,상해없음
2018100700100173,2018년 10월 7일 10시,일요일,경상북도 포항시 북구 흥해읍,경상사고,0,0,1,0,차대차 - 측면충돌,교차로운행방법위반,건조,맑음,교차로 - 교차로안,승용,여,56세,기타불명,승용,남,52세,경상
2018100700100174,2018년 10월 7일 10시,일요일,경상북도 울릉군 울릉읍,경상사고,0,0,1,0,차대차 - 측면충돌,교차로운행방법위반,건조,맑음,교차로 - 교차로안,승용,남,45세,상해없음,화물,남,40세,상해없음
2018100700100202,2018년 10월 7일 11시,일요일,경상북도 의성군 안계면,중상사고,0,1,0,0,차대차 - 측면충돌,안전운전불이행,건조,맑음,단일로 - 기타,이륜,남,77세,중상,승용,남,54세,상해없음
2018100700100203,2018년 10월 7일 11시,일요일,경상북도 울진군 죽변면,경상사고,0,0,2,0,차대차 - 정면충돌,안전운전불이행,건조,맑음,교차로 - 교차로안,승용,여,52세,경상,승용,남,56세,경상
2018100700100204,2018년 10월 7일 11시,일요일,경상북도 청송군 주왕산면,중상사고,0,1,0,0,차대차 - 측면충돌,중앙선침범,건조,맑음,단일로 - 기타,승합,남,49세,상해없음,승용,남,66세,중상
2018100700100225,2018년 10월 7일 12시,일요일,경상북도 경주시 사정동,중상사고,0,1,0,0,차대차 - 측면충돌,안전운전불이행,건조,맑음,단일로 - 기타,승용,남,71세,상해없음,자전거,여,75세,중상
2018100700100226,2018년 10월 7일 12시,일요일,경상북도 경주시 보문동,중상사고,0,1,2,0,차대차 - 측면충돌,안전운전불이행,건조,맑음,교차로 - 교차로안,승용,남,26세,경상,승용,남,31세,중상
2018100700100227,2018년 10월 7일 12시,일요일,경상북도 영천시 완산동,경상사고,0,0,1,0,차대차 - 측면충돌,교차로운행방법위반,건조,맑음,교차로 - 교차로부근,승용,남,53세,상해없음,승용,여,63세,경상
2018100700100228,2018년 10월 7일 12시,일요일,경상북도 영천시 금노동,경상사고,0,0,1,0,차대차 - 후진중충돌,안전운전불이행,건조,맑음,주차장 - 주차장,승합,남,61세,상해없음,승용,남,38세,상해없음
2018100700100229,2018년 10월 7일 12시,일요일,경상북도 경산시 상방동,경상사고,0,0,1,0,차대사람 - 횡단중,보행자보호의무위반,건조,맑음,교차로 - 교차로안,승용,남,31세,상해없음,보행자,남,54세,경상
2018100700100230,2018년 10월 7일 12시,일요일,경상북도 청도군 화양읍,경상사고,0,0,1,0,차대차 - 측면충돌,안전운전불이행,건조,맑음,단일로 - 기타,승합,남,25세,상해없음,승용,남,32세,경상
2018100700100250,2018년 10월 7일 13시,일요일,경상북도 구미시 상모동,경상사고,0,0,1,0,차대차 - 측면충돌,직진우회전진행방해,건조,맑음,교차로 - 교차로안,승용,남,27세,상해없음,원동기,남,24세,경상
2018100700100281,2018년 10월 7일 14시,일요일,경상북도 경주시 북군동,중상사고,0,2,7,0,차대차 - 추돌,안전운전불이행,건조,맑음,단일로 - 기타,승용,여,51세,상해없음,승용,남,48세,경상
2018100700100282,2018년 10월 7일 14시,일요일,경상북도 김천시 대항면,경상사고,0,0,4,0,차대차 - 측면충돌,신호위반,건조,맑음,교차로 - 교차로안,승용,여,61세,경상,승용,여,41세,경상
2018100700100283,2018년 10월 7일 14시,일요일,경상북도 영주시 휴천동,경상사고,0,0,1,0,차대차 - 추돌,안전운전불이행,건조,맑음,단일로 - 기타,승용,남,63세,상해없음,승용,여,42세,경상
2018100700100284,2018년 10월 7일 14시,일요일,경상북도 포항시 남구 상도동,경상사고,0,0,2,0,차대차 - 측면충돌,직진우회전진행방해,건조,맑음,교차로 - 교차로안,승용,여,60세,경상,화물,남,51세,경상
2018100700100318,2018년 10월 7일 15시,일요일,경상북도 경주시 감포읍,중상사고,0,1,0,0,차대사람 - 횡단중,보행자보호의무위반,건조,맑음,단일로 - 기타,승용,남,78세,상해없음,보행자,여,27세,중상
2018100700100319,2018년 10월 7일 15시,일요일,경상북도 경주시 사정동,중상사고,0,1,0,0,차대차 - 측면충돌,안전운전불이행,건조,맑음,교차로 - 교차로안,승용,남,37세,상해없음,자전거,여,67세,중상
2018100700100320,2018년 10월 7일 15시,일요일,경상북도 상주시 낙양동,중상사고,0,1,0,0,차대사람 - 기타,중앙선침범,건조,맑음,단일로 - 기타,화물,남,53세,상해없음,보행자,여,60세,중상
2018100700100321,2018년 10월 7일 15시,일요일,경상북도 영천시 문외동,중상사고,0,1,0,0,차대차 - 측면충돌,중앙선침범,건조,맑음,단일로 - 기타,승용,남,59세,상해없음,이륜,남,19세,중상
2018100700100322,2018년 10월 7일 15시,일요일,경상북도 영천시 창구동,경상사고,0,0,2,0,차대차 - 측면충돌,신호위반,건조,맑음,교차로 - 교차로안,승용,남,63세,상해없음,승용,남,62세,경상
2018100700100362,2018년 10월 7일 16시,일요일,경상북도 경주시 산내면,중상사고,0,1,0,0,차대차 - 정면충돌,중앙선침범,건조,맑음,단일로 - 기타,승용,남,68세,상해없음,화물,남,59세,중상
2018100700100363,2018년 10월 7일 16시,일요일,경상북도 성주군 월항면,경상사고,0,0,1,0,차대차 - 측면충돌,안전운전불이행,건조,맑음,단일로 - 기타,이륜,여,62세,상해없음,이륜,남,78세,경상
2018100700100364,2018년 10월 7일 16시,일요일,경상북도 구미시 도량동,중상사고,0,2,0,0,차대차 - 기타,중앙선침범,건조,맑음,교차로 - 교차로부근,이륜,남,81세,중상,승용,남,27세,상해없음
2018100700100394,2018년 10월 7일 17시,일요일,경상북도 상주시 중덕동,중상사고,0,1,0,0,차대차 - 측면충돌,안전거리미확보,건조,맑음,교차로 - 교차로안,승용,남,52세,상해없음,승용,남,54세,중상
2018100700100395,2018년 10월 7일 17시,일요일,경상북도 영천시 문외동,경상사고,0,0,1,0,차대차 - 측면충돌,교차로운행방법위반,건조,맑음,교차로 - 교차로안,승용,여,59세,경상,승합,남,37세,상해없음
2018100700100396,2018년 10월 7일 17시,일요일,경상북도 고령군 쌍림면,중상사고,0,1,0,0,차대차 - 측면충돌,중앙선침범,건조,맑음,단일로 - 기타,승용,남,22세,상해없음,화물,남,78세,중상
2018100700100397,2018년 10월 7일 17시,일요일,경상북도 고령군 대가야읍,경상사고,0,0,1,0,차대차 - 측면충돌,안전운전불이행,건조,맑음,단일로 - 기타,이륜,여,49세,상해없음,이륜,남,66세,경상
2018100700100398,2018년 10월 7일 17시,일요일,경상북도 구미시 공단동,중상사고,0,3,1,0,차대차 - 측면충돌,안전운전불이행,건조,맑음,교차로 - 교차로안,승용,남,35세,중상,승용,남,41세,중상
2018100700100481,2018년 10월 7일 19시,일요일,경상북도 경주시 사정동,경상사고,0,0,1,1,차대차 - 측면충돌,안전운전불이행,건조,맑음,교차로 - 교차로부근,승용,여,57세,부상신고,승용,남,53세,경상
2018100700100482,2018년 10월 7일 19시,일요일,경상북도 포항시 남구 오천읍,경상사고,0,0,1,0,차대차 - 추돌,안전운전불이행,건조,맑음,교차로 - 교차로부근,승용,남,78세,상해없음,승용,남,26세,경상
2018100700100537,2018년 10월 7일 21시,일요일,경상북도 경산시 진량읍,경상사고,0,0,1,0,차대사람 - 보도통행중,기타,건조,맑음,기타 - 기타,승용,남,58세,상해없음,보행자,여,46세,경상
2018100700100560,2018년 10월 7일 22시,일요일,경상북도 안동시 용상동,경상사고,0,0,4,0,차대차 - 추돌,안전운전불이행,건조,맑음,교차로 - 교차로부근,승용,남,48세,경상,승용,남,45세,경상
2018100700100561,2018년 10월 7일 22시,일요일,경상북도 영덕군 강구면,경상사고,0,0,4,0,차대차 - 측면충돌,신호위반,건조,맑음,교차로 - 교차로안,승용,남,61세,상해없음,승용,여,26세,경상
2018100700100562,2018년 10월 7일 22시,일요일,경상북도 포항시 남구 대도동,사망사고,1,0,0,0,차대사람 - 횡단중,안전운전불이행,건조,맑음,단일로 - 기타,승용,남,62세,상해없음,보행자,남,61세,사망
2018100800100022,2018년 10월 8일 02시,월요일,경상북도 포항시 남구 해도동,중상사고,0,1,0,0,차대사람 - 횡단중,신호위반,건조,맑음,교차로 - 교차로횡단보도내,승용,여,59세,상해없음,보행자,여,54세,중상
2018100800100042,2018년 10월 8일 05시,월요일,경상북도 영주시 영주동,부상신고사고,0,0,0,1,차대차 - 기타,안전운전불이행,건조,맑음,단일로 - 기타,승용,남,43세,상해없음,자전거,남,74세,부상신고
2018100800100051,2018년 10월 8일 06시,월요일,경상북도 영주시 가흥동,중상사고,0,1,0,0,차대차 - 측면충돌,신호위반,건조,맑음,교차로 - 교차로안,승용,남,46세,상해없음,이륜,남,46세,중상
2018100800100069,2018년 10월 8일 07시,월요일,경상북도 고령군 다산면,경상사고,0,0,1,0,차대차 - 측면충돌,교차로운행방법위반,건조,맑음,교차로 - 교차로안,승용,남,61세,상해없음,승용,남,51세,경상
2018100800100098,2018년 10월 8일 08시,월요일,경상북도 경주시 구황동,중상사고,0,1,0,0,차대차 - 측면충돌,안전거리미확보,건조,맑음,단일로 - 기타,승용,남,63세,상해없음,승용,남,69세,중상
2018100800100099,2018년 10월 8일 08시,월요일,경상북도 경주시 보문동,중상사고,0,1,0,0,차대차 - 측면충돌,안전운전불이행,건조,맑음,교차로 - 교차로안,승용,남,38세,상해없음,승용,남,50세,중상
2018100800100100,2018년 10월 8일 08시,월요일,경상북도 포항시 북구 동빈2가,경상사고,0,0,1,0,차대차 - 측면충돌,신호위반,건조,맑음,교차로 - 교차로안,화물,남,68세,상해없음,화물,남,50세,경상
2018100800100101,2018년 10월 8일 08시,월요일,경상북도 김천시 덕곡동,경상사고,0,0,1,0,차대차 - 측면충돌,안전운전불이행,건조,맑음,교차로 - 교차로안,승용,여,63세,상해없음,승용,여,41세,경상
2018100800100102,2018년 10월 8일 08시,월요일,경상북도 포항시 남구 효자동,경상사고,0,0,1,0,차대차 - 기타,안전거리미확보,건조,맑음,단일로 - 기타,승용,남,72세,상해없음,승용,여,28세,경상
2018100800100141,2018년 10월 8일 09시,월요일,경상북도 포항시 남구 오천읍,부상신고사고,0,0,0,1,차대차 - 측면충돌,안전운전불이행,건조,맑음,단일로 - 기타,화물,남,58세,상해없음,이륜,남,17세,부상신고
2018100800100186,2018년 10월 8일 10시,월요일,경상북도 포항시 북구 죽도동,경상사고,0,0,1,0,차대차 - 측면충돌,안전운전불이행,건조,맑음,교차로 - 교차로안,승용,남,33세,상해없음,자전거,여,58세,경상
2018100800100187,2018년 10월 8일 10시,월요일,경상북도 안동시 용상동,경상사고,0,0,1,0,차대차 - 추돌,안전운전불이행,건조,맑음,단일로 - 기타,승용,여,38세,상해없음,화물,남,38세,경상
2018100800100188,2018년 10월 8일 10시,월요일,경상북도 상주시 화서면,사망사고,1,0,0,0,차대사람 - 횡단중,안전운전불이행,건조,맑음,단일로 - 기타,승용,남,70세,상해없음,보행자,여,77세,사망
2018100800100189,2018년 10월 8일 10시,월요일,경상북도 성주군 성주읍,중상사고,0,1,1,0,차량단독 - 전도전복 - 전도,안전운전불이행,건조,맑음,단일로 - 기타,이륜,남,80세,경상,미분류,미분류,미분류,미분류
2018100800100190,2018년 10월 8일 10시,월요일,경상북도 고령군 대가야읍,중상사고,0,1,0,0,차대사람 - 길가장자리구역통행중,안전운전불이행,건조,맑음,단일로 - 기타,건설기계,남,45세,상해없음,보행자,여,82세,중상
2018100800100227,2018년 10월 8일 11시,월요일,경상북도 포항시 북구 죽도동,경상사고,0,0,1,0,차대차 - 정면충돌,신호위반,건조,맑음,교차로 - 교차로안,승용,남,67세,상해없음,승용,여,58세,경상