사고번호,사고일시,요일,시군구,사고내용,사망자수,중상자수,경상자수,부상신고자수,사고유형,법규위반,노면상태,기상상태,도로형태,가해운전자 차종,가해운전자 성별,가해운전자 연령,가해운전자 상해정도,피해운전자 차종,피해운전자 성별,피해운전자 연령,피해운전자 상해정도
2018100800100228,2018년 10월 8일 11시,월요일,경상북도 포항시 북구 죽도동,경상사고,0,0,1,0,차대차 - 측면충돌,신호위반,건조,맑음,교차로 - 교차로안,자전거,남,81세,경상,승용,여,41세,상해없음
2018100800100229,2018년 10월 8일 11시,월요일,경상북도 김천시 감호동,중상사고,0,1,0,0,차대사람 - 횡단중,신호위반,건조,맑음,교차로 - 교차로횡단보도내,승용,남,63세,상해없음,보행자,남,7세,중상
2018100800100230,2018년 10월 8일 11시,월요일,경상북도 칠곡군 왜관읍,경상사고,0,0,1,0,차대차 - 측면충돌,안전운전불이행,건조,맑음,단일로 - 기타,이륜,남,76세,경상,화물,남,51세,상해없음
2018100800100257,2018년 10월 8일 12시,월요일,경상북도 경주시 구정동,중상사고,0,1,1,1,차대차 - 측면충돌,안전운전불이행,건조,맑음,단일로 - 기타,승용,남,85세,부상신고,화물,남,65세,기타불명
2018100800100258,2018년 10월 8일 12시,월요일,경상북도 문경시 흥덕동,경상사고,0,0,2,0,차대차 - 측면충돌,직진우회전진행방해,건조,맑음,교차로 - 교차로안,승용,남,38세,상해없음,승용,남,75세,상해없음
2018100800100259,2018년 10월 8일 12시,월요일,경상북도 포항시 남구 구룡포읍,중상사고,0,1,0,0,차대차 - 기타,안전운전불이행,건조,맑음,단일로 - 기타,승용,남,58세,상해없음,이륜,여,34세,중상
2018100800100294,2018년 10월 8일 13시,월요일,경상북도 경주시 황남동,경상사고,0,0,1,0,차대사람 - 길가장자리구역통행중,안전운전불이행,건조,맑음,단일로 - 기타,승용,남,31세,상해없음,보행자,남,33세,경상
2018100800100295,2018년 10월 8일 13시,월요일,경상북도 칠곡군 북삼읍,중상사고,0,1,1,0,차대차 - 측면충돌,교차로운행방법위반,건조,맑음,교차로 - 교차로안,이륜,남,17세,중상,승용,여,61세,경상
2018100800100296,2018년 10월 8일 13시,월요일,경상북도 문경시 산북면,중상사고,0,1,0,0,차대차 - 기타,안전운전불이행,건조,맑음,단일로 - 기타,화물,남,65세,상해없음,이륜,남,65세,중상
2018100800100297,2018년 10월 8일 13시,월요일,경상북도 영덕군 영덕읍,중상사고,0,1,0,0,차대사람 - 횡단중,안전운전불이행,건조,맑음,교차로 - 교차로안,승용,남,70세,상해없음,보행자,여,76세,중상
2018100800100329,2018년 10월 8일 14시,월요일,경상북도 포항시 북구 항구동,경상사고,0,0,1,0,차대차 - 추돌,안전운전불이행,건조,맑음,단일로 - 기타,승용,남,56세,상해없음,승용,남,34세,경상
2018100800100330,2018년 10월 8일 14시,월요일,경상북도 영천시 신령면,경상사고,0,0,2,0,차대차 - 측면충돌,안전운전불이행,건조,맑음,단일로 - 기타,화물,남,37세,상해없음,화물,남,70세,경상
2018100800100331,2018년 10월 8일 14시,월요일,경상북도 영천시 창구동,부상신고사고,0,0,0,1,차대차 - 측면충돌,안전운전불이행,건조,맑음,단일로 - 기타,기타불명,기타불명,미분류,기타불명,자전거,남,55세,부상신고
2018100800100370,2018년 10월 8일 15시,월요일,경상북도 포항시 북구 대흥동,중상사고,0,1,0,0,차대사람 - 횡단중,안전운전불이행,건조,맑음,교차로 - 교차로안,승용,남,37세,상해없음,보행자,여,78세,중상
2018100800100371,2018년 10월 8일 15시,월요일,경상북도 포항시 남구 오천읍,경상사고,0,0,1,0,차대차 - 측면충돌,직진우회전진행방해,건조,맑음,교차로 - 교차로안,승용,남,55세,상해없음,승용,남,37세,경상
2018100800100372,2018년 10월 8일 15시,월요일,경상북도 포항시 남구 오천읍,경상사고,0,0,3,0,차대차 - 추돌,안전운전불이행,건조,맑음,교차로 - 교차로부근,화물,남,61세,경상,승용,여,47세,경상
2018100800100416,2018년 10월 8일 16시,월요일,경상북도 구미시 상모동,경상사고,0,0,1,0,차대차 - 기타,안전운전불이행,건조,맑음,단일로 - 기타,화물,여,65세,상해없음,화물,남,57세,경상
2018100800100459,2018년 10월 8일 17시,월요일,경상북도 경주시 안강읍,중상사고,0,1,0,0,차대사람 - 기타,기타,건조,맑음,교차로 - 교차로부근,승용,남,74세,상해없음,보행자,여,83세,중상
2018100800100510,2018년 10월 8일 18시,월요일,경상북도 영주시 영주동,중상사고,0,1,0,0,차대차 - 측면충돌,안전운전불이행,건조,맑음,단일로 - 기타,승용,남,48세,상해없음,자전거,남,79세,중상
2018100800100511,2018년 10월 8일 18시,월요일,경상북도 포항시 남구 청림동,경상사고,0,0,1,0,차대차 - 측면충돌,안전운전불이행,건조,맑음,교차로 - 교차로안,승용,남,29세,상해없음,승용,여,56세,경상
2018100800100512,2018년 10월 8일 18시,월요일,경상북도 포항시 남구 이동,경상사고,0,0,3,0,차대차 - 기타,안전운전불이행,건조,맑음,단일로 - 기타,승용,남,54세,상해없음,승용,남,26세,경상
2018100800100550,2018년 10월 8일 19시,월요일,경상북도 상주시 화동면,부상신고사고,0,0,0,1,차량단독 - 전도전복 - 전도,안전운전불이행,건조,맑음,교차로 - 교차로안,농기계,남,52세,부상신고,미분류,미분류,미분류,미분류
2018100800100551,2018년 10월 8일 19시,월요일,경상북도 영천시 북안면,중상사고,0,1,0,0,차대차 - 측면충돌,안전운전불이행,건조,맑음,단일로 - 교량,승용,남,54세,중상,승용,남,52세,상해없음
2018100800100581,2018년 10월 8일 20시,월요일,경상북도 칠곡군 석적읍,중상사고,0,1,0,0,차대사람 - 횡단중,보행자보호의무위반,건조,맑음,교차로 - 교차로횡단보도내,승용,남,37세,상해없음,보행자,여,18세,중상
2018100800100611,2018년 10월 8일 21시,월요일,경상북도 구미시 고아읍,경상사고,0,0,1,0,차대사람 - 기타,보행자보호의무위반,건조,맑음,교차로 - 교차로횡단보도내,승용,여,39세,상해없음,보행자,남,46세,경상
2018100800100633,2018년 10월 8일 22시,월요일,경상북도 구미시 인의동,경상사고,0,0,1,0,차대사람 - 보도통행중,안전운전불이행,건조,맑음,단일로 - 기타,기타불명,기타불명,미분류,기타불명,보행자,남,23세,경상
2018100800100668,2018년 10월 8일 23시,월요일,경상북도 경주시 황오동,경상사고,0,0,2,0,차대차 - 측면충돌,직진우회전진행방해,건조,맑음,교차로 - 교차로안,승용,남,67세,상해없음,승용,남,50세,경상
2018100800100669,2018년 10월 8일 23시,월요일,경상북도 구미시 옥계동,사망사고,1,0,0,0,차대사람 - 횡단중,과속,건조,맑음,단일로 - 기타,승용,남,42세,상해없음,보행자,남,75세,사망
2018100900100067,2018년 10월 9일 04시,화요일,경상북도 문경시 모전동,사망사고,1,0,0,0,차대차 - 추돌,안전운전불이행,건조,맑음,단일로 - 기타,승용,남,40세,사망,화물,남,48세,기타불명
2018100900100082,2018년 10월 9일 05시,화요일,경상북도 포항시 북구 기계면,사망사고,1,0,0,0,차대차 - 추돌,안전운전불이행,건조,맑음,단일로 - 기타,화물,남,62세,상해없음,농기계,남,75세,사망
2018100900100083,2018년 10월 9일 05시,화요일,경상북도 김천시 양천동,경상사고,0,0,2,0,차대차 - 측면충돌,교차로운행방법위반,건조,맑음,교차로 - 교차로안,화물,남,64세,상해없음,화물,남,58세,경상
2018100900100084,2018년 10월 9일 05시,화요일,경상북도 경산시 계양동,경상사고,0,0,1,0,차대차 - 정면충돌,신호위반,건조,맑음,교차로 - 교차로안,승용,남,24세,상해없음,승용,여,27세,경상
2018100900100103,2018년 10월 9일 06시,화요일,경상북도 포항시 남구 동촌동,중상사고,0,1,0,0,차대차 - 추돌,안전운전불이행,건조,맑음,교차로 - 교차로부근,이륜,남,62세,중상,기타불명,기타불명,미분류,기타불명
2018100900100115,2018년 10월 9일 07시,화요일,경상북도 포항시 북구 학산동,경상사고,0,0,2,0,차대차 - 측면충돌,안전운전불이행,건조,맑음,교차로 - 교차로안,이륜,여,52세,경상,승용,남,33세,경상
2018100900100146,2018년 10월 9일 09시,화요일,경상북도 경산시 중방동,경상사고,0,0,1,0,차대차 - 기타,교차로운행방법위반,건조,맑음,교차로 - 교차로안,화물,남,48세,상해없음,이륜,남,63세,경상
2018100900100167,2018년 10월 9일 10시,화요일,경상북도 포항시 남구 대도동,경상사고,0,0,1,0,차대차 - 기타,안전운전불이행,건조,맑음,단일로 - 기타,이륜,여,50세,경상,승용,남,36세,상해없음
2018100900100168,2018년 10월 9일 10시,화요일,경상북도 포항시 남구 구룡포읍,중상사고,0,1,0,0,차대차 - 측면충돌,직진우회전진행방해,건조,맑음,교차로 - 교차로안,승용,남,65세,상해없음,승용,남,52세,중상
2018100900100193,2018년 10월 9일 11시,화요일,경상북도 경주시 강동면,중상사고,0,2,0,0,차대차 - 추돌,안전거리미확보,건조,맑음,단일로 - 기타,이륜,남,82세,중상,화물,남,50세,상해없음
2018100900100194,2018년 10월 9일 11시,화요일,경상북도 청도군 청도읍,중상사고,0,1,0,0,차대차 - 측면충돌,안전운전불이행,건조,맑음,기타 - 기타,화물,남,61세,상해없음,이륜,남,72세,중상
2018100900100339,2018년 10월 9일 17시,화요일,경상북도 안동시 운흥동,경상사고,0,0,1,0,차대차 - 측면충돌,안전운전불이행,건조,맑음,교차로 - 교차로안,승용,남,45세,상해없음,이륜,남,74세,경상
2018100900100340,2018년 10월 9일 17시,화요일,경상북도 칠곡군 왜관읍,중상사고,0,2,0,0,차대차 - 측면충돌,안전거리미확보,건조,맑음,교차로 - 교차로부근,이륜,남,86세,중상,승용,여,63세,상해없음
2018100900100341,2018년 10월 9일 17시,화요일,경상북도 청송군 진보면,중상사고,0,1,0,0,차대차 - 추돌,안전운전불이행,건조,맑음,단일로 - 기타,화물,남,70세,상해없음,농기계,남,58세,중상
2018100900100342,2018년 10월 9일 17시,화요일,경상북도 구미시 도량동,경상사고,0,0,1,0,차대차 - 측면충돌,신호위반,건조,흐림,교차로 - 교차로부근,이륜,남,54세,경상,승용,남,29세,상해없음
2018100900100382,2018년 10월 9일 18시,화요일,경상북도 경주시 안강읍,중상사고,0,1,0,0,차대차 - 측면충돌,안전운전불이행,건조,맑음,교차로 - 교차로부근,화물,남,72세,상해없음,자전거,남,58세,중상
2018100900100383,2018년 10월 9일 18시,화요일,경상북도 경주시 충효동,중상사고,0,1,0,0,차량단독 - 전도전복 - 전도,안전운전불이행,건조,맑음,단일로 - 기타,이륜,남,46세,중상,미분류,미분류,미분류,미분류
2018100900100384,2018년 10월 9일 18시,화요일,경상북도 포항시 북구 청하면,중상사고,0,1,0,0,차대차 - 기타,안전운전불이행,건조,맑음,단일로 - 기타,승용,남,56세,상해없음,자전거,남,66세,중상
2018100900100386,2018년 10월 9일 18시,화요일,경상북도 영천시 오미동,경상사고,0,0,1,0,차대사람 - 차도통행중,안전운전불이행,건조,맑음,단일로 - 기타,승용,여,30세,상해없음,보행자,여,58세,경상
2018100900100387,2018년 10월 9일 18시,화요일,경상북도 구미시 고아읍,중상사고,0,1,0,0,차대차 - 정면충돌,중앙선침범,건조,맑음,단일로 - 기타,승용,남,50세,상해없음,승용,남,25세,중상
2018100900100388,2018년 10월 9일 18시,화요일,경상북도 구미시 고아읍,중상사고,0,1,0,0,차대차 - 기타,신호위반,건조,맑음,교차로 - 교차로안,화물,남,58세,상해없음,이륜,남,65세,중상
2018100900100420,2018년 10월 9일 19시,화요일,경상북도 안동시 태화동,중상사고,0,1,0,0,차대차 - 측면충돌,직진우회전진행방해,건조,맑음,교차로 - 교차로안,승용,여,52세,상해없음,이륜,남,31세,중상
2018100900100421,2018년 10월 9일 19시,화요일,경상북도 구미시 봉곡동,경상사고,0,0,2,0,차대차 - 기타,안전운전불이행,건조,맑음,단일로 - 기타,화물,남,56세,상해없음,승용,남,46세,경상
2018100900100456,2018년 10월 9일 20시,화요일,경상북도 포항시 북구 두호동,경상사고,0,0,1,0,차대차 - 측면충돌,중앙선침범,건조,맑음,단일로 - 기타,승용,남,75세,상해없음,이륜,남,17세,경상
2018100900100457,2018년 10월 9일 20시,화요일,경상북도 안동시 삼산동,경상사고,0,0,2,0,차대차 - 측면충돌,중앙선침범,건조,맑음,단일로 - 기타,승용,남,54세,상해없음,승용,남,20세,경상
2018100900100458,2018년 10월 9일 20시,화요일,경상북도 영주시 가흥동,경상사고,0,0,1,0,차대차 - 측면충돌,안전운전불이행,건조,맑음,교차로 - 교차로부근,승용,남,58세,상해없음,승용,남,46세,경상
2018100900100459,2018년 10월 9일 20시,화요일,경상북도 영덕군 강구면,중상사고,0,1,0,1,차대차 - 측면충돌,교차로운행방법위반,건조,맑음,교차로 - 교차로안,승용,여,55세,부상신고,승용,여,51세,중상
2018100900100478,2018년 10월 9일 21시,화요일,경상북도 김천시 개령면,사망사고,1,0,0,0,차대사람 - 차도통행중,안전거리미확보,건조,맑음,단일로 - 기타,승용,남,57세,상해없음,보행자,남,51세,사망
2018100900100494,2018년 10월 9일 22시,화요일,경상북도 영덕군 영해면,중상사고,0,1,0,0,차대차 - 추돌,안전운전불이행,건조,맑음,단일로 - 기타,이륜,남,60세,중상,승용,여,63세,기타불명
2018100900100505,2018년 10월 9일 23시,화요일,경상북도 상주시 신봉동,경상사고,0,0,1,0,차대차 - 추돌,안전운전불이행,건조,맑음,단일로 - 기타,승용,남,51세,경상,화물,남,50세,상해없음
2018101000100016,2018년 10월 10일 01시,수요일,경상북도 고령군 대가야읍,경상사고,0,0,1,0,차대차 - 추돌,안전운전불이행,건조,맑음,단일로 - 기타,승용,남,59세,경상,화물,남,58세,기타불명
2018101000100023,2018년 10월 10일 02시,수요일,경상북도 경산시 계양동,경상사고,0,0,2,0,차대차 - 측면충돌,중앙선침범,건조,맑음,교차로 - 교차로부근,승용,남,24세,상해없음,승용,남,42세,경상
2018101000100097,2018년 10월 10일 08시,수요일,경상북도 경주시 내남면,중상사고,0,2,0,0,차대차 - 측면충돌,안전운전불이행,건조,맑음,단일로 - 지하차도(도로)내,건설기계,남,43세,상해없음,승용,남,31세,중상
2018101000100098,2018년 10월 10일 08시,수요일,경상북도 영주시 영주동,경상사고,0,0,1,0,차대차 - 측면충돌,교차로운행방법위반,건조,맑음,교차로 - 교차로안,승용,남,47세,상해없음,자전거,남,14세,경상
2018101000100099,2018년 10월 10일 08시,수요일,경상북도 구미시 진평동,경상사고,0,0,2,0,차대차 - 측면충돌,안전운전불이행,건조,맑음,교차로 - 교차로안,승합,여,61세,경상,승용,남,62세,경상
2018101000100127,2018년 10월 10일 09시,수요일,경상북도 상주시 함창읍,중상사고,0,1,0,0,차대차 - 측면충돌,교차로운행방법위반,건조,맑음,교차로 - 교차로안,승용,남,56세,상해없음,이륜,남,82세,중상
2018101000100153,2018년 10월 10일 10시,수요일,경상북도 청도군 풍각면,경상사고,0,0,1,0,차대차 - 측면충돌,중앙선침범,건조,맑음,교차로 - 교차로부근,건설기계,남,52세,상해없음,승용,여,49세,경상
2018101000100184,2018년 10월 10일 11시,수요일,경상북도 경주시 암곡동,경상사고,0,0,1,0,차대차 - 측면충돌,안전운전불이행,건조,맑음,단일로 - 기타,화물,남,56세,상해없음,자전거,남,74세,경상
2018101000100185,2018년 10월 10일 11시,수요일,경상북도 포항시 북구 청하면,중상사고,0,1,0,0,차대차 - 측면충돌,안전운전불이행,건조,맑음,교차로 - 교차로안,승용,여,55세,상해없음,이륜,남,52세,중상
2018101000100186,2018년 10월 10일 11시,수요일,경상북도 의성군 안계면,중상사고,0,1,0,0,차대차 - 측면충돌,안전운전불이행,건조,맑음,단일로 - 기타,승용,여,57세,상해없음,사륜오토바이(ATV),여,68세,중상
2018101000100187,2018년 10월 10일 11시,수요일,경상북도 문경시 가은읍,경상사고,0,0,2,0,차대차 - 측면충돌,직진우회전진행방해,건조,맑음,교차로 - 교차로안,승용,남,65세,경상,화물,남,29세,상해없음
2018101000100188,2018년 10월 10일 11시,수요일,경상북도 구미시 형곡동,경상사고,0,0,1,0,차대차 - 기타,안전거리미확보,건조,맑음,단일로 - 기타,승용,여,23세,상해없음,승용,남,58세,상해없음
2018101000100220,2018년 10월 10일 12시,수요일,경상북도 포항시 북구 죽도동,중상사고,0,1,2,0,차대사람 - 횡단중,보행자보호의무위반,건조,맑음,단일로 - 기타,승용,남,60세,상해없음,보행자,남,79세,중상
2018101000100246,2018년 10월 10일 13시,수요일,경상북도 포항시 북구 대흥동,사망사고,1,0,0,0,차대사람 - 횡단중,안전운전불이행,건조,맑음,단일로 - 기타,원동기,남,23세,상해없음,보행자,여,81세,사망
2018101000100247,2018년 10월 10일 13시,수요일,경상북도 안동시 법흥동,사망사고,1,0,0,0,차대사람 - 차도통행중,안전운전불이행,건조,맑음,교차로 - 교차로안,승용,남,42세,상해없음,보행자,여,75세,사망
2018101000100248,2018년 10월 10일 13시,수요일,경상북도 경산시 정평동,경상사고,0,0,1,0,차대사람 - 횡단중,신호위반,건조,맑음,교차로 - 교차로횡단보도내,이륜,남,22세,상해없음,보행자,남,8세,경상
2018101000100249,2018년 10월 10일 13시,수요일,경상북도 봉화군 봉화읍,중상사고,0,1,0,0,차대사람 - 횡단중,보행자보호의무위반,건조,맑음,교차로 - 교차로횡단보도내,승용,여,53세,상해없음,보행자,여,17세,중상
2018101000100250,2018년 10월 10일 13시,수요일,경상북도 포항시 남구 송내동,중상사고,0,2,0,0,차대차 - 측면충돌,안전운전불이행,건조,맑음,교차로 - 교차로부근,이륜,남,69세,중상,승용,남,58세,상해없음
2018101000100251,2018년 10월 10일 13시,수요일,경상북도 포항시 남구 오천읍,경상사고,0,0,1,0,차대사람 - 기타,안전운전불이행,건조,맑음,단일로 - 기타,승용,여,36세,상해없음,보행자,여,47세,경상
2018101000100274,2018년 10월 10일 14시,수요일,경상북도 경주시 외동읍,중상사고,0,1,0,0,차대사람 - 횡단중,안전운전불이행,건조,맑음,교차로 - 교차로부근,승용,여,60세,상해없음,보행자,여,83세,중상
2018101000100275,2018년 10월 10일 14시,수요일,경상북도 안동시 옥동,중상사고,0,1,0,0,차대차 - 측면충돌,안전운전불이행,건조,맑음,교차로 - 교차로안,승용,남,61세,상해없음,승용,남,39세,중상
2018101000100276,2018년 10월 10일 14시,수요일,경상북도 김천시 성내동,경상사고,0,0,1,0,차대차 - 측면충돌,안전운전불이행,건조,맑음,단일로 - 기타,승용,남,66세,상해없음,승용,남,65세,경상
2018101000100277,2018년 10월 10일 14시,수요일,경상북도 영주시 가흥동,중상사고,0,1,0,0,차대차 - 측면충돌,신호위반,건조,맑음,교차로 - 교차로안,화물,남,27세,상해없음,이륜,남,24세,중상
2018101000100278,2018년 10월 10일 14시,수요일,경상북도 영천시 화남면,경상사고,0,0,1,0,차대사람 - 횡단중,안전운전불이행,건조,맑음,단일로 - 기타,화물,남,47세,상해없음,보행자,여,57세,경상
2018101000100279,2018년 10월 10일 14시,수요일,경상북도 경산시 남산면,중상사고,0,1,0,0,차대차 - 정면충돌,안전운전불이행,건조,맑음,단일로 - 기타,이륜,남,79세,중상,화물,남,59세,상해없음
2018101000100280,2018년 10월 10일 14시,수요일,경상북도 구미시 선산읍,중상사고,0,2,2,0,차대차 - 기타,과속,건조,맑음,교차로 - 교차로안,승용,여,51세,경상,승용,남,70세,상해없음
2018101000100341,2018년 10월 10일 16시,수요일,경상북도 안동시 옥동,경상사고,0,0,1,0,차대차 - 측면충돌,차로위반,건조,맑음,교차로 - 교차로부근,화물,남,30세,상해없음,승용,여,74세,경상
2018101000100342,2018년 10월 10일 16시,수요일,경상북도 포항시 남구 해도동,경상사고,0,0,1,0,차대차 - 기타,안전운전불이행,건조,맑음,단일로 - 기타,건설기계,남,53세,상해없음,승용,여,59세,경상
2018101000100368,2018년 10월 10일 17시,수요일,경상북도 포항시 북구 흥해읍,중상사고,0,1,0,0,차대차 - 측면충돌,중앙선침범,건조,맑음,단일로 - 기타,화물,남,48세,상해없음,이륜,남,49세,중상
2018101000100369,2018년 10월 10일 17시,수요일,경상북도 안동시 명륜동,경상사고,0,0,1,0,차대차 - 측면충돌,교차로운행방법위반,건조,맑음,교차로 - 교차로안,승용,남,64세,상해없음,승용,여,62세,경상
2018101000100370,2018년 10월 10일 17시,수요일,경상북도 안동시 옥동,경상사고,0,0,1,0,차대사람 - 횡단중,보행자보호의무위반,건조,맑음,단일로 - 기타,승용,남,46세,상해없음,보행자,남,13세,경상
2018101000100371,2018년 10월 10일 17시,수요일,경상북도 김천시 평화동,경상사고,0,0,1,0,차대차 - 측면충돌,안전운전불이행,건조,맑음,단일로 - 기타,이륜,여,45세,경상,승용,여,42세,상해없음
2018101000100372,2018년 10월 10일 17시,수요일,경상북도 상주시 낙동면,사망사고,1,0,0,0,차대차 - 측면충돌,안전운전불이행,건조,맑음,교차로 - 교차로안,화물,남,55세,상해없음,이륜,남,57세,사망
2018101000100373,2018년 10월 10일 17시,수요일,경상북도 의성군 가음면,사망사고,1,0,0,0,차대차 - 측면충돌,안전운전불이행,건조,맑음,단일로 - 기타,이륜,남,74세,사망,화물,남,59세,상해없음
2018101000100374,2018년 10월 10일 17시,수요일,경상북도 영주시 가흥동,경상사고,0,0,1,0,차대차 - 측면충돌,신호위반,건조,맑음,교차로 - 교차로안,승용,남,61세,상해없음,승용,여,56세,경상
2018101000100375,2018년 10월 10일 17시,수요일,경상북도 예천군 유천면,중상사고,0,1,0,0,차대차 - 정면충돌,중앙선침범,건조,맑음,단일로 - 기타,승용,여,48세,상해없음,원동기,여,59세,중상
2018101000100376,2018년 10월 10일 17시,수요일,경상북도 구미시 시미동,경상사고,0,0,1,0,차대차 - 기타,신호위반,건조,맑음,교차로 - 교차로안,승용,남,56세,상해없음,이륜,남,29세,경상
2018101000100433,2018년 10월 10일 18시,수요일,경상북도 의성군 단북면,경상사고,0,0,1,0,차대차 - 측면충돌,안전운전불이행,건조,맑음,교차로 - 교차로안,화물,여,72세,경상,화물,남,40세,상해없음
2018101000100434,2018년 10월 10일 18시,수요일,경상북도 영주시 가흥동,경상사고,0,0,1,0,차대차 - 측면충돌,안전운전불이행,건조,맑음,교차로 - 교차로안,승합,남,63세,상해없음,이륜,남,29세,경상
2018101000100435,2018년 10월 10일 18시,수요일,경상북도 문경시 우지동,중상사고,0,1,0,0,차대사람 - 차도통행중,안전운전불이행,건조,맑음,교차로 - 교차로부근,승용,여,49세,상해없음,보행자,여,86세,중상
2018101000100436,2018년 10월 10일 18시,수요일,경상북도 군위군 고로면,경상사고,0,0,1,0,차대사람 - 기타,안전운전불이행,건조,맑음,단일로 - 기타,승용,여,59세,상해없음,보행자,남,58세,경상
2018101000100437,2018년 10월 10일 18시,수요일,경상북도 구미시 구평동,경상사고,0,0,1,0,차대사람 - 기타,안전운전불이행,건조,맑음,교차로 - 교차로부근,승용,남,39세,상해없음,보행자,남,15세,경상
2018101000100471,2018년 10월 10일 19시,수요일,경상북도 경주시 충효동,경상사고,0,0,1,0,차대사람 - 횡단중,안전운전불이행,건조,맑음,교차로 - 교차로부근,승용,남,64세,상해없음,보행자,남,33세,경상
2018101000100472,2018년 10월 10일 19시,수요일,경상북도 포항시 남구 대도동,경상사고,0,0,1,0,차대차 - 측면충돌,안전거리미확보,건조,맑음,교차로 - 교차로부근,승용,여,52세,상해없음,승용,남,44세,경상
2018101000100499,2018년 10월 10일 20시,수요일,경상북도 경주시 건천읍,중상사고,0,1,0,0,차대차 - 추돌,안전운전불이행,건조,맑음,교차로 - 교차로부근,승용,남,36세,상해없음,승용,여,41세,중상
2018101000100500,2018년 10월 10일 20시,수요일,경상북도 김천시 아포읍,사망사고,2,1,0,0,차대차 - 기타,안전운전불이행,건조,맑음,단일로 - 기타,화물,남,64세,사망,화물,남,60세,사망
2018101000100523,2018년 10월 10일 21시,수요일,경상북도 칠곡군 석적읍,경상사고,0,0,1,0,차대차 - 측면충돌,안전운전불이행,건조,맑음,단일로 - 기타,승용,남,31세,상해없음,이륜,남,20세,경상
2018101000100524,2018년 10월 10일 21시,수요일,경상북도 구미시 송정동,중상사고,0,1,2,0,차대차 - 추돌,안전거리미확보,건조,맑음,단일로 - 기타,승용,남,39세,상해없음,승용,여,51세,중상
2018101000100566,2018년 10월 10일 23시,수요일,경상북도 안동시 안흥동,경상사고,0,0,1,0,차대차 - 측면충돌,안전운전불이행,건조,맑음,교차로 - 교차로부근,승용,남,62세,상해없음,이륜,남,38세,경상
2018101100100019,2018년 10월 11일 01시,목요일,경상북도 구미시 황상동,경상사고,0,0,1,0,차대사람 - 차도통행중,안전운전불이행,건조,맑음,단일로 - 기타,승용,남,36세,상해없음,보행자,남,48세,경상
2018101100100054,2018년 10월 11일 06시,목요일,경상북도 구미시 공단동,경상사고,0,0,1,0,차대사람 - 기타,안전운전불이행,건조,맑음,기타 - 기타,승용,남,55세,상해없음,보행자,여,19세,경상
2018101100100079,2018년 10월 11일 07시,목요일,경상북도 포항시 북구 항구동,경상사고,0,0,3,0,차대차 - 측면충돌,신호위반,건조,맑음,교차로 - 교차로안,승용,남,32세,경상,승용,남,70세,경상
2018101100100080,2018년 10월 11일 07시,목요일,경상북도 안동시 운흥동,경상사고,0,0,1,0,차대차 - 추돌,안전운전불이행,건조,맑음,단일로 - 기타,이륜,남,36세,경상,승합,남,45세,상해없음
2018101100100081,2018년 10월 11일 07시,목요일,경상북도 문경시 모전동,경상사고,0,0,1,0,차대차 - 추돌,안전거리미확보,건조,맑음,교차로 - 교차로안,승용,남,66세,상해없음,승용,남,39세,상해없음
2018101100100110,2018년 10월 11일 08시,목요일,경상북도 상주시 무양동,중상사고,0,1,0,0,차대차 - 측면충돌,안전운전불이행,건조,맑음,단일로 - 기타,승용,여,44세,상해없음,이륜,남,61세,중상
2018101100100111,2018년 10월 11일 08시,목요일,경상북도 봉화군 소천면,경상사고,0,0,1,0,차대차 - 측면충돌,안전운전불이행,건조,맑음,단일로 - 기타,건설기계,남,61세,상해없음,승용,남,61세,경상
2018101100100180,2018년 10월 11일 10시,목요일,경상북도 안동시 풍산읍,경상사고,0,0,1,0,차대차 - 측면충돌,차로위반,건조,맑음,단일로 - 기타,승용,여,70세,경상,승용,남,29세,상해없음
2018101100100250,2018년 10월 11일 12시,목요일,경상북도 포항시 북구 죽도동,경상사고,0,0,2,0,차대차 - 측면충돌,중앙선침범,건조,맑음,교차로 - 교차로안,이륜,남,26세,경상,승용,남,39세,경상
2018101100100251,2018년 10월 11일 12시,목요일,경상북도 의성군 금성면,사망사고,1,2,0,0,차대차 - 정면충돌,중앙선침범,건조,맑음,기타 - 기타,이륜,남,46세,사망,승용,남,67세,중상
2018101100100252,2018년 10월 11일 12시,목요일,경상북도 영주시 평은면,경상사고,0,0,1,0,차대차 - 측면충돌,안전운전불이행,건조,맑음,단일로 - 기타,승용,남,82세,상해없음,승용,남,40세,경상
2018101100100253,2018년 10월 11일 12시,목요일,경상북도 포항시 남구 일월동,경상사고,0,0,1,1,차대차 - 기타,안전거리미확보,건조,맑음,단일로 - 기타,화물,남,40세,상해없음,승용,남,36세,경상
2018101100100275,2018년 10월 11일 13시,목요일,경상북도 문경시 마성면,경상사고,0,0,1,0,차대차 - 기타,안전운전불이행,건조,맑음,교차로 - 교차로부근,화물,남,62세,기타불명,승용,여,20세,경상
2018101100100297,2018년 10월 11일 14시,목요일,경상북도 청도군 매전면,중상사고,0,3,0,0,차대차 - 정면충돌,중앙선침범,건조,맑음,단일로 - 기타,승용,여,58세,중상,화물,남,36세,중상
2018101100100298,2018년 10월 11일 14시,목요일,경상북도 구미시 인의동,경상사고,0,0,1,0,차대사람 - 횡단중,신호위반,건조,맑음,교차로 - 교차로안,이륜,남,18세,상해없음,보행자,여,6세,경상