사고번호,사고일시,요일,시군구,사고내용,사망자수,중상자수,경상자수,부상신고자수,사고유형,법규위반,노면상태,기상상태,도로형태,가해운전자 차종,가해운전자 성별,가해운전자 연령,가해운전자 상해정도,피해운전자 차종,피해운전자 성별,피해운전자 연령,피해운전자 상해정도
2018101400100387,2018년 10월 14일 19시,일요일,경상북도 포항시 북구 흥해읍,중상사고,0,1,1,0,차대차 - 측면충돌,안전거리미확보,건조,맑음,단일로 - 기타,승합,남,58세,상해없음,승용,남,78세,경상
2018101400100388,2018년 10월 14일 19시,일요일,경상북도 청도군 청도읍,경상사고,0,0,5,0,차대차 - 추돌,안전거리미확보,건조,맑음,기타 - 기타,승용,여,45세,상해없음,화물,남,56세,경상
2018101400100439,2018년 10월 14일 21시,일요일,경상북도 경주시 동천동,중상사고,0,1,1,0,차대차 - 측면충돌,신호위반,건조,맑음,교차로 - 교차로안,승용,남,71세,상해없음,자전거,남,25세,중상
2018101400100453,2018년 10월 14일 22시,일요일,경상북도 김천시 율곡동,중상사고,0,1,0,0,차대사람 - 횡단중,신호위반,건조,맑음,교차로 - 교차로안,승용,남,58세,상해없음,보행자,남,30세,중상
2018101400100454,2018년 10월 14일 22시,일요일,경상북도 성주군 성주읍,중상사고,0,3,0,0,차대차 - 기타,안전운전불이행,건조,맑음,교차로 - 교차로안,승용,남,63세,상해없음,승용,여,34세,중상
2018101500100017,2018년 10월 15일 02시,월요일,경상북도 안동시 옥동,경상사고,0,0,1,0,차대사람 - 차도통행중,안전운전불이행,건조,맑음,단일로 - 기타,승용,남,21세,기타불명,보행자,남,35세,경상
2018101500100032,2018년 10월 15일 05시,월요일,경상북도 포항시 북구 두호동,중상사고,0,1,0,0,차대사람 - 횡단중,안전운전불이행,건조,맑음,교차로 - 교차로안,화물,남,39세,상해없음,보행자,여,77세,중상
2018101500100066,2018년 10월 15일 07시,월요일,경상북도 포항시 북구 우현동,경상사고,0,0,1,0,차대차 - 측면충돌,안전운전불이행,건조,맑음,교차로 - 교차로부근,화물,남,56세,상해없음,승용,여,46세,경상
2018101500100067,2018년 10월 15일 07시,월요일,경상북도 경산시 자인면,중상사고,0,1,1,0,차대차 - 정면충돌,중앙선침범,건조,맑음,단일로 - 기타,화물,남,51세,상해없음,승용,남,57세,경상
2018101500100068,2018년 10월 15일 07시,월요일,경상북도 영덕군 지품면,중상사고,0,1,0,0,차대차 - 측면충돌,안전운전불이행,건조,맑음,단일로 - 기타,화물,남,76세,상해없음,이륜,남,67세,중상
2018101500100104,2018년 10월 15일 08시,월요일,경상북도 경산시 하양읍,경상사고,0,0,2,0,차대차 - 측면충돌,안전운전불이행,건조,맑음,단일로 - 기타,승용,여,23세,상해없음,승용,남,60세,경상
2018101500100133,2018년 10월 15일 09시,월요일,경상북도 경산시 진량읍,경상사고,0,0,2,0,차대차 - 측면충돌,직진우회전진행방해,건조,맑음,교차로 - 교차로안,화물,여,57세,경상,승용,남,52세,경상
2018101500100134,2018년 10월 15일 09시,월요일,경상북도 구미시 임은동,경상사고,0,0,1,0,차대차 - 추돌,안전거리미확보,건조,맑음,교차로 - 교차로부근,승용,남,60세,상해없음,승용,여,24세,경상
2018101500100163,2018년 10월 15일 10시,월요일,경상북도 포항시 남구 지곡동,경상사고,0,0,1,0,차대차 - 측면충돌,신호위반,건조,맑음,교차로 - 교차로안,승용,여,64세,상해없음,승용,여,45세,경상
2018101500100197,2018년 10월 15일 11시,월요일,경상북도 군위군 부계면,경상사고,0,0,2,0,차대차 - 추돌,안전운전불이행,건조,맑음,단일로 - 기타,승용,남,48세,상해없음,화물,남,57세,경상
2018101500100198,2018년 10월 15일 11시,월요일,경상북도 구미시 옥성면,중상사고,0,2,0,0,차대사람 - 보도통행중,안전운전불이행,건조,맑음,기타 - 기타,승용,남,30세,상해없음,보행자,여,82세,중상
2018101500100220,2018년 10월 15일 12시,월요일,경상북도 포항시 북구 남빈동,경상사고,0,0,1,0,차대사람 - 기타,안전운전불이행,건조,맑음,단일로 - 기타,승용,여,68세,상해없음,보행자,여,73세,경상
2018101500100247,2018년 10월 15일 13시,월요일,경상북도 영주시 휴천동,중상사고,0,1,0,0,차대사람 - 횡단중,보행자보호의무위반,건조,맑음,교차로 - 교차로부근,화물,남,51세,상해없음,보행자,남,39세,중상
2018101500100248,2018년 10월 15일 13시,월요일,경상북도 영덕군 병곡면,부상신고사고,0,0,0,1,차대차 - 정면충돌,안전운전불이행,건조,맑음,단일로 - 기타,이륜,남,71세,부상신고,화물,남,45세,상해없음
2018101500100281,2018년 10월 15일 14시,월요일,경상북도 포항시 북구 동빈2가,경상사고,0,0,1,0,차대차 - 측면충돌,교차로운행방법위반,건조,맑음,교차로 - 교차로안,승용,여,31세,상해없음,승용,남,54세,경상
2018101500100282,2018년 10월 15일 14시,월요일,경상북도 안동시 옥동,중상사고,0,1,0,0,차대사람 - 길가장자리구역통행중,안전운전불이행,건조,맑음,단일로 - 기타,승용,여,66세,상해없음,보행자,여,61세,중상
2018101500100283,2018년 10월 15일 14시,월요일,경상북도 상주시 서성동,중상사고,0,1,0,0,차대사람 - 횡단중,안전운전불이행,건조,맑음,단일로 - 기타,이륜,남,25세,상해없음,보행자,여,73세,중상
2018101500100284,2018년 10월 15일 14시,월요일,경상북도 고령군 쌍림면,중상사고,0,1,0,0,차대차 - 기타,신호위반,건조,맑음,교차로 - 교차로안,화물,남,70세,상해없음,승용,남,51세,중상
2018101500100285,2018년 10월 15일 14시,월요일,경상북도 구미시 송정동,경상사고,0,0,1,0,차대사람 - 기타,보행자보호의무위반,건조,맑음,교차로 - 교차로부근,승용,여,63세,상해없음,보행자,여,65세,경상
2018101500100328,2018년 10월 15일 15시,월요일,경상북도 청송군 안덕면,사망사고,1,0,0,0,차대차 - 정면충돌,중앙선침범,건조,맑음,단일로 - 기타,화물,남,73세,사망,건설기계,남,38세,상해없음
2018101500100355,2018년 10월 15일 16시,월요일,경상북도 경주시 건천읍,중상사고,0,1,0,0,차대사람 - 길가장자리구역통행중,안전운전불이행,건조,맑음,단일로 - 기타,승용,여,47세,상해없음,보행자,남,76세,중상
2018101500100356,2018년 10월 15일 16시,월요일,경상북도 경주시 용강동,경상사고,0,0,1,0,차대차 - 추돌,안전운전불이행,건조,맑음,교차로 - 교차로부근,화물,남,34세,상해없음,승용,여,58세,경상
2018101500100357,2018년 10월 15일 16시,월요일,경상북도 구미시 황상동,중상사고,0,1,1,0,차대차 - 추돌,안전운전불이행,건조,맑음,단일로 - 기타,승용,남,71세,상해없음,승용,남,58세,경상
2018101500100358,2018년 10월 15일 16시,월요일,경상북도 구미시 원평동,중상사고,0,2,0,0,차대차 - 측면충돌,안전운전불이행,건조,맑음,교차로 - 교차로안,승용,남,54세,상해없음,승용,여,60세,중상
2018101500100436,2018년 10월 15일 18시,월요일,경상북도 경산시 중방동,경상사고,0,0,1,0,차대사람 - 횡단중,보행자보호의무위반,건조,맑음,단일로 - 기타,승용,여,51세,상해없음,보행자,여,18세,경상
2018101500100490,2018년 10월 15일 19시,월요일,경상북도 포항시 남구 오천읍,경상사고,0,0,1,0,차대차 - 측면충돌,교차로운행방법위반,건조,맑음,교차로 - 교차로안,화물,남,61세,상해없음,승용,남,43세,경상
2018101500100529,2018년 10월 15일 20시,월요일,경상북도 포항시 남구 오천읍,경상사고,0,0,1,0,차대차 - 측면충돌,안전운전불이행,건조,맑음,교차로 - 교차로안,화물,남,24세,상해없음,승용,남,25세,경상
2018101500100530,2018년 10월 15일 20시,월요일,경상북도 상주시 함창읍,사망사고,2,8,2,0,차대차 - 추돌,안전운전불이행,건조,맑음,단일로 - 기타,화물,남,45세,사망,승합,남,59세,중상
2018101500100569,2018년 10월 15일 22시,월요일,경상북도 포항시 북구 용흥동,경상사고,0,0,1,0,차대차 - 측면충돌,안전운전불이행,건조,맑음,단일로 - 기타,승합,남,53세,상해없음,승용,남,43세,경상
2018101500100570,2018년 10월 15일 22시,월요일,경상북도 포항시 남구 효자동,경상사고,0,0,1,0,차대차 - 측면충돌,직진우회전진행방해,건조,맑음,교차로 - 교차로안,승용,여,50세,상해없음,승용,남,61세,경상
2018101600100009,2018년 10월 16일 00시,화요일,경상북도 경산시 중방동,경상사고,0,0,3,0,차대차 - 측면충돌,안전운전불이행,건조,맑음,교차로 - 교차로안,승용,남,26세,상해없음,승합,남,63세,경상
2018101600100031,2018년 10월 16일 02시,화요일,경상북도 포항시 북구 항구동,경상사고,0,0,1,0,차대차 - 측면충돌,신호위반,건조,맑음,교차로 - 교차로안,승용,남,27세,상해없음,승용,남,57세,경상
2018101600100037,2018년 10월 16일 03시,화요일,경상북도 경주시 성건동,경상사고,0,0,1,0,차대차 - 측면충돌,안전운전불이행,건조,맑음,교차로 - 교차로부근,승용,남,25세,상해없음,화물,남,49세,경상
2018101600100051,2018년 10월 16일 05시,화요일,경상북도 영덕군 강구면,중상사고,0,1,0,0,차량단독 - 공작물충돌,안전운전불이행,건조,맑음,교차로 - 교차로부근,승용,여,65세,상해없음,,,,
2018101600100059,2018년 10월 16일 06시,화요일,경상북도 영천시 창구동,중상사고,0,1,0,0,차대차 - 측면충돌,신호위반,건조,맑음,교차로 - 교차로안,화물,남,60세,상해없음,승용,남,68세,중상
2018101600100060,2018년 10월 16일 06시,화요일,경상북도 포항시 남구 연일읍,중상사고,0,1,0,0,차대차 - 기타,기타,건조,맑음,교차로 - 교차로안,화물,남,24세,상해없음,이륜,남,63세,중상
2018101600100072,2018년 10월 16일 07시,화요일,경상북도 경주시 동천동,중상사고,0,2,0,0,차대차 - 측면충돌,안전운전불이행,건조,맑음,교차로 - 교차로안,승용,여,44세,상해없음,승용,남,68세,중상
2018101600100133,2018년 10월 16일 09시,화요일,경상북도 의성군 안계면,중상사고,0,1,0,0,차대사람 - 횡단중,보행자보호의무위반,건조,맑음,교차로 - 교차로횡단보도내,화물,남,63세,상해없음,보행자,남,80세,중상
2018101600100134,2018년 10월 16일 09시,화요일,경상북도 경산시 중방동,경상사고,0,0,1,0,차대차 - 측면충돌,중앙선침범,건조,맑음,교차로 - 교차로부근,승용,여,36세,상해없음,승합,남,35세,상해없음
2018101600100165,2018년 10월 16일 10시,화요일,경상북도 경주시 양남면,경상사고,0,0,1,0,차대차 - 측면충돌,중앙선침범,건조,맑음,단일로 - 기타,승합,남,50세,상해없음,농기계,남,50세,경상
2018101600100166,2018년 10월 16일 10시,화요일,경상북도 칠곡군 왜관읍,경상사고,0,0,1,0,차대차 - 측면충돌,직진우회전진행방해,건조,맑음,교차로 - 교차로안,승용,여,51세,상해없음,이륜,여,59세,경상
2018101600100167,2018년 10월 16일 10시,화요일,경상북도 성주군 성주읍,중상사고,0,1,1,0,차대차 - 측면충돌,안전운전불이행,건조,맑음,교차로 - 교차로안,화물,남,61세,경상,화물,남,69세,중상
2018101600100193,2018년 10월 16일 11시,화요일,경상북도 포항시 북구 흥해읍,경상사고,0,0,1,0,차대차 - 측면충돌,차로위반,건조,맑음,단일로 - 기타,건설기계,남,53세,상해없음,승용,남,64세,경상
2018101600100194,2018년 10월 16일 11시,화요일,경상북도 영주시 하망동,부상신고사고,0,0,0,1,차대차 - 측면충돌,교차로운행방법위반,건조,맑음,교차로 - 교차로안,화물,남,57세,상해없음,화물,남,60세,부상신고
2018101600100195,2018년 10월 16일 11시,화요일,경상북도 울진군 후포면,중상사고,0,1,0,0,차대차 - 측면충돌,안전운전불이행,건조,맑음,교차로 - 교차로부근,화물,남,45세,상해없음,이륜,남,88세,중상
2018101600100196,2018년 10월 16일 11시,화요일,경상북도 포항시 남구 상도동,중상사고,0,1,0,0,차대차 - 측면충돌,안전운전불이행,건조,맑음,단일로 - 기타,승용,여,43세,상해없음,이륜,남,39세,중상
2018101600100230,2018년 10월 16일 12시,화요일,경상북도 경주시 황오동,경상사고,0,0,3,0,차대차 - 측면충돌,안전운전불이행,건조,맑음,단일로 - 기타,승용,남,55세,상해없음,승용,남,39세,경상
2018101600100231,2018년 10월 16일 12시,화요일,경상북도 경주시 노서동,경상사고,0,0,2,0,차대차 - 측면충돌,안전운전불이행,건조,맑음,교차로 - 교차로부근,화물,남,59세,상해없음,승용,여,62세,경상
2018101600100232,2018년 10월 16일 12시,화요일,경상북도 안동시 풍산읍,경상사고,0,0,2,0,차대차 - 정면충돌,신호위반,건조,흐림,교차로 - 교차로안,승용,여,63세,경상,승용,남,70세,경상
2018101600100260,2018년 10월 16일 13시,화요일,경상북도 영주시 가흥동,경상사고,0,0,1,0,차대사람 - 기타,안전운전불이행,건조,맑음,단일로 - 기타,자전거,남,71세,상해없음,보행자,여,25세,경상
2018101600100261,2018년 10월 16일 13시,화요일,경상북도 영천시 신령면,중상사고,0,1,0,0,차대차 - 측면충돌,직진우회전진행방해,건조,흐림,교차로 - 교차로안,화물,남,38세,상해없음,화물,남,63세,중상
2018101600100262,2018년 10월 16일 13시,화요일,경상북도 성주군 선남면,경상사고,0,0,1,0,차대차 - 측면충돌,안전운전불이행,건조,맑음,단일로 - 기타,화물,남,57세,상해없음,자전거,남,73세,경상
2018101600100324,2018년 10월 16일 15시,화요일,경상북도 칠곡군 북삼읍,경상사고,0,0,1,0,차대차 - 추돌,안전운전불이행,건조,맑음,단일로 - 기타,승용,남,62세,상해없음,승용,남,46세,경상
2018101600100325,2018년 10월 16일 15시,화요일,경상북도 포항시 남구 오천읍,경상사고,0,0,3,0,차대차 - 후진중충돌,불법유턴,건조,맑음,단일로 - 기타,승용,남,60세,상해없음,승용,남,39세,경상
2018101600100326,2018년 10월 16일 15시,화요일,경상북도 포항시 남구 이동,경상사고,0,0,2,0,차대차 - 기타,안전운전불이행,건조,맑음,단일로 - 기타,승용,여,38세,경상,승용,남,50세,경상
2018101600100367,2018년 10월 16일 16시,화요일,경상북도 경주시 안강읍,경상사고,0,0,1,0,차대사람 - 차도통행중,안전운전불이행,건조,맑음,단일로 - 기타,화물,남,69세,상해없음,보행자,남,16세,경상
2018101600100368,2018년 10월 16일 16시,화요일,경상북도 포항시 북구 득량동,중상사고,0,1,0,0,차대사람 - 횡단중,안전운전불이행,건조,맑음,기타 - 기타,승용,남,56세,상해없음,보행자,여,71세,중상
2018101600100369,2018년 10월 16일 16시,화요일,경상북도 영천시 청통면,중상사고,0,3,0,0,차량단독 - 도로외이탈 - 추락,안전운전불이행,건조,맑음,주차장 - 주차장,승용,여,67세,중상,,,,
2018101600100370,2018년 10월 16일 16시,화요일,경상북도 포항시 남구 오천읍,경상사고,0,0,2,0,차대차 - 추돌,안전거리미확보,건조,맑음,교차로 - 교차로부근,승용,여,53세,상해없음,승합,남,58세,경상
2018101600100411,2018년 10월 16일 17시,화요일,경상북도 경주시 황성동,경상사고,0,0,1,0,차대차 - 측면충돌,직진우회전진행방해,건조,맑음,교차로 - 교차로안,승용,여,62세,상해없음,승용,여,55세,경상
2018101600100412,2018년 10월 16일 17시,화요일,경상북도 영주시 가흥동,중상사고,0,1,0,0,차대사람 - 횡단중,안전운전불이행,건조,맑음,단일로 - 기타,이륜,남,49세,상해없음,보행자,여,75세,중상
2018101600100413,2018년 10월 16일 17시,화요일,경상북도 경산시 압량면,중상사고,0,1,0,0,차대차 - 측면충돌,안전거리미확보,건조,맑음,단일로 - 기타,승용,남,62세,상해없음,이륜,남,35세,중상
2018101600100459,2018년 10월 16일 18시,화요일,경상북도 김천시 봉산면,중상사고,0,1,0,0,차량단독 - 공작물충돌,안전운전불이행,건조,맑음,단일로 - 기타,이륜,여,72세,중상,,,,
2018101600100460,2018년 10월 16일 18시,화요일,경상북도 영천시 고경면,경상사고,0,0,1,0,차대차 - 측면충돌,안전운전불이행,건조,맑음,단일로 - 기타,승용,여,56세,상해없음,이륜,남,67세,경상
2018101600100461,2018년 10월 16일 18시,화요일,경상북도 경산시 백천동,경상사고,0,0,1,0,차대사람 - 차도통행중,안전운전불이행,건조,맑음,교차로 - 교차로부근,화물,남,33세,상해없음,보행자,남,24세,경상
2018101600100462,2018년 10월 16일 18시,화요일,경상북도 영덕군 강구면,경상사고,0,0,1,0,차대차 - 측면충돌,차로위반,건조,맑음,단일로 - 기타,건설기계,남,56세,상해없음,승용,여,41세,경상
2018101600100463,2018년 10월 16일 18시,화요일,경상북도 청도군 청도읍,경상사고,0,0,1,0,차대사람 - 차도통행중,안전운전불이행,건조,맑음,단일로 - 기타,승용,남,45세,상해없음,보행자,남,77세,경상
2018101600100464,2018년 10월 16일 18시,화요일,경상북도 구미시 도량동,중상사고,0,1,1,0,차대차 - 추돌,안전거리미확보,건조,맑음,단일로 - 기타,승용,여,46세,상해없음,승용,여,47세,중상
2018101600100465,2018년 10월 16일 18시,화요일,경상북도 구미시 봉곡동,경상사고,0,0,1,0,차대사람 - 횡단중,보행자보호의무위반,건조,맑음,교차로 - 교차로부근,승용,여,46세,상해없음,보행자,여,59세,경상
2018101600100521,2018년 10월 16일 19시,화요일,경상북도 포항시 남구 오천읍,경상사고,0,0,1,0,차대차 - 측면충돌,교차로운행방법위반,건조,맑음,교차로 - 교차로부근,이륜,남,26세,경상,승용,남,53세,상해없음
2018101600100549,2018년 10월 16일 20시,화요일,경상북도 영주시 하망동,중상사고,0,1,0,0,차대차 - 측면충돌,안전운전불이행,건조,맑음,교차로 - 교차로안,승용,남,39세,상해없음,화물,여,56세,중상
2018101600100550,2018년 10월 16일 20시,화요일,경상북도 영양군 영양읍,경상사고,0,0,2,0,차대사람 - 횡단중,안전운전불이행,건조,맑음,단일로 - 기타,승용,여,36세,상해없음,보행자,남,50세,경상
2018101600100551,2018년 10월 16일 20시,화요일,경상북도 구미시 산동면,부상신고사고,0,0,0,1,차대차 - 추돌,안전운전불이행,건조,맑음,교차로 - 교차로부근,이륜,남,41세,부상신고,승용,남,31세,상해없음
2018101600100595,2018년 10월 16일 22시,화요일,경상북도 구미시 거의동,경상사고,0,0,1,0,차대차 - 추돌,안전운전불이행,건조,맑음,교차로 - 교차로안,승용,남,53세,상해없음,승용,남,29세,경상
2018101600100608,2018년 10월 16일 23시,화요일,경상북도 포항시 북구 대신동,중상사고,0,2,3,0,차대차 - 추돌,안전운전불이행,건조,맑음,교차로 - 교차로부근,승용,남,28세,상해없음,화물,남,47세,중상
2018101600100609,2018년 10월 16일 23시,화요일,경상북도 구미시 공단동,경상사고,0,0,1,0,차대차 - 추돌,안전운전불이행,건조,기타,교차로 - 교차로부근,승용,남,33세,상해없음,승용,남,26세,경상
2018101700100017,2018년 10월 17일 01시,수요일,경상북도 영천시 망정동,중상사고,0,1,0,0,차대차 - 기타,안전운전불이행,건조,맑음,교차로 - 교차로부근,화물,남,35세,상해없음,승용,남,33세,상해없음
2018101700100026,2018년 10월 17일 02시,수요일,경상북도 포항시 북구 장성동,경상사고,0,0,3,0,차대차 - 측면충돌,신호위반,건조,맑음,교차로 - 교차로안,승용,남,58세,상해없음,승용,남,61세,경상
2018101700100067,2018년 10월 17일 07시,수요일,경상북도 포항시 북구 학산동,중상사고,0,1,0,0,차대사람 - 횡단중,안전운전불이행,건조,맑음,단일로 - 기타,승합,남,37세,상해없음,보행자,여,66세,중상
2018101700100148,2018년 10월 17일 09시,수요일,경상북도 포항시 북구 용흥동,경상사고,0,0,1,0,차대차 - 측면충돌,중앙선침범,건조,맑음,단일로 - 기타,승용,남,68세,상해없음,승용,여,35세,경상
2018101700100149,2018년 10월 17일 09시,수요일,경상북도 김천시 대덕면,중상사고,0,1,0,0,차대사람 - 길가장자리구역통행중,기타,건조,맑음,단일로 - 기타,화물,남,51세,상해없음,보행자,남,72세,중상
2018101700100150,2018년 10월 17일 09시,수요일,경상북도 칠곡군 석적읍,경상사고,0,0,1,0,차대차 - 측면충돌,안전운전불이행,건조,맑음,단일로 - 기타,화물,남,61세,경상,특수,남,47세,상해없음
2018101700100151,2018년 10월 17일 09시,수요일,경상북도 경산시 대평동,경상사고,0,0,1,0,차대차 - 추돌,안전운전불이행,건조,맑음,단일로 - 기타,승용,여,37세,상해없음,승용,여,67세,경상
2018101700100152,2018년 10월 17일 09시,수요일,경상북도 봉화군 봉화읍,중상사고,0,1,0,0,차대사람 - 기타,안전운전불이행,건조,맑음,단일로 - 기타,화물,남,39세,상해없음,보행자,여,80세,중상
2018101700100175,2018년 10월 17일 10시,수요일,경상북도 경주시 신평동,경상사고,0,0,3,1,차대차 - 측면충돌,중앙선침범,건조,맑음,단일로 - 기타,승용,여,33세,부상신고,승용,남,60세,경상
2018101700100176,2018년 10월 17일 10시,수요일,경상북도 경주시 율동,경상사고,0,0,1,0,차대차 - 추돌,안전운전불이행,건조,맑음,단일로 - 기타,승합,남,57세,상해없음,승용,남,41세,경상
2018101700100177,2018년 10월 17일 10시,수요일,경상북도 안동시 안막동,경상사고,0,0,1,0,차대차 - 측면충돌,안전운전불이행,건조,맑음,단일로 - 기타,이륜,남,70세,경상,승용,여,63세,상해없음
2018101700100178,2018년 10월 17일 10시,수요일,경상북도 문경시 모전동,경상사고,0,0,4,0,차대차 - 측면충돌,직진우회전진행방해,건조,맑음,교차로 - 교차로안,승용,여,43세,경상,승용,남,58세,경상
2018101700100179,2018년 10월 17일 10시,수요일,경상북도 포항시 남구 연일읍,경상사고,0,0,2,0,차대차 - 기타,직진우회전진행방해,건조,맑음,교차로 - 교차로안,승용,여,20세,경상,승용,여,23세,경상
2018101700100216,2018년 10월 17일 11시,수요일,경상북도 경주시 성건동,중상사고,0,1,2,0,차대차 - 측면충돌,직진우회전진행방해,건조,맑음,교차로 - 교차로안,승용,여,66세,상해없음,승용,남,67세,경상
2018101700100217,2018년 10월 17일 11시,수요일,경상북도 김천시 덕곡동,중상사고,0,1,0,0,차대차 - 측면충돌,안전운전불이행,건조,맑음,교차로 - 교차로부근,자전거,남,62세,중상,화물,남,57세,상해없음
2018101700100218,2018년 10월 17일 11시,수요일,경상북도 칠곡군 왜관읍,경상사고,0,0,1,0,차대차 - 측면충돌,안전운전불이행,건조,맑음,주차장 - 주차장,특수,남,54세,상해없음,이륜,남,27세,경상
2018101700100243,2018년 10월 17일 12시,수요일,경상북도 영천시 도림동,경상사고,0,0,2,0,차대차 - 기타,교차로운행방법위반,건조,맑음,교차로 - 교차로안,승합,남,66세,상해없음,승용,여,26세,경상
2018101700100285,2018년 10월 17일 13시,수요일,경상북도 칠곡군 북삼읍,부상신고사고,0,0,0,1,차대사람 - 길가장자리구역통행중,안전운전불이행,건조,맑음,단일로 - 기타,기타불명,기타불명,미분류,기타불명,보행자,여,65세,부상신고
2018101700100286,2018년 10월 17일 13시,수요일,경상북도 영천시 금호읍,경상사고,0,0,1,0,차대차 - 측면충돌,안전거리미확보,건조,맑음,단일로 - 기타,화물,여,57세,상해없음,승용,남,30세,경상
2018101700100287,2018년 10월 17일 13시,수요일,경상북도 고령군 다산면,경상사고,0,0,2,0,차대차 - 측면충돌,교차로운행방법위반,건조,맑음,교차로 - 교차로안,승용,여,22세,상해없음,승용,남,38세,경상
2018101700100332,2018년 10월 17일 14시,수요일,경상북도 상주시 무양동,경상사고,0,0,1,0,차대차 - 추돌,안전거리미확보,건조,맑음,교차로 - 교차로부근,승용,여,57세,상해없음,승용,여,55세,경상
2018101700100333,2018년 10월 17일 14시,수요일,경상북도 포항시 남구 장기면,중상사고,0,1,0,0,차대차 - 측면충돌,안전거리미확보,건조,맑음,교차로 - 교차로부근,화물,남,56세,상해없음,이륜,남,64세,중상
2018101700100334,2018년 10월 17일 14시,수요일,경상북도 포항시 남구 대잠동,부상신고사고,0,0,0,1,차대사람 - 기타,안전운전불이행,건조,맑음,교차로 - 교차로안,기타불명,기타불명,미분류,기타불명,보행자,여,36세,부상신고
2018101700100374,2018년 10월 17일 15시,수요일,경상북도 경주시 안강읍,경상사고,0,0,1,0,차대사람 - 길가장자리구역통행중,안전운전불이행,건조,맑음,교차로 - 교차로안,화물,남,50세,상해없음,보행자,남,28세,경상
2018101700100375,2018년 10월 17일 15시,수요일,경상북도 경산시 와촌면,경상사고,0,0,3,0,차대차 - 측면충돌,안전거리미확보,건조,맑음,단일로 - 기타,화물,남,42세,상해없음,승용,여,49세,경상
2018101700100376,2018년 10월 17일 15시,수요일,경상북도 구미시 고아읍,중상사고,0,1,0,0,차대사람 - 기타,보행자보호의무위반,건조,맑음,교차로 - 교차로안,승용,여,35세,상해없음,보행자,여,62세,중상
2018101700100422,2018년 10월 17일 16시,수요일,경상북도 포항시 북구 득량동,경상사고,0,0,1,0,차대사람 - 횡단중,보행자보호의무위반,건조,맑음,교차로 - 교차로횡단보도내,승용,여,41세,상해없음,보행자,남,11세,경상
2018101700100423,2018년 10월 17일 16시,수요일,경상북도 상주시 가장동,중상사고,0,1,0,0,차대차 - 추돌,안전거리미확보,건조,맑음,단일로 - 기타,이륜,남,64세,중상,승합,남,33세,상해없음
2018101700100424,2018년 10월 17일 16시,수요일,경상북도 성주군 성주읍,중상사고,0,1,0,0,차대차 - 측면충돌,직진우회전진행방해,건조,맑음,교차로 - 교차로안,승용,남,71세,상해없음,승용,남,53세,상해없음
2018101700100468,2018년 10월 17일 17시,수요일,경상북도 예천군 예천읍,중상사고,0,2,0,0,차대차 - 측면충돌,안전운전불이행,건조,맑음,교차로 - 교차로안,승용,남,71세,상해없음,승용,남,66세,중상
2018101700100469,2018년 10월 17일 17시,수요일,경상북도 구미시 장천면,중상사고,0,1,0,0,차대차 - 측면충돌,직진우회전진행방해,건조,맑음,교차로 - 교차로안,화물,여,43세,상해없음,승용,여,38세,중상
2018101700100470,2018년 10월 17일 17시,수요일,경상북도 구미시 원평동,경상사고,0,0,1,0,차대차 - 기타,안전운전불이행,건조,맑음,기타 - 기타,이륜,남,53세,상해없음,자전거,남,39세,경상
2018101700100524,2018년 10월 17일 18시,수요일,경상북도 안동시 남문동,경상사고,0,0,1,0,차대사람 - 횡단중,보행자보호의무위반,건조,맑음,교차로 - 교차로횡단보도내,승용,남,32세,상해없음,보행자,여,72세,경상
2018101700100525,2018년 10월 17일 18시,수요일,경상북도 칠곡군 왜관읍,경상사고,0,0,3,0,차대차 - 측면충돌,안전운전불이행,건조,맑음,교차로 - 교차로안,승용,여,43세,경상,승용,여,51세,경상
2018101700100526,2018년 10월 17일 18시,수요일,경상북도 구미시 광평동,경상사고,0,0,2,0,차대차 - 기타,차로위반,건조,맑음,단일로 - 기타,승용,여,30세,상해없음,승용,남,48세,경상
2018101700100527,2018년 10월 17일 18시,수요일,경상북도 포항시 남구 오천읍,중상사고,0,1,0,0,차대차 - 측면충돌,안전운전불이행,건조,맑음,단일로 - 기타,이륜,남,35세,중상,승용,여,23세,상해없음
2018101700100559,2018년 10월 17일 19시,수요일,경상북도 경산시 옥산동,경상사고,0,0,1,0,차대사람 - 횡단중,보행자보호의무위반,건조,맑음,단일로 - 기타,승용,남,76세,상해없음,보행자,남,46세,경상
2018101700100560,2018년 10월 17일 19시,수요일,경상북도 경산시 진량읍,경상사고,0,0,2,0,차대차 - 측면충돌,안전운전불이행,건조,맑음,단일로 - 기타,승합,남,57세,상해없음,승용,남,33세,경상
2018101700100561,2018년 10월 17일 19시,수요일,경상북도 고령군 다산면,중상사고,0,1,0,0,차대사람 - 차도통행중,안전운전불이행,건조,맑음,단일로 - 기타,승용,남,56세,상해없음,보행자,여,77세,중상
2018101700100562,2018년 10월 17일 19시,수요일,경상북도 고령군 대가야읍,사망사고,1,0,0,0,차대사람 - 횡단중,안전운전불이행,건조,맑음,단일로 - 기타,승용,남,36세,상해없음,보행자,남,46세,사망