사고번호,사고일시,요일,시군구,사고내용,사망자수,중상자수,경상자수,부상신고자수,사고유형,법규위반,노면상태,기상상태,도로형태,가해운전자 차종,가해운전자 성별,가해운전자 연령,가해운전자 상해정도,피해운전자 차종,피해운전자 성별,피해운전자 연령,피해운전자 상해정도
2018101700100563,2018년 10월 17일 19시,수요일,경상북도 포항시 남구 오천읍,경상사고,0,0,1,0,차대차 - 정면충돌,중앙선침범,건조,맑음,단일로 - 기타,자전거,남,40세,경상,승용,남,24세,상해없음
2018101700100596,2018년 10월 17일 20시,수요일,경상북도 김천시 감문면,사망사고,1,0,0,0,차대사람 - 차도통행중,안전운전불이행,건조,기타,단일로 - 기타,승용,여,59세,상해없음,보행자,남,62세,사망
2018101700100597,2018년 10월 17일 20시,수요일,경상북도 구미시 형곡동,경상사고,0,0,2,0,차대차 - 기타,안전운전불이행,건조,맑음,단일로 - 기타,승용,남,25세,상해없음,승용,남,50세,경상
2018101700100623,2018년 10월 17일 21시,수요일,경상북도 구미시 원평동,중상사고,0,1,0,0,차대사람 - 기타,안전운전불이행,건조,맑음,교차로 - 교차로안,승용,남,42세,상해없음,보행자,남,37세,중상
2018101700100624,2018년 10월 17일 21시,수요일,경상북도 포항시 남구 대잠동,중상사고,0,1,0,0,차대차 - 측면충돌,신호위반,건조,맑음,교차로 - 교차로안,승용,여,47세,상해없음,이륜,남,21세,중상
2018101700100650,2018년 10월 17일 22시,수요일,경상북도 구미시 인의동,경상사고,0,0,1,0,차대사람 - 기타,안전운전불이행,건조,맑음,교차로 - 교차로안,승용,남,32세,상해없음,보행자,여,47세,경상
2018101700100651,2018년 10월 17일 22시,수요일,경상북도 구미시 도량동,경상사고,0,0,1,0,차대차 - 기타,안전운전불이행,건조,맑음,교차로 - 교차로부근,승용,남,50세,상해없음,승용,여,51세,경상
2018101700100666,2018년 10월 17일 23시,수요일,경상북도 김천시 신음동,경상사고,0,0,3,0,차대차 - 측면충돌,안전운전불이행,건조,맑음,단일로 - 기타,승용,남,47세,상해없음,승용,남,24세,경상
2018101800100015,2018년 10월 18일 00시,목요일,경상북도 경산시 사정동,경상사고,0,0,1,0,차대차 - 정면충돌,안전운전불이행,건조,맑음,단일로 - 기타,승용,여,54세,상해없음,승용,남,54세,경상
2018101800100016,2018년 10월 18일 00시,목요일,경상북도 구미시 형곡동,경상사고,0,0,2,0,차대차 - 정면충돌,중앙선침범,건조,맑음,단일로 - 기타,승용,남,30세,상해없음,승용,남,64세,경상
2018101800100077,2018년 10월 18일 07시,목요일,경상북도 경주시 양남면,중상사고,0,1,1,0,차량단독 - 전도전복 - 전복,안전운전불이행,건조,맑음,단일로 - 기타,화물,남,52세,경상,미분류,미분류,미분류,미분류
2018101800100078,2018년 10월 18일 07시,목요일,경상북도 성주군 선남면,중상사고,0,1,1,0,차대차 - 정면충돌,안전운전불이행,젖음/습기,흐림,단일로 - 기타,승용,남,39세,상해없음,승용,남,34세,중상
2018101800100114,2018년 10월 18일 08시,목요일,경상북도 예천군 용궁면,중상사고,0,2,0,0,차대차 - 측면충돌,신호위반,건조,맑음,교차로 - 교차로안,건설기계,남,50세,중상,승용,남,28세,중상
2018101800100115,2018년 10월 18일 08시,목요일,경상북도 포항시 남구 괴동동,경상사고,0,0,1,0,차대차 - 측면충돌,과속,건조,맑음,교차로 - 교차로안,승용,남,45세,기타불명,승용,남,30세,경상
2018101800100199,2018년 10월 18일 10시,목요일,경상북도 영주시 문정동,경상사고,0,0,1,0,차대차 - 측면충돌,안전운전불이행,건조,맑음,단일로 - 기타,건설기계,남,59세,상해없음,승용,남,68세,상해없음
2018101800100200,2018년 10월 18일 10시,목요일,경상북도 청도군 화양읍,중상사고,0,2,1,0,차대차 - 정면충돌,중앙선침범,건조,맑음,단일로 - 기타,승용,남,84세,중상,건설기계,남,44세,경상
2018101800100230,2018년 10월 18일 11시,목요일,경상북도 경주시 동천동,중상사고,0,1,1,0,차대차 - 정면충돌,안전운전불이행,건조,맑음,교차로 - 교차로안,이륜,남,28세,중상,승용,여,30세,경상
2018101800100231,2018년 10월 18일 11시,목요일,경상북도 김천시 신음동,경상사고,0,0,1,0,차대차 - 측면충돌,안전운전불이행,건조,맑음,단일로 - 기타,자전거,여,44세,경상,승용,여,65세,상해없음
2018101800100232,2018년 10월 18일 11시,목요일,경상북도 포항시 남구 오천읍,경상사고,0,0,1,0,차대차 - 측면충돌,직진우회전진행방해,건조,맑음,교차로 - 교차로안,화물,남,36세,상해없음,승용,여,50세,경상
2018101800100315,2018년 10월 18일 14시,목요일,경상북도 안동시 안막동,경상사고,0,0,4,0,차대차 - 추돌,안전거리미확보,건조,맑음,단일로 - 기타,화물,남,65세,상해없음,승합,남,54세,경상
2018101800100316,2018년 10월 18일 14시,목요일,경상북도 경산시 와촌면,경상사고,0,0,1,0,차대차 - 측면충돌,신호위반,건조,맑음,교차로 - 교차로안,화물,남,46세,상해없음,승용,남,35세,경상
2018101800100317,2018년 10월 18일 14시,목요일,경상북도 경산시 압량면,경상사고,0,0,1,0,차대차 - 추돌,안전운전불이행,건조,맑음,단일로 - 기타,승용,남,51세,상해없음,승용,남,41세,상해없음
2018101800100318,2018년 10월 18일 14시,목요일,경상북도 포항시 남구 해도동,중상사고,0,1,0,0,차대차 - 측면충돌,교차로운행방법위반,건조,맑음,교차로 - 교차로안,승용,남,77세,상해없음,승용,남,32세,중상
2018101800100358,2018년 10월 18일 15시,목요일,경상북도 포항시 북구 학산동,경상사고,0,0,4,0,차대차 - 측면충돌,안전운전불이행,젖음/습기,비,교차로 - 교차로안,승용,남,61세,상해없음,승용,남,28세,경상
2018101800100359,2018년 10월 18일 15시,목요일,경상북도 영덕군 달산면,경상사고,0,0,1,0,차량단독 - 전도전복 - 전복,안전운전불이행,젖음/습기,비,단일로 - 기타,이륜,남,79세,경상,미분류,미분류,미분류,미분류
2018101800100360,2018년 10월 18일 15시,목요일,경상북도 구미시 봉곡동,경상사고,0,0,2,0,차대차 - 기타,안전운전불이행,건조,맑음,단일로 - 기타,승용,여,51세,상해없음,승용,여,29세,경상
2018101800100404,2018년 10월 18일 16시,목요일,경상북도 안동시 송천동,경상사고,0,0,2,0,차대차 - 추돌,안전거리미확보,젖음/습기,비,단일로 - 기타,승용,남,62세,상해없음,승용,남,44세,경상
2018101800100405,2018년 10월 18일 16시,목요일,경상북도 칠곡군 왜관읍,중상사고,0,1,0,0,차대차 - 측면충돌,안전운전불이행,건조,맑음,단일로 - 기타,이륜,남,80세,중상,화물,남,71세,상해없음
2018101800100406,2018년 10월 18일 16시,목요일,경상북도 영천시 금호읍,중상사고,0,1,0,0,차대사람 - 차도통행중,안전운전불이행,건조,맑음,단일로 - 기타,승용,여,33세,상해없음,보행자,여,56세,중상
2018101800100407,2018년 10월 18일 16시,목요일,경상북도 영천시 문외동,중상사고,0,1,0,0,차대차 - 측면충돌,안전운전불이행,건조,맑음,단일로 - 기타,승용,남,75세,상해없음,자전거,남,75세,중상
2018101800100408,2018년 10월 18일 16시,목요일,경상북도 포항시 남구 대잠동,경상사고,0,0,1,0,차대차 - 추돌,안전운전불이행,젖음/습기,비,교차로 - 교차로부근,승용,여,45세,상해없음,승용,여,50세,경상
2018101800100498,2018년 10월 18일 18시,목요일,경상북도 안동시 목성동,중상사고,0,1,0,0,차대사람 - 횡단중,보행자보호의무위반,젖음/습기,비,단일로 - 기타,승용,남,58세,상해없음,보행자,여,54세,중상
2018101800100499,2018년 10월 18일 18시,목요일,경상북도 상주시 복룡동,중상사고,0,1,0,0,차대차 - 측면충돌,안전운전불이행,건조,맑음,교차로 - 교차로안,승합,남,69세,상해없음,이륜,남,68세,중상
2018101800100500,2018년 10월 18일 18시,목요일,경상북도 상주시 화동면,경상사고,0,0,2,0,차대차 - 측면충돌,중앙선침범,건조,맑음,단일로 - 기타,승용,남,72세,경상,승용,남,58세,경상
2018101800100501,2018년 10월 18일 18시,목요일,경상북도 의성군 비안면,중상사고,0,1,0,0,차대사람 - 기타,안전운전불이행,건조,맑음,단일로 - 기타,승용,남,40세,상해없음,보행자,남,62세,중상
2018101800100502,2018년 10월 18일 18시,목요일,경상북도 의성군 단밀면,경상사고,0,0,1,0,차대차 - 측면충돌,중앙선침범,건조,맑음,교차로 - 교차로안,이륜,여,62세,경상,승용,남,58세,상해없음
2018101800100503,2018년 10월 18일 18시,목요일,경상북도 칠곡군 왜관읍,중상사고,0,1,0,0,차대차 - 측면충돌,직진우회전진행방해,건조,맑음,교차로 - 교차로안,승용,여,49세,상해없음,자전거,남,36세,중상
2018101800100504,2018년 10월 18일 18시,목요일,경상북도 청도군 각북면,경상사고,0,0,1,0,차대차 - 측면충돌,안전운전불이행,건조,맑음,기타 - 기타,승용,여,61세,상해없음,자전거,남,29세,경상
2018101800100505,2018년 10월 18일 18시,목요일,경상북도 군위군 소보면,경상사고,0,0,1,0,차량단독 - 전도전복 - 전도,안전운전불이행,건조,맑음,단일로 - 기타,이륜,남,79세,경상,미분류,미분류,미분류,미분류
2018101800100506,2018년 10월 18일 18시,목요일,경상북도 구미시 원평동,경상사고,0,0,1,0,차대차 - 기타,안전운전불이행,건조,맑음,교차로 - 교차로부근,화물,남,57세,상해없음,자전거,남,54세,경상
2018101800100562,2018년 10월 18일 19시,목요일,경상북도 문경시 마성면,경상사고,0,0,2,0,차대차 - 추돌,안전거리미확보,건조,맑음,단일로 - 고가도로위,화물,남,64세,경상,승용,남,49세,경상
2018101800100563,2018년 10월 18일 19시,목요일,경상북도 경산시 하양읍,경상사고,0,0,1,0,차대차 - 기타,신호위반,건조,맑음,교차로 - 교차로안,승용,남,62세,상해없음,승용,남,28세,경상
2018101800100608,2018년 10월 18일 20시,목요일,경상북도 영주시 하망동,경상사고,0,0,2,0,차대차 - 측면충돌,직진우회전진행방해,건조,맑음,교차로 - 교차로안,승용,남,49세,상해없음,승용,여,45세,경상
2018101800100632,2018년 10월 18일 21시,목요일,경상북도 김천시 어모면,중상사고,0,1,1,0,차대차 - 추돌,안전운전불이행,젖음/습기,비,단일로 - 기타,승용,남,28세,경상,화물,남,28세,중상
2018101800100633,2018년 10월 18일 21시,목요일,경상북도 김천시 감문면,중상사고,0,1,1,0,차대사람 - 보도통행중,안전운전불이행,젖음/습기,비,단일로 - 기타,승용,남,52세,경상,보행자,남,75세,중상
2018101800100634,2018년 10월 18일 21시,목요일,경상북도 성주군 용암면,중상사고,0,1,0,0,차량단독 - 공작물충돌,안전운전불이행,건조,맑음,단일로 - 기타,화물,남,59세,중상,,,,
2018101800100672,2018년 10월 18일 22시,목요일,경상북도 경주시 외동읍,중상사고,0,1,0,0,차대사람 - 길가장자리구역통행중,안전운전불이행,젖음/습기,비,단일로 - 기타,승용,남,38세,상해없음,보행자,남,22세,중상
2018101800100673,2018년 10월 18일 22시,목요일,경상북도 포항시 북구 용흥동,경상사고,0,0,1,0,차대사람 - 횡단중,보행자보호의무위반,건조,맑음,교차로 - 교차로안,승용,남,51세,상해없음,보행자,여,17세,경상
2018101800100674,2018년 10월 18일 22시,목요일,경상북도 상주시 인봉동,중상사고,0,1,0,0,차대차 - 측면충돌,교차로운행방법위반,젖음/습기,비,교차로 - 교차로안,승용,남,53세,상해없음,자전거,남,53세,중상
2018101800100698,2018년 10월 18일 23시,목요일,경상북도 경산시 진량읍,경상사고,0,0,1,0,차대차 - 추돌,안전운전불이행,건조,맑음,교차로 - 교차로부근,승용,남,28세,상해없음,승용,여,58세,경상
2018101900100056,2018년 10월 19일 05시,금요일,경상북도 청도군 청도읍,중상사고,0,1,0,0,차대차 - 정면충돌,중앙선침범,건조,맑음,단일로 - 기타,승용,남,70세,상해없음,이륜,남,49세,중상
2018101900100057,2018년 10월 19일 05시,금요일,경상북도 상주시 병성동,사망사고,2,2,1,0,차대차 - 추돌,안전운전불이행,건조,맑음,단일로 - 기타,화물,남,29세,경상,화물,남,38세,상해없음
2018101900100095,2018년 10월 19일 07시,금요일,경상북도 포항시 북구 창포동,경상사고,0,0,2,0,차대차 - 추돌,안전운전불이행,건조,맑음,단일로 - 기타,화물,남,57세,상해없음,승용,남,49세,경상
2018101900100131,2018년 10월 19일 08시,금요일,경상북도 안동시 송현동,중상사고,0,1,0,0,차대사람 - 보도통행중,안전운전불이행,건조,맑음,단일로 - 기타,승용,남,29세,상해없음,보행자,여,60세,중상
2018101900100132,2018년 10월 19일 08시,금요일,경상북도 안동시 송현동,경상사고,0,0,1,0,차대차 - 측면충돌,안전운전불이행,건조,맑음,교차로 - 교차로안,승합,남,67세,상해없음,승용,여,49세,경상
2018101900100133,2018년 10월 19일 08시,금요일,경상북도 구미시 황상동,경상사고,0,0,2,0,차대차 - 기타,중앙선침범,건조,맑음,교차로 - 교차로부근,특수,남,22세,상해없음,승용,여,37세,경상
2018101900100212,2018년 10월 19일 10시,금요일,경상북도 영천시 오미동,경상사고,0,0,1,0,차대차 - 측면충돌,신호위반,건조,맑음,교차로 - 교차로안,화물,남,38세,상해없음,승용,남,70세,경상
2018101900100213,2018년 10월 19일 10시,금요일,경상북도 경산시 진량읍,경상사고,0,0,1,0,차대차 - 측면충돌,기타,건조,맑음,교차로 - 교차로안,이륜,남,41세,상해없음,승용,남,35세,경상
2018101900100214,2018년 10월 19일 10시,금요일,경상북도 청도군 이서면,경상사고,0,0,1,0,차대차 - 측면충돌,직진우회전진행방해,건조,맑음,교차로 - 교차로안,농기계,남,69세,상해없음,이륜,남,79세,경상
2018101900100261,2018년 10월 19일 11시,금요일,경상북도 안동시 풍산읍,중상사고,0,1,0,0,차대사람 - 길가장자리구역통행중,안전운전불이행,건조,맑음,단일로 - 기타,화물,남,40세,상해없음,보행자,여,83세,중상
2018101900100262,2018년 10월 19일 11시,금요일,경상북도 상주시 중동면,중상사고,0,1,0,0,차량단독 - 기타,안전운전불이행,건조,맑음,단일로 - 기타,농기계,남,77세,중상,,,,
2018101900100263,2018년 10월 19일 11시,금요일,경상북도 구미시 원평동,경상사고,0,0,1,0,차대차 - 측면충돌,차로위반,건조,맑음,교차로 - 교차로안,승용,여,44세,상해없음,이륜,남,36세,경상
2018101900100307,2018년 10월 19일 12시,금요일,경상북도 영천시 금호읍,경상사고,0,0,1,0,차대사람 - 길가장자리구역통행중,안전운전불이행,건조,맑음,단일로 - 기타,화물,남,67세,상해없음,보행자,여,76세,경상
2018101900100308,2018년 10월 19일 12시,금요일,경상북도 경산시 옥산동,경상사고,0,0,2,0,차대차 - 추돌,안전거리미확보,건조,맑음,교차로 - 교차로부근,화물,남,57세,상해없음,승용,여,42세,경상
2018101900100309,2018년 10월 19일 12시,금요일,경상북도 고령군 쌍림면,경상사고,0,0,1,0,차대사람 - 차도통행중,안전운전불이행,건조,맑음,단일로 - 기타,화물,남,62세,상해없음,보행자,여,73세,경상
2018101900100310,2018년 10월 19일 12시,금요일,경상북도 고령군 다산면,중상사고,0,1,0,0,차대차 - 기타,기타,건조,맑음,단일로 - 기타,기타불명,남,36세,중상,자전거,여,51세,상해없음
2018101900100311,2018년 10월 19일 12시,금요일,경상북도 포항시 남구 대잠동,중상사고,0,1,0,0,차대사람 - 기타,안전운전불이행,건조,맑음,단일로 - 기타,승용,남,49세,상해없음,보행자,남,55세,중상
2018101900100386,2018년 10월 19일 14시,금요일,경상북도 영덕군 영덕읍,중상사고,0,2,0,0,차대차 - 측면충돌,직진우회전진행방해,건조,맑음,교차로 - 교차로안,화물,여,60세,중상,화물,남,35세,중상
2018101900100387,2018년 10월 19일 14시,금요일,경상북도 포항시 남구 해도동,중상사고,0,1,0,0,차대차 - 측면충돌,안전거리미확보,건조,맑음,단일로 - 기타,승용,남,50세,상해없음,승용,남,68세,중상
2018101900100433,2018년 10월 19일 15시,금요일,경상북도 김천시 신음동,중상사고,0,1,0,0,차대차 - 측면충돌,차로위반,건조,맑음,교차로 - 교차로안,승합,남,50세,상해없음,이륜,남,79세,중상
2018101900100478,2018년 10월 19일 16시,금요일,경상북도 안동시 안흥동,중상사고,0,1,0,0,차대사람 - 보도통행중,보행자보호의무위반,건조,맑음,단일로 - 기타,승용,여,61세,상해없음,보행자,여,63세,중상
2018101900100479,2018년 10월 19일 16시,금요일,경상북도 안동시 풍산읍,경상사고,0,0,1,0,차대차 - 정면충돌,교차로운행방법위반,건조,맑음,교차로 - 교차로안,건설기계,남,63세,상해없음,승용,여,46세,경상
2018101900100480,2018년 10월 19일 16시,금요일,경상북도 안동시 수상동,중상사고,0,1,0,0,차대차 - 측면충돌,중앙선침범,건조,맑음,단일로 - 기타,승용,여,27세,상해없음,승용,남,40세,중상
2018101900100481,2018년 10월 19일 16시,금요일,경상북도 영주시 문수면,중상사고,0,2,2,0,차대차 - 측면충돌,안전운전불이행,건조,맑음,교차로 - 교차로안,승용,남,70세,경상,화물,남,59세,중상
2018101900100532,2018년 10월 19일 17시,금요일,경상북도 포항시 북구 남빈동,경상사고,0,0,1,0,차대차 - 측면충돌,차로위반,건조,맑음,단일로 - 기타,승용,남,53세,상해없음,승용,남,32세,경상
2018101900100533,2018년 10월 19일 17시,금요일,경상북도 경산시 서상동,경상사고,0,0,1,0,차대차 - 측면충돌,신호위반,건조,맑음,교차로 - 교차로안,개인형이동수단(PM),남,17세,상해없음,이륜,남,49세,경상
2018101900100534,2018년 10월 19일 17시,금요일,경상북도 포항시 남구 대도동,경상사고,0,0,1,0,차대차 - 측면충돌,차로위반,건조,맑음,단일로 - 기타,자전거,남,68세,경상,승합,남,50세,상해없음
2018101900100535,2018년 10월 19일 17시,금요일,경상북도 칠곡군 동명면,경상사고,0,0,3,0,차대차 - 추돌,안전운전불이행,건조,맑음,단일로 - 기타,승용,여,36세,경상,승용,남,41세,경상
2018101900100609,2018년 10월 19일 18시,금요일,경상북도 경주시 노서동,부상신고사고,0,0,0,1,차대차 - 추돌,안전운전불이행,건조,맑음,단일로 - 기타,자전거,여,52세,부상신고,승용,남,65세,상해없음
2018101900100611,2018년 10월 19일 18시,금요일,경상북도 영주시 영주동,경상사고,0,0,2,0,차대차 - 추돌,안전운전불이행,건조,맑음,단일로 - 기타,승용,여,51세,상해없음,승용,여,37세,경상
2018101900100612,2018년 10월 19일 18시,금요일,경상북도 영천시 망정동,중상사고,0,1,0,0,차대사람 - 횡단중,안전운전불이행,건조,맑음,단일로 - 기타,승용,여,50세,상해없음,보행자,여,84세,중상
2018101900100613,2018년 10월 19일 18시,금요일,경상북도 영천시 금호읍,경상사고,0,0,1,0,차대차 - 측면충돌,안전거리미확보,건조,맑음,단일로 - 기타,승용,남,82세,상해없음,승용,남,35세,상해없음
2018101900100614,2018년 10월 19일 18시,금요일,경상북도 경산시 옥곡동,경상사고,0,0,1,0,차대사람 - 기타,안전운전불이행,건조,맑음,단일로 - 기타,승용,여,41세,상해없음,보행자,여,32세,경상
2018101900100615,2018년 10월 19일 18시,금요일,경상북도 봉화군 봉화읍,경상사고,0,0,1,0,차대차 - 추돌,안전운전불이행,건조,맑음,단일로 - 기타,승합,남,47세,상해없음,승용,남,57세,상해없음
2018101900100616,2018년 10월 19일 18시,금요일,경상북도 포항시 남구 대도동,중상사고,0,1,0,0,차대사람 - 기타,안전운전불이행,건조,맑음,교차로 - 교차로안,승용,여,46세,상해없음,보행자,남,59세,중상
2018101900100658,2018년 10월 19일 19시,금요일,경상북도 경주시 성건동,경상사고,0,0,2,0,차대차 - 추돌,안전운전불이행,건조,맑음,단일로 - 기타,화물,남,44세,상해없음,화물,남,50세,경상
2018101900100659,2018년 10월 19일 19시,금요일,경상북도 상주시 외서면,중상사고,0,1,0,0,차대차 - 기타,기타,건조,맑음,단일로 - 기타,화물,남,64세,상해없음,승용,여,48세,상해없음
2018101900100703,2018년 10월 19일 20시,금요일,경상북도 경주시 용강동,경상사고,0,0,1,0,차대차 - 측면충돌,안전운전불이행,건조,맑음,교차로 - 교차로안,승용,남,68세,상해없음,승용,남,33세,경상
2018101900100704,2018년 10월 19일 20시,금요일,경상북도 문경시 산양면,중상사고,0,2,0,0,차대차 - 측면충돌,중앙선침범,건조,맑음,단일로 - 교량,이륜,남,67세,중상,승용,남,22세,중상
2018101900100744,2018년 10월 19일 21시,금요일,경상북도 봉화군 소천면,중상사고,0,2,2,0,차대차 - 기타,안전운전불이행,건조,맑음,단일로 - 기타,화물,남,56세,상해없음,승용,남,42세,중상
2018101900100745,2018년 10월 19일 21시,금요일,경상북도 구미시 형곡동,중상사고,0,1,0,0,차대차 - 기타,안전운전불이행,건조,맑음,교차로 - 교차로부근,승용,남,47세,상해없음,이륜,남,22세,중상
2018101900100770,2018년 10월 19일 22시,금요일,경상북도 포항시 북구 두호동,부상신고사고,0,0,0,1,차대차 - 기타,직진우회전진행방해,건조,맑음,교차로 - 교차로안,승용,남,46세,상해없음,원동기,남,16세,부상신고
2018101900100771,2018년 10월 19일 22시,금요일,경상북도 포항시 북구 죽도동,경상사고,0,0,1,0,차대차 - 기타,기타,건조,맑음,교차로 - 교차로부근,승용,남,50세,상해없음,이륜,남,21세,경상
2018101900100772,2018년 10월 19일 22시,금요일,경상북도 울진군 매화면,중상사고,0,1,0,0,차대사람 - 기타,안전운전불이행,건조,맑음,기타 - 기타,승용,남,66세,상해없음,보행자,남,54세,중상
2018101900100797,2018년 10월 19일 23시,금요일,경상북도 고령군 대가야읍,경상사고,0,0,1,0,차대차 - 추돌,안전운전불이행,건조,맑음,단일로 - 기타,승용,남,47세,상해없음,자전거,여,66세,경상
2018101900100798,2018년 10월 19일 23시,금요일,경상북도 구미시 산동면,경상사고,0,0,2,0,차대차 - 추돌,안전운전불이행,건조,맑음,단일로 - 기타,승용,남,31세,상해없음,승용,남,45세,경상
2018102000100026,2018년 10월 20일 01시,토요일,경상북도 구미시 고아읍,부상신고사고,0,0,0,1,차대차 - 기타,안전운전불이행,건조,맑음,단일로 - 기타,승용,남,51세,부상신고,승합,남,61세,상해없음
2018102000100037,2018년 10월 20일 02시,토요일,경상북도 포항시 북구 죽도동,경상사고,0,0,1,0,차대차 - 추돌,안전거리미확보,건조,맑음,단일로 - 기타,승용,남,19세,상해없음,승용,남,55세,경상
2018102000100056,2018년 10월 20일 03시,토요일,경상북도 구미시 인의동,경상사고,0,0,1,1,차대차 - 기타,안전운전불이행,건조,맑음,단일로 - 기타,승용,남,50세,부상신고,이륜,남,28세,경상
2018102000100057,2018년 10월 20일 03시,토요일,경상북도 구미시 선산읍,경상사고,0,0,2,0,차대차 - 기타,안전운전불이행,건조,맑음,단일로 - 기타,화물,남,34세,경상,승용,남,23세,경상
2018102000100065,2018년 10월 20일 04시,토요일,경상북도 포항시 남구 송내동,사망사고,1,0,0,0,차대차 - 기타,신호위반,건조,맑음,교차로 - 교차로횡단보도내,승용,남,49세,상해없음,화물,남,57세,상해없음
2018102000100110,2018년 10월 20일 06시,토요일,경상북도 구미시 선산읍,중상사고,0,1,0,0,차대사람 - 기타,안전운전불이행,건조,맑음,기타 - 기타,승합,남,55세,상해없음,보행자,남,77세,중상
2018102000100111,2018년 10월 20일 06시,토요일,경상북도 포항시 남구 동해면,중상사고,0,1,0,0,차대차 - 측면충돌,안전운전불이행,건조,맑음,교차로 - 교차로부근,승용,남,66세,중상,승용,남,52세,상해없음
2018102000100150,2018년 10월 20일 08시,토요일,경상북도 경주시 외동읍,경상사고,0,0,1,1,차대차 - 측면충돌,신호위반,건조,맑음,교차로 - 교차로안,승용,남,35세,부상신고,승용,여,41세,경상
2018102000100151,2018년 10월 20일 08시,토요일,경상북도 경산시 압량면,경상사고,0,0,1,0,차대차 - 측면충돌,안전운전불이행,건조,맑음,단일로 - 기타,승용,여,54세,상해없음,승용,여,37세,경상
2018102000100182,2018년 10월 20일 09시,토요일,경상북도 경주시 동천동,중상사고,0,1,3,0,차대차 - 추돌,안전운전불이행,건조,맑음,교차로 - 교차로부근,화물,남,50세,상해없음,승용,남,54세,중상
2018102000100183,2018년 10월 20일 09시,토요일,경상북도 청송군 현동면,경상사고,0,0,1,0,차대차 - 측면충돌,중앙선침범,건조,맑음,단일로 - 기타,화물,남,60세,상해없음,승용,여,60세,경상
2018102000100225,2018년 10월 20일 10시,토요일,경상북도 경주시 천군동,경상사고,0,0,5,0,차대차 - 측면충돌,안전운전불이행,건조,맑음,단일로 - 기타,승용,남,35세,상해없음,승용,남,63세,경상
2018102000100226,2018년 10월 20일 10시,토요일,경상북도 영주시 풍기읍,중상사고,0,1,0,0,차대사람 - 기타,안전운전불이행,건조,맑음,교차로 - 교차로부근,승용,여,58세,상해없음,보행자,남,19세,중상
2018102000100227,2018년 10월 20일 10시,토요일,경상북도 칠곡군 지천면,중상사고,0,2,0,1,차대차 - 정면충돌,중앙선침범,건조,맑음,단일로 - 기타,승용,남,66세,부상신고,승용,남,65세,중상
2018102000100260,2018년 10월 20일 11시,토요일,경상북도 영천시 신령면,경상사고,0,0,2,0,차대차 - 측면충돌,교차로운행방법위반,건조,맑음,교차로 - 교차로안,승용,남,69세,상해없음,농기계,남,79세,경상
2018102000100261,2018년 10월 20일 11시,토요일,경상북도 경산시 상방동,중상사고,0,1,0,0,차대사람 - 길가장자리구역통행중,안전운전불이행,건조,맑음,단일로 - 기타,승용,남,34세,상해없음,보행자,여,50세,중상
2018102000100262,2018년 10월 20일 11시,토요일,경상북도 포항시 남구 연일읍,경상사고,0,0,2,0,차대차 - 추돌,안전운전불이행,건조,맑음,단일로 - 기타,승용,남,66세,상해없음,승용,여,40세,경상
2018102000100263,2018년 10월 20일 11시,토요일,경상북도 포항시 북구 흥해읍,경상사고,0,0,7,0,차대차 - 추돌,안전운전불이행,건조,맑음,단일로 - 기타,화물,남,57세,경상,승합,남,35세,경상
2018102000100303,2018년 10월 20일 12시,토요일,경상북도 경주시 노서동,경상사고,0,0,1,0,차대사람 - 차도통행중,안전운전불이행,건조,맑음,단일로 - 기타,승용,여,22세,상해없음,보행자,여,21세,경상
2018102000100304,2018년 10월 20일 12시,토요일,경상북도 안동시 수상동,중상사고,0,1,4,0,차대차 - 추돌,안전운전불이행,건조,맑음,단일로 - 기타,승용,남,38세,상해없음,승용,남,44세,경상
2018102000100305,2018년 10월 20일 12시,토요일,경상북도 문경시 문경읍,중상사고,0,1,0,0,차대사람 - 차도통행중,안전운전불이행,건조,맑음,교차로 - 교차로안,승용,여,41세,상해없음,보행자,남,50세,중상
2018102000100306,2018년 10월 20일 12시,토요일,경상북도 문경시 산양면,경상사고,0,0,1,0,차대차 - 추돌,안전운전불이행,건조,맑음,교차로 - 교차로안,화물,남,57세,상해없음,자전거,남,46세,경상
2018102000100307,2018년 10월 20일 12시,토요일,경상북도 구미시 고아읍,경상사고,0,0,2,0,차대차 - 기타,안전운전불이행,건조,맑음,교차로 - 교차로안,승용,여,49세,경상,승용,남,42세,경상
2018102000100350,2018년 10월 20일 13시,토요일,경상북도 상주시 사벌면,중상사고,0,1,1,0,차대차 - 측면충돌,중앙선침범,건조,맑음,교차로 - 교차로안,승용,여,56세,중상,승용,남,41세,경상
2018102000100351,2018년 10월 20일 13시,토요일,경상북도 영덕군 강구면,경상사고,0,0,4,0,차대차 - 추돌,안전거리미확보,건조,맑음,교차로 - 교차로부근,화물,남,54세,상해없음,승용,여,51세,경상
2018102000100352,2018년 10월 20일 13시,토요일,경상북도 포항시 남구 효자동,경상사고,0,0,1,0,차대차 - 측면충돌,신호위반,건조,흐림,교차로 - 교차로안,승용,여,62세,상해없음,승용,남,36세,경상