사고번호,사고일시,요일,시군구,사고내용,사망자수,중상자수,경상자수,부상신고자수,사고유형,법규위반,노면상태,기상상태,도로형태,가해운전자 차종,가해운전자 성별,가해운전자 연령,가해운전자 상해정도,피해운전자 차종,피해운전자 성별,피해운전자 연령,피해운전자 상해정도
2018102000100353,2018년 10월 20일 13시,토요일,경상북도 포항시 남구 효자동,경상사고,0,0,1,0,차대차 - 측면충돌,안전운전불이행,건조,맑음,교차로 - 교차로안,승용,여,37세,상해없음,자전거,여,60세,경상
2018102000100390,2018년 10월 20일 14시,토요일,경상북도 김천시 평화동,중상사고,0,1,0,0,차대사람 - 차도통행중,안전운전불이행,건조,맑음,단일로 - 기타,승용,여,48세,상해없음,보행자,여,73세,중상
2018102000100391,2018년 10월 20일 14시,토요일,경상북도 영덕군 영덕읍,사망사고,1,0,0,2,차대사람 - 기타,안전운전불이행,건조,맑음,단일로 - 기타,이륜,남,64세,부상신고,보행자,남,90세 이상,사망
2018102000100435,2018년 10월 20일 15시,토요일,경상북도 경주시 탑동,경상사고,0,0,6,0,차대차 - 측면충돌,안전운전불이행,건조,맑음,교차로 - 교차로부근,화물,남,71세,상해없음,승용,남,62세,경상
2018102000100436,2018년 10월 20일 15시,토요일,경상북도 상주시 화남면,경상사고,0,0,1,0,차대차 - 측면충돌,안전운전불이행,건조,맑음,교차로 - 교차로부근,자전거,여,41세,경상,승용,여,24세,상해없음
2018102000100437,2018년 10월 20일 15시,토요일,경상북도 예천군 용궁면,중상사고,0,1,0,0,차량단독 - 기타,안전운전불이행,건조,맑음,단일로 - 기타,화물,남,56세,상해없음,,,,
2018102000100478,2018년 10월 20일 16시,토요일,경상북도 경주시 건천읍,중상사고,0,1,1,0,차대차 - 추돌,안전운전불이행,건조,맑음,단일로 - 기타,건설기계,남,29세,상해없음,건설기계,남,42세,경상
2018102000100479,2018년 10월 20일 16시,토요일,경상북도 안동시 신안동,중상사고,0,1,2,0,차대차 - 추돌,안전운전불이행,건조,맑음,단일로 - 기타,승용,남,48세,상해없음,승용,여,48세,중상
2018102000100480,2018년 10월 20일 16시,토요일,경상북도 김천시 황금동,중상사고,0,1,0,0,차대사람 - 횡단중,보행자보호의무위반,건조,맑음,단일로 - 기타,승용,남,65세,상해없음,보행자,여,68세,중상
2018102000100481,2018년 10월 20일 16시,토요일,경상북도 김천시 교동,중상사고,0,1,0,0,차대차 - 측면충돌,차로위반,건조,맑음,교차로 - 교차로부근,승용,남,40세,상해없음,이륜,여,76세,중상
2018102000100482,2018년 10월 20일 16시,토요일,경상북도 상주시 사벌면,경상사고,0,0,1,0,차대차 - 정면충돌,안전운전불이행,건조,맑음,단일로 - 기타,자전거,여,59세,상해없음,자전거,남,27세,경상
2018102000100483,2018년 10월 20일 16시,토요일,경상북도 상주시 중동면,경상사고,0,0,1,0,차대차 - 측면충돌,안전운전불이행,건조,맑음,단일로 - 기타,자전거,여,59세,상해없음,자전거,남,27세,경상
2018102000100484,2018년 10월 20일 16시,토요일,경상북도 영천시 임고면,경상사고,0,0,1,0,차대차 - 측면충돌,직진우회전진행방해,건조,맑음,교차로 - 교차로안,화물,남,70세,상해없음,승용,여,48세,경상
2018102000100485,2018년 10월 20일 16시,토요일,경상북도 영덕군 축산면,경상사고,0,0,1,0,차대차 - 추돌,안전운전불이행,건조,맑음,기타 - 기타,승용,여,48세,상해없음,농기계,남,65세,경상
2018102000100535,2018년 10월 20일 17시,토요일,경상북도 구미시 형곡동,경상사고,0,0,1,0,차대사람 - 기타,안전운전불이행,건조,맑음,교차로 - 교차로부근,승용,남,23세,상해없음,보행자,남,15세,경상
2018102000100591,2018년 10월 20일 18시,토요일,경상북도 상주시 낙동면,중상사고,0,3,0,0,차대차 - 측면충돌,안전운전불이행,건조,맑음,단일로 - 기타,화물,남,60세,상해없음,승용,남,65세,중상
2018102000100658,2018년 10월 20일 19시,토요일,경상북도 포항시 남구 청림동,경상사고,0,0,2,0,차대차 - 추돌,안전운전불이행,건조,맑음,교차로 - 교차로부근,승용,여,37세,상해없음,승용,남,51세,경상
2018102000100687,2018년 10월 20일 20시,토요일,경상북도 경주시 노서동,경상사고,0,0,1,0,차량단독 - 전도전복 - 전도,안전운전불이행,건조,맑음,교차로 - 교차로부근,자전거,남,65세,경상,미분류,미분류,미분류,미분류
2018102000100688,2018년 10월 20일 20시,토요일,경상북도 포항시 북구 죽도동,경상사고,0,0,4,0,차대차 - 추돌,안전운전불이행,건조,맑음,교차로 - 교차로부근,승용,남,50세,상해없음,승용,남,68세,경상
2018102000100689,2018년 10월 20일 20시,토요일,경상북도 포항시 북구 양덕동,중상사고,0,1,1,0,차대차 - 측면충돌,차로위반,건조,맑음,단일로 - 기타,승용,남,65세,상해없음,승용,남,35세,중상
2018102000100729,2018년 10월 20일 21시,토요일,경상북도 문경시 모전동,경상사고,0,0,2,0,차대차 - 추돌,안전운전불이행,건조,맑음,단일로 - 기타,이륜,남,15세,경상,승용,남,43세,상해없음
2018102000100771,2018년 10월 20일 23시,토요일,경상북도 영천시 망정동,경상사고,0,0,6,0,차대차 - 측면충돌,직진우회전진행방해,건조,맑음,교차로 - 교차로안,승용,여,47세,경상,승용,남,34세,경상
2018102100100083,2018년 10월 21일 07시,일요일,경상북도 안동시 태화동,경상사고,0,0,2,0,차대차 - 추돌,안전운전불이행,건조,맑음,단일로 - 기타,승용,남,30세,상해없음,승용,남,53세,경상
2018102100100084,2018년 10월 21일 07시,일요일,경상북도 울진군 울진읍,중상사고,0,1,0,0,차량단독 - 전도전복 - 전복,안전운전불이행,건조,맑음,단일로 - 기타,승용,남,49세,상해없음,미분류,미분류,미분류,미분류
2018102100100085,2018년 10월 21일 07시,일요일,경상북도 포항시 남구 오천읍,중상사고,0,1,0,0,차대차 - 측면충돌,직진우회전진행방해,건조,맑음,교차로 - 교차로안,승용,남,28세,상해없음,자전거,여,20세,중상
2018102100100121,2018년 10월 21일 09시,일요일,경상북도 문경시 산양면,중상사고,0,1,0,0,차대차 - 측면충돌,안전운전불이행,건조,맑음,단일로 - 기타,승합,남,56세,상해없음,승용,여,55세,중상
2018102100100122,2018년 10월 21일 09시,일요일,경상북도 청도군 청도읍,경상사고,0,0,1,0,차대차 - 추돌,안전운전불이행,건조,맑음,교차로 - 교차로부근,승용,남,18세,상해없음,승용,여,47세,경상
2018102100100141,2018년 10월 21일 10시,일요일,경상북도 상주시 무양동,중상사고,0,1,0,0,차대차 - 측면충돌,안전운전불이행,건조,맑음,교차로 - 교차로안,화물,남,43세,상해없음,이륜,남,57세,중상
2018102100100164,2018년 10월 21일 11시,일요일,경상북도 포항시 북구 양덕동,경상사고,0,0,4,0,차대차 - 측면충돌,중앙선침범,건조,맑음,단일로 - 기타,승용,여,33세,상해없음,승용,남,37세,경상
2018102100100165,2018년 10월 21일 11시,일요일,경상북도 포항시 북구 죽도동,경상사고,0,0,1,0,차대차 - 추돌,안전운전불이행,건조,맑음,단일로 - 기타,승용,남,59세,상해없음,승용,여,37세,경상
2018102100100166,2018년 10월 21일 11시,일요일,경상북도 상주시 낙양동,경상사고,0,0,2,0,차대차 - 측면충돌,안전거리미확보,건조,맑음,단일로 - 기타,승합,남,41세,상해없음,승용,남,53세,경상
2018102100100167,2018년 10월 21일 11시,일요일,경상북도 경산시 중방동,경상사고,0,0,1,0,차대차 - 측면충돌,직진우회전진행방해,건조,맑음,교차로 - 교차로안,승용,남,38세,상해없음,승용,여,52세,경상
2018102100100196,2018년 10월 21일 12시,일요일,경상북도 경주시 동천동,경상사고,0,0,1,0,차대차 - 추돌,안전운전불이행,건조,맑음,단일로 - 기타,승용,남,35세,상해없음,승용,남,54세,경상
2018102100100197,2018년 10월 21일 12시,일요일,경상북도 문경시 동로면,중상사고,0,1,0,0,차량단독 - 공작물충돌,안전운전불이행,기타,맑음,단일로 - 기타,화물,남,36세,중상,,,,
2018102100100198,2018년 10월 21일 12시,일요일,경상북도 울진군 죽변면,중상사고,0,1,0,0,차대차 - 측면충돌,안전운전불이행,건조,맑음,단일로 - 기타,승용,여,42세,상해없음,이륜,남,81세,중상
2018102100100199,2018년 10월 21일 12시,일요일,경상북도 포항시 남구 구룡포읍,부상신고사고,0,0,0,1,차대차 - 기타,안전운전불이행,건조,맑음,교차로 - 교차로부근,이륜,남,60세,상해없음,승합,남,51세,상해없음
2018102100100234,2018년 10월 21일 13시,일요일,경상북도 김천시 지좌동,중상사고,0,1,0,0,차대차 - 정면충돌,안전운전불이행,건조,맑음,단일로 - 기타,승용,여,63세,상해없음,이륜,남,78세,중상
2018102100100235,2018년 10월 21일 13시,일요일,경상북도 칠곡군 왜관읍,경상사고,0,0,1,0,차대차 - 추돌,안전운전불이행,건조,맑음,단일로 - 기타,승용,여,40세,상해없음,승용,남,46세,경상
2018102100100300,2018년 10월 21일 15시,일요일,경상북도 김천시 증산면,중상사고,0,1,0,0,차대차 - 측면충돌,중앙선침범,건조,맑음,단일로 - 기타,이륜,남,58세,중상,승용,남,60세,상해없음
2018102100100301,2018년 10월 21일 15시,일요일,경상북도 영주시 휴천동,경상사고,0,0,4,0,차대차 - 측면충돌,차로위반,건조,맑음,단일로 - 기타,승용,남,72세,상해없음,승용,남,41세,경상
2018102100100302,2018년 10월 21일 15시,일요일,경상북도 포항시 남구 오천읍,경상사고,0,0,4,0,차대차 - 기타,신호위반,건조,맑음,교차로 - 교차로안,승용,여,57세,상해없음,승용,남,26세,경상
2018102100100341,2018년 10월 21일 16시,일요일,경상북도 포항시 남구 연일읍,경상사고,0,0,1,0,차대차 - 측면충돌,기타,건조,맑음,단일로 - 터널,화물,남,52세,상해없음,승용,남,39세,경상
2018102100100342,2018년 10월 21일 16시,일요일,경상북도 칠곡군 약목면,부상신고사고,0,0,0,1,차량단독 - 공작물충돌,안전운전불이행,건조,맑음,단일로 - 고가도로위,이륜,남,64세,부상신고,,,,
2018102100100343,2018년 10월 21일 16시,일요일,경상북도 구미시 남통동,경상사고,0,0,2,0,차대차 - 측면충돌,안전운전불이행,건조,맑음,주차장 - 주차장,승용,남,47세,상해없음,승용,남,24세,경상
2018102100100344,2018년 10월 21일 16시,일요일,경상북도 포항시 남구 오천읍,중상사고,0,1,0,0,차대차 - 기타,교차로운행방법위반,건조,맑음,교차로 - 교차로안,승용,남,66세,상해없음,승용,남,59세,중상
2018102100100345,2018년 10월 21일 16시,일요일,경상북도 포항시 남구 대잠동,경상사고,0,0,2,0,차대차 - 측면충돌,직진우회전진행방해,건조,맑음,교차로 - 교차로안,승용,여,47세,상해없음,승용,남,51세,경상
2018102100100419,2018년 10월 21일 18시,일요일,경상북도 영주시 부석면,경상사고,0,0,1,0,차대차 - 측면충돌,안전운전불이행,건조,맑음,기타 - 기타,농기계,남,79세,상해없음,승용,여,50세,경상
2018102100100420,2018년 10월 21일 18시,일요일,경상북도 경산시 옥산동,경상사고,0,0,1,0,차대사람 - 횡단중,안전운전불이행,건조,맑음,교차로 - 교차로안,이륜,남,22세,상해없음,보행자,여,55세,경상
2018102100100421,2018년 10월 21일 18시,일요일,경상북도 경산시 평산동,중상사고,0,1,2,0,차대차 - 기타,안전운전불이행,건조,맑음,교차로 - 교차로안,승용,여,44세,경상,승용,남,57세,중상
2018102100100461,2018년 10월 21일 19시,일요일,경상북도 안동시 옥동,경상사고,0,0,2,0,차대차 - 측면충돌,신호위반,건조,맑음,교차로 - 교차로안,승용,남,54세,상해없음,승용,남,31세,경상
2018102100100462,2018년 10월 21일 19시,일요일,경상북도 상주시 함창읍,경상사고,0,0,2,0,차대차 - 측면충돌,안전운전불이행,건조,맑음,단일로 - 기타,화물,남,25세,상해없음,승용,남,54세,경상
2018102100100463,2018년 10월 21일 19시,일요일,경상북도 경산시 조영동,경상사고,0,0,1,0,차대차 - 측면충돌,안전운전불이행,건조,맑음,단일로 - 기타,이륜,남,32세,경상,이륜,남,18세,상해없음
2018102100100497,2018년 10월 21일 20시,일요일,경상북도 문경시 유곡동,중상사고,0,1,0,0,차대사람 - 기타,안전운전불이행,건조,맑음,기타 - 기타,승용,남,33세,상해없음,보행자,남,4세,중상
2018102100100525,2018년 10월 21일 21시,일요일,경상북도 안동시 당북동,경상사고,0,0,2,0,차대차 - 추돌,안전거리미확보,건조,맑음,교차로 - 교차로부근,승용,남,65세,상해없음,승용,남,61세,경상
2018102100100526,2018년 10월 21일 21시,일요일,경상북도 상주시 낙동면,경상사고,0,0,2,0,차량단독 - 기타,안전운전불이행,건조,맑음,단일로 - 기타,승합,남,42세,상해없음,,,,
2018102100100551,2018년 10월 21일 22시,일요일,경상북도 경주시 황성동,경상사고,0,0,1,0,차대사람 - 횡단중,안전운전불이행,건조,맑음,교차로 - 교차로부근,이륜,남,16세,상해없음,보행자,남,66세,경상
2018102100100552,2018년 10월 21일 22시,일요일,경상북도 경산시 진량읍,경상사고,0,0,2,0,차대차 - 정면충돌,중앙선침범,건조,맑음,단일로 - 기타,이륜,남,19세,상해없음,승용,남,27세,경상
2018102200100059,2018년 10월 22일 07시,월요일,경상북도 청도군 화양읍,경상사고,0,0,1,0,차대차 - 측면충돌,불법유턴,건조,맑음,교차로 - 교차로안,화물,남,56세,상해없음,화물,남,51세,경상
2018102200100096,2018년 10월 22일 08시,월요일,경상북도 영주시 가흥동,중상사고,0,1,1,0,차대차 - 측면충돌,안전운전불이행,건조,맑음,교차로 - 교차로안,승용,여,25세,중상,승용,여,48세,경상
2018102200100097,2018년 10월 22일 08시,월요일,경상북도 영천시 서산동,경상사고,0,0,1,0,차대차 - 측면충돌,안전운전불이행,건조,맑음,단일로 - 기타,승용,여,40세,경상,승용,남,57세,상해없음
2018102200100129,2018년 10월 22일 09시,월요일,경상북도 경주시 서악동,경상사고,0,0,2,0,차대차 - 측면충돌,신호위반,건조,맑음,교차로 - 교차로안,화물,남,62세,상해없음,승용,남,49세,경상
2018102200100130,2018년 10월 22일 09시,월요일,경상북도 예천군 지보면,중상사고,0,1,0,0,차대차 - 측면충돌,안전운전불이행,건조,맑음,단일로 - 기타,농기계,남,86세,중상,승용,남,71세,상해없음
2018102200100131,2018년 10월 22일 09시,월요일,경상북도 구미시 황상동,경상사고,0,0,3,0,차대차 - 기타,직진우회전진행방해,건조,맑음,교차로 - 교차로안,승용,남,47세,경상,승용,여,44세,경상
2018102200100167,2018년 10월 22일 10시,월요일,경상북도 경주시 동천동,중상사고,0,1,0,0,차대차 - 측면충돌,안전운전불이행,건조,맑음,교차로 - 교차로횡단보도내,화물,남,44세,상해없음,자전거,남,61세,중상
2018102200100168,2018년 10월 22일 10시,월요일,경상북도 영천시 창구동,경상사고,0,0,3,0,차대차 - 측면충돌,직진우회전진행방해,건조,맑음,교차로 - 교차로안,화물,남,65세,경상,승용,남,67세,경상
2018102200100199,2018년 10월 22일 11시,월요일,경상북도 상주시 낙양동,중상사고,0,1,2,0,차대차 - 측면충돌,교차로운행방법위반,건조,맑음,교차로 - 교차로안,화물,남,26세,상해없음,화물,남,50세,경상
2018102200100200,2018년 10월 22일 11시,월요일,경상북도 의성군 의성읍,경상사고,0,0,1,0,차대차 - 측면충돌,안전거리미확보,건조,맑음,교차로 - 교차로안,화물,남,58세,상해없음,승용,남,74세,경상
2018102200100201,2018년 10월 22일 11시,월요일,경상북도 영천시 고경면,경상사고,0,0,1,0,차대차 - 측면충돌,안전거리미확보,건조,맑음,단일로 - 기타,승용,남,63세,상해없음,화물,여,63세,경상
2018102200100238,2018년 10월 22일 12시,월요일,경상북도 안동시 옥동,중상사고,0,1,2,0,차대차 - 측면충돌,직진우회전진행방해,건조,맑음,교차로 - 교차로안,승용,여,51세,경상,승용,여,65세,중상
2018102200100239,2018년 10월 22일 12시,월요일,경상북도 군위군 효령면,중상사고,0,1,2,0,차대차 - 정면충돌,안전운전불이행,건조,맑음,단일로 - 기타,화물,남,67세,중상,화물,남,66세,경상
2018102200100240,2018년 10월 22일 12시,월요일,경상북도 포항시 남구 해도동,중상사고,0,1,0,0,차대사람 - 길가장자리구역통행중,교차로운행방법위반,건조,맑음,교차로 - 교차로안,승용,여,42세,상해없음,보행자,남,61세,중상
2018102200100241,2018년 10월 22일 12시,월요일,경상북도 의성군 봉양면,중상사고,0,4,2,1,차대차 - 추돌,안전운전불이행,건조,맑음,단일로 - 기타,화물,남,62세,상해없음,승용,여,60세,중상
2018102200100262,2018년 10월 22일 13시,월요일,경상북도 영천시 완산동,경상사고,0,0,2,0,차대차 - 측면충돌,신호위반,건조,맑음,교차로 - 교차로안,특수,남,57세,상해없음,화물,남,73세,경상
2018102200100280,2018년 10월 22일 14시,월요일,경상북도 칠곡군 약목면,중상사고,0,1,0,1,차대차 - 측면충돌,교차로운행방법위반,건조,맑음,교차로 - 교차로안,화물,여,44세,부상신고,사륜오토바이(ATV),남,78세,중상
2018102200100281,2018년 10월 22일 14시,월요일,경상북도 구미시 송정동,경상사고,0,0,1,0,차대차 - 기타,직진우회전진행방해,건조,맑음,교차로 - 교차로안,승용,여,58세,상해없음,승용,여,52세,경상
2018102200100282,2018년 10월 22일 14시,월요일,경상북도 포항시 남구 해도동,경상사고,0,0,1,0,차대사람 - 길가장자리구역통행중,안전운전불이행,건조,맑음,교차로 - 교차로부근,기타불명,기타불명,미분류,기타불명,보행자,여,66세,경상
2018102200100348,2018년 10월 22일 16시,월요일,경상북도 포항시 북구 흥해읍,경상사고,0,0,1,0,차대차 - 측면충돌,차로위반,건조,맑음,단일로 - 기타,승용,남,69세,상해없음,건설기계,남,46세,경상
2018102200100349,2018년 10월 22일 16시,월요일,경상북도 포항시 북구 대흥동,경상사고,0,0,1,0,차대차 - 측면충돌,안전거리미확보,건조,맑음,단일로 - 기타,승용,남,34세,상해없음,승용,남,59세,경상
2018102200100384,2018년 10월 22일 17시,월요일,경상북도 경주시 성건동,경상사고,0,0,1,0,차대사람 - 차도통행중,안전운전불이행,건조,맑음,단일로 - 기타,승용,여,56세,상해없음,보행자,남,81세,경상
2018102200100385,2018년 10월 22일 17시,월요일,경상북도 포항시 북구 환호동,경상사고,0,0,1,0,차대차 - 기타,중앙선침범,건조,맑음,단일로 - 기타,승용,남,65세,상해없음,이륜,남,51세,경상
2018102200100386,2018년 10월 22일 17시,월요일,경상북도 포항시 남구 해도동,중상사고,0,1,2,0,차대차 - 측면충돌,안전거리미확보,건조,맑음,단일로 - 기타,승용,남,69세,중상,승용,남,32세,경상
2018102200100451,2018년 10월 22일 18시,월요일,경상북도 안동시 수상동,경상사고,0,0,1,0,차량단독 - 공작물충돌,안전운전불이행,건조,맑음,단일로 - 기타,승용,남,52세,경상,,,,
2018102200100452,2018년 10월 22일 18시,월요일,경상북도 상주시 화산동,중상사고,0,1,0,0,차대차 - 측면충돌,안전운전불이행,건조,맑음,단일로 - 기타,승용,남,68세,상해없음,농기계,남,73세,중상
2018102200100453,2018년 10월 22일 18시,월요일,경상북도 청도군 매전면,경상사고,0,0,1,0,차대사람 - 길가장자리구역통행중,안전운전불이행,건조,맑음,단일로 - 기타,승용,남,77세,상해없음,보행자,여,81세,경상
2018102200100506,2018년 10월 22일 19시,월요일,경상북도 경주시 건천읍,중상사고,0,1,1,0,차대차 - 기타,안전운전불이행,건조,맑음,단일로 - 기타,특수,남,38세,상해없음,화물,남,50세,경상
2018102200100507,2018년 10월 22일 19시,월요일,경상북도 영주시 봉현면,사망사고,1,0,0,0,차대사람 - 횡단중,안전운전불이행,건조,맑음,교차로 - 교차로부근,화물,남,43세,상해없음,보행자,여,72세,사망
2018102200100508,2018년 10월 22일 19시,월요일,경상북도 영주시 봉현면,중상사고,0,1,0,0,차대차 - 측면충돌,안전운전불이행,건조,맑음,교차로 - 교차로안,승합,여,19세,상해없음,화물,남,52세,중상
2018102200100509,2018년 10월 22일 19시,월요일,경상북도 구미시 원평동,경상사고,0,0,1,0,차대차 - 기타,안전운전불이행,건조,맑음,단일로 - 기타,승용,남,62세,상해없음,승용,남,59세,경상
2018102200100510,2018년 10월 22일 19시,월요일,경상북도 구미시 선기동,경상사고,0,0,1,0,차대사람 - 기타,안전운전불이행,건조,맑음,단일로 - 기타,승용,남,49세,상해없음,보행자,여,51세,경상
2018102200100531,2018년 10월 22일 20시,월요일,경상북도 상주시 만산동,중상사고,0,1,0,0,차대차 - 추돌,안전운전불이행,건조,맑음,단일로 - 기타,승용,남,34세,상해없음,화물,남,52세,상해없음
2018102200100532,2018년 10월 22일 20시,월요일,경상북도 경산시 평산동,경상사고,0,0,3,0,차대차 - 측면충돌,안전운전불이행,건조,맑음,단일로 - 기타,특수,남,33세,상해없음,승용,남,45세,경상
2018102200100586,2018년 10월 22일 23시,월요일,경상북도 포항시 북구 용흥동,경상사고,0,0,2,0,차대차 - 추돌,안전거리미확보,건조,맑음,교차로 - 교차로부근,승용,여,64세,상해없음,승용,남,60세,경상
2018102200100587,2018년 10월 22일 23시,월요일,경상북도 구미시 송정동,중상사고,0,1,0,0,차대사람 - 차도통행중,안전운전불이행,건조,맑음,단일로 - 기타,승용,남,33세,상해없음,보행자,여,68세,중상
2018102300100007,2018년 10월 23일 00시,화요일,경상북도 포항시 북구 우현동,중상사고,0,1,0,0,차대차 - 추돌,안전운전불이행,건조,맑음,단일로 - 기타,승용,여,56세,상해없음,승용,여,51세,중상
2018102300100054,2018년 10월 23일 06시,화요일,경상북도 상주시 복룡동,중상사고,0,1,0,0,차대차 - 정면충돌,안전운전불이행,건조,맑음,교차로 - 교차로안,승합,남,35세,상해없음,자전거,남,76세,중상
2018102300100055,2018년 10월 23일 06시,화요일,경상북도 경산시 백천동,사망사고,1,0,0,0,차대사람 - 횡단중,안전운전불이행,건조,맑음,교차로 - 교차로안,승용,남,57세,상해없음,보행자,여,81세,사망
2018102300100079,2018년 10월 23일 07시,화요일,경상북도 포항시 북구 죽도동,경상사고,0,0,1,0,차대차 - 측면충돌,안전운전불이행,건조,맑음,교차로 - 교차로안,자전거,여,69세,경상,화물,남,65세,상해없음
2018102300100080,2018년 10월 23일 07시,화요일,경상북도 영천시 신령면,경상사고,0,0,1,0,차대차 - 추돌,교차로운행방법위반,건조,맑음,교차로 - 교차로안,승용,여,49세,상해없음,승용,여,57세,경상
2018102300100119,2018년 10월 23일 08시,화요일,경상북도 문경시 모전동,경상사고,0,0,2,0,차대차 - 추돌,신호위반,건조,맑음,교차로 - 교차로안,승용,여,65세,상해없음,승용,여,35세,경상
2018102300100158,2018년 10월 23일 09시,화요일,경상북도 경주시 내남면,중상사고,0,1,0,0,차대차 - 측면충돌,안전운전불이행,건조,맑음,단일로 - 기타,화물,남,27세,상해없음,자전거,남,79세,중상
2018102300100159,2018년 10월 23일 09시,화요일,경상북도 포항시 북구 죽도동,중상사고,0,1,0,0,차대사람 - 기타,기타,건조,맑음,단일로 - 기타,화물,남,53세,상해없음,보행자,여,63세,중상
2018102300100160,2018년 10월 23일 09시,화요일,경상북도 안동시 태화동,중상사고,0,1,0,0,차대차 - 측면충돌,신호위반,건조,맑음,교차로 - 교차로안,승합,남,65세,상해없음,개인형이동수단(PM),남,78세,중상
2018102300100195,2018년 10월 23일 10시,화요일,경상북도 청도군 화양읍,경상사고,0,0,1,0,차대차 - 측면충돌,안전운전불이행,건조,맑음,단일로 - 기타,승용,남,64세,상해없음,승용,여,55세,경상
2018102300100196,2018년 10월 23일 10시,화요일,경상북도 문경시 마성면,중상사고,0,2,0,0,차량단독 - 도로외이탈 - 기타,안전운전불이행,젖음/습기,안개,단일로 - 기타,승용,남,66세,상해없음,,,,
2018102300100228,2018년 10월 23일 11시,화요일,경상북도 포항시 북구 중앙동,경상사고,0,0,1,0,차대사람 - 차도통행중,안전운전불이행,건조,맑음,교차로 - 교차로안,승합,남,64세,상해없음,보행자,여,61세,경상
2018102300100253,2018년 10월 23일 12시,화요일,경상북도 안동시 안막동,중상사고,0,1,0,0,차대차 - 측면충돌,안전운전불이행,건조,맑음,단일로 - 기타,승용,남,32세,상해없음,승용,남,25세,중상
2018102300100254,2018년 10월 23일 12시,화요일,경상북도 영주시 봉현면,중상사고,0,1,0,0,차대차 - 측면충돌,교차로운행방법위반,건조,맑음,교차로 - 교차로안,화물,남,77세,상해없음,이륜,남,36세,중상
2018102300100255,2018년 10월 23일 12시,화요일,경상북도 봉화군 춘양면,중상사고,0,1,0,0,차대사람 - 기타,안전운전불이행,건조,맑음,주차장 - 주차장,승용,남,42세,상해없음,보행자,여,65세,중상
2018102300100303,2018년 10월 23일 14시,화요일,경상북도 안동시 일직면,경상사고,0,0,1,0,차대차 - 추돌,안전거리미확보,건조,맑음,교차로 - 교차로부근,화물,남,53세,상해없음,승용,여,60세,경상
2018102300100304,2018년 10월 23일 14시,화요일,경상북도 청도군 이서면,경상사고,0,0,1,0,차대차 - 측면충돌,중앙선침범,건조,맑음,기타 - 기타,건설기계,남,43세,상해없음,이륜,남,42세,경상
2018102300100305,2018년 10월 23일 14시,화요일,경상북도 구미시 지산동,경상사고,0,0,1,0,차대차 - 추돌,안전운전불이행,건조,맑음,단일로 - 기타,승용,여,54세,상해없음,승용,남,66세,경상
2018102300100333,2018년 10월 23일 15시,화요일,경상북도 경주시 인왕동,사망사고,1,0,0,0,차대차 - 측면충돌,안전운전불이행,건조,맑음,단일로 - 기타,승합,남,48세,상해없음,이륜,남,28세,사망
2018102300100364,2018년 10월 23일 16시,화요일,경상북도 의성군 점곡면,경상사고,0,0,2,0,차대차 - 측면충돌,안전운전불이행,건조,맑음,기타 - 기타,화물,남,73세,경상,승용,남,57세,경상
2018102300100365,2018년 10월 23일 16시,화요일,경상북도 의성군 다인면,중상사고,0,1,0,0,차대차 - 측면충돌,안전거리미확보,건조,맑음,교차로 - 교차로안,화물,남,59세,상해없음,자전거,남,80세,중상
2018102300100406,2018년 10월 23일 17시,화요일,경상북도 경주시 감포읍,중상사고,0,1,1,0,차대차 - 추돌,직진우회전진행방해,건조,맑음,교차로 - 교차로안,승용,여,29세,상해없음,화물,남,59세,상해없음
2018102300100407,2018년 10월 23일 17시,화요일,경상북도 경주시 성건동,경상사고,0,0,1,0,차대차 - 측면충돌,안전운전불이행,건조,맑음,단일로 - 기타,화물,남,46세,상해없음,자전거,여,56세,경상
2018102300100408,2018년 10월 23일 17시,화요일,경상북도 영주시 가흥동,중상사고,0,1,0,0,차대차 - 측면충돌,교차로운행방법위반,건조,맑음,교차로 - 교차로안,승용,여,36세,상해없음,승용,남,69세,중상
2018102300100409,2018년 10월 23일 17시,화요일,경상북도 영주시 창진동,중상사고,0,1,0,0,차대사람 - 횡단중,중앙선침범,건조,맑음,단일로 - 기타,화물,남,49세,상해없음,보행자,여,7세,중상
2018102300100410,2018년 10월 23일 17시,화요일,경상북도 예천군 예천읍,중상사고,0,2,0,0,차대차 - 측면충돌,안전운전불이행,건조,맑음,단일로 - 기타,화물,남,47세,상해없음,이륜,남,80세,중상
2018102300100469,2018년 10월 23일 18시,화요일,경상북도 경주시 사정동,경상사고,0,0,1,0,차대차 - 추돌,안전운전불이행,건조,맑음,단일로 - 기타,승용,남,74세,상해없음,승용,여,54세,경상
2018102300100470,2018년 10월 23일 18시,화요일,경상북도 영주시 풍기읍,중상사고,0,1,0,0,차대차 - 추돌,안전운전불이행,건조,맑음,단일로 - 기타,승용,남,78세,상해없음,농기계,남,62세,중상