사고번호,사고일시,요일,시군구,사고내용,사망자수,중상자수,경상자수,부상신고자수,사고유형,법규위반,노면상태,기상상태,도로형태,가해운전자 차종,가해운전자 성별,가해운전자 연령,가해운전자 상해정도,피해운전자 차종,피해운전자 성별,피해운전자 연령,피해운전자 상해정도
2018102300100471,2018년 10월 23일 18시,화요일,경상북도 경산시 진량읍,경상사고,0,0,1,0,차대차 - 측면충돌,안전운전불이행,건조,맑음,단일로 - 기타,승용,남,41세,상해없음,승용,남,38세,경상
2018102300100472,2018년 10월 23일 18시,화요일,경상북도 경산시 진량읍,중상사고,0,2,1,0,차대차 - 추돌,안전거리미확보,건조,맑음,단일로 - 기타,승용,남,66세,상해없음,승용,남,29세,중상
2018102300100473,2018년 10월 23일 18시,화요일,경상북도 청송군 진보면,경상사고,0,0,1,0,차대사람 - 횡단중,안전운전불이행,건조,흐림,단일로 - 기타,승용,여,61세,상해없음,보행자,남,66세,경상
2018102300100474,2018년 10월 23일 18시,화요일,경상북도 포항시 남구 오천읍,경상사고,0,0,1,0,차대차 - 추돌,안전운전불이행,건조,맑음,교차로 - 교차로부근,승용,여,40세,상해없음,승용,여,52세,경상
2018102300100553,2018년 10월 23일 20시,화요일,경상북도 경산시 진량읍,중상사고,0,1,0,0,차대사람 - 횡단중,안전운전불이행,건조,맑음,단일로 - 기타,승용,남,55세,상해없음,보행자,여,31세,중상
2018102300100579,2018년 10월 23일 21시,화요일,경상북도 안동시 태화동,경상사고,0,0,1,0,차량단독 - 기타,안전운전불이행,건조,맑음,단일로 - 기타,승용,남,77세,상해없음,,,,
2018102300100598,2018년 10월 23일 22시,화요일,경상북도 경주시 성건동,경상사고,0,0,1,0,차대차 - 추돌,안전운전불이행,건조,맑음,교차로 - 교차로부근,승용,여,32세,상해없음,승용,여,48세,경상
2018102300100599,2018년 10월 23일 22시,화요일,경상북도 칠곡군 왜관읍,경상사고,0,0,1,0,차대사람 - 보도통행중,안전운전불이행,건조,맑음,주차장 - 주차장,승용,남,23세,상해없음,보행자,남,52세,경상
2018102300100600,2018년 10월 23일 22시,화요일,경상북도 영덕군 영해면,중상사고,0,1,0,0,차대차 - 추돌,안전운전불이행,건조,맑음,교차로 - 교차로부근,화물,남,51세,상해없음,특수,남,48세,중상
2018102300100601,2018년 10월 23일 22시,화요일,경상북도 구미시 원평동,경상사고,0,0,1,0,차대차 - 측면충돌,교차로운행방법위반,건조,맑음,교차로 - 교차로안,승용,남,64세,상해없음,승용,남,52세,경상
2018102400100051,2018년 10월 24일 06시,수요일,경상북도 포항시 북구 죽도동,경상사고,0,0,2,0,차대차 - 측면충돌,차로위반,건조,맑음,단일로 - 기타,승용,여,51세,상해없음,승용,남,57세,경상
2018102400100077,2018년 10월 24일 07시,수요일,경상북도 경주시 마동,사망사고,1,0,0,0,차대사람 - 차도통행중,안전운전불이행,젖음/습기,안개,단일로 - 기타,승용,남,67세,상해없음,보행자,여,78세,사망
2018102400100078,2018년 10월 24일 07시,수요일,경상북도 문경시 모전동,경상사고,0,0,1,0,차대차 - 기타,안전운전불이행,건조,맑음,주차장 - 주차장,승용,여,61세,상해없음,승용,남,65세,경상
2018102400100079,2018년 10월 24일 07시,수요일,경상북도 영덕군 강구면,중상사고,0,2,1,0,차대차 - 측면충돌,직진우회전진행방해,건조,맑음,교차로 - 교차로안,승용,남,27세,중상,화물,남,69세,경상
2018102400100080,2018년 10월 24일 07시,수요일,경상북도 포항시 남구 동촌동,경상사고,0,0,1,0,차대차 - 측면충돌,교차로운행방법위반,건조,맑음,교차로 - 교차로횡단보도내,화물,남,62세,상해없음,자전거,남,68세,경상
2018102400100132,2018년 10월 24일 08시,수요일,경상북도 포항시 북구 두호동,경상사고,0,0,1,0,차대차 - 측면충돌,안전운전불이행,건조,맑음,단일로 - 기타,승용,남,64세,상해없음,승용,여,34세,경상
2018102400100133,2018년 10월 24일 08시,수요일,경상북도 청도군 청도읍,중상사고,0,1,0,0,차대차 - 추돌,안전운전불이행,건조,맑음,단일로 - 기타,승용,남,41세,상해없음,승용,남,51세,중상
2018102400100134,2018년 10월 24일 08시,수요일,경상북도 구미시 인의동,경상사고,0,0,1,0,차대차 - 기타,안전운전불이행,건조,맑음,단일로 - 기타,승용,여,21세,상해없음,승용,여,45세,경상
2018102400100135,2018년 10월 24일 08시,수요일,경상북도 포항시 남구 해도동,경상사고,0,0,3,0,차대차 - 추돌,안전운전불이행,건조,맑음,단일로 - 교량,승용,남,67세,기타불명,승용,여,40세,경상
2018102400100176,2018년 10월 24일 09시,수요일,경상북도 경주시 황성동,부상신고사고,0,0,0,1,차대차 - 측면충돌,안전운전불이행,건조,맑음,교차로 - 교차로부근,자전거,여,75세,부상신고,화물,남,35세,상해없음
2018102400100177,2018년 10월 24일 09시,수요일,경상북도 구미시 지산동,중상사고,0,1,0,0,차대차 - 추돌,안전거리미확보,건조,맑음,단일로 - 기타,승용,여,55세,상해없음,승용,남,74세,상해없음
2018102400100178,2018년 10월 24일 09시,수요일,경상북도 포항시 남구 연일읍,경상사고,0,0,3,0,차대차 - 측면충돌,직진우회전진행방해,건조,맑음,교차로 - 교차로안,승용,남,63세,경상,승용,남,49세,경상
2018102400100212,2018년 10월 24일 10시,수요일,경상북도 영천시 신령면,중상사고,0,1,0,0,차대차 - 측면충돌,기타,건조,맑음,단일로 - 기타,화물,남,38세,상해없음,화물,남,65세,중상
2018102400100213,2018년 10월 24일 10시,수요일,경상북도 울진군 후포면,중상사고,0,1,1,0,차대차 - 측면충돌,직진우회전진행방해,건조,맑음,교차로 - 교차로안,승용,남,60세,상해없음,화물,남,72세,경상
2018102400100244,2018년 10월 24일 11시,수요일,경상북도 의성군 금성면,중상사고,0,1,0,0,차대차 - 측면충돌,안전운전불이행,건조,맑음,단일로 - 기타,이륜,남,83세,중상,승용,여,48세,상해없음
2018102400100268,2018년 10월 24일 12시,수요일,경상북도 경주시 외동읍,중상사고,0,1,0,0,차대차 - 측면충돌,안전운전불이행,건조,맑음,단일로 - 기타,승합,남,58세,상해없음,화물,남,64세,중상
2018102400100269,2018년 10월 24일 12시,수요일,경상북도 칠곡군 동명면,부상신고사고,0,0,0,1,차대차 - 측면충돌,안전운전불이행,건조,맑음,단일로 - 기타,이륜,남,84세,부상신고,승합,남,31세,상해없음
2018102400100270,2018년 10월 24일 12시,수요일,경상북도 구미시 구평동,경상사고,0,0,1,0,차대차 - 기타,교차로운행방법위반,건조,맑음,교차로 - 교차로안,화물,남,72세,상해없음,승용,남,49세,경상
2018102400100271,2018년 10월 24일 12시,수요일,경상북도 포항시 남구 대도동,중상사고,0,1,0,0,차대차 - 측면충돌,안전운전불이행,건조,맑음,교차로 - 교차로안,자전거,여,70세,중상,승용,남,65세,상해없음
2018102400100311,2018년 10월 24일 13시,수요일,경상북도 경주시 동천동,중상사고,0,1,0,0,차대차 - 측면충돌,안전운전불이행,건조,맑음,단일로 - 기타,승용,여,61세,상해없음,이륜,여,74세,중상
2018102400100312,2018년 10월 24일 13시,수요일,경상북도 안동시 대석동,중상사고,0,1,0,0,차대차 - 측면충돌,교차로운행방법위반,건조,맑음,교차로 - 교차로안,승용,여,60세,상해없음,이륜,남,18세,중상
2018102400100313,2018년 10월 24일 13시,수요일,경상북도 의성군 다인면,중상사고,0,1,0,0,차대차 - 측면충돌,안전운전불이행,건조,맑음,단일로 - 기타,특수,남,51세,상해없음,화물,남,69세,중상
2018102400100314,2018년 10월 24일 13시,수요일,경상북도 영주시 휴천동,중상사고,0,1,0,0,차대차 - 측면충돌,직진우회전진행방해,건조,맑음,교차로 - 교차로안,승용,여,48세,상해없음,화물,남,74세,중상
2018102400100315,2018년 10월 24일 13시,수요일,경상북도 영천시 문외동,경상사고,0,0,1,0,차대차 - 추돌,안전거리미확보,건조,맑음,교차로 - 교차로안,승용,남,27세,상해없음,승용,남,41세,경상
2018102400100316,2018년 10월 24일 13시,수요일,경상북도 영천시 청통면,경상사고,0,0,2,0,차대차 - 측면충돌,신호위반,건조,맑음,교차로 - 교차로안,승용,여,57세,경상,화물,남,62세,경상
2018102400100366,2018년 10월 24일 14시,수요일,경상북도 구미시 임수동,경상사고,0,0,1,0,차대사람 - 기타,안전운전불이행,건조,맑음,교차로 - 교차로안,화물,남,38세,상해없음,보행자,여,59세,경상
2018102400100404,2018년 10월 24일 15시,수요일,경상북도 포항시 북구 흥해읍,중상사고,0,1,1,0,차대차 - 측면충돌,안전운전불이행,건조,맑음,단일로 - 기타,화물,남,48세,상해없음,이륜,남,60세,중상
2018102400100405,2018년 10월 24일 15시,수요일,경상북도 포항시 남구 대도동,경상사고,0,0,1,0,차대차 - 측면충돌,신호위반,건조,맑음,교차로 - 교차로횡단보도내,승용,남,65세,상해없음,자전거,여,47세,경상
2018102400100443,2018년 10월 24일 16시,수요일,경상북도 경주시 성건동,경상사고,0,0,1,0,차대차 - 추돌,안전운전불이행,건조,맑음,교차로 - 교차로부근,승용,남,70세,상해없음,화물,남,47세,경상
2018102400100489,2018년 10월 24일 17시,수요일,경상북도 안동시 남문동,경상사고,0,0,1,0,차대차 - 측면충돌,안전운전불이행,건조,맑음,교차로 - 교차로안,자전거,남,39세,경상,승용,남,66세,상해없음
2018102400100490,2018년 10월 24일 17시,수요일,경상북도 의성군 의성읍,중상사고,0,1,0,0,차대사람 - 횡단중,안전운전불이행,건조,맑음,단일로 - 기타,승용,남,79세,상해없음,보행자,여,75세,중상
2018102400100491,2018년 10월 24일 17시,수요일,경상북도 포항시 남구 오천읍,경상사고,0,0,3,0,차대차 - 측면충돌,교차로운행방법위반,건조,맑음,교차로 - 교차로안,승용,여,48세,경상,승용,여,52세,경상
2018102400100560,2018년 10월 24일 18시,수요일,경상북도 안동시 임하면,중상사고,0,1,0,0,차대사람 - 횡단중,안전운전불이행,건조,맑음,단일로 - 기타,승용,남,59세,상해없음,보행자,남,74세,중상
2018102400100561,2018년 10월 24일 18시,수요일,경상북도 문경시 모전동,중상사고,0,1,0,0,차대차 - 측면충돌,안전운전불이행,건조,맑음,교차로 - 교차로안,승용,여,51세,상해없음,원동기,남,60세,중상
2018102400100562,2018년 10월 24일 18시,수요일,경상북도 청도군 이서면,사망사고,1,0,1,0,차대차 - 추돌,안전운전불이행,건조,맑음,단일로 - 기타,승용,남,44세,경상,농기계,남,83세,사망
2018102400100563,2018년 10월 24일 18시,수요일,경상북도 포항시 남구 상도동,중상사고,0,1,1,0,차대사람 - 횡단중,보행자보호의무위반,건조,맑음,교차로 - 교차로횡단보도내,승용,남,59세,상해없음,보행자,여,52세,경상
2018102400100612,2018년 10월 24일 19시,수요일,경상북도 경주시 효현동,중상사고,0,1,0,0,차대차 - 추돌,안전운전불이행,건조,맑음,단일로 - 지하차도(도로)내,승용,남,62세,상해없음,농기계,남,80세,중상
2018102400100613,2018년 10월 24일 19시,수요일,경상북도 포항시 북구 죽도동,중상사고,0,1,0,0,차대사람 - 횡단중,보행자보호의무위반,건조,맑음,교차로 - 교차로횡단보도내,승용,여,27세,기타불명,보행자,여,63세,중상
2018102400100614,2018년 10월 24일 19시,수요일,경상북도 영천시 망정동,중상사고,0,1,0,0,차대사람 - 횡단중,보행자보호의무위반,건조,맑음,교차로 - 교차로횡단보도내,승용,남,28세,상해없음,보행자,여,26세,중상
2018102400100615,2018년 10월 24일 19시,수요일,경상북도 포항시 남구 오천읍,중상사고,0,1,0,0,차대사람 - 횡단중,보행자보호의무위반,건조,맑음,단일로 - 기타,승용,여,47세,상해없음,보행자,여,7세,중상
2018102400100658,2018년 10월 24일 20시,수요일,경상북도 안동시 태화동,경상사고,0,0,1,0,차대사람 - 횡단중,안전운전불이행,건조,맑음,교차로 - 교차로부근,승용,남,58세,상해없음,보행자,남,71세,경상
2018102400100688,2018년 10월 24일 21시,수요일,경상북도 김천시 평화동,경상사고,0,0,1,0,차대차 - 추돌,안전운전불이행,건조,맑음,단일로 - 기타,승용,남,37세,상해없음,승합,남,41세,경상
2018102400100721,2018년 10월 24일 22시,수요일,경상북도 포항시 북구 흥해읍,사망사고,1,0,0,0,차량단독 - 공작물충돌,안전운전불이행,건조,맑음,단일로 - 기타,승용,여,54세,사망,,,,
2018102400100722,2018년 10월 24일 22시,수요일,경상북도 안동시 태화동,경상사고,0,0,1,0,차대차 - 측면충돌,신호위반,건조,맑음,교차로 - 교차로안,승용,남,64세,상해없음,화물,남,39세,경상
2018102400100723,2018년 10월 24일 22시,수요일,경상북도 포항시 남구 구룡포읍,중상사고,0,1,1,0,차대차 - 측면충돌,중앙선침범,건조,맑음,단일로 - 기타,승용,여,26세,경상,승용,남,55세,중상
2018102400100724,2018년 10월 24일 22시,수요일,경상북도 포항시 남구 오천읍,경상사고,0,0,2,0,차대차 - 측면충돌,교차로운행방법위반,건조,맑음,교차로 - 교차로안,승용,남,43세,상해없음,승용,여,47세,경상
2018102400100742,2018년 10월 24일 23시,수요일,경상북도 영천시 야사동,경상사고,0,0,2,0,차대차 - 추돌,안전운전불이행,건조,맑음,교차로 - 교차로부근,승용,남,34세,경상,승용,남,28세,경상
2018102500100006,2018년 10월 25일 00시,목요일,경상북도 포항시 북구 학잠동,경상사고,0,0,1,0,차량단독 - 기타,안전운전불이행,건조,맑음,단일로 - 기타,승용,여,49세,경상,,,,
2018102500100007,2018년 10월 25일 00시,목요일,경상북도 영덕군 영덕읍,경상사고,0,0,1,0,차량단독 - 공작물충돌,안전운전불이행,건조,맑음,단일로 - 기타,승용,남,36세,경상,,,,
2018102500100015,2018년 10월 25일 01시,목요일,경상북도 경산시 조영동,중상사고,0,2,0,0,차대차 - 측면충돌,교차로운행방법위반,건조,맑음,교차로 - 교차로안,이륜,남,27세,중상,이륜,남,47세,중상
2018102500100092,2018년 10월 25일 07시,목요일,경상북도 안동시 당북동,경상사고,0,0,2,0,차대차 - 추돌,안전운전불이행,건조,맑음,교차로 - 교차로안,승용,남,56세,상해없음,승용,여,40세,경상
2018102500100093,2018년 10월 25일 07시,목요일,경상북도 포항시 남구 오천읍,중상사고,0,1,0,0,차대사람 - 길가장자리구역통행중,안전운전불이행,건조,맑음,단일로 - 기타,승용,남,62세,상해없음,보행자,남,39세,중상
2018102500100139,2018년 10월 25일 08시,목요일,경상북도 김천시 삼락동,사망사고,1,0,0,0,차대차 - 측면충돌,교차로운행방법위반,건조,맑음,교차로 - 교차로안,화물,여,59세,상해없음,이륜,남,79세,사망
2018102500100140,2018년 10월 25일 08시,목요일,경상북도 칠곡군 북삼읍,경상사고,0,0,1,1,차대차 - 측면충돌,교차로운행방법위반,건조,맑음,교차로 - 교차로안,승용,여,42세,경상,승용,여,52세,부상신고
2018102500100141,2018년 10월 25일 08시,목요일,경상북도 영천시 화룡동,경상사고,0,0,1,0,차대사람 - 길가장자리구역통행중,안전운전불이행,건조,맑음,교차로 - 교차로부근,화물,남,58세,상해없음,보행자,남,63세,경상
2018102500100184,2018년 10월 25일 09시,목요일,경상북도 안동시 길안면,중상사고,0,1,0,0,차량단독 - 도로외이탈 - 기타,안전운전불이행,건조,맑음,단일로 - 기타,이륜,남,79세,중상,,,,
2018102500100224,2018년 10월 25일 10시,목요일,경상북도 포항시 북구 송라면,중상사고,0,1,10,0,차대차 - 추돌,안전운전불이행,건조,맑음,교차로 - 교차로안,승합,남,56세,상해없음,건설기계,남,59세,경상
2018102500100225,2018년 10월 25일 10시,목요일,경상북도 구미시 원평동,경상사고,0,0,1,0,차대사람 - 횡단중,보행자보호의무위반,건조,맑음,기타 - 기타,승용,여,60세,상해없음,보행자,여,64세,경상
2018102500100256,2018년 10월 25일 11시,목요일,경상북도 영천시 화룡동,경상사고,0,0,2,0,차대차 - 추돌,안전운전불이행,건조,맑음,단일로 - 기타,승용,남,74세,상해없음,승용,여,46세,경상
2018102500100257,2018년 10월 25일 11시,목요일,경상북도 군위군 우보면,사망사고,1,0,0,0,차대차 - 측면충돌,안전운전불이행,건조,맑음,단일로 - 기타,승용,여,64세,상해없음,자전거,여,80세,사망
2018102500100258,2018년 10월 25일 11시,목요일,경상북도 포항시 남구 대잠동,경상사고,0,0,2,0,차대차 - 추돌,안전운전불이행,건조,맑음,교차로 - 교차로부근,화물,남,44세,경상,승용,남,41세,경상
2018102500100291,2018년 10월 25일 12시,목요일,경상북도 김천시 대항면,경상사고,0,0,1,0,차대차 - 측면충돌,신호위반,건조,맑음,기타 - 기타,화물,남,40세,경상,화물,남,36세,상해없음
2018102500100323,2018년 10월 25일 13시,목요일,경상북도 경주시 충효동,경상사고,0,0,2,0,차대차 - 후진중충돌,안전운전불이행,건조,맑음,교차로 - 교차로부근,승합,남,55세,상해없음,승용,남,25세,경상
2018102500100324,2018년 10월 25일 13시,목요일,경상북도 의성군 봉양면,경상사고,0,0,1,0,차대차 - 측면충돌,안전운전불이행,건조,맑음,단일로 - 기타,농기계,여,65세,경상,화물,남,74세,상해없음
2018102500100325,2018년 10월 25일 13시,목요일,경상북도 포항시 남구 청림동,경상사고,0,0,1,0,차대차 - 기타,안전운전불이행,건조,맑음,단일로 - 기타,승용,남,64세,상해없음,승용,여,39세,경상
2018102500100355,2018년 10월 25일 14시,목요일,경상북도 경주시 동부동,경상사고,0,0,1,0,차대차 - 추돌,안전운전불이행,건조,맑음,교차로 - 교차로부근,승용,남,27세,경상,승용,여,28세,상해없음
2018102500100356,2018년 10월 25일 14시,목요일,경상북도 상주시 신봉동,중상사고,0,1,0,0,차대차 - 측면충돌,교차로운행방법위반,건조,맑음,교차로 - 교차로안,화물,남,47세,상해없음,자전거,남,61세,중상
2018102500100357,2018년 10월 25일 14시,목요일,경상북도 고령군 개진면,중상사고,0,1,0,0,차대차 - 측면충돌,중앙선침범,건조,맑음,단일로 - 기타,화물,여,24세,상해없음,화물,남,44세,중상
2018102500100358,2018년 10월 25일 14시,목요일,경상북도 고령군 개진면,경상사고,0,0,1,0,차량단독 - 공작물충돌,안전운전불이행,건조,맑음,단일로 - 기타,이륜,남,16세,경상,,,,
2018102500100403,2018년 10월 25일 15시,목요일,경상북도 칠곡군 지천면,부상신고사고,0,0,0,1,차대차 - 측면충돌,교차로운행방법위반,건조,맑음,교차로 - 교차로안,화물,남,41세,상해없음,화물,남,48세,부상신고
2018102500100447,2018년 10월 25일 16시,목요일,경상북도 김천시 지례면,경상사고,0,0,1,0,차대차 - 추돌,안전운전불이행,건조,맑음,단일로 - 기타,특수,남,63세,상해없음,승용,남,59세,경상
2018102500100448,2018년 10월 25일 16시,목요일,경상북도 영덕군 강구면,사망사고,1,0,0,0,차대사람 - 기타,안전운전불이행,건조,맑음,단일로 - 기타,화물,남,61세,상해없음,보행자,여,60세,사망
2018102500100449,2018년 10월 25일 16시,목요일,경상북도 포항시 남구 송도동,경상사고,0,0,2,0,차대차 - 측면충돌,직진우회전진행방해,건조,맑음,교차로 - 교차로안,승용,남,51세,경상,승용,남,39세,경상
2018102500100493,2018년 10월 25일 17시,목요일,경상북도 포항시 북구 흥해읍,경상사고,0,0,1,0,차대차 - 측면충돌,안전운전불이행,건조,맑음,단일로 - 지하차도(도로)내,자전거,남,69세,경상,화물,남,41세,상해없음
2018102500100494,2018년 10월 25일 17시,목요일,경상북도 경산시 서상동,경상사고,0,0,1,0,차대차 - 측면충돌,안전운전불이행,건조,맑음,교차로 - 교차로안,자전거,남,77세,경상,화물,여,63세,상해없음
2018102500100551,2018년 10월 25일 18시,목요일,경상북도 경주시 황성동,경상사고,0,0,1,0,차대차 - 측면충돌,안전거리미확보,건조,맑음,교차로 - 교차로부근,승용,남,65세,상해없음,승용,여,27세,경상
2018102500100552,2018년 10월 25일 18시,목요일,경상북도 포항시 북구 양덕동,중상사고,0,1,0,0,차대사람 - 횡단중,신호위반,건조,맑음,단일로 - 기타,이륜,남,19세,상해없음,보행자,여,58세,중상
2018102500100553,2018년 10월 25일 18시,목요일,경상북도 의성군 의성읍,중상사고,0,1,0,0,차대사람 - 차도통행중,안전운전불이행,건조,맑음,단일로 - 기타,승용,남,55세,상해없음,보행자,여,58세,중상
2018102500100554,2018년 10월 25일 18시,목요일,경상북도 영천시 금호읍,경상사고,0,0,6,0,차대차 - 추돌,안전거리미확보,건조,맑음,단일로 - 기타,승용,남,75세,경상,승용,남,59세,경상
2018102500100555,2018년 10월 25일 18시,목요일,경상북도 문경시 모전동,경상사고,0,0,3,0,차대차 - 후진중충돌,안전운전불이행,건조,맑음,주차장 - 주차장,승용,여,43세,경상,승용,여,48세,경상
2018102500100556,2018년 10월 25일 18시,목요일,경상북도 경산시 중산동,경상사고,0,0,1,0,차대차 - 기타,교차로운행방법위반,건조,맑음,교차로 - 교차로안,승용,여,62세,상해없음,자전거,남,25세,경상
2018102500100557,2018년 10월 25일 18시,목요일,경상북도 포항시 남구 상도동,경상사고,0,0,1,0,차대차 - 기타,안전거리미확보,건조,맑음,단일로 - 교량,승용,남,36세,상해없음,승용,여,30세,경상
2018102500100609,2018년 10월 25일 19시,목요일,경상북도 구미시 상모동,중상사고,0,2,0,0,차대사람 - 횡단중,안전운전불이행,건조,맑음,단일로 - 기타,이륜,남,18세,상해없음,보행자,남,42세,중상
2018102500100681,2018년 10월 25일 22시,목요일,경상북도 포항시 북구 흥해읍,중상사고,0,2,1,0,차대차 - 추돌,안전거리미확보,건조,맑음,기타 - 기타,승용,남,65세,상해없음,승용,남,57세,경상
2018102500100682,2018년 10월 25일 22시,목요일,경상북도 포항시 남구 이동,경상사고,0,0,1,0,차대사람 - 횡단중,안전운전불이행,건조,맑음,교차로 - 교차로횡단보도내,승용,여,57세,상해없음,보행자,여,22세,경상
2018102600100076,2018년 10월 26일 06시,금요일,경상북도 포항시 북구 죽도동,경상사고,0,0,1,0,차대차 - 추돌,기타,건조,맑음,주차장 - 주차장,승용,남,40세,상해없음,승용,남,57세,경상
2018102600100126,2018년 10월 26일 08시,금요일,경상북도 안동시 목성동,경상사고,0,0,1,0,차대차 - 추돌,안전운전불이행,건조,맑음,교차로 - 교차로안,승용,남,69세,상해없음,승용,여,43세,경상
2018102600100127,2018년 10월 26일 08시,금요일,경상북도 칠곡군 왜관읍,중상사고,0,1,0,0,차대차 - 측면충돌,안전운전불이행,건조,맑음,교차로 - 교차로부근,승용,여,44세,상해없음,자전거,남,66세,중상
2018102600100128,2018년 10월 26일 08시,금요일,경상북도 문경시 문경읍,중상사고,0,1,1,2,차대차 - 측면충돌,안전운전불이행,건조,맑음,단일로 - 기타,승용,여,28세,경상,승용,남,35세,중상
2018102600100157,2018년 10월 26일 09시,금요일,경상북도 경주시 배동,경상사고,0,0,4,0,차대차 - 측면충돌,안전거리미확보,건조,맑음,단일로 - 기타,화물,남,32세,상해없음,승용,남,34세,경상
2018102600100158,2018년 10월 26일 09시,금요일,경상북도 의성군 안계면,경상사고,0,0,1,0,차대차 - 측면충돌,직진우회전진행방해,건조,맑음,교차로 - 교차로안,화물,남,75세,경상,화물,남,51세,상해없음
2018102600100185,2018년 10월 26일 10시,금요일,경상북도 경주시 성건동,중상사고,0,1,0,0,차대사람 - 횡단중,신호위반,건조,맑음,교차로 - 교차로횡단보도내,승용,여,50세,상해없음,보행자,남,65세,중상
2018102600100186,2018년 10월 26일 10시,금요일,경상북도 고령군 운수면,경상사고,0,0,1,0,차대사람 - 길가장자리구역통행중,안전운전불이행,건조,맑음,단일로 - 기타,화물,남,65세,상해없음,보행자,남,61세,경상
2018102600100211,2018년 10월 26일 11시,금요일,경상북도 영덕군 창수면,사망사고,1,0,0,0,차대차 - 기타,중앙선침범,건조,맑음,단일로 - 기타,자전거,남,58세,사망,승용,여,38세,상해없음
2018102600100237,2018년 10월 26일 12시,금요일,경상북도 안동시 일직면,사망사고,1,0,0,0,차대차 - 추돌,안전운전불이행,건조,맑음,단일로 - 기타,승용,남,35세,상해없음,농기계,남,75세,사망
2018102600100238,2018년 10월 26일 12시,금요일,경상북도 경산시 정평동,경상사고,0,0,1,0,차대차 - 추돌,안전거리미확보,건조,맑음,단일로 - 기타,승용,남,69세,상해없음,승용,여,52세,경상
2018102600100270,2018년 10월 26일 13시,금요일,경상북도 경주시 성건동,경상사고,0,0,2,0,차대차 - 측면충돌,신호위반,건조,맑음,교차로 - 교차로안,승용,남,51세,상해없음,승용,남,73세,경상
2018102600100271,2018년 10월 26일 13시,금요일,경상북도 포항시 남구 상도동,중상사고,0,1,0,0,차대차 - 기타,중앙선침범,건조,맑음,교차로 - 교차로부근,자전거,남,75세,중상,승용,남,27세,상해없음
2018102600100310,2018년 10월 26일 14시,금요일,경상북도 경산시 계양동,중상사고,0,1,0,0,차대사람 - 횡단중,안전운전불이행,젖음/습기,비,교차로 - 교차로부근,승용,여,28세,상해없음,보행자,여,79세,중상
2018102600100346,2018년 10월 26일 15시,금요일,경상북도 경주시 성건동,중상사고,0,1,0,0,차대차 - 측면충돌,안전운전불이행,젖음/습기,비,교차로 - 교차로부근,이륜,남,46세,중상,화물,남,43세,상해없음
2018102600100347,2018년 10월 26일 15시,금요일,경상북도 경주시 보문동,중상사고,0,1,0,0,차량단독 - 공작물충돌,안전운전불이행,젖음/습기,비,교차로 - 교차로부근,승용,여,27세,상해없음,,,,
2018102600100348,2018년 10월 26일 15시,금요일,경상북도 김천시 삼락동,경상사고,0,0,1,0,차대차 - 추돌,안전운전불이행,젖음/습기,비,교차로 - 교차로안,승용,남,40세,상해없음,자전거,남,15세,경상
2018102600100349,2018년 10월 26일 15시,금요일,경상북도 영주시 장수면,중상사고,0,1,1,0,차대차 - 측면충돌,안전운전불이행,젖음/습기,비,단일로 - 기타,화물,남,36세,상해없음,화물,남,56세,중상
2018102600100386,2018년 10월 26일 16시,금요일,경상북도 경주시 동천동,경상사고,0,0,3,0,차대차 - 측면충돌,안전운전불이행,젖음/습기,비,교차로 - 교차로안,승용,여,60세,상해없음,승용,남,56세,경상
2018102600100387,2018년 10월 26일 16시,금요일,경상북도 경주시 성건동,경상사고,0,0,2,0,차대차 - 후진중충돌,안전운전불이행,젖음/습기,비,단일로 - 기타,승용,남,45세,상해없음,승용,여,34세,경상
2018102600100388,2018년 10월 26일 16시,금요일,경상북도 포항시 남구 오천읍,경상사고,0,0,1,0,차대차 - 측면충돌,교차로운행방법위반,젖음/습기,비,교차로 - 교차로안,승용,남,54세,상해없음,승용,여,58세,경상
2018102600100425,2018년 10월 26일 17시,금요일,경상북도 경주시 건천읍,중상사고,0,1,0,0,차량단독 - 도로외이탈 - 추락,안전운전불이행,젖음/습기,비,단일로 - 기타,화물,남,54세,중상,,,,
2018102600100426,2018년 10월 26일 17시,금요일,경상북도 안동시 옥동,중상사고,0,1,0,0,차대사람 - 횡단중,신호위반,젖음/습기,비,단일로 - 기타,승용,여,66세,상해없음,보행자,여,14세,중상
2018102600100427,2018년 10월 26일 17시,금요일,경상북도 구미시 진평동,경상사고,0,0,1,0,차대차 - 기타,교차로운행방법위반,젖음/습기,비,교차로 - 교차로안,승합,여,30세,상해없음,이륜,남,33세,경상
2018102600100481,2018년 10월 26일 18시,금요일,경상북도 포항시 북구 용흥동,경상사고,0,0,1,0,차대사람 - 횡단중,안전운전불이행,건조,흐림,기타 - 기타,승용,여,44세,상해없음,보행자,남,41세,경상
2018102600100482,2018년 10월 26일 18시,금요일,경상북도 포항시 북구 죽도동,중상사고,0,2,0,0,차대사람 - 횡단중,보행자보호의무위반,건조,맑음,교차로 - 교차로횡단보도내,승용,남,53세,상해없음,보행자,여,61세,중상
2018102600100483,2018년 10월 26일 18시,금요일,경상북도 안동시 동부동,경상사고,0,0,1,0,차대차 - 정면충돌,안전운전불이행,젖음/습기,비,교차로 - 교차로안,승용,남,36세,상해없음,이륜,남,29세,경상