사고번호,사고일시,요일,시군구,사고내용,사망자수,중상자수,경상자수,부상신고자수,사고유형,법규위반,노면상태,기상상태,도로형태,가해운전자 차종,가해운전자 성별,가해운전자 연령,가해운전자 상해정도,피해운전자 차종,피해운전자 성별,피해운전자 연령,피해운전자 상해정도
2018102600100484,2018년 10월 26일 18시,금요일,경상북도 안동시 옥동,경상사고,0,0,1,0,차대차 - 추돌,안전운전불이행,건조,맑음,단일로 - 기타,화물,남,42세,상해없음,승용,남,55세,경상
2018102600100485,2018년 10월 26일 18시,금요일,경상북도 상주시 성하동,경상사고,0,0,1,0,차대사람 - 보도통행중,보행자보호의무위반,젖음/습기,비,교차로 - 교차로횡단보도내,승용,남,56세,상해없음,보행자,여,64세,경상
2018102600100486,2018년 10월 26일 18시,금요일,경상북도 영천시 대창면,사망사고,1,0,0,0,차대사람 - 횡단중,안전운전불이행,젖음/습기,비,단일로 - 기타,화물,여,61세,상해없음,보행자,여,86세,사망
2018102600100487,2018년 10월 26일 18시,금요일,경상북도 경산시 옥산동,중상사고,0,1,0,0,차대사람 - 차도통행중,안전운전불이행,건조,맑음,단일로 - 기타,승용,남,26세,상해없음,보행자,남,13세,중상
2018102600100489,2018년 10월 26일 18시,금요일,경상북도 구미시 옥계동,중상사고,0,1,0,0,차대차 - 기타,안전운전불이행,젖음/습기,비,교차로 - 교차로부근,승용,남,59세,상해없음,이륜,남,39세,중상
2018102600100490,2018년 10월 26일 18시,금요일,경상북도 구미시 공단동,경상사고,0,0,1,0,차대차 - 기타,안전운전불이행,건조,맑음,단일로 - 기타,승용,여,52세,상해없음,승용,남,38세,경상
2018102600100491,2018년 10월 26일 18시,금요일,경상북도 포항시 남구 연일읍,경상사고,0,0,2,0,차대차 - 기타,직진우회전진행방해,건조,맑음,교차로 - 교차로안,승용,남,66세,상해없음,승용,남,48세,경상
2018102600100493,2018년 10월 26일 18시,금요일,경상북도 경산시 하양읍,경상사고,0,0,1,0,차대차 - 기타,안전운전불이행,건조,맑음,단일로 - 기타,화물,남,70세,상해없음,승용,여,64세,경상
2018102600100566,2018년 10월 26일 19시,금요일,경상북도 영천시 오수동,경상사고,0,0,1,0,차대차 - 측면충돌,교차로운행방법위반,젖음/습기,흐림,교차로 - 교차로안,승용,남,67세,상해없음,승용,여,60세,경상
2018102600100601,2018년 10월 26일 20시,금요일,경상북도 경주시 외동읍,경상사고,0,0,4,0,차대차 - 추돌,안전운전불이행,건조,맑음,단일로 - 지하차도(도로)내,승용,여,23세,상해없음,승용,남,61세,경상
2018102600100602,2018년 10월 26일 20시,금요일,경상북도 포항시 북구 학산동,경상사고,0,0,1,0,차대차 - 기타,안전운전불이행,젖음/습기,흐림,단일로 - 기타,승용,여,43세,상해없음,원동기,남,29세,경상
2018102600100603,2018년 10월 26일 20시,금요일,경상북도 영천시 금호읍,중상사고,0,1,0,0,차대차 - 측면충돌,안전운전불이행,건조,맑음,단일로 - 기타,화물,남,23세,상해없음,승용,여,52세,중상
2018102600100647,2018년 10월 26일 21시,금요일,경상북도 포항시 남구 상도동,부상신고사고,0,0,0,1,차대차 - 기타,교차로운행방법위반,건조,맑음,교차로 - 교차로안,이륜,남,45세,부상신고,승용,여,36세,상해없음
2018102600100648,2018년 10월 26일 21시,금요일,경상북도 포항시 남구 상도동,경상사고,0,0,1,0,차대차 - 측면충돌,안전운전불이행,건조,맑음,교차로 - 교차로안,승용,여,39세,상해없음,승용,여,34세,경상
2018102600100675,2018년 10월 26일 22시,금요일,경상북도 경산시 중방동,경상사고,0,0,2,0,차대차 - 정면충돌,중앙선침범,건조,맑음,단일로 - 기타,승용,남,59세,상해없음,승용,남,30세,경상
2018102600100699,2018년 10월 26일 23시,금요일,경상북도 예천군 예천읍,사망사고,1,1,0,0,차대사람 - 기타,과속,젖음/습기,흐림,단일로 - 기타,승용,남,68세,상해없음,보행자,남,43세,사망
2018102700100013,2018년 10월 27일 00시,토요일,경상북도 포항시 북구 흥해읍,경상사고,0,0,1,0,차대사람 - 기타,안전운전불이행,건조,맑음,단일로 - 기타,승용,남,66세,상해없음,보행자,남,38세,경상
2018102700100032,2018년 10월 27일 01시,토요일,경상북도 구미시 인의동,사망사고,1,0,2,0,차대차 - 측면충돌,신호위반,건조,맑음,교차로 - 교차로안,이륜,남,18세,경상,승용,남,50세,경상
2018102700100075,2018년 10월 27일 04시,토요일,경상북도 칠곡군 석적읍,중상사고,0,2,0,0,차대차 - 측면충돌,안전운전불이행,건조,맑음,교차로 - 교차로안,승용,남,31세,상해없음,승용,남,47세,상해없음
2018102700100099,2018년 10월 27일 06시,토요일,경상북도 문경시 영신동,중상사고,0,1,1,0,차대차 - 측면충돌,교차로운행방법위반,건조,맑음,교차로 - 교차로안,승용,남,53세,상해없음,승용,여,69세,경상
2018102700100100,2018년 10월 27일 06시,토요일,경상북도 구미시 원평동,경상사고,0,0,1,0,차대차 - 정면충돌,중앙선침범,건조,맑음,단일로 - 기타,승용,남,24세,상해없음,화물,남,63세,경상
2018102700100122,2018년 10월 27일 07시,토요일,경상북도 김천시 농소면,중상사고,0,1,1,0,차대차 - 측면충돌,신호위반,건조,맑음,교차로 - 교차로안,화물,남,59세,상해없음,화물,남,52세,상해없음
2018102700100123,2018년 10월 27일 07시,토요일,경상북도 영주시 휴천동,중상사고,0,2,0,0,차대차 - 측면충돌,안전운전불이행,건조,맑음,교차로 - 교차로안,화물,여,24세,상해없음,승용,남,66세,중상
2018102700100153,2018년 10월 27일 08시,토요일,경상북도 칠곡군 석적읍,경상사고,0,0,1,0,차대차 - 추돌,안전운전불이행,건조,맑음,단일로 - 기타,승용,남,26세,상해없음,화물,남,35세,경상
2018102700100188,2018년 10월 27일 09시,토요일,경상북도 김천시 조마면,중상사고,0,1,1,0,차대차 - 측면충돌,기타,건조,맑음,교차로 - 교차로안,화물,남,30세,중상,화물,남,43세,경상
2018102700100189,2018년 10월 27일 09시,토요일,경상북도 성주군 성주읍,중상사고,0,1,0,0,차대차 - 측면충돌,기타,건조,맑음,단일로 - 기타,화물,남,73세,상해없음,원동기,남,85세,중상
2018102700100190,2018년 10월 27일 09시,토요일,경상북도 구미시 고아읍,부상신고사고,0,0,0,1,차대차 - 측면충돌,안전운전불이행,건조,맑음,교차로 - 교차로안,사륜오토바이(ATV),여,73세,부상신고,승용,여,49세,상해없음
2018102700100219,2018년 10월 27일 10시,토요일,경상북도 안동시 성곡동,중상사고,0,1,1,0,차대차 - 측면충돌,안전운전불이행,건조,맑음,단일로 - 기타,승용,남,59세,상해없음,승용,여,38세,경상
2018102700100220,2018년 10월 27일 10시,토요일,경상북도 안동시 법흥동,중상사고,0,1,1,0,차대차 - 기타,안전운전불이행,건조,맑음,단일로 - 기타,승용,여,48세,중상,승용,여,42세,경상
2018102700100221,2018년 10월 27일 10시,토요일,경상북도 김천시 대광동,중상사고,0,1,1,0,차대차 - 측면충돌,안전운전불이행,건조,맑음,단일로 - 기타,화물,남,59세,상해없음,승용,여,59세,경상
2018102700100222,2018년 10월 27일 10시,토요일,경상북도 상주시 함창읍,중상사고,0,1,0,0,차대차 - 측면충돌,안전운전불이행,건조,맑음,단일로 - 기타,승용,여,56세,상해없음,승합,남,42세,중상
2018102700100223,2018년 10월 27일 10시,토요일,경상북도 영천시 완산동,중상사고,0,1,0,0,차대사람 - 차도통행중,안전운전불이행,건조,맑음,단일로 - 기타,화물,남,76세,상해없음,보행자,남,76세,중상
2018102700100249,2018년 10월 27일 11시,토요일,경상북도 김천시 봉산면,부상신고사고,0,0,0,1,차대차 - 추돌,안전운전불이행,건조,맑음,교차로 - 교차로안,이륜,여,48세,부상신고,이륜,남,45세,상해없음
2018102700100250,2018년 10월 27일 11시,토요일,경상북도 김천시 대항면,중상사고,0,5,4,0,차대차 - 추돌,안전운전불이행,건조,맑음,주차장 - 주차장,승용,남,71세,경상,화물,남,46세,기타불명
2018102700100251,2018년 10월 27일 11시,토요일,경상북도 영덕군 영해면,경상사고,0,0,1,0,차대차 - 추돌,불법유턴,건조,맑음,교차로 - 교차로부근,승합,남,29세,상해없음,승용,남,45세,경상
2018102700100284,2018년 10월 27일 12시,토요일,경상북도 포항시 북구 흥해읍,경상사고,0,0,1,0,차대차 - 측면충돌,안전운전불이행,건조,맑음,단일로 - 기타,승용,여,23세,상해없음,승용,남,68세,경상
2018102700100285,2018년 10월 27일 12시,토요일,경상북도 구미시 공단동,경상사고,0,0,1,0,차대차 - 기타,안전운전불이행,건조,맑음,교차로 - 교차로안,승용,여,50세,상해없음,승용,남,35세,경상
2018102700100357,2018년 10월 27일 14시,토요일,경상북도 경주시 배반동,중상사고,0,1,1,0,차대차 - 추돌,안전운전불이행,건조,맑음,단일로 - 지하차도(도로)내,화물,남,50세,상해없음,화물,남,63세,상해없음
2018102700100358,2018년 10월 27일 14시,토요일,경상북도 상주시 화산동,경상사고,0,0,1,0,차대차 - 측면충돌,신호위반,건조,맑음,교차로 - 교차로안,승용,남,34세,상해없음,화물,여,69세,경상
2018102700100359,2018년 10월 27일 14시,토요일,경상북도 의성군 단촌면,경상사고,0,0,2,0,차대차 - 측면충돌,안전거리미확보,건조,맑음,교차로 - 교차로안,화물,남,77세,경상,화물,남,67세,상해없음
2018102700100360,2018년 10월 27일 14시,토요일,경상북도 울진군 근남면,경상사고,0,0,1,0,차대차 - 측면충돌,안전운전불이행,건조,맑음,단일로 - 기타,특수,남,41세,상해없음,승용,여,35세,경상
2018102700100409,2018년 10월 27일 15시,토요일,경상북도 경주시 양북면,중상사고,0,1,0,0,차대차 - 측면충돌,안전운전불이행,건조,맑음,교차로 - 교차로부근,승용,남,60세,상해없음,이륜,여,35세,중상
2018102700100410,2018년 10월 27일 15시,토요일,경상북도 안동시 풍천면,사망사고,1,0,0,0,차량단독 - 도로외이탈 - 추락,안전운전불이행,건조,맑음,단일로 - 기타,농기계,남,80세,사망,,,,
2018102700100411,2018년 10월 27일 15시,토요일,경상북도 상주시 연원동,경상사고,0,0,2,0,차대차 - 측면충돌,안전운전불이행,건조,맑음,단일로 - 기타,화물,남,65세,경상,승용,남,60세,경상
2018102700100412,2018년 10월 27일 15시,토요일,경상북도 포항시 남구 연일읍,경상사고,0,0,1,0,차대차 - 측면충돌,안전운전불이행,건조,맑음,교차로 - 교차로안,승용,남,23세,상해없음,승용,남,50세,경상
2018102700100448,2018년 10월 27일 16시,토요일,경상북도 경주시 서악동,부상신고사고,0,0,0,3,차대차 - 측면충돌,기타,건조,맑음,교차로 - 교차로안,이륜,남,30세,부상신고,승용,남,58세,상해없음
2018102700100449,2018년 10월 27일 16시,토요일,경상북도 포항시 북구 흥해읍,경상사고,0,0,1,0,차대차 - 추돌,안전운전불이행,건조,맑음,단일로 - 기타,기타불명,기타불명,미분류,기타불명,승용,남,58세,경상
2018102700100450,2018년 10월 27일 16시,토요일,경상북도 안동시 금곡동,경상사고,0,0,1,0,차대차 - 기타,안전운전불이행,건조,맑음,단일로 - 기타,이륜,남,18세,경상,승용,남,55세,상해없음
2018102700100485,2018년 10월 27일 17시,토요일,경상북도 구미시 도량동,중상사고,0,1,0,0,차대차 - 기타,안전거리미확보,건조,맑음,교차로 - 교차로부근,승용,남,21세,상해없음,화물,남,48세,중상
2018102700100486,2018년 10월 27일 17시,토요일,경상북도 구미시 황상동,중상사고,0,1,0,0,차대차 - 추돌,안전운전불이행,건조,맑음,교차로 - 교차로부근,승용,여,27세,상해없음,이륜,남,21세,중상
2018102700100487,2018년 10월 27일 17시,토요일,경상북도 포항시 남구 동해면,경상사고,0,0,1,0,차대차 - 기타,안전운전불이행,건조,맑음,단일로 - 기타,승용,남,61세,상해없음,이륜,남,81세,경상
2018102700100488,2018년 10월 27일 17시,토요일,경상북도 포항시 남구 연일읍,경상사고,0,0,5,0,차대차 - 기타,안전운전불이행,건조,맑음,단일로 - 기타,화물,남,59세,상해없음,승용,여,47세,경상
2018102700100539,2018년 10월 27일 18시,토요일,경상북도 경주시 강동면,중상사고,0,1,0,0,차대차 - 추돌,안전운전불이행,건조,맑음,단일로 - 교량,승용,남,49세,상해없음,승용,남,66세,중상
2018102700100540,2018년 10월 27일 18시,토요일,경상북도 김천시 아포읍,중상사고,0,1,0,0,차대차 - 추돌,안전운전불이행,건조,맑음,단일로 - 기타,승용,남,55세,상해없음,농기계,남,69세,중상
2018102700100541,2018년 10월 27일 18시,토요일,경상북도 김천시 감문면,경상사고,0,0,1,0,차대차 - 측면충돌,안전운전불이행,건조,맑음,단일로 - 기타,화물,남,57세,경상,농기계,남,59세,상해없음
2018102700100542,2018년 10월 27일 18시,토요일,경상북도 영천시 화북면,중상사고,0,1,0,0,차량단독 - 공작물충돌,안전운전불이행,건조,맑음,교차로 - 교차로부근,화물,남,56세,중상,,,,
2018102700100543,2018년 10월 27일 18시,토요일,경상북도 포항시 남구 일월동,경상사고,0,0,9,0,차대차 - 추돌,안전운전불이행,건조,맑음,단일로 - 기타,승용,남,36세,상해없음,승용,남,37세,경상
2018102700100591,2018년 10월 27일 19시,토요일,경상북도 포항시 북구 죽도동,경상사고,0,0,1,0,차대차 - 측면충돌,안전운전불이행,건조,맑음,단일로 - 기타,승용,남,63세,상해없음,이륜,남,26세,경상
2018102700100592,2018년 10월 27일 19시,토요일,경상북도 의성군 봉양면,중상사고,0,2,1,0,차대차 - 측면충돌,중앙선침범,건조,맑음,단일로 - 기타,승용,남,72세,경상,승용,남,63세,중상
2018102700100663,2018년 10월 27일 21시,토요일,경상북도 영천시 도동,경상사고,0,0,1,0,차량단독 - 공작물충돌,안전운전불이행,건조,맑음,교차로 - 교차로부근,화물,남,54세,경상,,,,
2018102700100664,2018년 10월 27일 21시,토요일,경상북도 경산시 진량읍,경상사고,0,0,2,0,차대차 - 측면충돌,교차로운행방법위반,건조,맑음,교차로 - 교차로안,승용,여,53세,경상,승용,남,39세,상해없음
2018102700100687,2018년 10월 27일 22시,토요일,경상북도 예천군 예천읍,경상사고,0,0,3,0,차대차 - 측면충돌,안전운전불이행,건조,맑음,교차로 - 교차로안,승용,남,19세,경상,승용,여,52세,경상
2018102700100688,2018년 10월 27일 22시,토요일,경상북도 포항시 남구 청림동,경상사고,0,0,2,0,차대차 - 추돌,안전운전불이행,건조,맑음,교차로 - 교차로부근,화물,여,50세,상해없음,승용,남,26세,경상
2018102800100013,2018년 10월 28일 00시,일요일,경상북도 고령군 다산면,사망사고,1,0,0,0,차대사람 - 차도통행중,안전운전불이행,건조,맑음,단일로 - 기타,승용,남,21세,상해없음,보행자,남,59세,사망
2018102800100037,2018년 10월 28일 02시,일요일,경상북도 구미시 원평동,경상사고,0,0,1,0,차대차 - 기타,안전운전불이행,건조,맑음,교차로 - 교차로부근,승용,남,28세,상해없음,승용,여,38세,경상
2018102800100055,2018년 10월 28일 03시,일요일,경상북도 경주시 현곡면,경상사고,0,0,1,0,차대차 - 측면충돌,안전운전불이행,건조,맑음,교차로 - 교차로부근,승용,여,32세,상해없음,승용,남,40세,경상
2018102800100093,2018년 10월 28일 06시,일요일,경상북도 고령군 성산면,경상사고,0,0,1,0,차량단독 - 공작물충돌,안전운전불이행,건조,맑음,단일로 - 기타,승용,남,28세,경상,,,,
2018102800100120,2018년 10월 28일 08시,일요일,경상북도 영덕군 영덕읍,경상사고,0,0,2,0,차대차 - 측면충돌,교차로운행방법위반,건조,맑음,교차로 - 교차로안,승용,남,58세,경상,승용,여,71세,경상
2018102800100146,2018년 10월 28일 09시,일요일,경상북도 영덕군 영덕읍,중상사고,0,1,0,0,차대차 - 측면충돌,직진우회전진행방해,건조,맑음,교차로 - 교차로안,승용,여,54세,중상,승용,남,20세,상해없음
2018102800100171,2018년 10월 28일 10시,일요일,경상북도 경주시 황성동,경상사고,0,0,2,0,차대차 - 측면충돌,안전운전불이행,건조,맑음,교차로 - 교차로안,승용,여,59세,상해없음,승용,여,44세,경상
2018102800100172,2018년 10월 28일 10시,일요일,경상북도 경산시 자인면,중상사고,0,2,1,0,차대차 - 정면충돌,신호위반,건조,맑음,교차로 - 교차로안,승용,남,79세,기타불명,건설기계,남,62세,경상
2018102800100173,2018년 10월 28일 10시,일요일,경상북도 청도군 풍각면,경상사고,0,0,2,0,차대차 - 측면충돌,중앙선침범,건조,맑음,기타 - 기타,승용,남,42세,상해없음,승용,남,55세,경상
2018102800100174,2018년 10월 28일 10시,일요일,경상북도 구미시 고아읍,부상신고사고,0,0,0,1,차대차 - 기타,안전거리미확보,건조,맑음,단일로 - 기타,이륜,남,64세,부상신고,승용,여,51세,상해없음
2018102800100197,2018년 10월 28일 11시,일요일,경상북도 청송군 청송읍,중상사고,0,2,0,0,차대차 - 측면충돌,교차로운행방법위반,건조,맑음,교차로 - 교차로안,승용,남,45세,상해없음,이륜,남,61세,중상
2018102800100198,2018년 10월 28일 11시,일요일,경상북도 청송군 현서면,중상사고,0,1,5,0,차대차 - 측면충돌,안전운전불이행,건조,맑음,단일로 - 기타,승용,남,57세,경상,승용,남,51세,경상
2018102800100220,2018년 10월 28일 12시,일요일,경상북도 김천시 교동,경상사고,0,0,3,0,차대차 - 추돌,안전운전불이행,젖음/습기,맑음,교차로 - 교차로안,승용,남,59세,상해없음,승용,남,66세,경상
2018102800100246,2018년 10월 28일 13시,일요일,경상북도 영천시 도동,중상사고,0,1,4,0,차대차 - 추돌,안전운전불이행,건조,맑음,교차로 - 교차로부근,승용,여,56세,경상,승용,남,57세,경상
2018102800100278,2018년 10월 28일 14시,일요일,경상북도 경산시 자인면,중상사고,0,1,0,0,차대차 - 측면충돌,중앙선침범,건조,맑음,교차로 - 교차로안,사륜오토바이(ATV),남,62세,중상,승용,남,61세,상해없음
2018102800100279,2018년 10월 28일 14시,일요일,경상북도 포항시 남구 동해면,경상사고,0,0,4,0,차대차 - 측면충돌,직진우회전진행방해,건조,맑음,교차로 - 교차로안,승용,남,51세,경상,승용,남,35세,경상
2018102800100302,2018년 10월 28일 15시,일요일,경상북도 경주시 천북면,경상사고,0,0,3,0,차대차 - 측면충돌,안전운전불이행,건조,맑음,단일로 - 기타,화물,여,48세,경상,승용,남,40세,상해없음
2018102800100303,2018년 10월 28일 15시,일요일,경상북도 영천시 완산동,경상사고,0,0,1,0,차대차 - 측면충돌,안전운전불이행,건조,맑음,교차로 - 교차로안,이륜,남,69세,경상,승용,남,64세,상해없음
2018102800100304,2018년 10월 28일 15시,일요일,경상북도 문경시 점촌동,경상사고,0,0,3,0,차대차 - 추돌,안전운전불이행,건조,맑음,단일로 - 기타,승용,남,38세,상해없음,승용,여,59세,경상
2018102800100305,2018년 10월 28일 15시,일요일,경상북도 포항시 남구 오천읍,중상사고,0,1,1,0,차대차 - 측면충돌,차로위반,건조,맑음,교차로 - 교차로부근,승용,남,30세,상해없음,화물,남,50세,중상
2018102800100334,2018년 10월 28일 16시,일요일,경상북도 경주시 성건동,경상사고,0,0,1,0,차대사람 - 보도통행중,안전운전불이행,건조,맑음,주차장 - 주차장,승용,남,30세,상해없음,보행자,여,50세,경상
2018102800100336,2018년 10월 28일 16시,일요일,경상북도 포항시 남구 이동,경상사고,0,0,1,0,차대사람 - 길가장자리구역통행중,안전운전불이행,건조,맑음,교차로 - 교차로부근,승용,여,26세,상해없음,보행자,여,52세,경상
2018102800100362,2018년 10월 28일 17시,일요일,경상북도 경산시 진량읍,경상사고,0,0,3,0,차대차 - 기타,안전거리미확보,건조,맑음,단일로 - 기타,화물,남,25세,경상,승용,남,71세,경상
2018102800100411,2018년 10월 28일 18시,일요일,경상북도 칠곡군 석적읍,경상사고,0,0,1,0,차대차 - 추돌,안전운전불이행,건조,맑음,단일로 - 기타,승용,남,80세,상해없음,화물,남,44세,경상
2018102800100412,2018년 10월 28일 18시,일요일,경상북도 문경시 흥덕동,중상사고,0,1,1,0,차대차 - 추돌,안전운전불이행,젖음/습기,비,교차로 - 교차로부근,승용,남,53세,상해없음,화물,남,61세,경상
2018102800100413,2018년 10월 28일 18시,일요일,경상북도 구미시 남통동,경상사고,0,0,1,0,차대사람 - 기타,안전운전불이행,건조,맑음,단일로 - 기타,승용,여,52세,상해없음,보행자,남,5세,경상
2018102800100414,2018년 10월 28일 18시,일요일,경상북도 구미시 신평동,중상사고,0,1,0,0,차대차 - 기타,신호위반,젖음/습기,비,교차로 - 교차로안,이륜,남,24세,중상,승용,여,37세,상해없음
2018102800100450,2018년 10월 28일 19시,일요일,경상북도 영주시 영주동,중상사고,0,3,0,0,차대차 - 측면충돌,교차로운행방법위반,건조,맑음,교차로 - 교차로안,승용,여,50세,상해없음,이륜,남,53세,중상
2018102800100451,2018년 10월 28일 19시,일요일,경상북도 포항시 남구 오천읍,중상사고,0,1,0,0,차대차 - 추돌,안전운전불이행,건조,맑음,단일로 - 기타,승용,남,41세,상해없음,승용,남,51세,중상
2018102800100479,2018년 10월 28일 20시,일요일,경상북도 포항시 북구 용흥동,경상사고,0,0,1,0,차대차 - 기타,안전운전불이행,건조,맑음,단일로 - 기타,승용,여,27세,경상,승용,여,58세,상해없음
2018102800100480,2018년 10월 28일 20시,일요일,경상북도 구미시 사곡동,부상신고사고,0,0,0,1,차대차 - 기타,교차로운행방법위반,건조,맑음,교차로 - 교차로안,이륜,남,52세,부상신고,승용,남,26세,상해없음
2018102800100481,2018년 10월 28일 20시,일요일,경상북도 포항시 남구 오천읍,중상사고,0,1,0,0,차대차 - 기타,안전운전불이행,건조,맑음,교차로 - 교차로부근,승용,여,53세,상해없음,이륜,남,36세,중상
2018102800100482,2018년 10월 28일 20시,일요일,경상북도 포항시 남구 동촌동,경상사고,0,0,2,0,차대차 - 기타,안전거리미확보,건조,맑음,단일로 - 기타,승용,남,63세,상해없음,승용,여,38세,경상
2018102800100506,2018년 10월 28일 21시,일요일,경상북도 김천시 지좌동,경상사고,0,0,1,0,차대차 - 추돌,안전운전불이행,건조,맑음,교차로 - 교차로부근,승용,남,59세,상해없음,승합,남,45세,경상
2018102900100018,2018년 10월 29일 02시,월요일,경상북도 영주시 가흥동,중상사고,0,3,0,0,차대차 - 추돌,안전운전불이행,젖음/습기,비,단일로 - 기타,승용,남,27세,중상,화물,남,39세,상해없음
2018102900100023,2018년 10월 29일 03시,월요일,경상북도 예천군 호명면,중상사고,0,1,0,0,차량단독 - 공작물충돌,안전운전불이행,젖음/습기,흐림,교차로 - 교차로부근,화물,남,26세,상해없음,,,,
2018102900100038,2018년 10월 29일 05시,월요일,경상북도 포항시 남구 해도동,경상사고,0,0,1,0,차대차 - 측면충돌,신호위반,건조,맑음,교차로 - 교차로안,승용,남,55세,상해없음,승용,남,59세,경상
2018102900100039,2018년 10월 29일 05시,월요일,경상북도 포항시 남구 동촌동,중상사고,0,1,0,0,차량단독 - 공작물충돌,안전운전불이행,건조,맑음,교차로 - 교차로부근,승용,남,66세,중상,,,,
2018102900100057,2018년 10월 29일 06시,월요일,경상북도 경주시 용강동,경상사고,0,0,1,0,차대차 - 측면충돌,안전운전불이행,건조,맑음,단일로 - 기타,화물,남,67세,상해없음,화물,남,29세,경상
2018102900100084,2018년 10월 29일 07시,월요일,경상북도 안동시 당북동,경상사고,0,0,1,0,차대사람 - 길가장자리구역통행중,안전운전불이행,건조,맑음,단일로 - 기타,승용,여,66세,상해없음,보행자,남,24세,경상
2018102900100085,2018년 10월 29일 07시,월요일,경상북도 봉화군 춘양면,부상신고사고,0,0,0,1,차대차 - 측면충돌,직진우회전진행방해,건조,맑음,교차로 - 교차로안,사륜오토바이(ATV),남,86세,부상신고,승합,여,56세,상해없음
2018102900100086,2018년 10월 29일 07시,월요일,경상북도 청송군 청송읍,중상사고,0,1,0,0,차대차 - 추돌,안전운전불이행,건조,맑음,단일로 - 기타,화물,남,51세,상해없음,농기계,남,66세,중상
2018102900100087,2018년 10월 29일 07시,월요일,경상북도 구미시 고아읍,경상사고,0,0,2,0,차대차 - 기타,신호위반,건조,맑음,교차로 - 교차로안,승용,여,51세,경상,승용,남,40세,경상
2018102900100172,2018년 10월 29일 09시,월요일,경상북도 상주시 모서면,경상사고,0,0,1,0,차대차 - 측면충돌,교차로운행방법위반,건조,맑음,교차로 - 교차로안,승용,남,44세,상해없음,이륜,남,85세,경상
2018102900100173,2018년 10월 29일 09시,월요일,경상북도 고령군 개진면,사망사고,1,0,0,0,차량단독 - 공작물충돌,안전운전불이행,건조,맑음,단일로 - 기타,화물,남,58세,사망,,,,
2018102900100205,2018년 10월 29일 10시,월요일,경상북도 포항시 북구 흥해읍,경상사고,0,0,1,0,차대차 - 추돌,안전거리미확보,건조,맑음,교차로 - 교차로부근,승용,남,76세,상해없음,승용,남,50세,경상
2018102900100206,2018년 10월 29일 10시,월요일,경상북도 영천시 매산동,사망사고,1,0,0,0,차량단독 - 공작물충돌,안전운전불이행,건조,맑음,단일로 - 기타,화물,남,62세,상해없음,,,,
2018102900100234,2018년 10월 29일 11시,월요일,경상북도 칠곡군 석적읍,중상사고,0,1,0,0,차대차 - 측면충돌,신호위반,건조,맑음,교차로 - 교차로안,화물,남,51세,상해없음,이륜,남,49세,중상
2018102900100235,2018년 10월 29일 11시,월요일,경상북도 영덕군 강구면,중상사고,0,1,1,0,차대차 - 측면충돌,직진우회전진행방해,건조,맑음,교차로 - 교차로안,승용,남,25세,상해없음,승용,여,64세,경상
2018102900100267,2018년 10월 29일 12시,월요일,경상북도 경주시 내남면,경상사고,0,0,1,0,차대차 - 정면충돌,중앙선침범,건조,맑음,단일로 - 지하차도(도로)내,화물,남,68세,상해없음,화물,남,40세,경상
2018102900100268,2018년 10월 29일 12시,월요일,경상북도 안동시 옥야동,경상사고,0,0,1,0,차대차 - 기타,안전운전불이행,건조,맑음,단일로 - 기타,승용,남,73세,상해없음,승용,남,37세,경상
2018102900100269,2018년 10월 29일 12시,월요일,경상북도 상주시 남성동,경상사고,0,0,1,0,차대차 - 측면충돌,교차로운행방법위반,건조,맑음,교차로 - 교차로안,승용,남,70세,상해없음,승용,남,71세,경상
2018102900100270,2018년 10월 29일 12시,월요일,경상북도 예천군 호명면,중상사고,0,1,0,0,차대사람 - 차도통행중,안전운전불이행,건조,맑음,교차로 - 교차로안,화물,남,48세,상해없음,보행자,여,80세,중상
2018102900100271,2018년 10월 29일 12시,월요일,경상북도 예천군 용궁면,경상사고,0,0,1,0,차대차 - 측면충돌,신호위반,건조,맑음,교차로 - 교차로안,화물,남,57세,상해없음,승용,여,59세,경상
2018102900100305,2018년 10월 29일 13시,월요일,경상북도 상주시 모서면,사망사고,1,0,0,0,차대사람 - 길가장자리구역통행중,안전운전불이행,젖음/습기,비,교차로 - 교차로안,승용,여,62세,상해없음,보행자,여,87세,사망
2018102900100307,2018년 10월 29일 13시,월요일,경상북도 경산시 남산면,경상사고,0,0,1,0,차대차 - 측면충돌,안전운전불이행,건조,맑음,단일로 - 기타,농기계,여,70세,경상,화물,남,32세,상해없음
2018102900100333,2018년 10월 29일 14시,월요일,경상북도 경산시 정평동,경상사고,0,0,1,0,차대차 - 측면충돌,안전운전불이행,건조,맑음,단일로 - 기타,화물,남,47세,상해없음,승용,여,54세,경상
2018102900100334,2018년 10월 29일 14시,월요일,경상북도 경산시 남천면,경상사고,0,0,1,0,차대차 - 측면충돌,교차로운행방법위반,건조,맑음,교차로 - 교차로안,승용,여,78세,상해없음,화물,남,58세,경상