사고번호,사고일시,요일,시군구,사고내용,사망자수,중상자수,경상자수,부상신고자수,사고유형,법규위반,노면상태,기상상태,도로형태,가해운전자 차종,가해운전자 성별,가해운전자 연령,가해운전자 상해정도,피해운전자 차종,피해운전자 성별,피해운전자 연령,피해운전자 상해정도
2018102900100335,2018년 10월 29일 14시,월요일,경상북도 청도군 금천면,중상사고,0,1,0,0,차대차 - 측면충돌,안전운전불이행,젖음/습기,비,단일로 - 기타,농기계,남,80세,중상,화물,남,62세,상해없음
2018102900100383,2018년 10월 29일 15시,월요일,경상북도 김천시 평화동,경상사고,0,0,1,0,차대차 - 추돌,안전거리미확보,젖음/습기,비,교차로 - 교차로안,화물,남,63세,상해없음,승용,남,64세,경상
2018102900100384,2018년 10월 29일 15시,월요일,경상북도 칠곡군 북삼읍,중상사고,0,1,0,0,차대차 - 추돌,안전거리미확보,젖음/습기,비,단일로 - 기타,특수,남,62세,상해없음,승용,남,56세,중상
2018102900100385,2018년 10월 29일 15시,월요일,경상북도 문경시 모전동,경상사고,0,0,1,0,차대차 - 추돌,안전운전불이행,건조,맑음,단일로 - 기타,승용,여,60세,경상,승용,여,53세,상해없음
2018102900100386,2018년 10월 29일 15시,월요일,경상북도 구미시 원평동,중상사고,0,1,0,0,차대차 - 기타,중앙선침범,젖음/습기,비,단일로 - 기타,화물,여,50세,상해없음,화물,남,50세,중상
2018102900100430,2018년 10월 29일 16시,월요일,경상북도 상주시 계산동,경상사고,0,0,1,0,차대차 - 기타,안전운전불이행,건조,맑음,단일로 - 기타,승용,남,61세,상해없음,자전거,남,70세,경상
2018102900100431,2018년 10월 29일 16시,월요일,경상북도 상주시 남성동,경상사고,0,0,1,0,차대차 - 측면충돌,안전운전불이행,건조,맑음,단일로 - 기타,이륜,남,78세,상해없음,자전거,남,13세,경상
2018102900100432,2018년 10월 29일 16시,월요일,경상북도 성주군 성주읍,경상사고,0,0,1,0,차량단독 - 기타,안전운전불이행,기타,맑음,단일로 - 기타,이륜,여,79세,경상,,,,
2018102900100433,2018년 10월 29일 16시,월요일,경상북도 포항시 남구 대잠동,중상사고,0,2,7,1,차대차 - 측면충돌,교차로운행방법위반,건조,맑음,교차로 - 교차로안,승용,남,27세,부상신고,승합,남,58세,중상
2018102900100469,2018년 10월 29일 17시,월요일,경상북도 포항시 북구 죽도동,경상사고,0,0,1,0,차대차 - 측면충돌,중앙선침범,건조,맑음,단일로 - 기타,승용,남,26세,상해없음,이륜,여,37세,경상
2018102900100470,2018년 10월 29일 17시,월요일,경상북도 포항시 북구 장성동,경상사고,0,0,1,0,차대사람 - 기타,안전운전불이행,건조,맑음,교차로 - 교차로안,승용,여,25세,상해없음,보행자,여,18세,경상
2018102900100471,2018년 10월 29일 17시,월요일,경상북도 칠곡군 지천면,경상사고,0,0,2,0,차대차 - 추돌,안전운전불이행,건조,맑음,단일로 - 기타,승용,남,45세,경상,승용,남,56세,상해없음
2018102900100472,2018년 10월 29일 17시,월요일,경상북도 청도군 청도읍,사망사고,1,0,0,0,차대사람 - 횡단중,안전운전불이행,건조,맑음,기타 - 기타,화물,남,52세,상해없음,보행자,여,71세,사망
2018102900100473,2018년 10월 29일 17시,월요일,경상북도 고령군 대가야읍,중상사고,0,1,0,0,차량단독 - 공작물충돌,안전운전불이행,건조,맑음,단일로 - 기타,화물,여,62세,상해없음,,,,
2018102900100530,2018년 10월 29일 18시,월요일,경상북도 경주시 성건동,경상사고,0,0,2,0,차대차 - 추돌,안전운전불이행,젖음/습기,맑음,단일로 - 기타,승용,남,49세,기타불명,승용,남,19세,경상
2018102900100531,2018년 10월 29일 18시,월요일,경상북도 영주시 가흥동,경상사고,0,0,1,0,차대사람 - 횡단중,신호위반,건조,맑음,단일로 - 기타,승용,여,39세,상해없음,보행자,여,49세,경상
2018102900100532,2018년 10월 29일 18시,월요일,경상북도 영주시 휴천동,사망사고,1,0,0,0,차대사람 - 횡단중,보행자보호의무위반,건조,맑음,교차로 - 교차로횡단보도내,화물,남,49세,상해없음,보행자,여,75세,사망
2018102900100533,2018년 10월 29일 18시,월요일,경상북도 영천시 금호읍,경상사고,0,0,1,0,차대차 - 측면충돌,교차로운행방법위반,건조,맑음,교차로 - 교차로안,승용,남,68세,상해없음,승용,여,53세,경상
2018102900100534,2018년 10월 29일 18시,월요일,경상북도 경산시 중방동,경상사고,0,0,1,0,차대차 - 기타,안전운전불이행,건조,맑음,단일로 - 기타,승용,남,48세,상해없음,승합,남,39세,상해없음
2018102900100535,2018년 10월 29일 18시,월요일,경상북도 구미시 고아읍,중상사고,0,1,0,0,차대사람 - 기타,보행자보호의무위반,건조,맑음,단일로 - 기타,승합,남,71세,상해없음,보행자,여,11세,중상
2018102900100536,2018년 10월 29일 18시,월요일,경상북도 포항시 남구 연일읍,중상사고,0,1,0,0,차대차 - 추돌,안전거리미확보,건조,맑음,단일로 - 기타,화물,여,56세,상해없음,승용,여,53세,중상
2018102900100640,2018년 10월 29일 21시,월요일,경상북도 포항시 북구 죽도동,경상사고,0,0,1,0,차대차 - 측면충돌,신호위반,건조,맑음,교차로 - 교차로안,승용,남,46세,상해없음,승용,남,63세,경상
2018102900100641,2018년 10월 29일 21시,월요일,경상북도 영주시 안정면,경상사고,0,0,3,0,차대차 - 추돌,안전운전불이행,건조,맑음,단일로 - 기타,승용,남,61세,경상,농기계,남,55세,경상
2018102900100642,2018년 10월 29일 21시,월요일,경상북도 경산시 정평동,경상사고,0,0,1,0,차대사람 - 기타,안전운전불이행,건조,맑음,교차로 - 교차로안,승용,남,24세,상해없음,보행자,여,54세,경상
2018102900100659,2018년 10월 29일 22시,월요일,경상북도 포항시 북구 청하면,경상사고,0,0,2,0,차대차 - 추돌,안전운전불이행,건조,맑음,단일로 - 기타,승용,남,28세,상해없음,승용,남,34세,경상
2018102900100660,2018년 10월 29일 22시,월요일,경상북도 포항시 남구 해도동,사망사고,1,0,1,0,차대차 - 기타,신호위반,건조,맑음,교차로 - 교차로안,승용,남,31세,경상,이륜,남,66세,사망
2018103000100028,2018년 10월 30일 02시,화요일,경상북도 포항시 남구 청림동,경상사고,0,0,1,0,차량단독 - 공작물충돌,안전운전불이행,건조,맑음,단일로 - 기타,승용,남,29세,경상,,,,
2018103000100044,2018년 10월 30일 04시,화요일,경상북도 성주군 성주읍,중상사고,0,1,0,0,차대차 - 추돌,안전운전불이행,건조,맑음,단일로 - 기타,승용,남,21세,상해없음,자전거,남,78세,중상
2018103000100052,2018년 10월 30일 05시,화요일,경상북도 경산시 옥산동,경상사고,0,0,2,0,차대차 - 추돌,안전운전불이행,건조,맑음,교차로 - 교차로부근,승용,여,25세,상해없음,승용,남,65세,경상
2018103000100066,2018년 10월 30일 06시,화요일,경상북도 청송군 현서면,중상사고,0,1,0,0,차대차 - 추돌,안전운전불이행,건조,맑음,단일로 - 기타,승용,남,58세,상해없음,농기계,남,78세,중상
2018103000100067,2018년 10월 30일 06시,화요일,경상북도 구미시 황상동,경상사고,0,0,1,0,차대차 - 기타,안전운전불이행,건조,맑음,교차로 - 교차로안,승용,남,33세,상해없음,승용,남,54세,경상
2018103000100130,2018년 10월 30일 08시,화요일,경상북도 포항시 북구 용흥동,경상사고,0,0,1,0,차대차 - 측면충돌,안전운전불이행,건조,맑음,교차로 - 교차로안,승용,남,32세,상해없음,승용,남,70세,경상
2018103000100131,2018년 10월 30일 08시,화요일,경상북도 안동시 법상동,중상사고,0,1,0,0,차대차 - 측면충돌,안전운전불이행,건조,맑음,교차로 - 교차로안,화물,남,80세,상해없음,자전거,남,72세,중상
2018103000100132,2018년 10월 30일 08시,화요일,경상북도 구미시 고아읍,사망사고,1,0,0,0,차대차 - 기타,불법유턴,건조,맑음,단일로 - 기타,이륜,남,66세,사망,화물,남,55세,상해없음
2018103000100133,2018년 10월 30일 08시,화요일,경상북도 구미시 선산읍,중상사고,0,1,0,0,차대차 - 추돌,안전운전불이행,건조,맑음,교차로 - 교차로안,승용,여,55세,상해없음,이륜,남,83세,중상
2018103000100134,2018년 10월 30일 08시,화요일,경상북도 구미시 사곡동,중상사고,0,1,1,0,차대사람 - 횡단중,보행자보호의무위반,건조,맑음,교차로 - 교차로안,승용,남,45세,상해없음,보행자,여,65세,중상
2018103000100135,2018년 10월 30일 08시,화요일,경상북도 구미시 구평동,경상사고,0,0,1,0,차대차 - 기타,신호위반,건조,맑음,교차로 - 교차로부근,승용,여,45세,상해없음,승용,남,36세,경상
2018103000100136,2018년 10월 30일 08시,화요일,경상북도 포항시 남구 효자동,경상사고,0,0,1,0,차대사람 - 길가장자리구역통행중,안전운전불이행,건조,맑음,교차로 - 교차로부근,승용,여,58세,상해없음,보행자,여,25세,경상
2018103000100186,2018년 10월 30일 09시,화요일,경상북도 김천시 남산동,경상사고,0,0,1,0,차대사람 - 차도통행중,안전운전불이행,건조,맑음,교차로 - 교차로부근,화물,남,71세,상해없음,보행자,여,81세,경상
2018103000100198,2018년 10월 30일 10시,화요일,경상북도 경주시 양북면,중상사고,0,1,0,0,차대차 - 추돌,안전운전불이행,건조,맑음,단일로 - 기타,특수,남,36세,상해없음,승용,여,44세,중상
2018103000100214,2018년 10월 30일 10시,화요일,경상북도 안동시 동부동,경상사고,0,0,1,0,차대차 - 측면충돌,직진우회전진행방해,건조,맑음,교차로 - 교차로안,승합,남,41세,상해없음,이륜,남,67세,경상
2018103000100215,2018년 10월 30일 10시,화요일,경상북도 의성군 의성읍,경상사고,0,0,2,0,차대차 - 측면충돌,안전운전불이행,건조,맑음,단일로 - 기타,화물,남,81세,상해없음,농기계,남,66세,상해없음
2018103000100246,2018년 10월 30일 11시,화요일,경상북도 구미시 산동면,경상사고,0,0,1,0,차대차 - 측면충돌,직진우회전진행방해,건조,맑음,교차로 - 교차로안,승용,여,39세,상해없음,이륜,남,82세,경상
2018103000100280,2018년 10월 30일 12시,화요일,경상북도 포항시 북구 장성동,경상사고,0,0,3,0,차대차 - 측면충돌,직진우회전진행방해,건조,맑음,교차로 - 교차로안,승용,남,45세,상해없음,승용,남,34세,경상
2018103000100281,2018년 10월 30일 12시,화요일,경상북도 구미시 거의동,중상사고,0,1,0,0,차대차 - 기타,안전운전불이행,건조,맑음,단일로 - 기타,승용,남,51세,상해없음,승용,여,64세,중상
2018103000100282,2018년 10월 30일 12시,화요일,경상북도 구미시 산동면,경상사고,0,0,1,0,차대차 - 측면충돌,교차로운행방법위반,건조,맑음,교차로 - 교차로안,승용,남,61세,상해없음,승용,여,55세,경상
2018103000100312,2018년 10월 30일 13시,화요일,경상북도 칠곡군 동명면,경상사고,0,0,1,0,차대차 - 추돌,안전운전불이행,건조,맑음,단일로 - 기타,승용,남,26세,상해없음,승용,남,30세,경상
2018103000100313,2018년 10월 30일 13시,화요일,경상북도 영천시 신령면,중상사고,0,3,1,0,차대차 - 측면충돌,신호위반,건조,맑음,교차로 - 교차로안,승용,남,70세,중상,승용,남,51세,경상
2018103000100314,2018년 10월 30일 13시,화요일,경상북도 영덕군 영덕읍,중상사고,0,1,0,0,차대차 - 추돌,안전거리미확보,건조,맑음,단일로 - 기타,승용,남,51세,상해없음,화물,남,66세,중상
2018103000100315,2018년 10월 30일 13시,화요일,경상북도 고령군 대가야읍,중상사고,0,1,0,0,차대차 - 측면충돌,교차로운행방법위반,건조,맑음,교차로 - 교차로안,화물,남,43세,상해없음,이륜,남,58세,중상
2018103000100316,2018년 10월 30일 13시,화요일,경상북도 포항시 남구 오천읍,경상사고,0,0,1,0,차대차 - 측면충돌,직진우회전진행방해,건조,맑음,교차로 - 교차로안,승용,남,63세,기타불명,승용,남,52세,경상
2018103000100351,2018년 10월 30일 14시,화요일,경상북도 포항시 북구 덕수동,경상사고,0,0,1,0,차대사람 - 횡단중,보행자보호의무위반,건조,맑음,교차로 - 교차로횡단보도내,승용,남,45세,상해없음,보행자,남,71세,경상
2018103000100352,2018년 10월 30일 14시,화요일,경상북도 구미시 구포동,경상사고,0,0,1,0,차대차 - 추돌,안전운전불이행,건조,맑음,단일로 - 기타,승용,여,52세,상해없음,승용,남,39세,경상
2018103000100385,2018년 10월 30일 15시,화요일,경상북도 포항시 북구 죽도동,경상사고,0,0,1,0,차대차 - 기타,안전운전불이행,건조,맑음,단일로 - 기타,승용,남,25세,상해없음,승용,여,32세,경상
2018103000100386,2018년 10월 30일 15시,화요일,경상북도 의성군 금성면,경상사고,0,0,1,0,차대차 - 측면충돌,안전운전불이행,건조,맑음,기타 - 기타,화물,남,56세,상해없음,승용,여,27세,경상
2018103000100387,2018년 10월 30일 15시,화요일,경상북도 경산시 하양읍,경상사고,0,0,1,0,차대사람 - 횡단중,보행자보호의무위반,건조,맑음,교차로 - 교차로횡단보도내,화물,남,62세,상해없음,보행자,남,40세,경상
2018103000100388,2018년 10월 30일 15시,화요일,경상북도 예천군 유천면,중상사고,0,1,0,0,차대차 - 추돌,안전운전불이행,건조,맑음,교차로 - 교차로부근,승용,남,75세,상해없음,이륜,남,70세,중상
2018103000100427,2018년 10월 30일 16시,화요일,경상북도 경산시 압량면,부상신고사고,0,0,0,1,차대차 - 측면충돌,안전운전불이행,건조,맑음,단일로 - 기타,이륜,남,16세,부상신고,승용,여,21세,상해없음
2018103000100428,2018년 10월 30일 16시,화요일,경상북도 구미시 진평동,경상사고,0,0,1,1,차대차 - 기타,안전운전불이행,건조,맑음,교차로 - 교차로안,승용,남,32세,상해없음,승용,여,23세,경상
2018103000100472,2018년 10월 30일 17시,화요일,경상북도 경주시 성동동,경상사고,0,0,3,0,차대차 - 측면충돌,안전운전불이행,건조,맑음,교차로 - 교차로안,승용,여,72세,경상,승용,남,51세,경상
2018103000100473,2018년 10월 30일 17시,화요일,경상북도 경산시 진량읍,경상사고,0,0,2,0,차대차 - 측면충돌,기타,건조,맑음,교차로 - 교차로안,화물,남,59세,경상,승용,남,36세,경상
2018103000100474,2018년 10월 30일 17시,화요일,경상북도 영덕군 영해면,사망사고,2,0,0,0,차대차 - 추돌,안전운전불이행,건조,맑음,단일로 - 교량,승용,남,78세,상해없음,농기계,남,75세,사망
2018103000100475,2018년 10월 30일 17시,화요일,경상북도 포항시 남구 해도동,경상사고,0,0,1,0,차대차 - 기타,안전거리미확보,건조,맑음,기타 - 기타,이륜,남,28세,경상,승용,남,27세,상해없음
2018103000100528,2018년 10월 30일 18시,화요일,경상북도 경주시 현곡면,경상사고,0,0,1,0,차대차 - 측면충돌,안전운전불이행,건조,맑음,단일로 - 지하차도(도로)내,승용,남,48세,상해없음,자전거,여,80세,경상
2018103000100529,2018년 10월 30일 18시,화요일,경상북도 포항시 북구 청하면,경상사고,0,0,1,0,차대차 - 측면충돌,안전운전불이행,건조,맑음,단일로 - 기타,승용,남,66세,경상,건설기계,남,66세,상해없음
2018103000100530,2018년 10월 30일 18시,화요일,경상북도 김천시 부곡동,중상사고,0,1,1,0,차대차 - 측면충돌,불법유턴,건조,맑음,교차로 - 교차로안,승용,여,44세,경상,이륜,남,40세,중상
2018103000100531,2018년 10월 30일 18시,화요일,경상북도 칠곡군 동명면,부상신고사고,0,0,0,1,차대차 - 측면충돌,안전운전불이행,건조,맑음,교차로 - 교차로안,이륜,남,54세,부상신고,승용,남,49세,상해없음
2018103000100532,2018년 10월 30일 18시,화요일,경상북도 경산시 진량읍,경상사고,0,0,1,0,차대차 - 측면충돌,신호위반,건조,맑음,교차로 - 교차로안,승용,남,62세,상해없음,이륜,남,19세,경상
2018103000100533,2018년 10월 30일 18시,화요일,경상북도 구미시 원평동,경상사고,0,0,1,0,차대사람 - 기타,안전운전불이행,건조,맑음,단일로 - 기타,승용,남,20세,상해없음,보행자,여,17세,경상
2018103000100579,2018년 10월 30일 19시,화요일,경상북도 상주시 함창읍,중상사고,0,1,0,0,차대차 - 측면충돌,안전운전불이행,건조,맑음,교차로 - 교차로안,화물,남,55세,상해없음,자전거,여,78세,중상
2018103000100625,2018년 10월 30일 20시,화요일,경상북도 김천시 지좌동,중상사고,0,1,0,0,차대사람 - 횡단중,안전운전불이행,건조,맑음,단일로 - 기타,화물,남,77세,상해없음,보행자,남,64세,중상
2018103000100626,2018년 10월 30일 20시,화요일,경상북도 구미시 송정동,중상사고,0,1,0,0,차대사람 - 횡단중,보행자보호의무위반,건조,맑음,단일로 - 기타,승용,여,38세,기타불명,보행자,남,54세,중상
2018103000100655,2018년 10월 30일 21시,화요일,경상북도 경주시 동천동,경상사고,0,0,1,0,차대차 - 측면충돌,안전운전불이행,건조,맑음,교차로 - 교차로안,승용,여,46세,상해없음,이륜,남,50세,경상
2018103000100656,2018년 10월 30일 21시,화요일,경상북도 구미시 송정동,중상사고,0,1,0,0,차대차 - 측면충돌,신호위반,건조,맑음,단일로 - 기타,승용,남,56세,상해없음,이륜,남,38세,중상
2018103000100681,2018년 10월 30일 22시,화요일,경상북도 안동시 법상동,경상사고,0,0,1,0,차대차 - 추돌,안전운전불이행,건조,맑음,단일로 - 기타,화물,남,56세,상해없음,화물,남,39세,경상
2018103100100045,2018년 10월 31일 04시,수요일,경상북도 포항시 남구 이동,경상사고,0,0,3,0,차대차 - 추돌,안전운전불이행,건조,맑음,단일로 - 기타,승용,남,34세,경상,승용,남,60세,경상
2018103100100067,2018년 10월 31일 06시,수요일,경상북도 영천시 금호읍,경상사고,0,0,1,0,차대차 - 추돌,안전운전불이행,건조,맑음,단일로 - 기타,승용,여,47세,경상,승용,여,63세,상해없음
2018103100100089,2018년 10월 31일 07시,수요일,경상북도 상주시 은척면,사망사고,1,0,0,0,차대차 - 측면충돌,교차로운행방법위반,건조,맑음,교차로 - 교차로안,화물,남,75세,상해없음,원동기,여,75세,사망
2018103100100090,2018년 10월 31일 07시,수요일,경상북도 예천군 예천읍,중상사고,0,2,0,0,차대차 - 측면충돌,직진우회전진행방해,건조,맑음,교차로 - 교차로안,승용,남,57세,상해없음,이륜,남,17세,중상
2018103100100124,2018년 10월 31일 08시,수요일,경상북도 영천시 임고면,경상사고,0,0,1,0,차대차 - 추돌,안전거리미확보,건조,맑음,단일로 - 기타,승용,여,44세,상해없음,승용,여,42세,경상
2018103100100125,2018년 10월 31일 08시,수요일,경상북도 예천군 예천읍,중상사고,0,1,2,0,차대차 - 측면충돌,안전운전불이행,건조,맑음,교차로 - 교차로안,승용,여,60세,경상,승용,여,57세,경상
2018103100100126,2018년 10월 31일 08시,수요일,경상북도 성주군 초전면,중상사고,0,1,0,0,차대차 - 측면충돌,안전운전불이행,건조,맑음,교차로 - 교차로안,이륜,여,68세,중상,특수,남,46세,상해없음
2018103100100159,2018년 10월 31일 09시,수요일,경상북도 영주시 휴천동,중상사고,0,3,0,3,차대차 - 측면충돌,교차로운행방법위반,건조,맑음,교차로 - 교차로안,화물,남,52세,중상,승합,남,32세,상해없음
2018103100100160,2018년 10월 31일 09시,수요일,경상북도 포항시 남구 오천읍,중상사고,0,1,0,0,차대사람 - 차도통행중,안전운전불이행,건조,맑음,단일로 - 기타,승용,여,56세,상해없음,보행자,여,57세,중상
2018103100100161,2018년 10월 31일 09시,수요일,경상북도 포항시 남구 연일읍,경상사고,0,0,2,0,차대차 - 측면충돌,안전운전불이행,건조,맑음,교차로 - 교차로안,승용,여,39세,경상,승용,여,45세,경상
2018103100100198,2018년 10월 31일 10시,수요일,경상북도 경주시 강동면,중상사고,0,1,0,0,차량단독 - 공작물충돌,안전운전불이행,건조,맑음,단일로 - 기타,승용,남,58세,중상,,,,
2018103100100199,2018년 10월 31일 10시,수요일,경상북도 포항시 북구 덕산동,경상사고,0,0,1,0,차대차 - 측면충돌,직진우회전진행방해,건조,맑음,교차로 - 교차로안,자전거,여,64세,경상,승용,여,44세,상해없음
2018103100100200,2018년 10월 31일 10시,수요일,경상북도 영주시 풍기읍,경상사고,0,0,1,0,차대차 - 기타,중앙선침범,건조,맑음,단일로 - 기타,화물,여,26세,상해없음,승용,남,55세,경상
2018103100100230,2018년 10월 31일 11시,수요일,경상북도 경주시 용강동,중상사고,0,1,0,0,차대차 - 측면충돌,신호위반,건조,맑음,교차로 - 교차로안,승용,남,52세,상해없음,승용,여,38세,중상
2018103100100231,2018년 10월 31일 11시,수요일,경상북도 안동시 정하동,경상사고,0,0,1,0,차대차 - 측면충돌,신호위반,건조,맑음,교차로 - 교차로안,승용,남,62세,상해없음,승용,여,42세,경상
2018103100100232,2018년 10월 31일 11시,수요일,경상북도 경산시 계양동,중상사고,0,1,1,0,차대사람 - 횡단중,신호위반,건조,맑음,교차로 - 교차로횡단보도내,이륜,남,37세,경상,보행자,남,19세,중상
2018103100100260,2018년 10월 31일 12시,수요일,경상북도 안동시 옥동,중상사고,0,1,0,0,차대사람 - 횡단중,안전운전불이행,건조,맑음,단일로 - 기타,승용,남,57세,상해없음,보행자,여,61세,중상
2018103100100261,2018년 10월 31일 12시,수요일,경상북도 청송군 진보면,사망사고,1,0,0,0,차대차 - 측면충돌,안전운전불이행,건조,맑음,단일로 - 기타,화물,남,78세,상해없음,농기계,남,77세,사망
2018103100100262,2018년 10월 31일 12시,수요일,경상북도 포항시 남구 오천읍,경상사고,0,0,1,0,차대차 - 측면충돌,안전운전불이행,건조,맑음,교차로 - 교차로안,자전거,여,74세,경상,승용,남,71세,상해없음
2018103100100298,2018년 10월 31일 13시,수요일,경상북도 안동시 송현동,경상사고,0,0,2,0,차대차 - 측면충돌,안전거리미확보,건조,맑음,교차로 - 교차로안,이륜,남,19세,경상,이륜,남,78세,경상
2018103100100299,2018년 10월 31일 13시,수요일,경상북도 칠곡군 왜관읍,경상사고,0,0,1,0,차대사람 - 차도통행중,안전운전불이행,건조,맑음,교차로 - 교차로안,승용,여,32세,상해없음,보행자,여,70세,경상
2018103100100300,2018년 10월 31일 13시,수요일,경상북도 칠곡군 북삼읍,경상사고,0,0,2,0,차대차 - 측면충돌,기타,건조,맑음,교차로 - 교차로안,승용,여,53세,상해없음,승합,남,72세,경상
2018103100100301,2018년 10월 31일 13시,수요일,경상북도 칠곡군 약목면,경상사고,0,0,2,0,차대차 - 측면충돌,직진우회전진행방해,건조,맑음,교차로 - 교차로안,승용,남,69세,경상,화물,남,60세,경상
2018103100100408,2018년 10월 31일 16시,수요일,경상북도 경주시 동천동,중상사고,0,1,0,0,차대차 - 측면충돌,안전운전불이행,건조,맑음,교차로 - 교차로안,화물,남,64세,상해없음,자전거,여,19세,중상
2018103100100409,2018년 10월 31일 16시,수요일,경상북도 포항시 북구 대흥동,중상사고,0,1,0,0,차대사람 - 보도통행중,기타,건조,맑음,단일로 - 기타,화물,남,68세,상해없음,보행자,여,82세,중상
2018103100100410,2018년 10월 31일 16시,수요일,경상북도 영주시 하망동,경상사고,0,0,2,0,차대차 - 측면충돌,직진우회전진행방해,건조,맑음,교차로 - 교차로안,승용,남,50세,경상,승용,남,58세,경상
2018103100100411,2018년 10월 31일 16시,수요일,경상북도 경산시 상방동,중상사고,0,1,0,0,차대차 - 측면충돌,교차로운행방법위반,건조,맑음,교차로 - 교차로안,승용,여,60세,상해없음,자전거,남,10세,중상
2018103100100449,2018년 10월 31일 17시,수요일,경상북도 포항시 북구 학산동,중상사고,0,1,0,0,차대사람 - 기타,안전운전불이행,건조,맑음,단일로 - 기타,승용,여,47세,상해없음,보행자,여,45세,중상
2018103100100450,2018년 10월 31일 17시,수요일,경상북도 김천시 덕곡동,경상사고,0,0,1,0,차대차 - 측면충돌,안전운전불이행,건조,맑음,단일로 - 기타,승용,남,43세,상해없음,승용,여,49세,경상
2018103100100505,2018년 10월 31일 18시,수요일,경상북도 안동시 송현동,중상사고,0,3,2,0,차대차 - 추돌,안전거리미확보,건조,맑음,단일로 - 기타,화물,남,67세,상해없음,승합,남,58세,상해없음
2018103100100506,2018년 10월 31일 18시,수요일,경상북도 경산시 진량읍,경상사고,0,0,2,0,차대차 - 측면충돌,안전거리미확보,건조,맑음,단일로 - 기타,승합,남,62세,상해없음,승용,남,42세,경상
2018103100100507,2018년 10월 31일 18시,수요일,경상북도 구미시 도량동,중상사고,0,1,0,0,차대사람 - 횡단중,안전운전불이행,건조,맑음,단일로 - 기타,승용,남,54세,상해없음,보행자,여,18세,중상
2018103100100508,2018년 10월 31일 18시,수요일,경상북도 포항시 남구 괴동동,중상사고,0,1,2,0,차대차 - 측면충돌,안전운전불이행,건조,맑음,교차로 - 교차로부근,승용,남,69세,경상,화물,남,45세,경상
2018103100100574,2018년 10월 31일 19시,수요일,경상북도 포항시 북구 죽도동,경상사고,0,0,1,0,차대차 - 기타,안전운전불이행,건조,맑음,단일로 - 기타,승용,남,22세,상해없음,자전거,남,29세,경상
2018103100100575,2018년 10월 31일 19시,수요일,경상북도 구미시 원평동,경상사고,0,0,1,0,차대차 - 측면충돌,안전운전불이행,건조,맑음,주차장 - 주차장,승용,여,54세,상해없음,승용,남,41세,경상
2018103100100607,2018년 10월 31일 20시,수요일,경상북도 영천시 야사동,경상사고,0,0,1,0,차대차 - 측면충돌,안전거리미확보,건조,맑음,단일로 - 기타,승용,여,40세,상해없음,이륜,남,30세,경상
2018103100100608,2018년 10월 31일 20시,수요일,경상북도 경산시 진량읍,중상사고,0,1,0,0,차대차 - 측면충돌,안전운전불이행,건조,맑음,교차로 - 교차로부근,승용,남,49세,상해없음,이륜,남,39세,중상
2018103100100609,2018년 10월 31일 20시,수요일,경상북도 경산시 압량면,경상사고,0,0,1,0,차대차 - 추돌,안전운전불이행,건조,맑음,교차로 - 교차로부근,화물,남,50세,상해없음,승용,남,27세,경상
2018103100100630,2018년 10월 31일 21시,수요일,경상북도 구미시 구평동,중상사고,0,1,0,0,차대사람 - 기타,보행자보호의무위반,건조,맑음,교차로 - 교차로안,승용,남,66세,상해없음,보행자,남,9세,중상
2018103100100658,2018년 10월 31일 22시,수요일,경상북도 포항시 북구 상원동,경상사고,0,0,1,0,차대차 - 측면충돌,차로위반,건조,맑음,교차로 - 교차로안,승용,남,54세,상해없음,승용,남,66세,경상
2018103100100659,2018년 10월 31일 22시,수요일,경상북도 안동시 광석동,중상사고,0,1,0,0,차대사람 - 차도통행중,안전운전불이행,건조,맑음,교차로 - 교차로안,승용,남,47세,상해없음,보행자,남,55세,중상
2018103100100660,2018년 10월 31일 22시,수요일,경상북도 구미시 인의동,경상사고,0,0,1,0,차대차 - 기타,중앙선침범,건조,맑음,단일로 - 기타,승용,여,51세,상해없음,승용,남,47세,경상
2018110100100004,2018년 11월 1일 00시,목요일,경상북도 영천시 금노동,중상사고,0,1,0,0,차대사람 - 길가장자리구역통행중,안전운전불이행,건조,맑음,단일로 - 기타,승용,남,58세,상해없음,보행자,남,28세,중상
2018110100100088,2018년 11월 1일 07시,목요일,경상북도 포항시 남구 대도동,중상사고,0,1,0,0,차대차 - 기타,직진우회전진행방해,건조,맑음,단일로 - 기타,승용,남,55세,상해없음,이륜,남,56세,중상
2018110100100127,2018년 11월 1일 08시,목요일,경상북도 칠곡군 동명면,경상사고,0,0,1,0,차대차 - 추돌,안전운전불이행,건조,맑음,단일로 - 기타,승용,남,27세,상해없음,승용,여,29세,경상
2018110100100128,2018년 11월 1일 08시,목요일,경상북도 경산시 평산동,중상사고,0,1,0,0,차대차 - 측면충돌,안전운전불이행,건조,맑음,교차로 - 교차로안,승용,남,40세,상해없음,이륜,남,46세,중상
2018110100100129,2018년 11월 1일 08시,목요일,경상북도 포항시 남구 동촌동,중상사고,0,1,0,0,차대차 - 기타,안전거리미확보,건조,맑음,단일로 - 기타,승용,여,56세,상해없음,이륜,남,75세,중상