사고번호,사고일시,요일,시군구,사고내용,사망자수,중상자수,경상자수,부상신고자수,사고유형,법규위반,노면상태,기상상태,도로형태,가해운전자 차종,가해운전자 성별,가해운전자 연령,가해운전자 상해정도,피해운전자 차종,피해운전자 성별,피해운전자 연령,피해운전자 상해정도
2018110400100007,2018년 11월 4일 00시,일요일,경상북도 김천시 삼락동,경상사고,0,0,1,0,차량단독 - 전도전복 - 전도,안전운전불이행,건조,맑음,단일로 - 기타,이륜,남,16세,경상,미분류,미분류,미분류,미분류
2018110400100008,2018년 11월 4일 00시,일요일,경상북도 청도군 청도읍,경상사고,0,0,2,0,차대사람 - 길가장자리구역통행중,안전운전불이행,건조,맑음,단일로 - 기타,승용,여,23세,상해없음,보행자,여,28세,경상
2018110400100056,2018년 11월 4일 04시,일요일,경상북도 경산시 중방동,중상사고,0,1,0,0,차대사람 - 횡단중,보행자보호의무위반,건조,맑음,교차로 - 교차로횡단보도내,승용,남,49세,상해없음,보행자,여,54세,중상
2018110400100057,2018년 11월 4일 04시,일요일,경상북도 칠곡군 지천면,중상사고,0,1,2,0,차대차 - 기타,안전운전불이행,건조,맑음,단일로 - 기타,승용,남,24세,상해없음,승용,남,38세,경상
2018110400100088,2018년 11월 4일 07시,일요일,경상북도 포항시 북구 양덕동,중상사고,0,2,0,0,차대차 - 기타,신호위반,건조,맑음,교차로 - 교차로안,승용,남,53세,상해없음,승용,남,61세,중상
2018110400100097,2018년 11월 4일 08시,일요일,경상북도 포항시 북구 흥해읍,중상사고,0,1,0,0,차대차 - 측면충돌,교차로운행방법위반,건조,맑음,교차로 - 교차로안,승용,여,40세,상해없음,원동기,남,79세,상해없음
2018110400100114,2018년 11월 4일 09시,일요일,경상북도 경주시 황성동,경상사고,0,0,2,0,차대차 - 추돌,안전거리미확보,건조,맑음,단일로 - 기타,승용,남,41세,경상,승용,남,31세,상해없음
2018110400100115,2018년 11월 4일 09시,일요일,경상북도 칠곡군 약목면,경상사고,0,0,1,0,차대사람 - 보도통행중,안전운전불이행,건조,맑음,단일로 - 기타,승용,남,61세,상해없음,보행자,남,72세,경상
2018110400100116,2018년 11월 4일 09시,일요일,경상북도 군위군 군위읍,중상사고,0,1,2,0,차대차 - 측면충돌,신호위반,건조,맑음,교차로 - 교차로안,승용,남,71세,경상,승용,여,47세,경상
2018110400100166,2018년 11월 4일 11시,일요일,경상북도 울진군 죽변면,부상신고사고,0,0,0,1,차대차 - 추돌,안전운전불이행,건조,맑음,단일로 - 기타,승합,남,66세,부상신고,승용,남,34세,상해없음
2018110400100233,2018년 11월 4일 13시,일요일,경상북도 칠곡군 가산면,경상사고,0,0,2,0,차대차 - 측면충돌,안전거리미확보,건조,맑음,교차로 - 교차로안,승용,남,57세,상해없음,화물,여,43세,경상
2018110400100234,2018년 11월 4일 13시,일요일,경상북도 영천시 금호읍,중상사고,0,1,0,0,차대사람 - 횡단중,안전운전불이행,건조,맑음,단일로 - 기타,승용,남,62세,상해없음,보행자,남,29세,중상
2018110400100235,2018년 11월 4일 13시,일요일,경상북도 청송군 부남면,사망사고,1,0,0,0,차량단독 - 도로외이탈 - 추락,안전운전불이행,건조,맑음,단일로 - 기타,승용,여,56세,사망,,,,
2018110400100236,2018년 11월 4일 13시,일요일,경상북도 포항시 남구 대잠동,중상사고,0,1,0,0,차대사람 - 횡단중,안전운전불이행,건조,맑음,교차로 - 교차로횡단보도내,승용,남,55세,상해없음,보행자,여,12세,중상
2018110400100268,2018년 11월 4일 14시,일요일,경상북도 경주시 진현동,경상사고,0,0,5,0,차대차 - 정면충돌,직진우회전진행방해,건조,맑음,교차로 - 교차로안,승용,남,43세,상해없음,승합,남,57세,경상
2018110400100305,2018년 11월 4일 15시,일요일,경상북도 경주시 양북면,중상사고,0,1,1,0,차대차 - 정면충돌,직진우회전진행방해,건조,맑음,교차로 - 교차로안,승용,남,74세,상해없음,승용,여,44세,경상
2018110400100306,2018년 11월 4일 15시,일요일,경상북도 포항시 북구 흥해읍,경상사고,0,0,1,0,차대차 - 기타,안전운전불이행,건조,맑음,교차로 - 교차로안,승용,남,68세,경상,승용,남,21세,상해없음
2018110400100307,2018년 11월 4일 15시,일요일,경상북도 김천시 감문면,중상사고,0,1,0,0,차대차 - 추돌,안전운전불이행,건조,맑음,단일로 - 기타,화물,남,68세,상해없음,농기계,남,71세,중상
2018110400100308,2018년 11월 4일 15시,일요일,경상북도 칠곡군 가산면,부상신고사고,0,0,0,1,차량단독 - 공작물충돌,안전운전불이행,건조,맑음,단일로 - 기타,승용,여,36세,부상신고,,,,
2018110400100309,2018년 11월 4일 15시,일요일,경상북도 영천시 고경면,중상사고,0,1,2,0,차대차 - 추돌,안전운전불이행,건조,맑음,교차로 - 교차로부근,승용,남,67세,경상,승용,여,39세,경상
2018110400100341,2018년 11월 4일 16시,일요일,경상북도 영덕군 영덕읍,중상사고,0,2,1,0,차대차 - 측면충돌,직진우회전진행방해,건조,맑음,교차로 - 교차로안,승용,남,52세,중상,화물,남,50세,경상
2018110400100376,2018년 11월 4일 17시,일요일,경상북도 안동시 옥야동,경상사고,0,0,1,0,차대차 - 측면충돌,안전운전불이행,건조,맑음,단일로 - 기타,승용,남,71세,상해없음,승용,여,50세,경상
2018110400100377,2018년 11월 4일 17시,일요일,경상북도 의성군 단촌면,경상사고,0,0,5,0,차대차 - 측면충돌,안전운전불이행,건조,맑음,기타 - 기타,승합,남,59세,상해없음,승용,남,44세,경상
2018110400100378,2018년 11월 4일 17시,일요일,경상북도 경산시 계양동,중상사고,0,1,0,0,차대사람 - 횡단중,안전운전불이행,건조,맑음,기타 - 기타,승용,여,66세,상해없음,보행자,여,58세,중상
2018110400100412,2018년 11월 4일 18시,일요일,경상북도 경주시 황성동,경상사고,0,0,1,0,차대사람 - 횡단중,보행자보호의무위반,건조,맑음,단일로 - 기타,승용,여,46세,상해없음,보행자,여,19세,경상
2018110400100413,2018년 11월 4일 18시,일요일,경상북도 경주시 용강동,중상사고,0,1,1,0,차대차 - 측면충돌,신호위반,건조,맑음,교차로 - 교차로안,승용,여,36세,상해없음,승용,여,50세,중상
2018110400100414,2018년 11월 4일 18시,일요일,경상북도 상주시 연원동,중상사고,0,1,0,0,차대차 - 측면충돌,안전운전불이행,건조,맑음,교차로 - 교차로안,승용,남,55세,상해없음,자전거,여,73세,중상
2018110400100415,2018년 11월 4일 18시,일요일,경상북도 경산시 하양읍,중상사고,0,1,0,0,차대사람 - 횡단중,보행자보호의무위반,건조,맑음,교차로 - 교차로횡단보도내,화물,남,52세,상해없음,보행자,여,81세,중상
2018110400100416,2018년 11월 4일 18시,일요일,경상북도 경산시 와촌면,경상사고,0,0,2,0,차대차 - 측면충돌,안전거리미확보,건조,맑음,단일로 - 기타,승용,남,55세,상해없음,승용,여,62세,경상
2018110400100417,2018년 11월 4일 18시,일요일,경상북도 청도군 이서면,경상사고,0,0,1,0,차대차 - 측면충돌,안전운전불이행,건조,맑음,기타 - 기타,원동기,남,23세,경상,화물,남,36세,상해없음
2018110400100456,2018년 11월 4일 19시,일요일,경상북도 상주시 무양동,중상사고,0,1,2,0,차대차 - 추돌,안전운전불이행,건조,맑음,단일로 - 기타,승용,남,48세,상해없음,승용,남,67세,경상
2018110400100477,2018년 11월 4일 20시,일요일,경상북도 경주시 사정동,중상사고,0,2,2,0,차대차 - 측면충돌,안전운전불이행,건조,맑음,단일로 - 지하차도(도로)내,승합,남,71세,상해없음,화물,남,34세,상해없음
2018110400100478,2018년 11월 4일 20시,일요일,경상북도 경주시 동천동,경상사고,0,0,1,0,차대사람 - 차도통행중,안전운전불이행,건조,맑음,단일로 - 기타,승용,남,62세,상해없음,보행자,여,18세,경상
2018110400100479,2018년 11월 4일 20시,일요일,경상북도 영천시 화북면,경상사고,0,0,1,0,차대차 - 측면충돌,안전운전불이행,건조,맑음,단일로 - 기타,기타불명,기타불명,미분류,기타불명,화물,남,46세,경상
2018110400100480,2018년 11월 4일 20시,일요일,경상북도 구미시 신평동,경상사고,0,0,1,0,차대차 - 기타,교차로운행방법위반,건조,맑음,교차로 - 교차로부근,승용,여,33세,상해없음,승용,남,56세,경상
2018110400100526,2018년 11월 4일 22시,일요일,경상북도 포항시 남구 대도동,중상사고,0,1,0,0,차대사람 - 기타,안전운전불이행,건조,맑음,교차로 - 교차로횡단보도내,이륜,남,25세,상해없음,보행자,남,54세,중상
2018110500100016,2018년 11월 5일 01시,월요일,경상북도 칠곡군 왜관읍,부상신고사고,0,0,0,2,차대차 - 측면충돌,교차로운행방법위반,건조,맑음,교차로 - 교차로안,승용,여,51세,부상신고,승용,남,38세,부상신고
2018110500100057,2018년 11월 5일 06시,월요일,경상북도 구미시 임수동,중상사고,0,2,1,0,차대차 - 기타,신호위반,건조,맑음,교차로 - 교차로안,승용,남,23세,경상,승용,남,33세,중상
2018110500100084,2018년 11월 5일 07시,월요일,경상북도 포항시 남구 괴동동,경상사고,0,0,1,0,차대차 - 측면충돌,신호위반,건조,맑음,교차로 - 교차로안,화물,남,43세,상해없음,승용,남,51세,경상
2018110500100085,2018년 11월 5일 07시,월요일,경상북도 포항시 남구 연일읍,경상사고,0,0,2,0,차대차 - 측면충돌,안전운전불이행,건조,맑음,단일로 - 기타,승용,남,28세,상해없음,승용,여,49세,경상
2018110500100125,2018년 11월 5일 08시,월요일,경상북도 포항시 북구 용흥동,경상사고,0,0,3,0,차대차 - 추돌,안전거리미확보,건조,맑음,단일로 - 기타,승합,남,63세,기타불명,승용,여,42세,경상
2018110500100126,2018년 11월 5일 08시,월요일,경상북도 안동시 옥야동,경상사고,0,0,2,0,차대차 - 측면충돌,안전운전불이행,건조,맑음,교차로 - 교차로안,승용,남,47세,경상,승용,남,45세,경상
2018110500100127,2018년 11월 5일 08시,월요일,경상북도 구미시 황상동,경상사고,0,0,1,0,차대차 - 기타,안전운전불이행,건조,맑음,단일로 - 기타,승용,남,67세,상해없음,화물,여,56세,상해없음
2018110500100162,2018년 11월 5일 09시,월요일,경상북도 상주시 신봉동,경상사고,0,0,1,0,차대차 - 측면충돌,안전운전불이행,건조,맑음,단일로 - 기타,승용,남,59세,기타불명,승용,여,27세,경상
2018110500100163,2018년 11월 5일 09시,월요일,경상북도 의성군 사곡면,중상사고,0,1,0,0,차대차 - 측면충돌,안전운전불이행,건조,맑음,단일로 - 기타,화물,남,65세,상해없음,화물,남,77세,상해없음
2018110500100202,2018년 11월 5일 10시,월요일,경상북도 안동시 태화동,경상사고,0,0,1,0,차대차 - 측면충돌,안전운전불이행,건조,맑음,교차로 - 교차로안,승용,여,60세,상해없음,승용,남,41세,경상
2018110500100203,2018년 11월 5일 10시,월요일,경상북도 김천시 남산동,경상사고,0,0,1,0,차대차 - 추돌,안전운전불이행,건조,맑음,교차로 - 교차로부근,건설기계,남,62세,상해없음,이륜,남,75세,경상
2018110500100247,2018년 11월 5일 11시,월요일,경상북도 경주시 탑동,경상사고,0,0,1,0,차대차 - 측면충돌,안전운전불이행,건조,맑음,단일로 - 기타,특수,남,65세,상해없음,승용,남,32세,경상
2018110500100248,2018년 11월 5일 11시,월요일,경상북도 포항시 남구 대송면,경상사고,0,0,1,0,차대사람 - 기타,안전운전불이행,건조,맑음,교차로 - 교차로안,화물,남,77세,상해없음,보행자,여,79세,경상
2018110500100281,2018년 11월 5일 12시,월요일,경상북도 구미시 옥계동,경상사고,0,0,1,0,차대차 - 기타,중앙선침범,건조,맑음,단일로 - 기타,승용,남,56세,상해없음,이륜,남,43세,경상
2018110500100315,2018년 11월 5일 13시,월요일,경상북도 김천시 양천동,사망사고,1,0,0,0,차대사람 - 횡단중,신호위반,건조,맑음,단일로 - 기타,화물,남,77세,상해없음,보행자,여,54세,사망
2018110500100316,2018년 11월 5일 13시,월요일,경상북도 상주시 낙동면,사망사고,1,0,0,0,차대사람 - 길가장자리구역통행중,안전운전불이행,건조,맑음,단일로 - 기타,화물,남,51세,상해없음,보행자,여,82세,사망
2018110500100348,2018년 11월 5일 14시,월요일,경상북도 의성군 의성읍,경상사고,0,0,1,0,차대차 - 측면충돌,안전운전불이행,건조,맑음,교차로 - 교차로안,승용,남,51세,경상,자전거,여,66세,상해없음
2018110500100386,2018년 11월 5일 15시,월요일,경상북도 경주시 노서동,경상사고,0,0,1,0,차대차 - 측면충돌,안전운전불이행,건조,맑음,주차장 - 주차장,승용,남,67세,상해없음,승용,남,49세,경상
2018110500100430,2018년 11월 5일 16시,월요일,경상북도 안동시 태화동,경상사고,0,0,1,0,차대차 - 추돌,안전운전불이행,건조,맑음,단일로 - 기타,승용,여,61세,상해없음,승용,남,39세,경상
2018110500100431,2018년 11월 5일 16시,월요일,경상북도 구미시 남통동,경상사고,0,0,1,0,차대사람 - 기타,안전운전불이행,건조,맑음,단일로 - 기타,승합,남,51세,상해없음,보행자,여,7세,경상
2018110500100432,2018년 11월 5일 16시,월요일,경상북도 구미시 원평동,경상사고,0,0,1,0,차대사람 - 기타,안전운전불이행,건조,맑음,교차로 - 교차로부근,승용,여,63세,상해없음,보행자,여,80세,경상
2018110500100433,2018년 11월 5일 16시,월요일,경상북도 구미시 금전동,경상사고,0,0,1,0,차대차 - 기타,안전운전불이행,건조,맑음,교차로 - 교차로안,화물,남,52세,상해없음,농기계,남,75세,경상
2018110500100434,2018년 11월 5일 16시,월요일,경상북도 포항시 남구 호미곶면,경상사고,0,0,3,0,차대차 - 추돌,안전거리미확보,건조,맑음,단일로 - 기타,승용,여,32세,상해없음,승용,여,25세,경상
2018110500100475,2018년 11월 5일 17시,월요일,경상북도 경주시 양남면,중상사고,0,1,1,0,차대차 - 측면충돌,안전운전불이행,건조,맑음,교차로 - 교차로안,농기계,남,60세,중상,승용,남,59세,경상
2018110500100476,2018년 11월 5일 17시,월요일,경상북도 경주시 천군동,경상사고,0,0,2,0,차대차 - 측면충돌,신호위반,건조,맑음,교차로 - 교차로부근,건설기계,남,63세,상해없음,승용,여,61세,경상
2018110500100477,2018년 11월 5일 17시,월요일,경상북도 영천시 신령면,경상사고,0,0,2,0,차대차 - 추돌,안전운전불이행,건조,맑음,단일로 - 기타,승용,남,72세,상해없음,승용,여,21세,경상
2018110500100478,2018년 11월 5일 17시,월요일,경상북도 문경시 산양면,경상사고,0,0,1,0,차대차 - 측면충돌,안전운전불이행,건조,맑음,교차로 - 교차로안,승용,남,41세,상해없음,승용,여,28세,경상
2018110500100479,2018년 11월 5일 17시,월요일,경상북도 봉화군 춘양면,경상사고,0,0,1,0,차량단독 - 공작물충돌,안전운전불이행,건조,맑음,기타 - 기타,이륜,남,54세,경상,,,,
2018110500100534,2018년 11월 5일 18시,월요일,경상북도 영천시 북안면,중상사고,0,1,0,0,차대차 - 추돌,안전운전불이행,건조,맑음,단일로 - 기타,화물,남,81세,상해없음,농기계,남,62세,중상
2018110500100535,2018년 11월 5일 18시,월요일,경상북도 문경시 영순면,중상사고,0,1,0,0,차대사람 - 차도통행중,안전운전불이행,건조,맑음,단일로 - 기타,승용,남,48세,상해없음,보행자,남,78세,중상
2018110500100536,2018년 11월 5일 18시,월요일,경상북도 경산시 중방동,중상사고,0,1,0,0,차대사람 - 횡단중,신호위반,건조,맑음,단일로 - 기타,이륜,남,17세,기타불명,보행자,여,62세,중상
2018110500100537,2018년 11월 5일 18시,월요일,경상북도 군위군 고로면,경상사고,0,0,1,0,차량단독 - 전도전복 - 전도,안전운전불이행,건조,맑음,단일로 - 기타,승용,남,71세,경상,미분류,미분류,미분류,미분류
2018110500100538,2018년 11월 5일 18시,월요일,경상북도 구미시 해평면,중상사고,0,1,1,0,차대차 - 추돌,안전운전불이행,건조,맑음,단일로 - 기타,승용,남,41세,중상,농기계,남,60세,경상
2018110500100587,2018년 11월 5일 19시,월요일,경상북도 경주시 진현동,경상사고,0,0,1,0,차대차 - 추돌,안전운전불이행,건조,맑음,교차로 - 교차로부근,승용,여,42세,상해없음,화물,남,48세,경상
2018110500100588,2018년 11월 5일 19시,월요일,경상북도 영주시 휴천동,중상사고,0,1,0,0,차대사람 - 횡단중,보행자보호의무위반,건조,맑음,단일로 - 기타,승용,남,45세,상해없음,보행자,여,59세,중상
2018110500100589,2018년 11월 5일 19시,월요일,경상북도 영덕군 강구면,중상사고,0,1,0,0,차대차 - 추돌,안전운전불이행,건조,맑음,단일로 - 교량,이륜,남,64세,중상,자전거,남,72세,상해없음
2018110500100590,2018년 11월 5일 19시,월요일,경상북도 포항시 남구 상도동,중상사고,0,1,0,0,차대차 - 측면충돌,직진우회전진행방해,건조,맑음,교차로 - 교차로안,승용,남,55세,상해없음,승용,여,35세,중상
2018110500100614,2018년 11월 5일 20시,월요일,경상북도 포항시 남구 오천읍,경상사고,0,0,3,0,차대차 - 정면충돌,중앙선침범,건조,맑음,교차로 - 교차로부근,승용,남,49세,경상,승용,남,39세,경상
2018110500100637,2018년 11월 5일 21시,월요일,경상북도 포항시 북구 양덕동,경상사고,0,0,2,0,차대차 - 측면충돌,안전운전불이행,건조,맑음,단일로 - 기타,승용,남,27세,상해없음,승용,남,36세,경상
2018110500100638,2018년 11월 5일 21시,월요일,경상북도 봉화군 법전면,중상사고,0,2,1,0,차대차 - 정면충돌,중앙선침범,건조,맑음,단일로 - 기타,승용,남,90세 이상,중상,승용,남,67세,경상
2018110500100658,2018년 11월 5일 22시,월요일,경상북도 김천시 평화동,경상사고,0,0,1,0,차대차 - 측면충돌,안전운전불이행,건조,맑음,단일로 - 기타,이륜,남,17세,경상,승용,남,49세,상해없음
2018110500100659,2018년 11월 5일 22시,월요일,경상북도 경산시 옥산동,경상사고,0,0,2,0,차대차 - 측면충돌,신호위반,건조,맑음,교차로 - 교차로부근,승용,남,32세,경상,승용,남,21세,경상
2018110600100047,2018년 11월 6일 06시,화요일,경상북도 영천시 북안면,경상사고,0,0,1,0,차대차 - 추돌,안전운전불이행,건조,맑음,교차로 - 교차로부근,화물,남,52세,상해없음,승용,남,51세,경상
2018110600100065,2018년 11월 6일 07시,화요일,경상북도 고령군 다산면,경상사고,0,0,2,0,차대차 - 측면충돌,교차로운행방법위반,건조,맑음,교차로 - 교차로안,화물,남,22세,상해없음,화물,여,64세,경상
2018110600100066,2018년 11월 6일 07시,화요일,경상북도 포항시 남구 오천읍,경상사고,0,0,1,0,차대차 - 기타,직진우회전진행방해,건조,맑음,교차로 - 교차로안,승용,남,57세,상해없음,승용,남,34세,경상
2018110600100109,2018년 11월 6일 08시,화요일,경상북도 구미시 진평동,경상사고,0,0,1,0,차량단독 - 기타,교차로운행방법위반,건조,맑음,교차로 - 교차로안,승용,남,56세,상해없음,,,,
2018110600100147,2018년 11월 6일 09시,화요일,경상북도 경주시 동천동,중상사고,0,1,0,0,차대차 - 측면충돌,안전운전불이행,건조,맑음,교차로 - 교차로횡단보도내,승합,남,37세,상해없음,자전거,여,78세,중상
2018110600100148,2018년 11월 6일 09시,화요일,경상북도 안동시 송천동,경상사고,0,0,1,0,차대사람 - 길가장자리구역통행중,안전운전불이행,건조,맑음,단일로 - 기타,승합,남,25세,상해없음,보행자,남,20세,경상
2018110600100149,2018년 11월 6일 09시,화요일,경상북도 봉화군 봉화읍,경상사고,0,0,1,0,차대차 - 기타,안전운전불이행,건조,맑음,단일로 - 기타,화물,남,65세,상해없음,승용,남,64세,경상
2018110600100150,2018년 11월 6일 09시,화요일,경상북도 성주군 성주읍,중상사고,0,1,0,0,차대차 - 측면충돌,신호위반,건조,맑음,교차로 - 교차로안,승용,여,53세,상해없음,자전거,여,56세,중상
2018110600100179,2018년 11월 6일 10시,화요일,경상북도 포항시 북구 두호동,경상사고,0,0,2,0,차대차 - 추돌,안전운전불이행,건조,맑음,단일로 - 기타,승용,여,54세,상해없음,승용,남,49세,경상
2018110600100180,2018년 11월 6일 10시,화요일,경상북도 칠곡군 석적읍,경상사고,0,0,2,0,차대차 - 측면충돌,안전운전불이행,건조,맑음,단일로 - 기타,이륜,남,23세,경상,승용,남,60세,경상
2018110600100181,2018년 11월 6일 10시,화요일,경상북도 경산시 중방동,경상사고,0,0,2,0,차대차 - 추돌,안전거리미확보,건조,맑음,교차로 - 교차로부근,승용,남,87세,경상,승용,남,58세,경상
2018110600100182,2018년 11월 6일 10시,화요일,경상북도 구미시 남통동,부상신고사고,0,0,0,1,차량단독 - 전도전복 - 전복,안전운전불이행,건조,맑음,주차장 - 주차장,승용,남,56세,부상신고,미분류,미분류,미분류,미분류
2018110600100212,2018년 11월 6일 11시,화요일,경상북도 경주시 내남면,사망사고,1,0,0,0,차량단독 - 도로외이탈 - 기타,안전운전불이행,건조,맑음,단일로 - 기타,화물,남,78세,사망,,,,
2018110600100213,2018년 11월 6일 11시,화요일,경상북도 안동시 용상동,중상사고,0,1,0,0,차대사람 - 길가장자리구역통행중,안전운전불이행,건조,맑음,단일로 - 기타,화물,남,50세,상해없음,보행자,여,90세 이상,중상
2018110600100214,2018년 11월 6일 11시,화요일,경상북도 경산시 서상동,경상사고,0,0,1,0,차대차 - 측면충돌,안전운전불이행,건조,맑음,교차로 - 교차로안,이륜,남,59세,경상,승용,여,43세,상해없음
2018110600100215,2018년 11월 6일 11시,화요일,경상북도 울진군 후포면,경상사고,0,0,1,0,차대차 - 추돌,안전운전불이행,건조,맑음,단일로 - 기타,승용,남,69세,상해없음,승용,여,51세,경상
2018110600100248,2018년 11월 6일 12시,화요일,경상북도 상주시 냉림동,경상사고,0,0,3,0,차대차 - 측면충돌,교차로운행방법위반,건조,맑음,단일로 - 기타,승용,여,64세,경상,화물,남,64세,경상
2018110600100272,2018년 11월 6일 13시,화요일,경상북도 구미시 옥계동,중상사고,0,1,0,0,차대차 - 기타,안전운전불이행,건조,맑음,단일로 - 기타,승용,남,55세,상해없음,자전거,남,71세,중상
2018110600100273,2018년 11월 6일 13시,화요일,경상북도 경주시 율동,중상사고,0,1,1,0,차대차 - 추돌,안전운전불이행,건조,맑음,단일로 - 기타,화물,남,57세,상해없음,화물,남,53세,중상
2018110600100335,2018년 11월 6일 15시,화요일,경상북도 포항시 북구 기북면,경상사고,0,0,1,0,차량단독 - 도로외이탈 - 추락,안전운전불이행,건조,맑음,단일로 - 기타,승용,남,69세,상해없음,,,,
2018110600100336,2018년 11월 6일 15시,화요일,경상북도 포항시 북구 죽도동,경상사고,0,0,2,0,차대차 - 기타,차로위반,건조,맑음,교차로 - 교차로부근,승용,여,49세,상해없음,승합,남,56세,상해없음
2018110600100337,2018년 11월 6일 15시,화요일,경상북도 칠곡군 석적읍,중상사고,0,1,0,0,차대사람 - 기타,안전운전불이행,건조,맑음,단일로 - 기타,승용,남,58세,상해없음,보행자,여,70세,중상
2018110600100338,2018년 11월 6일 15시,화요일,경상북도 문경시 점촌동,경상사고,0,0,3,0,차대차 - 측면충돌,직진우회전진행방해,건조,맑음,교차로 - 교차로안,승용,여,67세,경상,승용,남,79세,경상
2018110600100339,2018년 11월 6일 15시,화요일,경상북도 청송군 주왕산면,경상사고,0,0,1,0,차대사람 - 횡단중,기타,건조,맑음,단일로 - 기타,화물,남,56세,상해없음,보행자,남,8세,경상
2018110600100365,2018년 11월 6일 16시,화요일,경상북도 영천시 문외동,부상신고사고,0,0,0,1,차대사람 - 차도통행중,안전운전불이행,건조,맑음,교차로 - 교차로안,승용,여,59세,상해없음,보행자,남,57세,부상신고
2018110600100366,2018년 11월 6일 16시,화요일,경상북도 경산시 압량면,경상사고,0,0,1,0,차대차 - 측면충돌,안전운전불이행,건조,맑음,교차로 - 교차로부근,승용,남,28세,상해없음,승용,여,59세,경상
2018110600100411,2018년 11월 6일 17시,화요일,경상북도 영천시 완산동,경상사고,0,0,1,0,차대사람 - 차도통행중,안전운전불이행,건조,맑음,기타 - 기타,승용,남,67세,상해없음,보행자,여,20세,경상
2018110600100412,2018년 11월 6일 17시,화요일,경상북도 구미시 옥계동,경상사고,0,0,1,0,차대차 - 기타,안전운전불이행,건조,맑음,단일로 - 기타,승용,여,42세,상해없음,이륜,남,20세,경상
2018110600100413,2018년 11월 6일 17시,화요일,경상북도 구미시 무을면,경상사고,0,0,1,0,차대차 - 측면충돌,안전운전불이행,건조,맑음,단일로 - 기타,승용,남,62세,상해없음,승용,여,63세,경상
2018110600100414,2018년 11월 6일 17시,화요일,경상북도 포항시 남구 대잠동,중상사고,0,1,0,0,차대차 - 기타,중앙선침범,건조,맑음,교차로 - 교차로부근,화물,여,64세,상해없음,이륜,남,58세,중상
2018110600100467,2018년 11월 6일 18시,화요일,경상북도 경주시 양남면,중상사고,0,1,0,0,차대차 - 측면충돌,안전운전불이행,건조,맑음,단일로 - 지하차도(도로)내,승용,여,83세,기타불명,농기계,남,23세,상해없음
2018110600100468,2018년 11월 6일 18시,화요일,경상북도 경주시 충효동,중상사고,0,1,1,0,차대사람 - 횡단중,안전운전불이행,건조,맑음,교차로 - 교차로안,승용,여,35세,상해없음,보행자,여,52세,중상
2018110600100469,2018년 11월 6일 18시,화요일,경상북도 경주시 내남면,경상사고,0,0,1,0,차대차 - 측면충돌,안전운전불이행,건조,맑음,단일로 - 기타,화물,남,33세,경상,농기계,남,75세,상해없음
2018110600100470,2018년 11월 6일 18시,화요일,경상북도 포항시 북구 죽도동,경상사고,0,0,1,0,차대차 - 측면충돌,안전운전불이행,건조,맑음,교차로 - 교차로안,이륜,남,19세,경상,승용,남,55세,상해없음
2018110600100471,2018년 11월 6일 18시,화요일,경상북도 의성군 의성읍,중상사고,0,1,0,0,차량단독 - 공작물충돌,안전운전불이행,건조,맑음,단일로 - 기타,화물,남,61세,중상,,,,
2018110600100472,2018년 11월 6일 18시,화요일,경상북도 봉화군 소천면,경상사고,0,0,1,0,차대차 - 추돌,안전운전불이행,건조,맑음,단일로 - 기타,승용,남,76세,상해없음,농기계,남,67세,경상
2018110600100520,2018년 11월 6일 19시,화요일,경상북도 경주시 광명동,중상사고,0,2,0,0,차대차 - 추돌,안전운전불이행,건조,맑음,단일로 - 기타,화물,남,60세,상해없음,농기계,남,67세,중상
2018110600100521,2018년 11월 6일 19시,화요일,경상북도 안동시 운흥동,중상사고,0,1,0,0,차량단독 - 공작물충돌,안전운전불이행,건조,맑음,교차로 - 교차로부근,승합,남,54세,상해없음,,,,
2018110600100522,2018년 11월 6일 19시,화요일,경상북도 칠곡군 북삼읍,중상사고,0,1,0,0,차대차 - 측면충돌,안전운전불이행,건조,맑음,교차로 - 교차로안,이륜,남,44세,중상,승용,여,47세,상해없음
2018110600100523,2018년 11월 6일 19시,화요일,경상북도 울진군 후포면,중상사고,0,1,0,0,차대사람 - 차도통행중,안전운전불이행,건조,맑음,교차로 - 교차로안,화물,남,41세,상해없음,보행자,남,53세,중상
2018110600100556,2018년 11월 6일 20시,화요일,경상북도 경주시 동천동,중상사고,0,1,0,0,차대사람 - 길가장자리구역통행중,안전운전불이행,건조,맑음,교차로 - 교차로안,승용,여,59세,상해없음,보행자,남,87세,중상
2018110600100557,2018년 11월 6일 20시,화요일,경상북도 포항시 북구 상원동,경상사고,0,0,2,0,차대차 - 추돌,안전거리미확보,건조,맑음,교차로 - 교차로부근,승용,남,70세,상해없음,승용,남,22세,경상
2018110600100558,2018년 11월 6일 20시,화요일,경상북도 구미시 구평동,경상사고,0,0,1,0,차대차 - 기타,신호위반,건조,맑음,교차로 - 교차로안,승용,여,34세,상해없음,승용,여,47세,경상
2018110600100620,2018년 11월 6일 23시,화요일,경상북도 경산시 하양읍,중상사고,0,1,1,0,차대차 - 추돌,안전거리미확보,건조,맑음,교차로 - 교차로부근,승용,여,45세,상해없음,승용,남,56세,중상