사고번호,사고일시,요일,시군구,사고내용,사망자수,중상자수,경상자수,부상신고자수,사고유형,법규위반,노면상태,기상상태,도로형태,가해운전자 차종,가해운전자 성별,가해운전자 연령,가해운전자 상해정도,피해운전자 차종,피해운전자 성별,피해운전자 연령,피해운전자 상해정도
2018110700100007,2018년 11월 7일 00시,수요일,경상북도 영천시 임고면,중상사고,0,1,4,0,차대차 - 추돌,과속,건조,맑음,단일로 - 기타,승용,남,36세,경상,승용,남,24세,경상
2018110700100049,2018년 11월 7일 04시,수요일,경상북도 구미시 인의동,경상사고,0,0,2,0,차대차 - 기타,안전운전불이행,건조,맑음,교차로 - 교차로부근,승용,남,43세,기타불명,이륜,남,21세,경상
2018110700100072,2018년 11월 7일 06시,수요일,경상북도 경주시 동천동,경상사고,0,0,1,0,차대사람 - 횡단중,안전운전불이행,건조,맑음,교차로 - 교차로안,승용,여,52세,상해없음,보행자,여,77세,경상
2018110700100073,2018년 11월 7일 06시,수요일,경상북도 상주시 서성동,중상사고,0,1,0,0,차대차 - 측면충돌,교차로운행방법위반,젖음/습기,비,교차로 - 교차로안,자전거,여,26세,중상,화물,남,63세,상해없음
2018110700100140,2018년 11월 7일 08시,수요일,경상북도 포항시 북구 두호동,경상사고,0,0,1,0,차대차 - 측면충돌,안전운전불이행,건조,맑음,교차로 - 교차로안,이륜,남,35세,경상,승용,남,44세,상해없음
2018110700100141,2018년 11월 7일 08시,수요일,경상북도 김천시 모암동,경상사고,0,0,1,0,차대사람 - 차도통행중,안전운전불이행,건조,맑음,단일로 - 기타,승용,여,50세,상해없음,보행자,여,63세,경상
2018110700100175,2018년 11월 7일 09시,수요일,경상북도 포항시 북구 죽도동,경상사고,0,0,2,0,차대차 - 측면충돌,교차로운행방법위반,건조,맑음,교차로 - 교차로안,승용,여,39세,상해없음,승용,남,41세,경상
2018110700100176,2018년 11월 7일 09시,수요일,경상북도 안동시 목성동,중상사고,0,1,0,0,차대차 - 추돌,안전운전불이행,젖음/습기,비,교차로 - 교차로부근,승용,여,58세,상해없음,이륜,남,79세,상해없음
2018110700100177,2018년 11월 7일 09시,수요일,경상북도 안동시 송현동,경상사고,0,0,2,0,차대차 - 측면충돌,안전거리미확보,젖음/습기,흐림,단일로 - 기타,승합,남,60세,상해없음,승용,남,59세,경상
2018110700100178,2018년 11월 7일 09시,수요일,경상북도 김천시 부곡동,경상사고,0,0,1,0,차대차 - 추돌,안전운전불이행,건조,맑음,단일로 - 기타,화물,남,61세,상해없음,승용,여,50세,경상
2018110700100179,2018년 11월 7일 09시,수요일,경상북도 영천시 화남면,중상사고,0,1,0,0,차대사람 - 길가장자리구역통행중,안전운전불이행,건조,맑음,단일로 - 기타,승용,남,77세,상해없음,보행자,여,83세,중상
2018110700100180,2018년 11월 7일 09시,수요일,경상북도 경산시 진량읍,중상사고,0,1,1,0,차대차 - 측면충돌,중앙선침범,건조,맑음,단일로 - 기타,승용,여,73세,경상,승용,여,49세,중상
2018110700100206,2018년 11월 7일 10시,수요일,경상북도 영주시 가흥동,경상사고,0,0,2,0,차대차 - 측면충돌,안전운전불이행,건조,흐림,교차로 - 교차로안,승용,남,29세,경상,승용,남,51세,경상
2018110700100207,2018년 11월 7일 10시,수요일,경상북도 영천시 조교동,경상사고,0,0,5,0,차대차 - 측면충돌,중앙선침범,건조,맑음,단일로 - 기타,승용,남,77세,상해없음,화물,여,54세,경상
2018110700100208,2018년 11월 7일 10시,수요일,경상북도 포항시 남구 상도동,부상신고사고,0,0,0,1,차대차 - 기타,안전운전불이행,젖음/습기,비,단일로 - 기타,이륜,남,28세,부상신고,승용,남,49세,상해없음
2018110700100234,2018년 11월 7일 11시,수요일,경상북도 고령군 운수면,중상사고,0,1,0,0,차대차 - 측면충돌,안전운전불이행,건조,맑음,단일로 - 기타,화물,남,61세,상해없음,이륜,남,90세 이상,중상
2018110700100235,2018년 11월 7일 11시,수요일,경상북도 구미시 공단동,부상신고사고,0,0,0,1,차대차 - 기타,안전운전불이행,젖음/습기,비,단일로 - 기타,이륜,남,18세,부상신고,승용,남,39세,상해없음
2018110700100265,2018년 11월 7일 12시,수요일,경상북도 안동시 풍산읍,중상사고,0,1,0,0,차대차 - 추돌,안전운전불이행,건조,맑음,단일로 - 기타,승용,남,76세,상해없음,자전거,남,79세,중상
2018110700100266,2018년 11월 7일 12시,수요일,경상북도 울진군 울진읍,중상사고,0,1,1,0,차대차 - 측면충돌,안전운전불이행,젖음/습기,비,단일로 - 기타,화물,남,60세,상해없음,승용,남,53세,중상
2018110700100267,2018년 11월 7일 12시,수요일,경상북도 구미시 원평동,중상사고,0,1,0,0,차대차 - 측면충돌,신호위반,젖음/습기,흐림,교차로 - 교차로안,원동기,남,41세,중상,승용,남,28세,상해없음
2018110700100268,2018년 11월 7일 12시,수요일,경상북도 칠곡군 동명면,경상사고,0,0,1,0,차대차 - 측면충돌,안전거리미확보,건조,맑음,단일로 - 기타,승용,여,39세,경상,특수,남,36세,상해없음
2018110700100302,2018년 11월 7일 13시,수요일,경상북도 안동시 와룡면,경상사고,0,0,2,0,차대차 - 정면충돌,안전운전불이행,젖음/습기,비,교차로 - 교차로부근,화물,남,63세,상해없음,승용,여,29세,경상
2018110700100303,2018년 11월 7일 13시,수요일,경상북도 경산시 진량읍,중상사고,0,1,0,0,차대차 - 측면충돌,신호위반,건조,맑음,교차로 - 교차로횡단보도내,자전거,여,20세,중상,승용,여,53세,상해없음
2018110700100304,2018년 11월 7일 13시,수요일,경상북도 구미시 도개면,부상신고사고,0,0,0,1,차대차 - 측면충돌,안전운전불이행,젖음/습기,비,단일로 - 기타,자전거,남,43세,부상신고,화물,남,58세,상해없음
2018110700100305,2018년 11월 7일 13시,수요일,경상북도 포항시 남구 오천읍,경상사고,0,0,1,0,차대차 - 기타,중앙선침범,건조,맑음,교차로 - 교차로부근,승용,여,59세,상해없음,이륜,남,22세,경상
2018110700100324,2018년 11월 7일 14시,수요일,경상북도 경주시 안강읍,중상사고,0,1,0,0,차대사람 - 길가장자리구역통행중,안전운전불이행,건조,맑음,단일로 - 지하차도(도로)내,승용,여,48세,상해없음,보행자,여,82세,중상
2018110700100325,2018년 11월 7일 14시,수요일,경상북도 안동시 태화동,경상사고,0,0,3,0,차대차 - 추돌,안전운전불이행,건조,맑음,교차로 - 교차로안,승용,남,70세,상해없음,승용,여,34세,경상
2018110700100364,2018년 11월 7일 15시,수요일,경상북도 경주시 성동동,경상사고,0,0,1,0,차대차 - 측면충돌,안전운전불이행,건조,맑음,단일로 - 기타,승용,남,54세,경상,화물,여,62세,상해없음
2018110700100400,2018년 11월 7일 16시,수요일,경상북도 문경시 점촌동,중상사고,0,1,0,0,차대사람 - 차도통행중,중앙선침범,젖음/습기,비,단일로 - 기타,승합,남,56세,상해없음,보행자,남,83세,중상
2018110700100447,2018년 11월 7일 17시,수요일,경상북도 경주시 황성동,중상사고,0,1,0,0,차대차 - 측면충돌,안전운전불이행,건조,흐림,단일로 - 지하차도(도로)내,승용,여,53세,상해없음,자전거,여,66세,중상
2018110700100448,2018년 11월 7일 17시,수요일,경상북도 안동시 목성동,중상사고,0,1,1,0,차대사람 - 횡단중,안전운전불이행,젖음/습기,비,교차로 - 교차로부근,자전거,남,76세,중상,보행자,남,48세,경상
2018110700100449,2018년 11월 7일 17시,수요일,경상북도 김천시 평화동,중상사고,0,1,0,0,차대차 - 측면충돌,교차로운행방법위반,건조,맑음,교차로 - 교차로안,화물,남,64세,상해없음,이륜,남,21세,중상
2018110700100450,2018년 11월 7일 17시,수요일,경상북도 김천시 남산동,경상사고,0,0,1,0,차대사람 - 길가장자리구역통행중,안전운전불이행,건조,맑음,단일로 - 기타,승용,여,44세,상해없음,보행자,남,38세,경상
2018110700100451,2018년 11월 7일 17시,수요일,경상북도 봉화군 물야면,중상사고,0,1,0,0,차대사람 - 기타,안전운전불이행,젖음/습기,흐림,단일로 - 기타,화물,남,78세,상해없음,보행자,여,78세,중상
2018110700100452,2018년 11월 7일 17시,수요일,경상북도 울진군 북면,경상사고,0,0,1,0,차대사람 - 보도통행중,보행자보호의무위반,건조,맑음,단일로 - 기타,승용,남,58세,상해없음,보행자,남,34세,경상
2018110700100453,2018년 11월 7일 17시,수요일,경상북도 구미시 광평동,중상사고,0,2,1,0,차대차 - 추돌,안전운전불이행,건조,맑음,단일로 - 기타,승용,남,60세,상해없음,승용,여,49세,중상
2018110700100523,2018년 11월 7일 18시,수요일,경상북도 경주시 성건동,경상사고,0,0,2,0,차대차 - 추돌,안전운전불이행,건조,맑음,교차로 - 교차로부근,승용,남,56세,상해없음,승용,여,27세,경상
2018110700100524,2018년 11월 7일 18시,수요일,경상북도 포항시 북구 용흥동,경상사고,0,0,1,0,차대차 - 추돌,안전운전불이행,젖음/습기,비,단일로 - 기타,승용,남,21세,상해없음,승용,남,44세,경상
2018110700100525,2018년 11월 7일 18시,수요일,경상북도 경산시 자인면,경상사고,0,0,1,0,차대차 - 측면충돌,중앙선침범,젖음/습기,비,단일로 - 기타,승용,남,66세,상해없음,승용,남,65세,경상
2018110700100526,2018년 11월 7일 18시,수요일,경상북도 예천군 유천면,경상사고,0,0,1,0,차대차 - 추돌,안전거리미확보,젖음/습기,비,교차로 - 교차로부근,화물,남,45세,상해없음,승용,남,52세,상해없음
2018110700100527,2018년 11월 7일 18시,수요일,경상북도 구미시 공단동,경상사고,0,0,1,0,차대차 - 기타,교차로운행방법위반,건조,맑음,교차로 - 교차로안,승용,남,34세,상해없음,승용,여,32세,경상
2018110700100528,2018년 11월 7일 18시,수요일,경상북도 포항시 남구 구룡포읍,중상사고,0,1,0,0,차대사람 - 횡단중,보행자보호의무위반,젖음/습기,비,교차로 - 교차로횡단보도내,승합,남,62세,상해없음,보행자,남,69세,중상
2018110700100591,2018년 11월 7일 19시,수요일,경상북도 안동시 법흥동,중상사고,0,1,0,0,차대사람 - 횡단중,안전운전불이행,젖음/습기,비,교차로 - 교차로횡단보도내,승합,남,60세,상해없음,보행자,남,62세,중상
2018110700100592,2018년 11월 7일 19시,수요일,경상북도 김천시 성내동,경상사고,0,0,1,0,차대차 - 측면충돌,신호위반,건조,맑음,교차로 - 교차로안,이륜,남,23세,상해없음,승용,여,30세,경상
2018110700100593,2018년 11월 7일 19시,수요일,경상북도 김천시 삼락동,경상사고,0,0,2,0,차대차 - 추돌,안전거리미확보,건조,맑음,단일로 - 기타,승용,남,59세,상해없음,승용,남,38세,경상
2018110700100635,2018년 11월 7일 20시,수요일,경상북도 칠곡군 석적읍,경상사고,0,0,2,0,차대차 - 측면충돌,신호위반,젖음/습기,흐림,교차로 - 교차로안,승용,남,62세,상해없음,승용,남,33세,상해없음
2018110700100669,2018년 11월 7일 21시,수요일,경상북도 칠곡군 약목면,중상사고,0,2,2,0,차대차 - 측면충돌,신호위반,건조,맑음,교차로 - 교차로안,승용,남,56세,경상,승용,남,51세,경상
2018110700100670,2018년 11월 7일 21시,수요일,경상북도 경산시 진량읍,경상사고,0,0,1,0,차대사람 - 차도통행중,안전운전불이행,건조,맑음,교차로 - 교차로부근,승용,여,45세,상해없음,보행자,남,38세,경상
2018110800100017,2018년 11월 8일 00시,목요일,경상북도 포항시 남구 연일읍,중상사고,0,2,2,0,차대차 - 측면충돌,신호위반,젖음/습기,비,교차로 - 교차로안,승용,여,54세,경상,승용,남,41세,중상
2018110800100037,2018년 11월 8일 01시,목요일,경상북도 구미시 구포동,중상사고,0,1,0,0,차량단독 - 공작물충돌,안전운전불이행,젖음/습기,비,단일로 - 기타,승용,남,28세,상해없음,,,,
2018110800100103,2018년 11월 8일 06시,목요일,경상북도 경산시 와촌면,경상사고,0,0,2,0,차대차 - 측면충돌,신호위반,젖음/습기,흐림,교차로 - 교차로안,이륜,남,53세,경상,승용,남,49세,경상
2018110800100134,2018년 11월 8일 07시,목요일,경상북도 경주시 외동읍,경상사고,0,0,1,0,차대차 - 측면충돌,중앙선침범,젖음/습기,비,단일로 - 기타,승용,여,57세,상해없음,화물,남,41세,경상
2018110800100135,2018년 11월 8일 07시,목요일,경상북도 포항시 남구 호미곶면,부상신고사고,0,0,0,1,차량단독 - 공작물충돌,안전운전불이행,젖음/습기,비,단일로 - 기타,승용,남,33세,부상신고,,,,
2018110800100136,2018년 11월 8일 07시,목요일,경상북도 포항시 남구 지곡동,중상사고,0,1,0,0,차대차 - 추돌,안전운전불이행,젖음/습기,비,교차로 - 교차로안,승용,남,30세,상해없음,승용,남,61세,중상
2018110800100170,2018년 11월 8일 08시,목요일,경상북도 경주시 신평동,중상사고,0,1,0,0,차량단독 - 공작물충돌,안전운전불이행,젖음/습기,비,단일로 - 기타,화물,남,21세,중상,,,,
2018110800100171,2018년 11월 8일 08시,목요일,경상북도 안동시 풍천면,경상사고,0,0,1,0,차대차 - 측면충돌,교차로운행방법위반,젖음/습기,비,단일로 - 기타,승용,여,43세,상해없음,승용,여,46세,경상
2018110800100172,2018년 11월 8일 08시,목요일,경상북도 의성군 안계면,경상사고,0,0,1,0,차대사람 - 길가장자리구역통행중,안전운전불이행,젖음/습기,비,기타 - 기타,승용,남,23세,상해없음,보행자,여,77세,경상
2018110800100173,2018년 11월 8일 08시,목요일,경상북도 봉화군 봉성면,경상사고,0,0,1,0,차량단독 - 공작물충돌,안전운전불이행,젖음/습기,비,단일로 - 기타,승용,여,46세,경상,,,,
2018110800100174,2018년 11월 8일 08시,목요일,경상북도 구미시 임수동,부상신고사고,0,0,0,1,차대차 - 측면충돌,중앙선침범,젖음/습기,비,교차로 - 교차로안,개인형이동수단(PM),남,30세,부상신고,승용,남,24세,상해없음
2018110800100203,2018년 11월 8일 09시,목요일,경상북도 영주시 문정동,중상사고,0,1,0,0,차대차 - 측면충돌,안전운전불이행,젖음/습기,비,단일로 - 기타,화물,남,72세,상해없음,승용,여,50세,중상
2018110800100204,2018년 11월 8일 09시,목요일,경상북도 영덕군 영덕읍,경상사고,0,0,1,0,차대차 - 측면충돌,직진우회전진행방해,젖음/습기,흐림,교차로 - 교차로안,승용,남,78세,상해없음,승용,여,53세,경상
2018110800100228,2018년 11월 8일 10시,목요일,경상북도 영천시 금노동,중상사고,0,1,0,0,차대차 - 추돌,안전거리미확보,건조,맑음,교차로 - 교차로부근,건설기계,남,33세,상해없음,승용,남,54세,중상
2018110800100263,2018년 11월 8일 11시,목요일,경상북도 김천시 모암동,중상사고,0,1,0,0,차대사람 - 차도통행중,안전운전불이행,건조,맑음,교차로 - 교차로안,승용,남,76세,상해없음,보행자,여,75세,중상
2018110800100264,2018년 11월 8일 11시,목요일,경상북도 의성군 의성읍,경상사고,0,0,2,0,차대차 - 측면충돌,직진우회전진행방해,젖음/습기,비,교차로 - 교차로안,승용,남,66세,경상,화물,남,60세,경상
2018110800100265,2018년 11월 8일 11시,목요일,경상북도 경산시 계양동,중상사고,0,1,0,0,차대차 - 측면충돌,중앙선침범,젖음/습기,비,단일로 - 기타,승용,남,37세,상해없음,이륜,남,21세,중상
2018110800100266,2018년 11월 8일 11시,목요일,경상북도 구미시 선산읍,경상사고,0,0,1,0,차대차 - 추돌,교차로운행방법위반,젖음/습기,비,교차로 - 교차로안,승용,여,46세,상해없음,승용,여,41세,경상
2018110800100308,2018년 11월 8일 12시,목요일,경상북도 안동시 송현동,중상사고,0,1,0,0,차대차 - 측면충돌,안전운전불이행,건조,맑음,교차로 - 교차로안,승용,남,32세,상해없음,이륜,남,37세,중상
2018110800100309,2018년 11월 8일 12시,목요일,경상북도 영주시 순흥면,부상신고사고,0,0,0,5,차대차 - 측면충돌,안전운전불이행,건조,맑음,교차로 - 교차로안,화물,남,71세,상해없음,승합,남,61세,부상신고
2018110800100310,2018년 11월 8일 12시,목요일,경상북도 영천시 청통면,경상사고,0,0,2,0,차대차 - 측면충돌,교차로운행방법위반,건조,맑음,교차로 - 교차로안,승용,남,78세,경상,승용,여,35세,경상
2018110800100311,2018년 11월 8일 12시,목요일,경상북도 고령군 다산면,경상사고,0,0,1,0,차대차 - 측면충돌,중앙선침범,젖음/습기,비,단일로 - 기타,화물,남,59세,상해없음,승용,여,47세,경상
2018110800100312,2018년 11월 8일 12시,목요일,경상북도 포항시 북구 죽도동,경상사고,0,0,1,0,차대차 - 측면충돌,안전운전불이행,젖음/습기,비,단일로 - 기타,승용,여,48세,상해없음,승용,남,40세,경상
2018110800100325,2018년 11월 8일 13시,목요일,경상북도 안동시 서후면,경상사고,0,0,2,0,차대차 - 기타,신호위반,젖음/습기,비,교차로 - 교차로부근,승용,남,59세,상해없음,화물,남,67세,경상
2018110800100326,2018년 11월 8일 13시,목요일,경상북도 칠곡군 약목면,부상신고사고,0,0,0,1,차대차 - 측면충돌,교차로운행방법위반,젖음/습기,흐림,교차로 - 교차로횡단보도내,승합,남,48세,상해없음,자전거,남,77세,부상신고
2018110800100327,2018년 11월 8일 13시,목요일,경상북도 구미시 지산동,경상사고,0,0,1,0,차대차 - 추돌,안전운전불이행,젖음/습기,비,교차로 - 교차로부근,승용,남,49세,상해없음,승용,남,60세,경상
2018110800100328,2018년 11월 8일 13시,목요일,경상북도 구미시 구평동,경상사고,0,0,1,0,차대사람 - 기타,신호위반,젖음/습기,비,교차로 - 교차로부근,승용,남,54세,상해없음,보행자,남,7세,경상
2018110800100363,2018년 11월 8일 14시,목요일,경상북도 칠곡군 석적읍,중상사고,0,1,0,0,차대차 - 측면충돌,안전운전불이행,건조,맑음,교차로 - 교차로부근,승용,남,44세,상해없음,이륜,남,24세,중상
2018110800100387,2018년 11월 8일 15시,목요일,경상북도 안동시 태화동,경상사고,0,0,1,0,차대차 - 측면충돌,안전운전불이행,건조,맑음,단일로 - 기타,승용,남,52세,상해없음,승용,여,37세,상해없음
2018110800100414,2018년 11월 8일 16시,목요일,경상북도 경주시 보문동,중상사고,0,1,0,0,차대차 - 추돌,안전운전불이행,젖음/습기,비,교차로 - 교차로안,승용,남,45세,상해없음,승용,남,36세,중상
2018110800100467,2018년 11월 8일 17시,목요일,경상북도 포항시 북구 덕산동,경상사고,0,0,1,0,차대차 - 추돌,안전거리미확보,젖음/습기,비,교차로 - 교차로부근,승용,남,60세,상해없음,승용,여,43세,경상
2018110800100468,2018년 11월 8일 17시,목요일,경상북도 포항시 북구 장성동,경상사고,0,0,1,0,차대차 - 측면충돌,직진우회전진행방해,젖음/습기,비,교차로 - 교차로안,승용,남,44세,상해없음,승용,남,49세,경상
2018110800100469,2018년 11월 8일 17시,목요일,경상북도 안동시 북문동,경상사고,0,0,1,0,차대차 - 측면충돌,중앙선침범,젖음/습기,비,단일로 - 기타,승합,남,49세,상해없음,이륜,남,18세,경상
2018110800100470,2018년 11월 8일 17시,목요일,경상북도 구미시 비산동,경상사고,0,0,1,0,차대차 - 측면충돌,직진우회전진행방해,젖음/습기,비,교차로 - 교차로안,승용,여,44세,상해없음,이륜,남,39세,경상
2018110800100552,2018년 11월 8일 18시,목요일,경상북도 경주시 외동읍,중상사고,0,1,0,0,차대차 - 측면충돌,안전운전불이행,젖음/습기,비,교차로 - 교차로안,농기계,남,69세,중상,승용,남,27세,상해없음
2018110800100553,2018년 11월 8일 18시,목요일,경상북도 경주시 용강동,경상사고,0,0,2,0,차대차 - 추돌,안전운전불이행,젖음/습기,비,단일로 - 기타,승용,남,30세,상해없음,승용,남,39세,경상
2018110800100554,2018년 11월 8일 18시,목요일,경상북도 경주시 황성동,경상사고,0,0,1,0,차량단독 - 공작물충돌,안전운전불이행,젖음/습기,비,단일로 - 고가도로위,승용,남,64세,상해없음,,,,
2018110800100555,2018년 11월 8일 18시,목요일,경상북도 포항시 북구 득량동,경상사고,0,0,1,0,차대사람 - 차도통행중,안전운전불이행,건조,맑음,단일로 - 기타,화물,남,57세,상해없음,보행자,남,50세,경상
2018110800100556,2018년 11월 8일 18시,목요일,경상북도 경산시 진량읍,경상사고,0,0,1,0,차대사람 - 횡단중,교차로운행방법위반,젖음/습기,비,교차로 - 교차로부근,승합,남,31세,상해없음,보행자,남,56세,경상
2018110800100557,2018년 11월 8일 18시,목요일,경상북도 구미시 오태동,경상사고,0,0,3,0,차대차 - 추돌,안전거리미확보,젖음/습기,비,단일로 - 기타,승용,남,50세,경상,승용,남,44세,경상
2018110800100648,2018년 11월 8일 19시,목요일,경상북도 경산시 옥산동,경상사고,0,0,1,0,차대차 - 측면충돌,교차로운행방법위반,젖음/습기,흐림,교차로 - 교차로안,승용,남,32세,상해없음,이륜,남,44세,경상
2018110800100649,2018년 11월 8일 19시,목요일,경상북도 구미시 공단동,경상사고,0,0,1,0,차대사람 - 횡단중,보행자보호의무위반,젖음/습기,비,교차로 - 교차로안,승용,남,44세,상해없음,보행자,여,39세,경상
2018110800100651,2018년 11월 8일 19시,목요일,경상북도 포항시 남구 대도동,경상사고,0,0,1,0,차대차 - 기타,직진우회전진행방해,젖음/습기,비,단일로 - 기타,승용,남,38세,상해없음,이륜,남,25세,경상
2018110800100708,2018년 11월 8일 20시,목요일,경상북도 경주시 동천동,중상사고,0,1,0,0,차대차 - 측면충돌,중앙선침범,젖음/습기,비,교차로 - 교차로안,화물,남,50세,상해없음,승용,남,45세,중상
2018110800100709,2018년 11월 8일 20시,목요일,경상북도 상주시 남성동,중상사고,0,1,0,0,차대사람 - 횡단중,보행자보호의무위반,젖음/습기,비,교차로 - 교차로안,승합,남,54세,상해없음,보행자,남,26세,중상
2018110800100710,2018년 11월 8일 20시,목요일,경상북도 영주시 가흥동,경상사고,0,0,1,0,차대차 - 측면충돌,안전운전불이행,젖음/습기,비,단일로 - 기타,승용,남,32세,상해없음,승용,여,61세,경상
2018110800100711,2018년 11월 8일 20시,목요일,경상북도 경산시 옥산동,중상사고,0,1,0,0,차대차 - 측면충돌,신호위반,젖음/습기,비,교차로 - 교차로안,승용,남,35세,상해없음,승용,남,47세,중상
2018110800100712,2018년 11월 8일 20시,목요일,경상북도 구미시 송정동,경상사고,0,0,1,0,차대사람 - 횡단중,보행자보호의무위반,젖음/습기,비,교차로 - 교차로안,승용,여,42세,상해없음,보행자,여,53세,경상
2018110800100762,2018년 11월 8일 21시,목요일,경상북도 구미시 산동면,경상사고,0,0,1,0,차대차 - 추돌,안전운전불이행,젖음/습기,흐림,단일로 - 기타,승용,남,26세,상해없음,승용,여,25세,경상
2018110800100868,2018년 11월 8일 23시,목요일,경상북도 경산시 평산동,경상사고,0,0,1,0,차대차 - 정면충돌,교차로운행방법위반,건조,맑음,교차로 - 교차로안,승용,남,45세,상해없음,승용,여,59세,경상
2018110800100869,2018년 11월 8일 23시,목요일,경상북도 구미시 도량동,부상신고사고,0,0,0,1,차량단독 - 기타,안전운전불이행,젖음/습기,흐림,교차로 - 교차로부근,이륜,남,21세,부상신고,,,,
2018110900100015,2018년 11월 9일 00시,금요일,경상북도 구미시 공단동,경상사고,0,0,2,0,차대차 - 기타,안전운전불이행,젖음/습기,비,교차로 - 교차로부근,승용,여,49세,기타불명,승용,남,45세,경상
2018110900100086,2018년 11월 9일 06시,금요일,경상북도 경주시 남산동,경상사고,0,0,1,0,차대차 - 측면충돌,안전운전불이행,건조,맑음,교차로 - 교차로안,승용,남,57세,상해없음,승용,여,52세,경상
2018110900100087,2018년 11월 9일 06시,금요일,경상북도 구미시 임은동,중상사고,0,3,0,0,차대차 - 기타,안전운전불이행,건조,맑음,교차로 - 교차로부근,승용,남,45세,상해없음,승용,남,44세,중상
2018110900100088,2018년 11월 9일 06시,금요일,경상북도 포항시 남구 해도동,중상사고,0,1,0,0,차대차 - 기타,직진우회전진행방해,건조,맑음,교차로 - 교차로안,이륜,남,78세,중상,승용,남,46세,상해없음
2018110900100112,2018년 11월 9일 07시,금요일,경상북도 경주시 천북면,중상사고,0,1,0,0,차량단독 - 공작물충돌,안전운전불이행,건조,맑음,단일로 - 기타,승용,여,42세,중상,,,,
2018110900100113,2018년 11월 9일 07시,금요일,경상북도 포항시 북구 흥해읍,경상사고,0,0,1,0,차대차 - 기타,안전운전불이행,건조,맑음,단일로 - 기타,승용,여,46세,상해없음,승용,여,55세,경상
2018110900100234,2018년 11월 9일 10시,금요일,경상북도 의성군 단북면,중상사고,0,1,0,0,차량단독 - 공작물충돌,안전운전불이행,건조,맑음,단일로 - 기타,사륜오토바이(ATV),남,79세,중상,,,,
2018110900100235,2018년 11월 9일 10시,금요일,경상북도 성주군 가천면,중상사고,0,1,0,0,차대사람 - 기타,안전운전불이행,건조,맑음,교차로 - 교차로부근,승용,여,63세,상해없음,보행자,여,74세,중상
2018110900100236,2018년 11월 9일 10시,금요일,경상북도 구미시 상모동,중상사고,0,1,0,0,차대사람 - 횡단중,안전운전불이행,건조,맑음,교차로 - 교차로안,승용,여,38세,상해없음,보행자,여,78세,중상
2018110900100262,2018년 11월 9일 11시,금요일,경상북도 경주시 성동동,중상사고,0,1,0,0,차대사람 - 길가장자리구역통행중,안전운전불이행,건조,맑음,단일로 - 기타,승용,남,49세,상해없음,보행자,남,51세,중상
2018110900100263,2018년 11월 9일 11시,금요일,경상북도 상주시 외서면,중상사고,0,1,0,0,차대사람 - 횡단중,안전운전불이행,건조,맑음,교차로 - 교차로부근,화물,남,70세,상해없음,보행자,남,64세,중상
2018110900100264,2018년 11월 9일 11시,금요일,경상북도 포항시 남구 구룡포읍,중상사고,0,2,1,0,차대차 - 측면충돌,안전운전불이행,건조,맑음,교차로 - 교차로부근,화물,남,72세,중상,화물,남,49세,경상
2018110900100300,2018년 11월 9일 12시,금요일,경상북도 경주시 산내면,경상사고,0,0,1,0,차대차 - 측면충돌,중앙선침범,건조,맑음,단일로 - 기타,승용,남,48세,상해없음,승용,남,53세,경상
2018110900100353,2018년 11월 9일 14시,금요일,경상북도 상주시 화서면,경상사고,0,0,1,0,차대차 - 측면충돌,안전운전불이행,건조,흐림,단일로 - 기타,화물,남,76세,상해없음,화물,남,77세,경상
2018110900100391,2018년 11월 9일 15시,금요일,경상북도 포항시 남구 해도동,경상사고,0,0,1,0,차대차 - 측면충돌,직진우회전진행방해,건조,맑음,교차로 - 교차로안,자전거,여,59세,경상,승용,여,60세,상해없음
2018110900100435,2018년 11월 9일 16시,금요일,경상북도 예천군 은풍면,중상사고,0,1,0,0,차대사람 - 차도통행중,안전운전불이행,건조,맑음,단일로 - 기타,승용,남,54세,상해없음,보행자,여,66세,중상
2018110900100436,2018년 11월 9일 16시,금요일,경상북도 포항시 남구 오천읍,경상사고,0,0,1,0,차대차 - 측면충돌,불법유턴,건조,맑음,교차로 - 교차로부근,화물,남,62세,상해없음,승용,여,54세,경상
2018110900100482,2018년 11월 9일 17시,금요일,경상북도 영주시 가흥동,부상신고사고,0,0,0,1,차량단독 - 기타,안전운전불이행,건조,맑음,단일로 - 기타,승용,남,60세,상해없음,,,,
2018110900100483,2018년 11월 9일 17시,금요일,경상북도 칠곡군 약목면,중상사고,0,1,0,0,차대차 - 측면충돌,교차로운행방법위반,건조,맑음,교차로 - 교차로안,승용,남,34세,상해없음,자전거,남,52세,중상
2018110900100484,2018년 11월 9일 17시,금요일,경상북도 청도군 금천면,경상사고,0,0,1,0,차대사람 - 차도통행중,안전운전불이행,건조,맑음,기타 - 기타,승용,여,51세,상해없음,보행자,남,71세,경상
2018110900100485,2018년 11월 9일 17시,금요일,경상북도 구미시 오태동,경상사고,0,0,1,0,차대차 - 측면충돌,안전운전불이행,건조,맑음,단일로 - 기타,승용,남,63세,상해없음,승용,여,54세,경상
2018110900100550,2018년 11월 9일 18시,금요일,경상북도 경주시 용강동,경상사고,0,0,1,0,차대차 - 측면충돌,신호위반,건조,맑음,교차로 - 교차로안,승용,남,50세,상해없음,승용,남,33세,경상