사고번호,사고일시,요일,시군구,사고내용,사망자수,중상자수,경상자수,부상신고자수,사고유형,법규위반,노면상태,기상상태,도로형태,가해운전자 차종,가해운전자 성별,가해운전자 연령,가해운전자 상해정도,피해운전자 차종,피해운전자 성별,피해운전자 연령,피해운전자 상해정도
2018110900100551,2018년 11월 9일 18시,금요일,경상북도 경산시 사동,경상사고,0,0,1,0,차대차 - 측면충돌,안전거리미확보,건조,맑음,단일로 - 기타,이륜,남,23세,상해없음,승용,남,39세,경상
2018110900100552,2018년 11월 9일 18시,금요일,경상북도 경산시 자인면,경상사고,0,0,1,0,차대차 - 기타,안전운전불이행,젖음/습기,비,교차로 - 교차로안,승용,여,24세,상해없음,승합,남,63세,경상
2018110900100553,2018년 11월 9일 18시,금요일,경상북도 구미시 옥계동,경상사고,0,0,1,0,차대차 - 기타,안전운전불이행,건조,맑음,단일로 - 기타,승용,남,67세,상해없음,자전거,남,36세,경상
2018110900100554,2018년 11월 9일 18시,금요일,경상북도 포항시 남구 효자동,경상사고,0,0,1,0,차대차 - 측면충돌,안전운전불이행,건조,맑음,교차로 - 교차로부근,승용,남,70세,상해없음,승용,남,50세,경상
2018110900100555,2018년 11월 9일 18시,금요일,경상북도 포항시 남구 효자동,경상사고,0,0,1,0,차대차 - 측면충돌,안전운전불이행,건조,맑음,교차로 - 교차로부근,승용,남,64세,상해없음,승용,여,45세,경상
2018110900100608,2018년 11월 9일 19시,금요일,경상북도 포항시 북구 죽도동,경상사고,0,0,2,0,차대차 - 기타,안전운전불이행,건조,맑음,단일로 - 기타,승용,남,58세,기타불명,승합,남,50세,상해없음
2018110900100609,2018년 11월 9일 19시,금요일,경상북도 영천시 완산동,경상사고,0,0,2,0,차대차 - 측면충돌,교차로운행방법위반,건조,맑음,교차로 - 교차로안,승용,남,70세,경상,승용,남,54세,경상
2018110900100610,2018년 11월 9일 19시,금요일,경상북도 구미시 고아읍,중상사고,0,1,0,1,차대차 - 기타,안전운전불이행,건조,맑음,교차로 - 교차로안,승용,여,54세,부상신고,승용,여,56세,중상
2018110900100611,2018년 11월 9일 19시,금요일,경상북도 포항시 남구 인덕동,경상사고,0,0,1,0,차대차 - 기타,안전운전불이행,건조,맑음,단일로 - 기타,승용,남,34세,상해없음,이륜,남,25세,경상
2018110900100654,2018년 11월 9일 20시,금요일,경상북도 상주시 함창읍,사망사고,1,1,0,0,차대차 - 측면충돌,안전운전불이행,건조,맑음,단일로 - 기타,화물,남,19세,중상,화물,남,46세,기타불명
2018110900100655,2018년 11월 9일 20시,금요일,경상북도 구미시 원평동,경상사고,0,0,1,0,차대차 - 기타,안전운전불이행,건조,맑음,교차로 - 교차로안,승용,남,33세,상해없음,이륜,남,27세,경상
2018110900100707,2018년 11월 9일 22시,금요일,경상북도 구미시 상모동,경상사고,0,0,2,0,차대차 - 기타,안전운전불이행,건조,맑음,단일로 - 기타,승용,남,49세,상해없음,승용,남,32세,경상
2018111000100038,2018년 11월 10일 02시,토요일,경상북도 상주시 서성동,경상사고,0,0,1,0,차대차 - 측면충돌,중앙선침범,건조,맑음,교차로 - 교차로안,승용,남,59세,상해없음,승용,남,22세,경상
2018111000100068,2018년 11월 10일 04시,토요일,경상북도 고령군 쌍림면,중상사고,0,1,0,0,차대차 - 측면충돌,중앙선침범,젖음/습기,안개,단일로 - 지하차도(도로)내,화물,남,52세,상해없음,승용,남,46세,중상
2018111000100109,2018년 11월 10일 06시,토요일,경상북도 영주시 휴천동,경상사고,0,0,1,0,차대차 - 측면충돌,안전운전불이행,건조,맑음,단일로 - 기타,이륜,남,78세,상해없음,자전거,남,61세,경상
2018111000100125,2018년 11월 10일 07시,토요일,경상북도 경주시 양북면,경상사고,0,0,1,0,차대차 - 측면충돌,안전운전불이행,건조,맑음,교차로 - 교차로안,이륜,남,79세,상해없음,승용,남,32세,상해없음
2018111000100126,2018년 11월 10일 07시,토요일,경상북도 안동시 용상동,경상사고,0,0,2,0,차대차 - 측면충돌,안전운전불이행,젖음/습기,안개,교차로 - 교차로안,승용,남,32세,경상,승용,남,44세,경상
2018111000100142,2018년 11월 10일 08시,토요일,경상북도 영천시 북안면,중상사고,0,1,2,0,차대차 - 측면충돌,안전운전불이행,젖음/습기,안개,교차로 - 교차로부근,화물,남,50세,상해없음,승합,남,59세,경상
2018111000100143,2018년 11월 10일 08시,토요일,경상북도 구미시 남통동,경상사고,0,0,1,0,차대사람 - 기타,안전운전불이행,건조,맑음,주차장 - 주차장,승용,남,66세,상해없음,보행자,여,65세,경상
2018111000100164,2018년 11월 10일 09시,토요일,경상북도 경주시 황남동,경상사고,0,0,3,0,차대차 - 측면충돌,안전운전불이행,건조,맑음,교차로 - 교차로안,승용,남,71세,경상,승용,남,57세,경상
2018111000100165,2018년 11월 10일 09시,토요일,경상북도 안동시 남문동,중상사고,0,1,0,0,차대사람 - 횡단중,안전운전불이행,건조,맑음,교차로 - 교차로안,승합,남,68세,상해없음,보행자,여,82세,중상
2018111000100196,2018년 11월 10일 10시,토요일,경상북도 구미시 산동면,중상사고,0,1,0,0,차대차 - 측면충돌,안전운전불이행,건조,맑음,교차로 - 교차로부근,화물,남,60세,상해없음,승용,남,66세,중상
2018111000100235,2018년 11월 10일 11시,토요일,경상북도 경주시 성동동,중상사고,0,1,0,0,차대사람 - 보도통행중,보행자보호의무위반,건조,맑음,교차로 - 교차로횡단보도내,승용,여,46세,상해없음,보행자,여,80세,중상
2018111000100236,2018년 11월 10일 11시,토요일,경상북도 구미시 사곡동,경상사고,0,0,1,0,차대사람 - 기타,안전운전불이행,건조,맑음,교차로 - 교차로부근,승용,남,60세,상해없음,보행자,남,43세,경상
2018111000100274,2018년 11월 10일 12시,토요일,경상북도 김천시 평화동,중상사고,0,1,10,0,차량단독 - 기타,안전운전불이행,건조,맑음,단일로 - 기타,승합,남,49세,상해없음,,,,
2018111000100275,2018년 11월 10일 12시,토요일,경상북도 영천시 완산동,중상사고,0,1,0,0,차대사람 - 횡단중,안전운전불이행,건조,맑음,교차로 - 교차로부근,승용,남,73세,상해없음,보행자,여,69세,중상
2018111000100276,2018년 11월 10일 12시,토요일,경상북도 청송군 청송읍,중상사고,0,1,0,0,차대차 - 측면충돌,교차로운행방법위반,건조,맑음,교차로 - 교차로안,승용,여,37세,상해없음,농기계,남,70세,중상
2018111000100277,2018년 11월 10일 12시,토요일,경상북도 구미시 선산읍,중상사고,0,1,0,0,차대차 - 추돌,안전거리미확보,건조,맑음,교차로 - 교차로부근,이륜,여,70세,중상,승용,여,62세,상해없음
2018111000100317,2018년 11월 10일 13시,토요일,경상북도 영천시 문외동,경상사고,0,0,1,0,차대차 - 측면충돌,안전거리미확보,건조,맑음,교차로 - 교차로부근,승용,남,79세,상해없음,승용,여,58세,경상
2018111000100318,2018년 11월 10일 13시,토요일,경상북도 경산시 상방동,경상사고,0,0,1,0,차대사람 - 기타,안전운전불이행,건조,맑음,단일로 - 기타,승용,남,58세,상해없음,보행자,남,58세,경상
2018111000100319,2018년 11월 10일 13시,토요일,경상북도 구미시 사곡동,경상사고,0,0,1,0,차대사람 - 기타,중앙선침범,건조,맑음,교차로 - 교차로부근,승용,남,24세,상해없음,보행자,여,34세,경상
2018111000100357,2018년 11월 10일 14시,토요일,경상북도 경주시 외동읍,경상사고,0,0,2,0,차대차 - 측면충돌,안전운전불이행,건조,맑음,단일로 - 기타,승용,여,32세,경상,승용,남,76세,상해없음
2018111000100358,2018년 11월 10일 14시,토요일,경상북도 포항시 북구 대흥동,경상사고,0,0,1,0,차대차 - 측면충돌,안전운전불이행,건조,맑음,교차로 - 교차로부근,승용,남,68세,상해없음,승용,여,33세,경상
2018111000100359,2018년 11월 10일 14시,토요일,경상북도 경산시 압량면,경상사고,0,0,2,0,차대사람 - 횡단중,보행자보호의무위반,건조,맑음,교차로 - 교차로횡단보도내,승용,남,25세,상해없음,보행자,여,35세,경상
2018111000100360,2018년 11월 10일 14시,토요일,경상북도 울진군 후포면,중상사고,0,1,0,0,차대사람 - 횡단중,안전운전불이행,건조,맑음,단일로 - 기타,승합,남,57세,상해없음,보행자,남,5세,중상
2018111000100361,2018년 11월 10일 14시,토요일,경상북도 포항시 남구 연일읍,경상사고,0,0,1,0,차대차 - 측면충돌,중앙선침범,건조,맑음,단일로 - 기타,승용,여,58세,상해없음,승용,여,52세,경상
2018111000100402,2018년 11월 10일 15시,토요일,경상북도 김천시 신음동,중상사고,0,1,0,0,차대차 - 측면충돌,안전운전불이행,건조,맑음,단일로 - 기타,승용,남,57세,상해없음,승용,남,55세,상해없음
2018111000100403,2018년 11월 10일 15시,토요일,경상북도 성주군 벽진면,사망사고,1,0,0,0,차량단독 - 도로외이탈 - 기타,안전운전불이행,건조,맑음,교차로 - 교차로부근,화물,남,57세,사망,,,,
2018111000100404,2018년 11월 10일 15시,토요일,경상북도 구미시 오태동,경상사고,0,0,2,0,차대차 - 기타,안전운전불이행,건조,맑음,교차로 - 교차로부근,승용,여,64세,기타불명,승용,남,67세,경상
2018111000100441,2018년 11월 10일 16시,토요일,경상북도 포항시 북구 청하면,경상사고,0,0,1,0,차대차 - 측면충돌,안전운전불이행,건조,맑음,교차로 - 교차로안,승용,남,60세,상해없음,승용,남,36세,경상
2018111000100494,2018년 11월 10일 17시,토요일,경상북도 경주시 하동,중상사고,0,1,0,0,차량단독 - 기타,안전운전불이행,건조,맑음,단일로 - 기타,이륜,남,22세,중상,,,,
2018111000100495,2018년 11월 10일 17시,토요일,경상북도 경주시 동천동,경상사고,0,0,2,0,차대차 - 추돌,안전운전불이행,건조,맑음,교차로 - 교차로부근,승용,남,27세,상해없음,승용,남,28세,경상
2018111000100496,2018년 11월 10일 17시,토요일,경상북도 안동시 명륜동,경상사고,0,0,1,0,차대차 - 측면충돌,안전운전불이행,건조,맑음,교차로 - 교차로안,승용,남,75세,경상,화물,남,61세,상해없음
2018111000100497,2018년 11월 10일 17시,토요일,경상북도 청송군 현서면,경상사고,0,0,1,0,차대차 - 측면충돌,직진우회전진행방해,건조,맑음,교차로 - 교차로안,화물,남,55세,상해없음,화물,남,45세,상해없음
2018111000100498,2018년 11월 10일 17시,토요일,경상북도 구미시 임은동,부상신고사고,0,0,0,1,차대차 - 기타,기타,건조,맑음,교차로 - 교차로안,자전거,남,15세,부상신고,승용,여,37세,상해없음
2018111000100541,2018년 11월 10일 18시,토요일,경상북도 포항시 북구 흥해읍,중상사고,0,1,0,0,차대차 - 기타,안전운전불이행,건조,맑음,단일로 - 기타,승용,여,36세,상해없음,이륜,남,16세,중상
2018111000100542,2018년 11월 10일 18시,토요일,경상북도 안동시 와룡면,중상사고,0,1,1,0,차대차 - 정면충돌,직진우회전진행방해,건조,맑음,교차로 - 교차로안,승용,남,49세,경상,승용,여,61세,중상
2018111000100543,2018년 11월 10일 18시,토요일,경상북도 문경시 모전동,경상사고,0,0,1,0,차대사람 - 기타,안전운전불이행,건조,맑음,기타 - 기타,승용,여,52세,상해없음,보행자,여,73세,경상
2018111000100583,2018년 11월 10일 19시,토요일,경상북도 경주시 서면,중상사고,0,1,0,0,차대사람 - 길가장자리구역통행중,안전운전불이행,건조,맑음,단일로 - 기타,승용,남,52세,상해없음,보행자,남,56세,중상
2018111000100584,2018년 11월 10일 19시,토요일,경상북도 경산시 압량면,중상사고,0,1,0,0,차대차 - 추돌,안전거리미확보,건조,맑음,단일로 - 기타,승용,남,58세,기타불명,이륜,남,52세,중상
2018111000100641,2018년 11월 10일 21시,토요일,경상북도 포항시 북구 우현동,경상사고,0,0,4,0,차대차 - 추돌,안전운전불이행,건조,맑음,단일로 - 기타,승용,남,59세,상해없음,승용,여,44세,경상
2018111000100642,2018년 11월 10일 21시,토요일,경상북도 경산시 중방동,중상사고,0,1,0,0,차대사람 - 횡단중,안전운전불이행,건조,맑음,단일로 - 기타,승용,남,27세,상해없음,보행자,여,10세,중상
2018111000100685,2018년 11월 10일 23시,토요일,경상북도 포항시 북구 환호동,중상사고,0,1,0,0,차대차 - 기타,안전운전불이행,건조,맑음,단일로 - 기타,승용,여,29세,상해없음,승용,남,71세,중상
2018111100100009,2018년 11월 11일 00시,일요일,경상북도 안동시 태화동,중상사고,0,1,1,0,차대차 - 측면충돌,안전운전불이행,건조,맑음,교차로 - 교차로안,승용,남,58세,상해없음,승용,여,20세,상해없음
2018111100100010,2018년 11월 11일 00시,일요일,경상북도 칠곡군 석적읍,중상사고,0,1,0,0,차대사람 - 횡단중,보행자보호의무위반,젖음/습기,안개,교차로 - 교차로횡단보도내,화물,여,58세,상해없음,보행자,여,35세,중상
2018111100100011,2018년 11월 11일 00시,일요일,경상북도 칠곡군 석적읍,경상사고,0,0,3,0,차대차 - 측면충돌,기타,건조,맑음,교차로 - 교차로안,승용,여,38세,경상,승용,남,49세,경상
2018111100100031,2018년 11월 11일 02시,일요일,경상북도 경산시 옥산동,경상사고,0,0,1,0,차대차 - 추돌,안전운전불이행,건조,맑음,단일로 - 기타,화물,남,23세,상해없음,승용,남,42세,경상
2018111100100075,2018년 11월 11일 06시,일요일,경상북도 포항시 북구 용흥동,경상사고,0,0,1,0,차대차 - 측면충돌,안전운전불이행,건조,맑음,단일로 - 기타,승합,남,48세,상해없음,승용,남,37세,경상
2018111100100084,2018년 11월 11일 07시,일요일,경상북도 경주시 황오동,경상사고,0,0,1,0,차대차 - 측면충돌,신호위반,건조,맑음,교차로 - 교차로안,승용,남,22세,상해없음,승용,남,33세,경상
2018111100100097,2018년 11월 11일 08시,일요일,경상북도 포항시 북구 우현동,경상사고,0,0,1,0,차대차 - 측면충돌,안전운전불이행,건조,맑음,교차로 - 교차로안,승용,여,58세,상해없음,승용,남,56세,경상
2018111100100098,2018년 11월 11일 08시,일요일,경상북도 문경시 모전동,경상사고,0,0,1,0,차대차 - 측면충돌,신호위반,건조,맑음,교차로 - 교차로안,화물,남,51세,상해없음,승용,여,45세,경상
2018111100100161,2018년 11월 11일 12시,일요일,경상북도 영덕군 지품면,경상사고,0,0,1,1,차대차 - 추돌,안전거리미확보,건조,맑음,교차로 - 교차로부근,화물,남,45세,부상신고,화물,남,77세,경상
2018111100100162,2018년 11월 11일 12시,일요일,경상북도 봉화군 춘양면,경상사고,0,0,5,1,차대차 - 측면충돌,직진우회전진행방해,건조,맑음,교차로 - 교차로안,승용,여,67세,부상신고,승용,남,26세,경상
2018111100100185,2018년 11월 11일 13시,일요일,경상북도 칠곡군 왜관읍,경상사고,0,0,2,0,차대차 - 추돌,안전거리미확보,건조,맑음,교차로 - 교차로부근,승용,남,26세,상해없음,승용,남,59세,경상
2018111100100210,2018년 11월 11일 14시,일요일,경상북도 안동시 풍천면,경상사고,0,0,1,0,차대사람 - 기타,안전운전불이행,건조,맑음,단일로 - 기타,원동기,여,62세,상해없음,보행자,남,6세,경상
2018111100100211,2018년 11월 11일 14시,일요일,경상북도 문경시 가은읍,경상사고,0,0,1,0,차량단독 - 공작물충돌,안전운전불이행,건조,맑음,주차장 - 주차장,승용,남,63세,경상,,,,
2018111100100236,2018년 11월 11일 15시,일요일,경상북도 의성군 안계면,경상사고,0,0,2,0,차대차 - 측면충돌,신호위반,건조,흐림,교차로 - 교차로안,승용,여,53세,경상,승용,남,65세,경상
2018111100100237,2018년 11월 11일 15시,일요일,경상북도 영주시 휴천동,중상사고,0,1,1,0,차대차 - 측면충돌,안전운전불이행,건조,흐림,교차로 - 교차로안,이륜,남,62세,경상,승용,여,44세,중상
2018111100100238,2018년 11월 11일 15시,일요일,경상북도 영천시 화남면,경상사고,0,0,1,0,차대차 - 측면충돌,과속,건조,맑음,교차로 - 교차로횡단보도내,승용,남,67세,상해없음,개인형이동수단(PM),남,8세,경상
2018111100100239,2018년 11월 11일 15시,일요일,경상북도 문경시 신기동,중상사고,0,1,0,0,차대차 - 기타,교차로운행방법위반,건조,맑음,교차로 - 교차로안,승용,남,34세,상해없음,이륜,남,37세,중상
2018111100100240,2018년 11월 11일 15시,일요일,경상북도 포항시 남구 대잠동,경상사고,0,0,2,0,차대차 - 측면충돌,교차로운행방법위반,건조,맑음,교차로 - 교차로안,승용,남,63세,상해없음,승용,남,58세,경상
2018111100100268,2018년 11월 11일 16시,일요일,경상북도 경주시 양북면,중상사고,0,1,0,0,차대사람 - 길가장자리구역통행중,안전운전불이행,건조,맑음,단일로 - 기타,승용,여,51세,상해없음,보행자,여,57세,중상
2018111100100269,2018년 11월 11일 16시,일요일,경상북도 포항시 북구 두호동,경상사고,0,0,1,0,차대차 - 기타,안전운전불이행,건조,맑음,단일로 - 기타,승용,여,43세,상해없음,자전거,남,66세,경상
2018111100100271,2018년 11월 11일 16시,일요일,경상북도 울진군 온정면,중상사고,0,1,0,0,차대차 - 정면충돌,중앙선침범,건조,맑음,단일로 - 기타,화물,남,70세,상해없음,승용,여,58세,중상
2018111100100272,2018년 11월 11일 16시,일요일,경상북도 칠곡군 동명면,경상사고,0,0,2,0,차대차 - 추돌,안전거리미확보,건조,흐림,단일로 - 기타,화물,남,58세,상해없음,승용,남,56세,경상
2018111100100313,2018년 11월 11일 17시,일요일,경상북도 영천시 금호읍,경상사고,0,0,1,0,차대사람 - 횡단중,안전운전불이행,젖음/습기,맑음,단일로 - 기타,화물,남,54세,상해없음,보행자,여,64세,경상
2018111100100314,2018년 11월 11일 17시,일요일,경상북도 구미시 임수동,경상사고,0,0,1,0,차대차 - 기타,안전운전불이행,건조,맑음,단일로 - 기타,승용,남,59세,상해없음,승용,남,36세,경상
2018111100100357,2018년 11월 11일 18시,일요일,경상북도 영주시 가흥동,경상사고,0,0,1,0,차대차 - 추돌,안전운전불이행,건조,맑음,단일로 - 기타,승용,남,52세,상해없음,승용,여,59세,경상
2018111100100358,2018년 11월 11일 18시,일요일,경상북도 구미시 형곡동,경상사고,0,0,1,0,차대차 - 기타,안전운전불이행,건조,맑음,단일로 - 기타,승용,여,45세,상해없음,승용,남,50세,경상
2018111100100359,2018년 11월 11일 18시,일요일,경상북도 문경시 유곡동,중상사고,0,1,1,0,차대차 - 추돌,안전거리미확보,건조,맑음,단일로 - 기타,승용,남,30세,상해없음,승용,남,31세,중상
2018111100100396,2018년 11월 11일 19시,일요일,경상북도 안동시 수상동,경상사고,0,0,1,0,차대차 - 측면충돌,안전운전불이행,건조,맑음,단일로 - 기타,승용,남,44세,상해없음,이륜,남,18세,경상
2018111100100397,2018년 11월 11일 19시,일요일,경상북도 안동시 송현동,중상사고,0,1,0,0,차대차 - 측면충돌,안전거리미확보,건조,맑음,단일로 - 기타,승용,남,70세,상해없음,이륜,남,19세,중상
2018111100100398,2018년 11월 11일 19시,일요일,경상북도 상주시 서문동,경상사고,0,0,2,0,차대차 - 측면충돌,안전운전불이행,건조,맑음,단일로 - 기타,승용,남,58세,상해없음,승용,여,26세,경상
2018111100100422,2018년 11월 11일 20시,일요일,경상북도 경주시 외동읍,중상사고,0,4,3,1,차대차 - 추돌,안전운전불이행,건조,맑음,단일로 - 기타,승용,여,35세,경상,승합,남,53세,부상신고
2018111100100423,2018년 11월 11일 20시,일요일,경상북도 영주시 휴천동,경상사고,0,0,1,0,차량단독 - 기타,안전운전불이행,건조,맑음,단일로 - 기타,승용,남,52세,기타불명,,,,
2018111100100424,2018년 11월 11일 20시,일요일,경상북도 군위군 부계면,경상사고,0,0,14,1,차대차 - 추돌,안전운전불이행,건조,맑음,단일로 - 기타,승용,여,22세,경상,승용,남,43세,경상
2018111100100470,2018년 11월 11일 22시,일요일,경상북도 포항시 남구 대잠동,경상사고,0,0,1,0,차대차 - 측면충돌,신호위반,건조,맑음,교차로 - 교차로횡단보도내,이륜,남,20세,상해없음,자전거,남,18세,경상
2018111200100054,2018년 11월 12일 06시,월요일,경상북도 경산시 진량읍,중상사고,0,1,0,0,차대차 - 측면충돌,직진우회전진행방해,건조,맑음,교차로 - 교차로안,승용,남,33세,중상,승용,남,22세,상해없음
2018111200100055,2018년 11월 12일 06시,월요일,경상북도 경산시 사정동,중상사고,0,1,0,0,차대사람 - 횡단중,보행자보호의무위반,건조,맑음,교차로 - 교차로횡단보도내,승용,남,34세,상해없음,보행자,여,38세,중상
2018111200100082,2018년 11월 12일 07시,월요일,경상북도 경주시 내남면,중상사고,0,1,4,0,차대차 - 추돌,안전운전불이행,젖음/습기,흐림,단일로 - 지하차도(도로)내,화물,남,64세,경상,화물,남,55세,상해없음
2018111200100117,2018년 11월 12일 08시,월요일,경상북도 경주시 신평동,중상사고,0,1,0,0,차대차 - 기타,중앙선침범,건조,맑음,단일로 - 기타,승용,남,56세,상해없음,승용,남,53세,중상
2018111200100118,2018년 11월 12일 08시,월요일,경상북도 구미시 원평동,부상신고사고,0,0,0,1,차량단독 - 기타,안전운전불이행,건조,맑음,단일로 - 기타,자전거,남,61세,부상신고,,,,
2018111200100119,2018년 11월 12일 08시,월요일,경상북도 포항시 남구 오천읍,경상사고,0,0,1,0,차대차 - 측면충돌,직진우회전진행방해,건조,맑음,교차로 - 교차로안,승용,남,31세,기타불명,승용,남,56세,경상
2018111200100183,2018년 11월 12일 10시,월요일,경상북도 영천시 금호읍,경상사고,0,0,1,0,차대차 - 측면충돌,안전운전불이행,건조,맑음,단일로 - 기타,이륜,남,73세,경상,승용,여,58세,상해없음
2018111200100184,2018년 11월 12일 10시,월요일,경상북도 문경시 점촌동,경상사고,0,0,2,0,차대차 - 측면충돌,안전운전불이행,건조,맑음,교차로 - 교차로안,화물,남,50세,경상,승용,남,70세,경상
2018111200100245,2018년 11월 12일 12시,월요일,경상북도 김천시 부곡동,경상사고,0,0,1,0,차대차 - 추돌,안전운전불이행,건조,맑음,단일로 - 기타,승용,남,57세,상해없음,이륜,남,52세,경상
2018111200100246,2018년 11월 12일 12시,월요일,경상북도 포항시 남구 연일읍,경상사고,0,0,1,0,차대차 - 측면충돌,직진우회전진행방해,건조,맑음,교차로 - 교차로안,승용,남,59세,상해없음,자전거,남,73세,경상
2018111200100274,2018년 11월 12일 13시,월요일,경상북도 경주시 감포읍,경상사고,0,0,1,0,차대차 - 측면충돌,안전운전불이행,건조,맑음,교차로 - 교차로부근,승용,남,73세,상해없음,승용,여,27세,경상
2018111200100275,2018년 11월 12일 13시,월요일,경상북도 의성군 안계면,중상사고,0,1,0,0,차대차 - 측면충돌,안전거리미확보,건조,맑음,교차로 - 교차로부근,승합,남,50세,상해없음,이륜,여,68세,중상
2018111200100276,2018년 11월 12일 13시,월요일,경상북도 예천군 예천읍,경상사고,0,0,1,0,차대사람 - 횡단중,보행자보호의무위반,건조,맑음,교차로 - 교차로횡단보도내,승용,여,42세,상해없음,보행자,남,7세,경상
2018111200100310,2018년 11월 12일 14시,월요일,경상북도 구미시 공단동,경상사고,0,0,1,0,차대사람 - 기타,기타,건조,맑음,기타 - 기타,승용,남,76세,상해없음,보행자,여,34세,경상
2018111200100311,2018년 11월 12일 14시,월요일,경상북도 포항시 남구 구룡포읍,경상사고,0,0,2,0,차대차 - 기타,안전거리미확보,건조,맑음,교차로 - 교차로안,화물,남,57세,경상,승합,남,58세,경상
2018111200100348,2018년 11월 12일 15시,월요일,경상북도 안동시 풍천면,경상사고,0,0,2,0,차대차 - 기타,안전운전불이행,건조,맑음,단일로 - 기타,화물,남,56세,경상,승용,남,59세,경상
2018111200100349,2018년 11월 12일 15시,월요일,경상북도 칠곡군 동명면,중상사고,0,2,0,0,차대차 - 측면충돌,직진우회전진행방해,건조,맑음,교차로 - 교차로안,승용,남,68세,상해없음,승용,남,43세,중상
2018111200100350,2018년 11월 12일 15시,월요일,경상북도 포항시 남구 호동,경상사고,0,0,1,0,차대차 - 추돌,안전운전불이행,건조,맑음,교차로 - 교차로부근,화물,남,54세,상해없음,승용,여,47세,경상
2018111200100351,2018년 11월 12일 15시,월요일,경상북도 포항시 남구 대잠동,경상사고,0,0,1,0,차대차 - 측면충돌,교차로운행방법위반,건조,맑음,교차로 - 교차로안,승용,남,34세,상해없음,승용,남,72세,상해없음
2018111200100384,2018년 11월 12일 16시,월요일,경상북도 안동시 용상동,경상사고,0,0,1,0,차대차 - 측면충돌,안전운전불이행,건조,맑음,단일로 - 기타,승용,여,74세,상해없음,이륜,남,21세,경상
2018111200100385,2018년 11월 12일 16시,월요일,경상북도 김천시 모암동,경상사고,0,0,1,0,차대차 - 측면충돌,안전운전불이행,건조,맑음,교차로 - 교차로안,승용,남,68세,상해없음,승용,남,77세,경상
2018111200100386,2018년 11월 12일 16시,월요일,경상북도 상주시 서성동,경상사고,0,0,1,0,차대사람 - 차도통행중,안전운전불이행,건조,맑음,단일로 - 기타,승용,남,41세,상해없음,보행자,남,19세,경상
2018111200100423,2018년 11월 12일 17시,월요일,경상북도 경주시 외동읍,중상사고,0,2,0,0,차대차 - 측면충돌,안전운전불이행,건조,맑음,교차로 - 교차로부근,자전거,남,39세,중상,승용,남,55세,상해없음
2018111200100424,2018년 11월 12일 17시,월요일,경상북도 경주시 구정동,중상사고,0,1,0,0,차대차 - 정면충돌,신호위반,건조,맑음,교차로 - 교차로안,승용,남,74세,상해없음,승용,여,20세,중상
2018111200100425,2018년 11월 12일 17시,월요일,경상북도 포항시 북구 학산동,중상사고,0,1,0,0,차대사람 - 횡단중,안전운전불이행,건조,맑음,교차로 - 교차로부근,승용,남,30세,상해없음,보행자,여,25세,중상
2018111200100426,2018년 11월 12일 17시,월요일,경상북도 안동시 안막동,중상사고,0,4,0,0,차대차 - 측면충돌,신호위반,건조,맑음,교차로 - 교차로안,승용,여,60세,중상,승용,여,53세,상해없음
2018111200100427,2018년 11월 12일 17시,월요일,경상북도 김천시 부곡동,경상사고,0,0,1,0,차대차 - 측면충돌,안전운전불이행,건조,맑음,교차로 - 교차로안,원동기,남,58세,상해없음,자전거,여,54세,경상
2018111200100428,2018년 11월 12일 17시,월요일,경상북도 영천시 화산면,경상사고,0,0,1,0,차대차 - 정면충돌,중앙선침범,건조,흐림,단일로 - 기타,승용,남,68세,상해없음,화물,남,51세,경상
2018111200100471,2018년 11월 12일 18시,월요일,경상북도 경산시 진량읍,중상사고,0,1,0,0,차대차 - 측면충돌,교차로운행방법위반,건조,맑음,교차로 - 교차로안,승용,남,29세,상해없음,이륜,남,22세,중상
2018111200100472,2018년 11월 12일 18시,월요일,경상북도 경산시 사동,중상사고,0,1,0,0,차대차 - 기타,안전운전불이행,건조,맑음,단일로 - 기타,승용,남,48세,기타불명,승용,남,27세,중상
2018111200100530,2018년 11월 12일 19시,월요일,경상북도 구미시 인의동,경상사고,0,0,2,0,차대차 - 기타,신호위반,건조,맑음,교차로 - 교차로안,승용,여,49세,경상,화물,남,29세,경상
2018111200100559,2018년 11월 12일 20시,월요일,경상북도 김천시 부곡동,경상사고,0,0,1,0,차대사람 - 횡단중,안전운전불이행,건조,맑음,단일로 - 기타,승용,남,54세,상해없음,보행자,여,59세,경상
2018111200100560,2018년 11월 12일 20시,월요일,경상북도 영주시 상줄동,경상사고,0,0,3,0,차대차 - 정면충돌,중앙선침범,건조,맑음,단일로 - 기타,승용,여,36세,상해없음,승합,남,46세,경상
2018111200100583,2018년 11월 12일 21시,월요일,경상북도 안동시 서부동,경상사고,0,0,1,0,차대차 - 측면충돌,안전운전불이행,건조,맑음,단일로 - 기타,이륜,남,18세,상해없음,승용,여,30세,경상
2018111300100016,2018년 11월 13일 01시,화요일,경상북도 포항시 북구 장성동,경상사고,0,0,1,0,차대차 - 측면충돌,안전운전불이행,건조,맑음,단일로 - 기타,승용,여,23세,경상,화물,남,63세,기타불명