사고번호,사고일시,요일,시군구,사고내용,사망자수,중상자수,경상자수,부상신고자수,사고유형,법규위반,노면상태,기상상태,도로형태,가해운전자 차종,가해운전자 성별,가해운전자 연령,가해운전자 상해정도,피해운전자 차종,피해운전자 성별,피해운전자 연령,피해운전자 상해정도
2018112800100357,2018년 11월 28일 15시,수요일,경상북도 상주시 남성동,경상사고,0,0,1,0,차대차 - 측면충돌,교차로운행방법위반,건조,맑음,교차로 - 교차로안,승용,남,57세,상해없음,이륜,남,19세,경상
2018112800100358,2018년 11월 28일 15시,수요일,경상북도 성주군 선남면,경상사고,0,0,2,0,차대차 - 정면충돌,안전운전불이행,건조,맑음,단일로 - 기타,승용,여,64세,상해없음,화물,여,57세,경상
2018112800100359,2018년 11월 28일 15시,수요일,경상북도 포항시 남구 구룡포읍,경상사고,0,0,1,0,차대차 - 측면충돌,중앙선침범,건조,맑음,단일로 - 기타,화물,남,23세,상해없음,화물,남,27세,경상
2018112800100393,2018년 11월 28일 16시,수요일,경상북도 경주시 외동읍,중상사고,0,1,0,0,차대차 - 측면충돌,안전운전불이행,건조,맑음,단일로 - 기타,승용,남,52세,상해없음,화물,남,38세,중상
2018112800100394,2018년 11월 28일 16시,수요일,경상북도 경주시 안강읍,경상사고,0,0,1,0,차대차 - 측면충돌,안전운전불이행,건조,맑음,단일로 - 기타,화물,남,31세,상해없음,승용,여,35세,경상
2018112800100395,2018년 11월 28일 16시,수요일,경상북도 포항시 북구 장성동,경상사고,0,0,1,0,차대차 - 측면충돌,직진우회전진행방해,건조,맑음,교차로 - 교차로안,승용,여,55세,상해없음,승용,여,36세,경상
2018112800100396,2018년 11월 28일 16시,수요일,경상북도 안동시 서부동,경상사고,0,0,1,0,차대차 - 측면충돌,교차로운행방법위반,건조,맑음,교차로 - 교차로안,승용,남,62세,기타불명,승용,여,58세,경상
2018112800100397,2018년 11월 28일 16시,수요일,경상북도 김천시 신음동,중상사고,0,1,0,0,차대차 - 측면충돌,불법유턴,건조,맑음,교차로 - 교차로부근,승용,남,32세,상해없음,승용,남,56세,중상
2018112800100398,2018년 11월 28일 16시,수요일,경상북도 구미시 공단동,경상사고,0,0,1,0,차대차 - 기타,안전운전불이행,건조,맑음,교차로 - 교차로안,승용,여,47세,경상,건설기계,남,42세,상해없음
2018112800100431,2018년 11월 28일 17시,수요일,경상북도 경산시 중방동,중상사고,0,1,1,0,차대차 - 기타,신호위반,건조,맑음,교차로 - 교차로안,이륜,남,18세,중상,승용,남,47세,경상
2018112800100480,2018년 11월 28일 18시,수요일,경상북도 울진군 후포면,중상사고,0,1,0,0,차대사람 - 길가장자리구역통행중,안전운전불이행,건조,맑음,기타 - 기타,승용,여,59세,상해없음,보행자,여,54세,중상
2018112800100527,2018년 11월 28일 19시,수요일,경상북도 포항시 남구 동해면,중상사고,0,1,0,0,차대사람 - 기타,안전운전불이행,건조,맑음,단일로 - 기타,승합,남,60세,상해없음,보행자,여,65세,중상
2018112800100554,2018년 11월 28일 20시,수요일,경상북도 김천시 신음동,중상사고,0,1,0,0,차대사람 - 횡단중,보행자보호의무위반,건조,기타,교차로 - 교차로횡단보도내,승용,남,38세,상해없음,보행자,남,65세,중상
2018112800100555,2018년 11월 28일 20시,수요일,경상북도 청도군 청도읍,경상사고,0,0,1,0,차대차 - 측면충돌,안전운전불이행,젖음/습기,맑음,단일로 - 기타,이륜,남,42세,경상,승용,남,25세,상해없음
2018112800100587,2018년 11월 28일 21시,수요일,경상북도 포항시 북구 장성동,경상사고,0,0,1,0,차대차 - 측면충돌,안전운전불이행,건조,맑음,교차로 - 교차로안,승용,여,59세,상해없음,승용,남,49세,경상
2018112800100618,2018년 11월 28일 22시,수요일,경상북도 안동시 옥동,경상사고,0,0,1,0,차대차 - 측면충돌,안전운전불이행,건조,맑음,단일로 - 기타,승용,남,41세,상해없음,이륜,남,19세,경상
2018112800100619,2018년 11월 28일 22시,수요일,경상북도 칠곡군 석적읍,중상사고,0,1,0,0,차량단독 - 전도전복 - 전도,안전운전불이행,건조,맑음,단일로 - 기타,이륜,남,41세,중상,미분류,미분류,미분류,미분류
2018112900100010,2018년 11월 29일 00시,목요일,경상북도 경산시 자인면,경상사고,0,0,1,0,차량단독 - 공작물충돌,안전운전불이행,건조,맑음,단일로 - 기타,승용,여,42세,경상,,,,
2018112900100022,2018년 11월 29일 01시,목요일,경상북도 경산시 조영동,중상사고,0,1,0,0,차대차 - 측면충돌,안전운전불이행,건조,맑음,교차로 - 교차로안,승용,남,23세,상해없음,이륜,남,31세,중상
2018112900100081,2018년 11월 29일 07시,목요일,경상북도 영주시 영주동,중상사고,0,1,0,0,차대차 - 측면충돌,신호위반,건조,맑음,교차로 - 교차로안,승용,남,24세,상해없음,승용,남,70세,상해없음
2018112900100082,2018년 11월 29일 07시,목요일,경상북도 청도군 각남면,사망사고,1,1,0,0,차량단독 - 도로외이탈 - 추락,안전운전불이행,건조,맑음,기타 - 기타,원동기,남,50세,중상,,,,
2018112900100083,2018년 11월 29일 07시,목요일,경상북도 포항시 남구 연일읍,경상사고,0,0,1,0,차대차 - 측면충돌,직진우회전진행방해,건조,맑음,교차로 - 교차로안,승합,남,40세,상해없음,승용,남,73세,경상
2018112900100112,2018년 11월 29일 08시,목요일,경상북도 안동시 풍천면,중상사고,0,1,1,0,차대차 - 측면충돌,직진우회전진행방해,건조,맑음,교차로 - 교차로안,승용,여,28세,경상,승용,여,38세,중상
2018112900100143,2018년 11월 29일 09시,목요일,경상북도 영주시 가흥동,부상신고사고,0,0,0,1,차대차 - 측면충돌,안전운전불이행,건조,맑음,교차로 - 교차로횡단보도내,승용,여,75세,상해없음,자전거,남,77세,부상신고
2018112900100144,2018년 11월 29일 09시,목요일,경상북도 영주시 영주동,경상사고,0,0,1,0,차대사람 - 기타,안전운전불이행,건조,맑음,단일로 - 기타,승용,남,76세,상해없음,보행자,남,49세,경상
2018112900100145,2018년 11월 29일 09시,목요일,경상북도 영천시 금호읍,경상사고,0,0,1,0,차대차 - 측면충돌,차로위반,건조,맑음,단일로 - 기타,건설기계,남,45세,상해없음,승용,여,55세,경상
2018112900100167,2018년 11월 29일 10시,목요일,경상북도 청도군 청도읍,경상사고,0,0,4,0,차대차 - 정면충돌,중앙선침범,건조,맑음,단일로 - 기타,이륜,남,28세,경상,승용,여,48세,경상
2018112900100193,2018년 11월 29일 11시,목요일,경상북도 의성군 사곡면,경상사고,0,0,1,0,차대차 - 측면충돌,안전운전불이행,건조,맑음,단일로 - 기타,승용,남,50세,상해없음,승용,여,54세,경상
2018112900100194,2018년 11월 29일 11시,목요일,경상북도 청송군 청송읍,경상사고,0,0,2,0,차대차 - 측면충돌,교차로운행방법위반,건조,맑음,교차로 - 교차로안,화물,남,73세,상해없음,승용,여,50세,경상
2018112900100195,2018년 11월 29일 11시,목요일,경상북도 구미시 원평동,경상사고,0,0,1,0,차대차 - 기타,교차로운행방법위반,건조,맑음,교차로 - 교차로안,이륜,남,52세,상해없음,승용,여,45세,경상
2018112900100196,2018년 11월 29일 11시,목요일,경상북도 포항시 남구 구룡포읍,중상사고,0,1,1,0,차대차 - 추돌,안전운전불이행,건조,맑음,단일로 - 기타,화물,남,62세,상해없음,사륜오토바이(ATV),남,86세,경상
2018112900100242,2018년 11월 29일 13시,목요일,경상북도 영천시 완산동,경상사고,0,0,1,0,차대사람 - 길가장자리구역통행중,안전운전불이행,건조,맑음,단일로 - 기타,승용,여,58세,상해없음,보행자,여,81세,경상
2018112900100266,2018년 11월 29일 14시,목요일,경상북도 경주시 강동면,경상사고,0,0,1,0,차대차 - 추돌,안전운전불이행,건조,맑음,단일로 - 기타,승용,남,57세,상해없음,승용,여,30세,경상
2018112900100267,2018년 11월 29일 14시,목요일,경상북도 포항시 남구 상도동,경상사고,0,0,1,0,차대차 - 기타,신호위반,건조,맑음,교차로 - 교차로안,승용,남,65세,상해없음,승용,남,47세,상해없음
2018112900100298,2018년 11월 29일 15시,목요일,경상북도 김천시 조마면,중상사고,0,2,0,0,차대차 - 측면충돌,교차로운행방법위반,건조,맑음,교차로 - 교차로안,화물,남,73세,상해없음,이륜,남,84세,중상
2018112900100299,2018년 11월 29일 15시,목요일,경상북도 영주시 휴천동,경상사고,0,0,1,0,차대차 - 측면충돌,안전운전불이행,건조,맑음,교차로 - 교차로안,승용,남,63세,상해없음,승용,여,49세,경상
2018112900100300,2018년 11월 29일 15시,목요일,경상북도 구미시 황상동,경상사고,0,0,1,0,차대차 - 기타,안전운전불이행,건조,맑음,단일로 - 기타,승합,남,32세,상해없음,승용,남,37세,경상
2018112900100334,2018년 11월 29일 16시,목요일,경상북도 의성군 봉양면,중상사고,0,2,0,0,차대차 - 측면충돌,안전운전불이행,건조,맑음,단일로 - 기타,이륜,남,74세,중상,자전거,여,73세,중상
2018112900100335,2018년 11월 29일 16시,목요일,경상북도 영주시 휴천동,경상사고,0,0,1,0,차대차 - 측면충돌,안전운전불이행,건조,맑음,교차로 - 교차로안,승용,남,57세,상해없음,승합,여,39세,경상
2018112900100336,2018년 11월 29일 16시,목요일,경상북도 영덕군 남정면,경상사고,0,0,1,0,차대차 - 기타,안전운전불이행,건조,맑음,단일로 - 기타,건설기계,남,22세,상해없음,승용,남,55세,경상
2018112900100380,2018년 11월 29일 17시,목요일,경상북도 김천시 신음동,경상사고,0,0,1,0,차대차 - 측면충돌,차로위반,건조,기타,단일로 - 기타,화물,남,64세,상해없음,승용,여,28세,경상
2018112900100381,2018년 11월 29일 17시,목요일,경상북도 포항시 남구 대도동,중상사고,0,1,2,0,차대차 - 기타,신호위반,건조,맑음,교차로 - 교차로안,승용,남,32세,경상,승용,남,48세,경상
2018112900100429,2018년 11월 29일 18시,목요일,경상북도 김천시 율곡동,중상사고,0,1,1,0,차대차 - 추돌,안전운전불이행,건조,기타,단일로 - 기타,화물,남,76세,상해없음,승용,여,35세,중상
2018112900100430,2018년 11월 29일 18시,목요일,경상북도 칠곡군 왜관읍,경상사고,0,0,2,0,차대차 - 측면충돌,안전운전불이행,건조,맑음,교차로 - 교차로안,승용,남,45세,경상,승용,여,53세,경상
2018112900100431,2018년 11월 29일 18시,목요일,경상북도 경산시 남천면,경상사고,0,0,1,0,차량단독 - 공작물충돌,안전운전불이행,건조,맑음,단일로 - 기타,승용,남,58세,경상,,,,
2018112900100468,2018년 11월 29일 19시,목요일,경상북도 안동시 정하동,경상사고,0,0,1,0,차대차 - 측면충돌,교차로운행방법위반,젖음/습기,맑음,교차로 - 교차로안,화물,남,57세,상해없음,이륜,남,47세,경상
2018112900100469,2018년 11월 29일 19시,목요일,경상북도 고령군 다산면,경상사고,0,0,1,0,차대차 - 측면충돌,직진우회전진행방해,건조,맑음,교차로 - 교차로안,승용,남,30세,상해없음,원동기,남,30세,경상
2018112900100470,2018년 11월 29일 19시,목요일,경상북도 포항시 남구 오천읍,경상사고,0,0,1,0,차대차 - 측면충돌,안전운전불이행,건조,맑음,교차로 - 교차로안,승용,남,53세,상해없음,승용,남,26세,경상
2018112900100524,2018년 11월 29일 21시,목요일,경상북도 영천시 망정동,경상사고,0,0,1,0,차대차 - 측면충돌,안전운전불이행,건조,맑음,주차장 - 주차장,승용,여,43세,경상,승용,여,50세,기타불명
2018112900100549,2018년 11월 29일 22시,목요일,경상북도 칠곡군 기산면,부상신고사고,0,0,0,1,차량단독 - 도로외이탈 - 기타,안전운전불이행,건조,맑음,단일로 - 기타,승용,남,37세,부상신고,,,,
2018113000100076,2018년 11월 30일 06시,금요일,경상북도 상주시 사벌면,사망사고,1,0,0,0,차대사람 - 길가장자리구역통행중,안전운전불이행,건조,맑음,교차로 - 교차로안,화물,남,50세,상해없음,보행자,남,87세,사망
2018113000100077,2018년 11월 30일 06시,금요일,경상북도 의성군 구천면,중상사고,0,2,1,0,차대차 - 측면충돌,안전운전불이행,건조,맑음,기타 - 기타,화물,남,71세,경상,승용,여,65세,상해없음
2018113000100137,2018년 11월 30일 08시,금요일,경상북도 상주시 무양동,중상사고,0,1,0,0,차량단독 - 전도전복 - 전도,안전운전불이행,건조,맑음,단일로 - 기타,자전거,남,15세,중상,미분류,미분류,미분류,미분류
2018113000100139,2018년 11월 30일 08시,금요일,경상북도 포항시 남구 해도동,중상사고,0,1,0,0,차대차 - 기타,직진우회전진행방해,건조,맑음,교차로 - 교차로안,승용,남,57세,상해없음,이륜,남,35세,중상
2018113000100163,2018년 11월 30일 09시,금요일,경상북도 안동시 와룡면,경상사고,0,0,2,0,차대차 - 추돌,안전거리미확보,건조,흐림,단일로 - 기타,화물,남,61세,경상,승용,남,26세,경상
2018113000100164,2018년 11월 30일 09시,금요일,경상북도 영주시 휴천동,경상사고,0,0,1,0,차대차 - 측면충돌,안전운전불이행,건조,맑음,교차로 - 교차로부근,승용,남,58세,상해없음,승용,남,33세,경상
2018113000100165,2018년 11월 30일 09시,금요일,경상북도 포항시 남구 지곡동,경상사고,0,0,1,0,차대차 - 측면충돌,직진우회전진행방해,건조,맑음,교차로 - 교차로안,승용,여,65세,기타불명,승용,여,62세,경상
2018113000100197,2018년 11월 30일 10시,금요일,경상북도 김천시 평화동,중상사고,0,1,0,0,차대사람 - 횡단중,안전운전불이행,건조,맑음,단일로 - 기타,승용,남,44세,상해없음,보행자,여,55세,중상
2018113000100198,2018년 11월 30일 10시,금요일,경상북도 영주시 고현동,중상사고,0,1,1,0,차대차 - 측면충돌,교차로운행방법위반,건조,맑음,교차로 - 교차로안,승용,남,56세,경상,승용,남,82세,상해없음
2018113000100199,2018년 11월 30일 10시,금요일,경상북도 경산시 하양읍,경상사고,0,0,1,0,차대차 - 측면충돌,신호위반,건조,맑음,교차로 - 교차로안,화물,남,71세,상해없음,승용,여,32세,경상
2018113000100227,2018년 11월 30일 11시,금요일,경상북도 안동시 옥동,경상사고,0,0,1,0,차대차 - 측면충돌,안전운전불이행,건조,맑음,교차로 - 교차로안,승용,여,59세,경상,승합,남,54세,상해없음
2018113000100228,2018년 11월 30일 11시,금요일,경상북도 의성군 금성면,경상사고,0,0,1,0,차대차 - 측면충돌,안전운전불이행,건조,맑음,교차로 - 교차로부근,원동기,여,41세,경상,승용,남,51세,상해없음
2018113000100262,2018년 11월 30일 12시,금요일,경상북도 경주시 성건동,경상사고,0,0,1,0,차대사람 - 횡단중,안전운전불이행,건조,맑음,교차로 - 교차로안,화물,남,40세,상해없음,보행자,남,72세,경상
2018113000100263,2018년 11월 30일 12시,금요일,경상북도 포항시 북구 양덕동,중상사고,0,1,0,0,차대차 - 기타,안전운전불이행,건조,맑음,단일로 - 기타,화물,남,32세,상해없음,원동기,남,67세,중상
2018113000100264,2018년 11월 30일 12시,금요일,경상북도 칠곡군 석적읍,경상사고,0,0,2,0,차대차 - 측면충돌,교차로운행방법위반,건조,맑음,교차로 - 교차로안,승용,남,43세,경상,승용,남,37세,경상
2018113000100265,2018년 11월 30일 12시,금요일,경상북도 포항시 남구 지곡동,경상사고,0,0,1,0,차대사람 - 기타,안전운전불이행,건조,맑음,주차장 - 주차장,승용,여,52세,상해없음,보행자,여,28세,경상
2018113000100328,2018년 11월 30일 14시,금요일,경상북도 포항시 북구 기북면,경상사고,0,0,3,0,차량단독 - 공작물충돌,안전운전불이행,건조,맑음,단일로 - 기타,승용,여,61세,경상,,,,
2018113000100329,2018년 11월 30일 14시,금요일,경상북도 상주시 초산동,경상사고,0,0,1,0,차량단독 - 전도전복 - 전도,안전운전불이행,건조,맑음,단일로 - 기타,이륜,남,33세,경상,미분류,미분류,미분류,미분류
2018113000100371,2018년 11월 30일 15시,금요일,경상북도 경산시 옥산동,경상사고,0,0,1,0,차대차 - 추돌,안전운전불이행,건조,맑음,교차로 - 교차로안,승합,남,57세,상해없음,승용,남,29세,경상
2018113000100372,2018년 11월 30일 15시,금요일,경상북도 경산시 압량면,중상사고,0,1,1,0,차대차 - 측면충돌,기타,건조,맑음,교차로 - 교차로안,승용,남,37세,경상,승용,남,25세,중상
2018113000100373,2018년 11월 30일 15시,금요일,경상북도 군위군 군위읍,경상사고,0,0,1,0,차대차 - 추돌,안전운전불이행,건조,맑음,단일로 - 기타,승용,여,55세,상해없음,승용,여,42세,경상
2018113000100374,2018년 11월 30일 15시,금요일,경상북도 포항시 남구 오천읍,중상사고,0,1,0,0,차대사람 - 차도통행중,안전운전불이행,건조,맑음,단일로 - 기타,승용,남,62세,상해없음,보행자,여,62세,중상
2018113000100403,2018년 11월 30일 16시,금요일,경상북도 칠곡군 왜관읍,부상신고사고,0,0,0,1,차대사람 - 횡단중,보행자보호의무위반,건조,맑음,교차로 - 교차로부근,승용,남,70세,상해없음,보행자,남,14세,부상신고
2018113000100404,2018년 11월 30일 16시,금요일,경상북도 영천시 신령면,경상사고,0,0,2,0,차대차 - 측면충돌,직진우회전진행방해,건조,맑음,교차로 - 교차로안,승용,남,35세,상해없음,승용,여,56세,경상
2018113000100405,2018년 11월 30일 16시,금요일,경상북도 포항시 남구 동촌동,경상사고,0,0,1,0,차대차 - 측면충돌,안전운전불이행,건조,맑음,교차로 - 교차로안,이륜,남,65세,경상,화물,남,26세,상해없음
2018113000100458,2018년 11월 30일 17시,금요일,경상북도 의성군 봉양면,경상사고,0,0,1,0,차대차 - 기타,신호위반,건조,맑음,교차로 - 교차로안,승용,남,75세,상해없음,승용,남,25세,상해없음
2018113000100459,2018년 11월 30일 17시,금요일,경상북도 영주시 장수면,중상사고,0,1,0,0,차대사람 - 차도통행중,안전운전불이행,건조,맑음,단일로 - 기타,승용,여,56세,상해없음,보행자,여,80세,중상
2018113000100460,2018년 11월 30일 17시,금요일,경상북도 구미시 도량동,경상사고,0,0,1,0,차대차 - 후진중충돌,안전운전불이행,건조,맑음,교차로 - 교차로안,승용,여,62세,상해없음,이륜,남,37세,경상
2018113000100525,2018년 11월 30일 18시,금요일,경상북도 경주시 황성동,중상사고,0,1,0,0,차대사람 - 길가장자리구역통행중,안전운전불이행,건조,맑음,주차장 - 주차장,승용,남,41세,상해없음,보행자,여,41세,중상
2018113000100526,2018년 11월 30일 18시,금요일,경상북도 포항시 북구 용흥동,중상사고,0,1,1,0,차대차 - 측면충돌,신호위반,건조,맑음,교차로 - 교차로안,승용,남,55세,상해없음,승용,남,50세,경상
2018113000100527,2018년 11월 30일 18시,금요일,경상북도 영주시 휴천동,중상사고,0,1,0,0,차대차 - 측면충돌,안전운전불이행,건조,맑음,교차로 - 교차로안,화물,남,48세,중상,승용,남,55세,상해없음
2018113000100528,2018년 11월 30일 18시,금요일,경상북도 칠곡군 북삼읍,경상사고,0,0,1,0,차대차 - 측면충돌,안전운전불이행,건조,맑음,단일로 - 기타,이륜,남,17세,경상,승용,남,35세,상해없음
2018113000100529,2018년 11월 30일 18시,금요일,경상북도 경산시 하양읍,중상사고,0,1,0,0,차대사람 - 보도통행중,보행자보호의무위반,건조,맑음,교차로 - 교차로안,승용,여,34세,상해없음,보행자,여,72세,중상
2018113000100530,2018년 11월 30일 18시,금요일,경상북도 구미시 산동면,경상사고,0,0,2,0,차대차 - 기타,안전운전불이행,건조,맑음,단일로 - 기타,승합,남,56세,상해없음,이륜,남,28세,경상
2018113000100531,2018년 11월 30일 18시,금요일,경상북도 포항시 남구 송도동,중상사고,0,1,0,0,차대차 - 측면충돌,안전운전불이행,건조,맑음,교차로 - 교차로부근,승용,남,49세,상해없음,자전거,남,80세,중상
2018113000100584,2018년 11월 30일 19시,금요일,경상북도 경주시 용강동,경상사고,0,0,1,0,차대차 - 측면충돌,안전운전불이행,건조,맑음,단일로 - 기타,원동기,남,26세,경상,승용,남,24세,상해없음
2018113000100585,2018년 11월 30일 19시,금요일,경상북도 경주시 황성동,중상사고,0,1,0,0,차대차 - 측면충돌,안전운전불이행,건조,맑음,교차로 - 교차로안,승용,남,44세,상해없음,이륜,남,39세,중상
2018113000100586,2018년 11월 30일 19시,금요일,경상북도 포항시 북구 두호동,중상사고,0,1,0,0,차대차 - 측면충돌,안전운전불이행,건조,맑음,단일로 - 기타,이륜,남,30세,중상,승용,남,29세,상해없음
2018113000100587,2018년 11월 30일 19시,금요일,경상북도 안동시 송현동,경상사고,0,0,1,0,차대차 - 측면충돌,안전운전불이행,건조,맑음,교차로 - 교차로안,승용,여,60세,상해없음,승용,남,32세,경상
2018113000100588,2018년 11월 30일 19시,금요일,경상북도 포항시 남구 오천읍,경상사고,0,0,1,0,차대차 - 기타,안전운전불이행,건조,맑음,단일로 - 기타,이륜,남,46세,경상,승용,여,59세,상해없음
2018113000100615,2018년 11월 30일 20시,금요일,경상북도 경주시 외동읍,경상사고,0,0,1,0,차대차 - 추돌,안전운전불이행,건조,맑음,교차로 - 교차로부근,승용,남,58세,상해없음,승용,남,47세,경상
2018113000100653,2018년 11월 30일 21시,금요일,경상북도 칠곡군 동명면,경상사고,0,0,1,0,차대차 - 추돌,안전거리미확보,건조,맑음,단일로 - 기타,승용,여,59세,상해없음,승용,여,42세,경상
2018113000100654,2018년 11월 30일 21시,금요일,경상북도 경산시 사동,경상사고,0,0,1,0,차대차 - 측면충돌,안전운전불이행,건조,맑음,교차로 - 교차로안,승용,여,50세,기타불명,승용,남,36세,경상
2018113000100655,2018년 11월 30일 21시,금요일,경상북도 포항시 남구 상도동,중상사고,0,1,0,0,차대사람 - 기타,안전운전불이행,건조,맑음,교차로 - 교차로부근,승용,남,61세,상해없음,보행자,여,59세,중상
2018113000100694,2018년 11월 30일 22시,금요일,경상북도 경산시 진량읍,경상사고,0,0,1,0,차대사람 - 보도통행중,안전운전불이행,건조,맑음,교차로 - 교차로횡단보도내,승용,여,23세,상해없음,보행자,남,71세,경상
2018113000100695,2018년 11월 30일 22시,금요일,경상북도 구미시 신평동,중상사고,0,2,0,0,차대차 - 측면충돌,안전운전불이행,건조,맑음,교차로 - 교차로안,승용,남,28세,상해없음,승용,남,52세,중상
2018113000100726,2018년 11월 30일 23시,금요일,경상북도 경주시 보문동,중상사고,0,1,0,0,차량단독 - 공작물충돌,안전운전불이행,건조,맑음,교차로 - 교차로부근,승용,남,52세,중상,,,,
2018113000100727,2018년 11월 30일 23시,금요일,경상북도 포항시 북구 학잠동,중상사고,0,1,0,0,차대차 - 기타,안전운전불이행,건조,맑음,교차로 - 교차로부근,승용,여,44세,상해없음,개인형이동수단(PM),남,52세,중상
2018120100100053,2018년 12월 1일 02시,토요일,경상북도 구미시 도량동,중상사고,0,1,0,0,차대차 - 기타,신호위반,건조,맑음,교차로 - 교차로안,승용,남,24세,상해없음,승용,남,41세,중상
2018120100100136,2018년 12월 1일 08시,토요일,경상북도 상주시 함창읍,경상사고,0,0,1,0,차대사람 - 차도통행중,안전운전불이행,건조,흐림,교차로 - 교차로안,승용,남,41세,상해없음,보행자,여,70세,경상
2018120100100137,2018년 12월 1일 08시,토요일,경상북도 영덕군 강구면,중상사고,0,1,0,0,차대사람 - 기타,안전운전불이행,젖음/습기,맑음,기타 - 기타,화물,남,56세,상해없음,보행자,여,76세,중상
2018120100100184,2018년 12월 1일 10시,토요일,경상북도 구미시 산동면,중상사고,0,1,0,1,차대차 - 기타,안전운전불이행,건조,맑음,단일로 - 기타,화물,남,36세,부상신고,승용,남,61세,중상
2018120100100241,2018년 12월 1일 12시,토요일,경상북도 포항시 북구 흥해읍,경상사고,0,0,1,0,차대차 - 정면충돌,안전운전불이행,건조,맑음,교차로 - 교차로안,승용,남,64세,상해없음,승용,남,65세,경상
2018120100100242,2018년 12월 1일 12시,토요일,경상북도 경산시 계양동,경상사고,0,0,1,0,차대차 - 측면충돌,안전운전불이행,건조,맑음,단일로 - 기타,승용,여,47세,상해없음,승용,남,36세,경상
2018120100100243,2018년 12월 1일 12시,토요일,경상북도 청송군 부남면,경상사고,0,0,1,0,차대차 - 측면충돌,중앙선침범,건조,맑음,단일로 - 기타,승용,남,44세,상해없음,승용,남,76세,경상
2018120100100279,2018년 12월 1일 13시,토요일,경상북도 경주시 내남면,중상사고,0,1,0,0,차대차 - 측면충돌,안전운전불이행,건조,맑음,교차로 - 교차로안,화물,남,59세,상해없음,자전거,여,75세,중상
2018120100100280,2018년 12월 1일 13시,토요일,경상북도 상주시 화산동,중상사고,0,1,3,0,차대차 - 측면충돌,신호위반,건조,흐림,교차로 - 교차로안,승용,남,36세,상해없음,승용,남,54세,경상
2018120100100281,2018년 12월 1일 13시,토요일,경상북도 경산시 옥산동,중상사고,0,1,0,0,차대사람 - 횡단중,안전운전불이행,건조,맑음,단일로 - 기타,화물,남,38세,상해없음,보행자,여,59세,중상
2018120100100323,2018년 12월 1일 14시,토요일,경상북도 구미시 원평동,부상신고사고,0,0,0,1,차대차 - 기타,안전운전불이행,건조,맑음,교차로 - 교차로부근,자전거,남,86세,부상신고,이륜,남,23세,상해없음
2018120100100361,2018년 12월 1일 15시,토요일,경상북도 경주시 동천동,중상사고,0,1,1,0,차대차 - 추돌,안전운전불이행,건조,맑음,단일로 - 기타,승용,여,57세,상해없음,승용,남,59세,경상
2018120100100362,2018년 12월 1일 15시,토요일,경상북도 포항시 북구 죽도동,경상사고,0,0,1,0,차대차 - 기타,교차로운행방법위반,건조,맑음,교차로 - 교차로안,승용,여,38세,상해없음,개인형이동수단(PM),남,30세,경상
2018120100100363,2018년 12월 1일 15시,토요일,경상북도 경산시 남산면,중상사고,0,2,0,0,차대사람 - 횡단중,안전운전불이행,건조,맑음,단일로 - 기타,승용,남,58세,상해없음,보행자,남,37세,중상
2018120100100364,2018년 12월 1일 15시,토요일,경상북도 영덕군 영덕읍,경상사고,0,0,2,0,차대차 - 측면충돌,안전운전불이행,건조,맑음,단일로 - 기타,승용,남,45세,경상,건설기계,남,22세,경상
2018120100100430,2018년 12월 1일 17시,토요일,경상북도 포항시 북구 죽도동,경상사고,0,0,2,0,차대사람 - 기타,안전운전불이행,건조,맑음,교차로 - 교차로안,승용,여,56세,상해없음,보행자,남,46세,경상
2018120100100431,2018년 12월 1일 17시,토요일,경상북도 상주시 무양동,중상사고,0,1,0,0,차대사람 - 횡단중,보행자보호의무위반,건조,맑음,교차로 - 교차로안,승용,남,32세,상해없음,보행자,남,36세,중상
2018120100100432,2018년 12월 1일 17시,토요일,경상북도 칠곡군 왜관읍,경상사고,0,0,2,0,차대차 - 추돌,안전운전불이행,건조,맑음,단일로 - 기타,승용,남,57세,기타불명,승용,남,51세,경상
2018120100100433,2018년 12월 1일 17시,토요일,경상북도 영천시 화북면,중상사고,0,2,3,0,차대차 - 측면충돌,중앙선침범,건조,맑음,단일로 - 기타,승용,남,46세,경상,화물,남,59세,중상
2018120100100434,2018년 12월 1일 17시,토요일,경상북도 구미시 송정동,중상사고,0,1,0,0,차대차 - 추돌,안전운전불이행,건조,맑음,교차로 - 교차로부근,승용,남,47세,상해없음,승용,남,63세,상해없음
2018120100100471,2018년 12월 1일 18시,토요일,경상북도 경주시 서악동,경상사고,0,0,1,0,차대차 - 추돌,안전운전불이행,건조,맑음,단일로 - 기타,승합,남,66세,상해없음,승용,여,50세,경상
2018120100100472,2018년 12월 1일 18시,토요일,경상북도 김천시 아포읍,중상사고,0,1,0,0,차대차 - 측면충돌,기타,건조,맑음,교차로 - 교차로안,화물,남,58세,상해없음,이륜,남,41세,중상
2018120100100517,2018년 12월 1일 19시,토요일,경상북도 구미시 인의동,부상신고사고,0,0,0,1,차대차 - 측면충돌,교차로운행방법위반,건조,맑음,교차로 - 교차로안,원동기,남,24세,부상신고,화물,남,46세,상해없음