사고번호,사고일시,요일,시군구,사고내용,사망자수,중상자수,경상자수,부상신고자수,사고유형,법규위반,노면상태,기상상태,도로형태,가해운전자 차종,가해운전자 성별,가해운전자 연령,가해운전자 상해정도,피해운전자 차종,피해운전자 성별,피해운전자 연령,피해운전자 상해정도
2018120100100518,2018년 12월 1일 19시,토요일,경상북도 구미시 공단동,중상사고,0,1,0,0,차대차 - 기타,안전운전불이행,건조,맑음,교차로 - 교차로안,승용,남,30세,상해없음,승용,여,61세,중상
2018120100100544,2018년 12월 1일 20시,토요일,경상북도 문경시 점촌동,중상사고,0,1,0,0,차대사람 - 차도통행중,안전운전불이행,건조,맑음,단일로 - 기타,승용,여,48세,상해없음,보행자,남,60세,중상
2018120100100545,2018년 12월 1일 20시,토요일,경상북도 구미시 봉곡동,경상사고,0,0,1,0,차대차 - 기타,안전운전불이행,건조,맑음,교차로 - 교차로부근,화물,남,34세,상해없음,이륜,남,28세,경상
2018120100100569,2018년 12월 1일 21시,토요일,경상북도 포항시 북구 학산동,경상사고,0,0,1,0,차대차 - 측면충돌,차로위반,건조,맑음,단일로 - 기타,승용,남,57세,상해없음,승용,남,65세,경상
2018120100100570,2018년 12월 1일 21시,토요일,경상북도 포항시 북구 흥해읍,경상사고,0,0,4,0,차대차 - 기타,안전운전불이행,건조,맑음,단일로 - 기타,승용,여,53세,상해없음,승용,남,42세,경상
2018120100100592,2018년 12월 1일 22시,토요일,경상북도 영주시 가흥동,경상사고,0,0,1,0,차대차 - 측면충돌,안전운전불이행,건조,맑음,교차로 - 교차로안,승용,남,35세,상해없음,이륜,남,20세,경상
2018120100100593,2018년 12월 1일 22시,토요일,경상북도 구미시 공단동,중상사고,0,1,0,0,차대차 - 정면충돌,중앙선침범,건조,맑음,단일로 - 기타,승용,남,46세,상해없음,이륜,남,41세,중상
2018120100100594,2018년 12월 1일 22시,토요일,경상북도 포항시 남구 오천읍,경상사고,0,0,1,0,차대사람 - 기타,안전운전불이행,건조,맑음,단일로 - 기타,승용,남,26세,상해없음,보행자,남,61세,경상
2018120100100610,2018년 12월 1일 23시,토요일,경상북도 경주시 용강동,경상사고,0,0,1,0,차대사람 - 횡단중,보행자보호의무위반,건조,맑음,교차로 - 교차로안,승용,남,50세,상해없음,보행자,남,51세,경상
2018120100100612,2018년 12월 1일 23시,토요일,경상북도 구미시 임은동,경상사고,0,0,2,0,차대차 - 측면충돌,교차로운행방법위반,건조,맑음,교차로 - 교차로안,승용,여,47세,상해없음,승용,남,22세,경상
2018120200100075,2018년 12월 2일 06시,일요일,경상북도 상주시 청리면,경상사고,0,0,1,0,차량단독 - 공작물충돌,안전운전불이행,건조,맑음,단일로 - 기타,화물,남,61세,경상,,,,
2018120200100076,2018년 12월 2일 06시,일요일,경상북도 예천군 개포면,중상사고,0,2,1,0,차대차 - 추돌,안전운전불이행,건조,맑음,단일로 - 교량,승용,남,62세,경상,농기계,남,84세,중상
2018120200100083,2018년 12월 2일 07시,일요일,경상북도 안동시 옥야동,경상사고,0,0,2,0,차대차 - 측면충돌,안전운전불이행,건조,맑음,단일로 - 기타,화물,남,50세,상해없음,화물,남,47세,상해없음
2018120200100084,2018년 12월 2일 07시,일요일,경상북도 울진군 평해읍,중상사고,0,2,0,0,차대차 - 기타,직진우회전진행방해,건조,맑음,교차로 - 교차로안,화물,남,48세,상해없음,농기계,남,90세 이상,중상
2018120200100095,2018년 12월 2일 08시,일요일,경상북도 경주시 충효동,경상사고,0,0,2,0,차대차 - 측면충돌,안전운전불이행,건조,맑음,교차로 - 교차로안,승용,남,68세,경상,승용,여,64세,경상
2018120200100124,2018년 12월 2일 10시,일요일,경상북도 경주시 내남면,경상사고,0,0,1,0,차대차 - 측면충돌,신호위반,건조,맑음,교차로 - 교차로안,화물,남,68세,상해없음,승용,남,39세,경상
2018120200100125,2018년 12월 2일 10시,일요일,경상북도 안동시 옥동,경상사고,0,0,1,0,차대차 - 측면충돌,안전운전불이행,건조,맑음,교차로 - 교차로안,승용,여,38세,상해없음,승용,여,47세,경상
2018120200100126,2018년 12월 2일 10시,일요일,경상북도 구미시 원평동,경상사고,0,0,3,0,차대차 - 기타,교차로운행방법위반,건조,맑음,교차로 - 교차로안,승용,남,34세,상해없음,승용,남,42세,경상
2018120200100145,2018년 12월 2일 11시,일요일,경상북도 포항시 북구 장성동,경상사고,0,0,1,0,차대차 - 기타,교차로운행방법위반,건조,맑음,교차로 - 교차로안,승합,남,54세,상해없음,승용,여,48세,경상
2018120200100146,2018년 12월 2일 11시,일요일,경상북도 김천시 용두동,사망사고,1,0,0,0,차대사람 - 횡단중,교차로운행방법위반,건조,맑음,교차로 - 교차로안,화물,남,60세,상해없음,보행자,여,85세,사망
2018120200100161,2018년 12월 2일 12시,일요일,경상북도 포항시 북구 양덕동,경상사고,0,0,1,0,차대차 - 기타,안전운전불이행,건조,맑음,교차로 - 교차로안,승용,여,49세,상해없음,승용,여,38세,경상
2018120200100162,2018년 12월 2일 12시,일요일,경상북도 칠곡군 왜관읍,경상사고,0,0,1,0,차대차 - 정면충돌,직진우회전진행방해,건조,맑음,교차로 - 교차로안,이륜,남,52세,경상,승용,여,48세,상해없음
2018120200100163,2018년 12월 2일 12시,일요일,경상북도 구미시 무을면,중상사고,0,3,1,0,차량단독 - 기타,교차로운행방법위반,건조,맑음,단일로 - 기타,승합,남,55세,상해없음,,,,
2018120200100185,2018년 12월 2일 13시,일요일,경상북도 경주시 하동,경상사고,0,0,6,0,차대차 - 추돌,안전운전불이행,건조,맑음,교차로 - 교차로부근,승용,여,40세,경상,승용,남,45세,경상
2018120200100186,2018년 12월 2일 13시,일요일,경상북도 문경시 모전동,경상사고,0,0,1,0,차대차 - 추돌,안전운전불이행,건조,맑음,교차로 - 교차로부근,화물,남,70세,상해없음,승용,남,60세,경상
2018120200100187,2018년 12월 2일 13시,일요일,경상북도 봉화군 봉성면,중상사고,0,2,0,0,차대차 - 정면충돌,안전운전불이행,건조,맑음,단일로 - 기타,화물,남,77세,상해없음,화물,남,58세,중상
2018120200100217,2018년 12월 2일 14시,일요일,경상북도 경주시 용강동,경상사고,0,0,5,0,차대차 - 추돌,안전운전불이행,건조,맑음,교차로 - 교차로부근,승용,여,50세,상해없음,승용,남,42세,경상
2018120200100219,2018년 12월 2일 14시,일요일,경상북도 안동시 광석동,경상사고,0,0,1,0,차대차 - 추돌,안전거리미확보,건조,맑음,단일로 - 기타,승용,남,46세,상해없음,이륜,남,74세,경상
2018120200100220,2018년 12월 2일 14시,일요일,경상북도 의성군 안계면,중상사고,0,2,0,0,차대차 - 측면충돌,안전운전불이행,건조,맑음,교차로 - 교차로부근,화물,남,19세,상해없음,승용,남,63세,중상
2018120200100247,2018년 12월 2일 15시,일요일,경상북도 영천시 성내동,경상사고,0,0,2,0,차대차 - 측면충돌,안전거리미확보,건조,맑음,교차로 - 교차로안,이륜,남,17세,경상,승용,남,57세,상해없음
2018120200100248,2018년 12월 2일 15시,일요일,경상북도 울진군 죽변면,경상사고,0,0,2,0,차대차 - 추돌,안전운전불이행,건조,맑음,단일로 - 기타,승용,여,50세,상해없음,승용,여,43세,경상
2018120200100249,2018년 12월 2일 15시,일요일,경상북도 영양군 일월면,중상사고,0,1,0,0,차량단독 - 전도전복 - 전도,안전운전불이행,건조,맑음,단일로 - 기타,화물,남,57세,중상,미분류,미분류,미분류,미분류
2018120200100250,2018년 12월 2일 15시,일요일,경상북도 구미시 구포동,경상사고,0,0,1,0,차대차 - 기타,안전운전불이행,건조,맑음,단일로 - 기타,승용,남,58세,상해없음,승용,남,31세,경상
2018120200100271,2018년 12월 2일 16시,일요일,경상북도 경산시 정평동,경상사고,0,0,1,0,차대차 - 정면충돌,안전운전불이행,건조,맑음,교차로 - 교차로부근,승용,여,52세,상해없음,이륜,남,39세,경상
2018120200100272,2018년 12월 2일 16시,일요일,경상북도 경산시 하양읍,경상사고,0,0,2,0,차대차 - 기타,안전운전불이행,건조,맑음,단일로 - 기타,승용,남,39세,상해없음,이륜,남,23세,경상
2018120200100302,2018년 12월 2일 17시,일요일,경상북도 영주시 하망동,경상사고,0,0,1,0,차대차 - 측면충돌,안전운전불이행,건조,맑음,교차로 - 교차로안,승용,남,58세,상해없음,승용,여,44세,경상
2018120200100303,2018년 12월 2일 17시,일요일,경상북도 문경시 모전동,경상사고,0,0,1,0,차대사람 - 횡단중,보행자보호의무위반,건조,흐림,교차로 - 교차로안,승용,남,19세,상해없음,보행자,남,46세,경상
2018120200100304,2018년 12월 2일 17시,일요일,경상북도 울진군 후포면,경상사고,0,0,2,0,차대차 - 측면충돌,안전운전불이행,건조,맑음,단일로 - 기타,승용,남,28세,상해없음,개인형이동수단(PM),남,26세,경상
2018120200100331,2018년 12월 2일 18시,일요일,경상북도 경주시 강동면,경상사고,0,0,1,1,차대차 - 추돌,안전운전불이행,건조,맑음,단일로 - 기타,화물,남,64세,부상신고,농기계,남,57세,경상
2018120200100332,2018년 12월 2일 18시,일요일,경상북도 김천시 농소면,중상사고,0,1,0,0,차량단독 - 공작물충돌,안전운전불이행,건조,맑음,단일로 - 기타,이륜,남,63세,중상,,,,
2018120200100333,2018년 12월 2일 18시,일요일,경상북도 문경시 흥덕동,경상사고,0,0,1,0,차대사람 - 차도통행중,보행자보호의무위반,건조,맑음,교차로 - 교차로안,승용,여,55세,상해없음,보행자,남,61세,경상
2018120200100334,2018년 12월 2일 18시,일요일,경상북도 칠곡군 동명면,경상사고,0,0,2,0,차대차 - 추돌,안전운전불이행,건조,맑음,단일로 - 기타,승용,여,63세,상해없음,승용,남,26세,경상
2018120200100373,2018년 12월 2일 19시,일요일,경상북도 경주시 강동면,경상사고,0,0,10,0,차대차 - 추돌,안전운전불이행,건조,맑음,단일로 - 기타,화물,남,49세,경상,승용,남,56세,상해없음
2018120200100374,2018년 12월 2일 19시,일요일,경상북도 포항시 북구 장성동,경상사고,0,0,1,0,차대차 - 측면충돌,교차로운행방법위반,건조,맑음,교차로 - 교차로안,이륜,남,30세,상해없음,이륜,남,24세,경상
2018120200100402,2018년 12월 2일 20시,일요일,경상북도 안동시 용상동,경상사고,0,0,1,0,차대차 - 측면충돌,안전운전불이행,건조,맑음,단일로 - 기타,승용,남,41세,상해없음,승용,여,41세,경상
2018120200100403,2018년 12월 2일 20시,일요일,경상북도 구미시 신평동,중상사고,0,1,0,0,차대사람 - 횡단중,신호위반,건조,맑음,교차로 - 교차로횡단보도내,이륜,남,41세,상해없음,보행자,남,66세,중상
2018120200100404,2018년 12월 2일 20시,일요일,경상북도 포항시 남구 이동,경상사고,0,0,1,0,차대차 - 기타,신호위반,건조,흐림,교차로 - 교차로안,승용,남,64세,상해없음,승용,남,27세,경상
2018120200100421,2018년 12월 2일 21시,일요일,경상북도 포항시 북구 용흥동,경상사고,0,0,4,0,차대차 - 측면충돌,안전운전불이행,기타,흐림,단일로 - 기타,승용,여,41세,경상,승용,남,38세,경상
2018120200100422,2018년 12월 2일 21시,일요일,경상북도 구미시 원평동,중상사고,0,1,0,0,차대사람 - 기타,보행자보호의무위반,건조,맑음,교차로 - 교차로횡단보도내,승용,여,54세,상해없음,보행자,남,60세,중상
2018120200100439,2018년 12월 2일 22시,일요일,경상북도 경산시 옥산동,경상사고,0,0,3,0,차대차 - 측면충돌,중앙선침범,건조,맑음,단일로 - 기타,이륜,남,17세,상해없음,승용,남,41세,경상
2018120300100016,2018년 12월 3일 01시,월요일,경상북도 포항시 남구 송내동,중상사고,0,1,0,0,차대사람 - 차도통행중,안전운전불이행,건조,맑음,단일로 - 기타,승용,남,61세,상해없음,보행자,남,45세,중상
2018120300100044,2018년 12월 3일 05시,월요일,경상북도 포항시 남구 오천읍,중상사고,0,1,0,0,차대사람 - 차도통행중,안전운전불이행,젖음/습기,비,교차로 - 교차로부근,승용,남,24세,상해없음,보행자,남,67세,중상
2018120300100045,2018년 12월 3일 05시,월요일,경상북도 칠곡군 석적읍,중상사고,0,2,2,0,차대차 - 추돌,안전운전불이행,건조,맑음,단일로 - 기타,화물,남,43세,상해없음,승용,여,24세,경상
2018120300100067,2018년 12월 3일 06시,월요일,경상북도 영천시 조교동,부상신고사고,0,0,0,1,차대사람 - 길가장자리구역통행중,안전운전불이행,건조,맑음,교차로 - 교차로안,기타불명,기타불명,미분류,기타불명,보행자,여,43세,부상신고
2018120300100068,2018년 12월 3일 06시,월요일,경상북도 구미시 형곡동,경상사고,0,0,1,0,차대차 - 기타,안전운전불이행,건조,맑음,교차로 - 교차로안,승용,남,50세,상해없음,승용,남,30세,경상
2018120300100090,2018년 12월 3일 07시,월요일,경상북도 영주시 문정동,부상신고사고,0,0,0,1,차대차 - 측면충돌,안전운전불이행,건조,맑음,교차로 - 교차로부근,승용,남,19세,상해없음,승용,남,49세,부상신고
2018120300100091,2018년 12월 3일 07시,월요일,경상북도 포항시 남구 상도동,경상사고,0,0,1,0,차대차 - 추돌,안전운전불이행,젖음/습기,비,교차로 - 교차로부근,승용,남,34세,상해없음,승용,남,36세,경상
2018120300100127,2018년 12월 3일 08시,월요일,경상북도 칠곡군 지천면,중상사고,0,1,0,0,차대차 - 추돌,안전운전불이행,젖음/습기,맑음,단일로 - 기타,화물,남,55세,기타불명,승용,여,52세,중상
2018120300100128,2018년 12월 3일 08시,월요일,경상북도 구미시 황상동,경상사고,0,0,1,0,차대차 - 기타,안전운전불이행,젖음/습기,비,단일로 - 기타,승용,남,40세,상해없음,승용,여,33세,경상
2018120300100129,2018년 12월 3일 08시,월요일,경상북도 구미시 형곡동,경상사고,0,0,1,0,차대차 - 기타,교차로운행방법위반,건조,맑음,교차로 - 교차로안,승용,여,53세,상해없음,승용,남,42세,경상
2018120300100162,2018년 12월 3일 09시,월요일,경상북도 칠곡군 약목면,부상신고사고,0,0,0,1,차량단독 - 도로외이탈 - 추락,안전운전불이행,건조,맑음,단일로 - 기타,승용,남,46세,부상신고,,,,
2018120300100163,2018년 12월 3일 09시,월요일,경상북도 영천시 야사동,중상사고,0,1,0,0,차량단독 - 공작물충돌,안전운전불이행,젖음/습기,비,단일로 - 기타,승용,여,62세,상해없음,,,,
2018120300100164,2018년 12월 3일 09시,월요일,경상북도 경산시 압량면,중상사고,0,1,1,0,차대차 - 기타,신호위반,젖음/습기,비,교차로 - 교차로안,승용,남,26세,상해없음,승합,남,54세,중상
2018120300100165,2018년 12월 3일 09시,월요일,경상북도 구미시 원평동,중상사고,0,1,0,0,차대사람 - 기타,보행자보호의무위반,젖음/습기,비,교차로 - 교차로부근,승용,여,55세,상해없음,보행자,여,43세,중상
2018120300100202,2018년 12월 3일 10시,월요일,경상북도 의성군 봉양면,경상사고,0,0,1,0,차대사람 - 횡단중,안전운전불이행,건조,맑음,단일로 - 기타,승용,남,41세,상해없음,보행자,남,65세,경상
2018120300100229,2018년 12월 3일 11시,월요일,경상북도 포항시 북구 죽장면,경상사고,0,0,1,0,차대차 - 측면충돌,중앙선침범,건조,맑음,단일로 - 기타,화물,남,63세,상해없음,화물,여,61세,경상
2018120300100230,2018년 12월 3일 11시,월요일,경상북도 울진군 후포면,경상사고,0,0,1,0,차대차 - 추돌,안전운전불이행,젖음/습기,비,단일로 - 기타,건설기계,남,38세,상해없음,승용,여,59세,경상
2018120300100231,2018년 12월 3일 11시,월요일,경상북도 포항시 남구 해도동,경상사고,0,0,1,0,차대사람 - 보도통행중,기타,건조,맑음,단일로 - 기타,승합,여,48세,상해없음,보행자,여,62세,경상
2018120300100257,2018년 12월 3일 12시,월요일,경상북도 안동시 법흥동,중상사고,0,1,0,0,차대사람 - 횡단중,보행자보호의무위반,젖음/습기,흐림,교차로 - 교차로안,승용,남,38세,상해없음,보행자,여,78세,중상
2018120300100258,2018년 12월 3일 12시,월요일,경상북도 안동시 옥야동,경상사고,0,0,1,0,차대차 - 추돌,안전운전불이행,건조,흐림,단일로 - 기타,승용,남,69세,상해없음,화물,남,41세,경상
2018120300100286,2018년 12월 3일 13시,월요일,경상북도 포항시 북구 장성동,경상사고,0,0,1,0,차대차 - 추돌,안전거리미확보,건조,맑음,교차로 - 교차로부근,승용,남,50세,상해없음,승용,여,51세,경상
2018120300100287,2018년 12월 3일 13시,월요일,경상북도 안동시 정하동,경상사고,0,0,1,0,차대차 - 측면충돌,교차로운행방법위반,건조,맑음,단일로 - 기타,승용,여,55세,경상,승용,여,54세,상해없음
2018120300100288,2018년 12월 3일 13시,월요일,경상북도 의성군 봉양면,경상사고,0,0,1,0,차대차 - 측면충돌,안전운전불이행,건조,맑음,단일로 - 기타,화물,남,49세,상해없음,화물,남,53세,경상
2018120300100322,2018년 12월 3일 14시,월요일,경상북도 청송군 청송읍,중상사고,0,1,0,0,차대차 - 측면충돌,교차로운행방법위반,건조,맑음,교차로 - 교차로안,화물,남,55세,상해없음,원동기,남,31세,중상
2018120300100352,2018년 12월 3일 15시,월요일,경상북도 경주시 성건동,경상사고,0,0,1,0,차대사람 - 횡단중,보행자보호의무위반,건조,맑음,교차로 - 교차로부근,화물,남,70세,상해없음,보행자,여,79세,경상
2018120300100353,2018년 12월 3일 15시,월요일,경상북도 영천시 대창면,경상사고,0,0,1,0,차대차 - 정면충돌,안전운전불이행,건조,맑음,교차로 - 교차로부근,이륜,남,76세,경상,승용,여,68세,상해없음
2018120300100391,2018년 12월 3일 16시,월요일,경상북도 안동시 광석동,경상사고,0,0,1,0,차대사람 - 차도통행중,안전운전불이행,건조,맑음,단일로 - 기타,화물,남,65세,상해없음,보행자,남,63세,경상
2018120300100438,2018년 12월 3일 17시,월요일,경상북도 경주시 외동읍,경상사고,0,0,2,0,차대차 - 측면충돌,안전운전불이행,건조,맑음,단일로 - 지하차도(도로)내,승용,남,49세,상해없음,승용,남,76세,경상
2018120300100439,2018년 12월 3일 17시,월요일,경상북도 포항시 북구 덕수동,경상사고,0,0,1,0,차대차 - 측면충돌,직진우회전진행방해,건조,맑음,교차로 - 교차로안,승용,남,65세,상해없음,승용,여,65세,경상
2018120300100441,2018년 12월 3일 17시,월요일,경상북도 안동시 용상동,경상사고,0,0,2,0,차대차 - 측면충돌,교차로운행방법위반,건조,맑음,교차로 - 교차로안,승용,남,65세,경상,승용,남,69세,경상
2018120300100442,2018년 12월 3일 17시,월요일,경상북도 상주시 사벌면,경상사고,0,0,1,0,차대사람 - 차도통행중,안전운전불이행,젖음/습기,비,단일로 - 기타,승용,남,59세,상해없음,보행자,여,53세,경상
2018120300100443,2018년 12월 3일 17시,월요일,경상북도 포항시 남구 구룡포읍,중상사고,0,1,0,0,차량단독 - 공작물충돌,안전운전불이행,건조,맑음,교차로 - 교차로안,승용,남,60세,중상,,,,
2018120300100497,2018년 12월 3일 18시,월요일,경상북도 경주시 동천동,경상사고,0,0,1,0,차량단독 - 공작물충돌,안전운전불이행,건조,맑음,교차로 - 교차로안,승용,남,52세,상해없음,,,,
2018120300100498,2018년 12월 3일 18시,월요일,경상북도 영주시 휴천동,경상사고,0,0,1,0,차대사람 - 횡단중,안전운전불이행,젖음/습기,비,단일로 - 기타,승용,남,49세,상해없음,보행자,남,31세,경상
2018120300100499,2018년 12월 3일 18시,월요일,경상북도 영천시 망정동,중상사고,0,1,0,0,차대사람 - 횡단중,안전운전불이행,건조,맑음,교차로 - 교차로안,승합,여,37세,상해없음,보행자,여,51세,중상
2018120300100500,2018년 12월 3일 18시,월요일,경상북도 경산시 삼북동,중상사고,0,1,0,0,차대사람 - 횡단중,보행자보호의무위반,건조,흐림,단일로 - 기타,이륜,남,33세,상해없음,보행자,여,58세,중상
2018120300100501,2018년 12월 3일 18시,월요일,경상북도 구미시 오태동,경상사고,0,0,1,0,차대차 - 기타,안전거리미확보,건조,맑음,교차로 - 교차로안,승용,여,52세,상해없음,승용,여,41세,경상
2018120300100502,2018년 12월 3일 18시,월요일,경상북도 포항시 남구 대도동,중상사고,0,1,0,0,차대차 - 기타,중앙선침범,건조,맑음,단일로 - 기타,이륜,남,29세,중상,승용,남,45세,상해없음
2018120300100549,2018년 12월 3일 19시,월요일,경상북도 포항시 북구 환호동,경상사고,0,0,1,0,차대차 - 정면충돌,안전운전불이행,건조,맑음,교차로 - 교차로안,승용,여,43세,상해없음,승용,남,54세,경상
2018120300100550,2018년 12월 3일 19시,월요일,경상북도 포항시 북구 장성동,경상사고,0,0,1,0,차대사람 - 기타,안전운전불이행,건조,맑음,단일로 - 기타,승용,여,44세,상해없음,보행자,여,17세,경상
2018120300100551,2018년 12월 3일 19시,월요일,경상북도 포항시 북구 장성동,경상사고,0,0,2,0,차대차 - 정면충돌,안전거리미확보,건조,맑음,단일로 - 기타,승용,여,37세,상해없음,승용,여,48세,경상
2018120300100593,2018년 12월 3일 20시,월요일,경상북도 칠곡군 왜관읍,중상사고,0,1,0,0,차대사람 - 보도통행중,보행자보호의무위반,건조,맑음,교차로 - 교차로횡단보도내,승용,여,32세,상해없음,보행자,남,67세,중상
2018120300100645,2018년 12월 3일 22시,월요일,경상북도 경주시 용강동,중상사고,0,2,0,0,차대차 - 측면충돌,안전운전불이행,건조,맑음,교차로 - 교차로안,승용,남,57세,상해없음,승합,여,47세,중상
2018120300100646,2018년 12월 3일 22시,월요일,경상북도 경산시 진량읍,경상사고,0,0,1,0,차대차 - 측면충돌,중앙선침범,건조,흐림,교차로 - 교차로횡단보도내,승용,남,21세,상해없음,이륜,남,24세,경상
2018120300100647,2018년 12월 3일 22시,월요일,경상북도 포항시 남구 연일읍,경상사고,0,0,1,0,차대사람 - 차도통행중,안전운전불이행,건조,맑음,교차로 - 교차로부근,화물,남,55세,상해없음,보행자,여,18세,경상
2018120300100669,2018년 12월 3일 23시,월요일,경상북도 영천시 야사동,경상사고,0,0,1,0,차대사람 - 보도통행중,교차로운행방법위반,젖음/습기,안개,주차장 - 주차장,승합,남,58세,상해없음,보행자,남,70세,경상
2018120400100022,2018년 12월 4일 01시,화요일,경상북도 김천시 덕곡동,경상사고,0,0,1,0,차대사람 - 보도통행중,안전운전불이행,건조,맑음,교차로 - 교차로안,승용,남,23세,상해없음,보행자,남,50세,경상
2018120400100034,2018년 12월 4일 03시,화요일,경상북도 칠곡군 지천면,사망사고,1,0,0,0,차대차 - 기타,안전운전불이행,젖음/습기,비,단일로 - 기타,특수,남,57세,상해없음,화물,남,37세,사망
2018120400100059,2018년 12월 4일 05시,화요일,경상북도 경산시 계양동,경상사고,0,0,1,0,차대사람 - 길가장자리구역통행중,안전운전불이행,건조,맑음,단일로 - 기타,승용,남,76세,상해없음,보행자,여,78세,경상
2018120400100108,2018년 12월 4일 07시,화요일,경상북도 김천시 남면,경상사고,0,0,1,0,차대차 - 측면충돌,안전운전불이행,건조,맑음,교차로 - 교차로안,승용,남,40세,상해없음,승용,남,47세,경상
2018120400100109,2018년 12월 4일 07시,화요일,경상북도 예천군 예천읍,중상사고,0,1,0,0,차대사람 - 횡단중,안전운전불이행,젖음/습기,비,단일로 - 기타,승용,여,48세,상해없음,보행자,여,76세,중상
2018120400100145,2018년 12월 4일 08시,화요일,경상북도 경주시 용강동,경상사고,0,0,1,0,차대사람 - 횡단중,안전운전불이행,젖음/습기,비,교차로 - 교차로안,화물,남,47세,상해없음,보행자,여,10세,경상
2018120400100146,2018년 12월 4일 08시,화요일,경상북도 포항시 북구 두호동,경상사고,0,0,1,0,차대차 - 측면충돌,안전운전불이행,건조,맑음,단일로 - 기타,승용,여,34세,상해없음,승용,남,75세,상해없음
2018120400100147,2018년 12월 4일 08시,화요일,경상북도 안동시 정하동,경상사고,0,0,1,0,차대차 - 측면충돌,안전운전불이행,젖음/습기,비,교차로 - 교차로안,승용,여,41세,상해없음,승용,여,57세,경상
2018120400100148,2018년 12월 4일 08시,화요일,경상북도 안동시 송현동,경상사고,0,0,1,0,차대차 - 측면충돌,직진우회전진행방해,젖음/습기,비,교차로 - 교차로안,승용,남,37세,상해없음,승용,여,55세,경상
2018120400100149,2018년 12월 4일 08시,화요일,경상북도 포항시 남구 해도동,경상사고,0,0,4,0,차대차 - 측면충돌,교차로운행방법위반,젖음/습기,비,교차로 - 교차로안,승용,남,55세,경상,승용,남,74세,경상
2018120400100192,2018년 12월 4일 09시,화요일,경상북도 김천시 신음동,경상사고,0,0,1,0,차대차 - 측면충돌,안전운전불이행,건조,맑음,단일로 - 기타,화물,남,68세,상해없음,승합,여,38세,경상
2018120400100193,2018년 12월 4일 09시,화요일,경상북도 경산시 옥산동,경상사고,0,0,1,0,차대차 - 추돌,안전운전불이행,젖음/습기,흐림,교차로 - 교차로부근,승용,남,41세,상해없음,승용,여,61세,경상
2018120400100194,2018년 12월 4일 09시,화요일,경상북도 청도군 각남면,중상사고,0,1,0,0,차대차 - 측면충돌,중앙선침범,젖음/습기,비,단일로 - 기타,승용,여,56세,상해없음,승용,남,40세,중상
2018120400100195,2018년 12월 4일 09시,화요일,경상북도 성주군 월항면,경상사고,0,0,2,0,차대차 - 측면충돌,안전운전불이행,젖음/습기,비,교차로 - 교차로안,승용,남,27세,경상,화물,남,46세,경상
2018120400100196,2018년 12월 4일 09시,화요일,경상북도 포항시 남구 오천읍,경상사고,0,0,1,0,차대차 - 기타,안전운전불이행,젖음/습기,비,교차로 - 교차로부근,승용,남,59세,상해없음,승용,남,40세,경상
2018120400100197,2018년 12월 4일 09시,화요일,경상북도 포항시 남구 대잠동,경상사고,0,0,5,0,차대차 - 기타,신호위반,젖음/습기,비,교차로 - 교차로부근,승용,여,26세,경상,승용,여,38세,경상
2018120400100230,2018년 12월 4일 10시,화요일,경상북도 경주시 현곡면,경상사고,0,0,3,0,차대차 - 측면충돌,안전운전불이행,젖음/습기,흐림,단일로 - 지하차도(도로)내,승용,남,44세,상해없음,승용,남,24세,경상
2018120400100231,2018년 12월 4일 10시,화요일,경상북도 경주시 황성동,경상사고,0,0,1,0,차대차 - 측면충돌,안전운전불이행,젖음/습기,흐림,교차로 - 교차로안,승용,남,38세,상해없음,승용,여,37세,경상
2018120400100278,2018년 12월 4일 12시,화요일,경상북도 포항시 북구 흥해읍,경상사고,0,0,1,0,차대사람 - 횡단중,보행자보호의무위반,건조,맑음,교차로 - 교차로횡단보도내,화물,남,71세,상해없음,보행자,여,61세,경상
2018120400100307,2018년 12월 4일 13시,화요일,경상북도 경주시 용강동,중상사고,0,1,0,1,차대차 - 측면충돌,신호위반,건조,맑음,교차로 - 교차로안,승용,여,65세,부상신고,승용,남,70세,중상
2018120400100308,2018년 12월 4일 13시,화요일,경상북도 김천시 율곡동,경상사고,0,0,1,0,차량단독 - 공작물충돌,안전운전불이행,건조,맑음,단일로 - 기타,승용,여,43세,경상,,,,
2018120400100309,2018년 12월 4일 13시,화요일,경상북도 구미시 형곡동,부상신고사고,0,0,0,1,차대차 - 측면충돌,안전운전불이행,건조,맑음,교차로 - 교차로안,자전거,남,84세,부상신고,승용,남,49세,상해없음
2018120400100338,2018년 12월 4일 14시,화요일,경상북도 경주시 보문동,중상사고,0,1,1,0,차대차 - 측면충돌,안전운전불이행,건조,맑음,단일로 - 기타,승용,여,59세,경상,화물,남,53세,중상
2018120400100339,2018년 12월 4일 14시,화요일,경상북도 칠곡군 석적읍,경상사고,0,0,1,0,차대차 - 측면충돌,직진우회전진행방해,건조,맑음,교차로 - 교차로안,승용,남,67세,상해없음,승용,남,34세,경상
2018120400100363,2018년 12월 4일 15시,화요일,경상북도 안동시 와룡면,중상사고,0,1,0,0,차대차 - 정면충돌,중앙선침범,건조,맑음,단일로 - 기타,승용,남,29세,상해없음,승용,여,64세,중상
2018120400100395,2018년 12월 4일 16시,화요일,경상북도 칠곡군 석적읍,부상신고사고,0,0,0,1,차대사람 - 기타,안전운전불이행,건조,맑음,교차로 - 교차로부근,승용,남,30세,상해없음,보행자,남,57세,부상신고