사고번호,사고일시,요일,시군구,사고내용,사망자수,중상자수,경상자수,부상신고자수,사고유형,법규위반,노면상태,기상상태,도로형태,가해운전자 차종,가해운전자 성별,가해운전자 연령,가해운전자 상해정도,피해운전자 차종,피해운전자 성별,피해운전자 연령,피해운전자 상해정도
2018120400100430,2018년 12월 4일 17시,화요일,경상북도 안동시 동부동,중상사고,0,1,1,0,차대차 - 측면충돌,안전운전불이행,건조,맑음,교차로 - 교차로안,승용,남,66세,상해없음,승용,남,60세,경상
2018120400100431,2018년 12월 4일 17시,화요일,경상북도 경산시 하양읍,경상사고,0,0,1,0,차대사람 - 기타,안전운전불이행,건조,맑음,교차로 - 교차로안,승용,남,50세,상해없음,보행자,남,66세,경상
2018120400100501,2018년 12월 4일 19시,화요일,경상북도 포항시 북구 죽도동,중상사고,0,1,0,0,차대차 - 측면충돌,안전운전불이행,건조,맑음,단일로 - 기타,승용,남,52세,상해없음,이륜,남,21세,중상
2018120400100502,2018년 12월 4일 19시,화요일,경상북도 포항시 북구 용흥동,경상사고,0,0,2,0,차대차 - 추돌,안전운전불이행,건조,맑음,단일로 - 기타,승용,남,41세,상해없음,승용,남,35세,경상
2018120400100503,2018년 12월 4일 19시,화요일,경상북도 포항시 북구 흥해읍,중상사고,0,1,0,0,차량단독 - 기타,안전운전불이행,건조,맑음,단일로 - 교량,화물,남,74세,상해없음,,,,
2018120400100504,2018년 12월 4일 19시,화요일,경상북도 경산시 압량면,중상사고,0,1,0,0,차대사람 - 횡단중,안전운전불이행,건조,맑음,교차로 - 교차로부근,승용,여,47세,상해없음,보행자,여,61세,중상
2018120400100545,2018년 12월 4일 21시,화요일,경상북도 안동시 남문동,경상사고,0,0,1,0,차대차 - 측면충돌,신호위반,건조,맑음,교차로 - 교차로안,화물,남,64세,상해없음,승용,여,36세,경상
2018120400100546,2018년 12월 4일 21시,화요일,경상북도 경산시 하양읍,경상사고,0,0,1,0,차대차 - 추돌,안전운전불이행,건조,맑음,단일로 - 기타,기타불명,기타불명,미분류,기타불명,승용,여,38세,경상
2018120500100017,2018년 12월 5일 01시,수요일,경상북도 구미시 고아읍,중상사고,0,1,0,0,차량단독 - 공작물충돌,안전운전불이행,건조,맑음,교차로 - 교차로부근,화물,남,41세,중상,,,,
2018120500100027,2018년 12월 5일 02시,수요일,경상북도 구미시 오태동,경상사고,0,0,2,0,차량단독 - 공작물충돌,안전운전불이행,건조,맑음,단일로 - 기타,이륜,남,16세,경상,,,,
2018120500100035,2018년 12월 5일 03시,수요일,경상북도 경주시 노서동,경상사고,0,0,1,0,차량단독 - 공작물충돌,안전운전불이행,건조,맑음,단일로 - 기타,원동기,남,24세,경상,,,,
2018120500100091,2018년 12월 5일 07시,수요일,경상북도 포항시 북구 죽도동,경상사고,0,0,1,0,차대사람 - 기타,안전운전불이행,건조,맑음,단일로 - 기타,승용,남,65세,상해없음,보행자,여,17세,경상
2018120500100092,2018년 12월 5일 07시,수요일,경상북도 구미시 공단동,경상사고,0,0,2,0,차대차 - 측면충돌,직진우회전진행방해,건조,맑음,교차로 - 교차로안,승용,남,35세,경상,승용,여,27세,경상
2018120500100139,2018년 12월 5일 08시,수요일,경상북도 포항시 북구 기계면,경상사고,0,0,1,0,차대차 - 측면충돌,직진우회전진행방해,건조,맑음,교차로 - 교차로안,승용,여,49세,상해없음,승용,남,53세,경상
2018120500100140,2018년 12월 5일 08시,수요일,경상북도 안동시 수상동,경상사고,0,0,1,0,차대차 - 측면충돌,중앙선침범,건조,맑음,단일로 - 기타,승용,남,57세,상해없음,특수,남,47세,경상
2018120500100141,2018년 12월 5일 08시,수요일,경상북도 포항시 남구 대잠동,경상사고,0,0,2,0,차대차 - 기타,직진우회전진행방해,건조,맑음,교차로 - 교차로안,승용,여,35세,경상,승용,남,69세,경상
2018120500100179,2018년 12월 5일 09시,수요일,경상북도 영천시 완산동,경상사고,0,0,1,0,차대차 - 측면충돌,교차로운행방법위반,건조,맑음,교차로 - 교차로안,승용,남,76세,상해없음,승용,여,63세,경상
2018120500100180,2018년 12월 5일 09시,수요일,경상북도 구미시 공단동,경상사고,0,0,1,0,차대차 - 기타,중앙선침범,건조,맑음,교차로 - 교차로부근,승용,여,23세,상해없음,화물,남,33세,경상
2018120500100181,2018년 12월 5일 09시,수요일,경상북도 포항시 남구 대잠동,중상사고,0,1,0,0,차대사람 - 기타,안전운전불이행,건조,흐림,단일로 - 기타,승용,남,37세,상해없음,보행자,여,72세,중상
2018120500100234,2018년 12월 5일 11시,수요일,경상북도 포항시 북구 환호동,경상사고,0,0,1,0,차대차 - 추돌,안전운전불이행,건조,맑음,단일로 - 기타,이륜,남,42세,상해없음,승용,남,59세,경상
2018120500100254,2018년 12월 5일 12시,수요일,경상북도 문경시 문경읍,중상사고,0,1,0,0,차대사람 - 기타,안전운전불이행,건조,맑음,교차로 - 교차로안,승용,여,60세,상해없음,보행자,여,74세,중상
2018120500100313,2018년 12월 5일 14시,수요일,경상북도 울진군 평해읍,중상사고,0,1,0,0,차량단독 - 공작물충돌,안전운전불이행,건조,맑음,단일로 - 기타,승용,여,53세,상해없음,,,,
2018120500100340,2018년 12월 5일 15시,수요일,경상북도 경산시 진량읍,중상사고,0,1,0,0,차대차 - 측면충돌,교차로운행방법위반,건조,맑음,교차로 - 교차로안,승용,여,53세,상해없음,승용,남,28세,중상
2018120500100372,2018년 12월 5일 16시,수요일,경상북도 칠곡군 왜관읍,부상신고사고,0,0,0,1,차대차 - 측면충돌,교차로운행방법위반,건조,맑음,교차로 - 교차로안,승용,남,73세,상해없음,승용,남,73세,부상신고
2018120500100373,2018년 12월 5일 16시,수요일,경상북도 구미시 진평동,경상사고,0,0,1,0,차대차 - 기타,교차로운행방법위반,건조,맑음,교차로 - 교차로안,승용,여,33세,상해없음,승용,남,52세,경상
2018120500100374,2018년 12월 5일 16시,수요일,경상북도 포항시 남구 대잠동,경상사고,0,0,1,0,차대사람 - 횡단중,안전운전불이행,건조,맑음,교차로 - 교차로부근,화물,남,30세,상해없음,보행자,남,69세,경상
2018120500100406,2018년 12월 5일 17시,수요일,경상북도 김천시 덕곡동,경상사고,0,0,1,0,차대차 - 추돌,안전운전불이행,건조,맑음,단일로 - 기타,승용,남,65세,상해없음,승용,여,48세,경상
2018120500100407,2018년 12월 5일 17시,수요일,경상북도 청도군 청도읍,경상사고,0,0,1,0,차대사람 - 차도통행중,안전운전불이행,건조,맑음,기타 - 기타,승용,여,39세,상해없음,보행자,남,65세,경상
2018120500100408,2018년 12월 5일 17시,수요일,경상북도 구미시 임은동,경상사고,0,0,1,0,차대차 - 기타,안전운전불이행,건조,맑음,교차로 - 교차로부근,승용,여,48세,상해없음,자전거,여,26세,경상
2018120500100409,2018년 12월 5일 17시,수요일,경상북도 포항시 남구 장흥동,중상사고,0,1,1,0,차대차 - 측면충돌,안전운전불이행,건조,맑음,단일로 - 기타,승용,여,31세,중상,승용,남,43세,경상
2018120500100464,2018년 12월 5일 18시,수요일,경상북도 영주시 가흥동,중상사고,0,1,0,0,차대사람 - 보도통행중,보행자보호의무위반,건조,맑음,단일로 - 기타,승용,남,67세,상해없음,보행자,남,63세,중상
2018120500100465,2018년 12월 5일 18시,수요일,경상북도 봉화군 봉화읍,경상사고,0,0,1,0,차대차 - 추돌,안전운전불이행,건조,맑음,단일로 - 기타,승용,여,55세,상해없음,자전거,남,75세,경상
2018120500100466,2018년 12월 5일 18시,수요일,경상북도 청도군 청도읍,경상사고,0,0,2,0,차대차 - 측면충돌,직진우회전진행방해,건조,맑음,교차로 - 교차로안,승합,남,26세,경상,승용,여,40세,경상
2018120500100467,2018년 12월 5일 18시,수요일,경상북도 청도군 화양읍,경상사고,0,0,1,0,차대차 - 추돌,안전운전불이행,건조,맑음,교차로 - 교차로안,화물,여,44세,상해없음,승용,여,37세,경상
2018120500100501,2018년 12월 5일 19시,수요일,경상북도 칠곡군 약목면,중상사고,0,1,0,0,차대차 - 측면충돌,신호위반,건조,맑음,교차로 - 교차로안,승용,남,67세,상해없음,승용,여,41세,중상
2018120500100502,2018년 12월 5일 19시,수요일,경상북도 문경시 흥덕동,경상사고,0,0,1,0,차대차 - 측면충돌,직진우회전진행방해,건조,맑음,교차로 - 교차로안,승용,남,33세,상해없음,승용,남,49세,경상
2018120500100503,2018년 12월 5일 19시,수요일,경상북도 경산시 정평동,경상사고,0,0,1,0,차대차 - 측면충돌,안전거리미확보,건조,맑음,단일로 - 기타,승용,여,33세,상해없음,승용,여,47세,경상
2018120500100551,2018년 12월 5일 21시,수요일,경상북도 경주시 충효동,중상사고,0,1,3,0,차대차 - 정면충돌,중앙선침범,건조,맑음,단일로 - 기타,승용,남,23세,상해없음,승용,여,54세,중상
2018120600100011,2018년 12월 6일 00시,목요일,경상북도 포항시 북구 우현동,경상사고,0,0,2,0,차대차 - 추돌,안전운전불이행,건조,맑음,교차로 - 교차로부근,승합,남,48세,상해없음,승용,여,53세,경상
2018120600100012,2018년 12월 6일 00시,목요일,경상북도 경산시 진량읍,경상사고,0,0,1,0,차대사람 - 횡단중,보행자보호의무위반,건조,맑음,교차로 - 교차로횡단보도내,승용,남,49세,상해없음,보행자,남,30세,경상
2018120600100032,2018년 12월 6일 02시,목요일,경상북도 영천시 고경면,경상사고,0,0,1,0,차량단독 - 공작물충돌,안전운전불이행,건조,맑음,단일로 - 기타,승용,남,28세,경상,,,,
2018120600100076,2018년 12월 6일 06시,목요일,경상북도 영주시 하망동,경상사고,0,0,1,0,차대차 - 측면충돌,안전운전불이행,젖음/습기,비,교차로 - 교차로안,화물,남,27세,경상,화물,남,67세,상해없음
2018120600100077,2018년 12월 6일 06시,목요일,경상북도 구미시 해평면,사망사고,1,2,0,0,차대차 - 기타,안전운전불이행,젖음/습기,비,단일로 - 기타,화물,남,59세,중상,건설기계,남,58세,상해없음
2018120600100078,2018년 12월 6일 06시,목요일,경상북도 포항시 남구 동해면,경상사고,0,0,2,0,차대차 - 정면충돌,중앙선침범,젖음/습기,비,단일로 - 기타,승용,남,28세,경상,승용,남,30세,경상
2018120600100101,2018년 12월 6일 07시,목요일,경상북도 포항시 북구 우현동,경상사고,0,0,1,0,차대차 - 측면충돌,신호위반,젖음/습기,비,교차로 - 교차로안,승용,남,58세,상해없음,승용,남,36세,경상
2018120600100102,2018년 12월 6일 07시,목요일,경상북도 김천시 응명동,경상사고,0,0,2,0,차대차 - 측면충돌,교차로운행방법위반,젖음/습기,비,교차로 - 교차로안,승용,남,57세,경상,화물,남,25세,경상
2018120600100103,2018년 12월 6일 07시,목요일,경상북도 고령군 덕곡면,중상사고,0,1,0,0,차대사람 - 길가장자리구역통행중,안전운전불이행,젖음/습기,비,단일로 - 지하차도(도로)내,승용,여,32세,상해없음,보행자,남,56세,중상
2018120600100104,2018년 12월 6일 07시,목요일,경상북도 구미시 해평면,부상신고사고,0,0,0,1,차대사람 - 기타,안전운전불이행,건조,맑음,단일로 - 기타,기타불명,기타불명,미분류,기타불명,보행자,여,16세,부상신고
2018120600100130,2018년 12월 6일 08시,목요일,경상북도 경주시 안강읍,부상신고사고,0,0,0,2,차대차 - 측면충돌,중앙선침범,서리/결빙,비,교차로 - 교차로부근,화물,여,55세,부상신고,화물,남,45세,부상신고
2018120600100131,2018년 12월 6일 08시,목요일,경상북도 포항시 북구 장성동,중상사고,0,1,0,0,차대사람 - 횡단중,보행자보호의무위반,젖음/습기,비,단일로 - 기타,승용,여,43세,상해없음,보행자,여,14세,중상
2018120600100132,2018년 12월 6일 08시,목요일,경상북도 구미시 선산읍,경상사고,0,0,1,0,차대차 - 기타,안전운전불이행,건조,맑음,기타 - 기타,승용,여,44세,상해없음,자전거,남,10세,경상
2018120600100133,2018년 12월 6일 08시,목요일,경상북도 구미시 원평동,중상사고,0,1,1,0,차대차 - 기타,중앙선침범,젖음/습기,맑음,단일로 - 기타,승용,남,48세,경상,승용,여,26세,중상
2018120600100134,2018년 12월 6일 08시,목요일,경상북도 포항시 남구 해도동,경상사고,0,0,1,0,차대차 - 기타,안전운전불이행,건조,맑음,교차로 - 교차로안,화물,남,48세,상해없음,이륜,남,24세,경상
2018120600100180,2018년 12월 6일 09시,목요일,경상북도 영주시 하망동,경상사고,0,0,1,0,차대차 - 측면충돌,안전운전불이행,건조,맑음,교차로 - 교차로안,승용,여,42세,상해없음,승용,여,47세,경상
2018120600100181,2018년 12월 6일 09시,목요일,경상북도 영천시 조교동,경상사고,0,0,2,0,차대차 - 추돌,안전거리미확보,젖음/습기,비,단일로 - 기타,화물,남,58세,경상,승용,여,42세,경상
2018120600100182,2018년 12월 6일 09시,목요일,경상북도 영천시 야사동,경상사고,0,0,2,0,차대차 - 추돌,안전운전불이행,젖음/습기,흐림,단일로 - 기타,승용,남,74세,상해없음,승합,여,44세,경상
2018120600100214,2018년 12월 6일 10시,목요일,경상북도 상주시 서성동,중상사고,0,1,0,0,차대차 - 측면충돌,교차로운행방법위반,건조,맑음,교차로 - 교차로안,화물,남,60세,상해없음,이륜,남,65세,중상
2018120600100235,2018년 12월 6일 11시,목요일,경상북도 경주시 용강동,중상사고,0,1,0,0,차대차 - 측면충돌,안전운전불이행,건조,맑음,교차로 - 교차로안,화물,남,49세,상해없음,자전거,남,77세,중상
2018120600100236,2018년 12월 6일 11시,목요일,경상북도 구미시 공단동,경상사고,0,0,1,0,차대차 - 기타,안전운전불이행,건조,맑음,기타 - 기타,승용,남,54세,상해없음,승용,여,34세,경상
2018120600100237,2018년 12월 6일 11시,목요일,경상북도 포항시 남구 연일읍,경상사고,0,0,1,0,차대차 - 기타,안전거리미확보,건조,맑음,교차로 - 교차로부근,승용,남,48세,상해없음,특수,남,49세,경상
2018120600100266,2018년 12월 6일 12시,목요일,경상북도 경주시 건천읍,경상사고,0,0,1,0,차대차 - 측면충돌,안전운전불이행,건조,맑음,단일로 - 기타,승용,남,19세,상해없음,승용,여,52세,경상
2018120600100267,2018년 12월 6일 12시,목요일,경상북도 포항시 북구 흥해읍,경상사고,0,0,1,0,차대차 - 측면충돌,차로위반,건조,맑음,단일로 - 기타,승합,남,39세,상해없음,승용,남,40세,경상
2018120600100268,2018년 12월 6일 12시,목요일,경상북도 포항시 남구 해도동,중상사고,0,2,0,0,차대차 - 측면충돌,안전운전불이행,젖음/습기,비,단일로 - 기타,이륜,남,46세,중상,자전거,남,33세,중상
2018120600100297,2018년 12월 6일 13시,목요일,경상북도 안동시 대석동,경상사고,0,0,1,0,차대차 - 측면충돌,중앙선침범,건조,맑음,단일로 - 기타,이륜,남,79세,상해없음,승용,여,39세,경상
2018120600100298,2018년 12월 6일 13시,목요일,경상북도 영덕군 강구면,경상사고,0,0,1,0,차대차 - 후진중충돌,안전운전불이행,건조,맑음,단일로 - 기타,승용,남,79세,상해없음,자전거,남,63세,경상
2018120600100299,2018년 12월 6일 13시,목요일,경상북도 예천군 예천읍,중상사고,0,1,0,0,차대차 - 측면충돌,신호위반,건조,맑음,교차로 - 교차로안,승용,남,65세,상해없음,승용,여,37세,중상
2018120600100300,2018년 12월 6일 13시,목요일,경상북도 포항시 남구 연일읍,중상사고,0,1,0,0,차대차 - 추돌,안전운전불이행,건조,맑음,교차로 - 교차로부근,승용,남,45세,상해없음,농기계,남,67세,중상
2018120600100330,2018년 12월 6일 14시,목요일,경상북도 구미시 임은동,중상사고,0,1,0,0,차대차 - 기타,안전운전불이행,건조,맑음,단일로 - 기타,승용,여,31세,상해없음,이륜,남,25세,중상
2018120600100331,2018년 12월 6일 14시,목요일,경상북도 구미시 구포동,경상사고,0,0,1,0,차대차 - 추돌,안전운전불이행,건조,맑음,교차로 - 교차로안,승용,남,23세,상해없음,승용,여,45세,경상
2018120600100370,2018년 12월 6일 15시,목요일,경상북도 경주시 서면,중상사고,0,1,0,0,차대사람 - 길가장자리구역통행중,안전운전불이행,건조,맑음,교차로 - 교차로안,승용,여,56세,상해없음,보행자,여,79세,중상
2018120600100371,2018년 12월 6일 15시,목요일,경상북도 영천시 야사동,경상사고,0,0,1,0,차대사람 - 횡단중,안전운전불이행,건조,맑음,교차로 - 교차로안,화물,남,48세,상해없음,보행자,여,81세,경상
2018120600100372,2018년 12월 6일 15시,목요일,경상북도 영덕군 지품면,중상사고,0,1,0,0,차량단독 - 공작물충돌,안전운전불이행,건조,맑음,단일로 - 기타,화물,남,63세,중상,,,,
2018120600100405,2018년 12월 6일 16시,목요일,경상북도 구미시 선산읍,경상사고,0,0,1,0,차대사람 - 기타,안전운전불이행,건조,맑음,단일로 - 기타,승용,여,28세,상해없음,보행자,여,26세,경상
2018120600100406,2018년 12월 6일 16시,목요일,경상북도 포항시 남구 오천읍,경상사고,0,0,3,0,차대차 - 기타,교차로운행방법위반,건조,맑음,교차로 - 교차로안,승용,여,41세,경상,승용,여,40세,경상
2018120600100433,2018년 12월 6일 17시,목요일,경상북도 영주시 휴천동,경상사고,0,0,1,0,차대차 - 측면충돌,안전운전불이행,건조,맑음,단일로 - 기타,승용,남,51세,상해없음,자전거,남,12세,경상
2018120600100434,2018년 12월 6일 17시,목요일,경상북도 군위군 의흥면,경상사고,0,0,1,0,차대사람 - 기타,안전운전불이행,건조,맑음,교차로 - 교차로부근,승용,여,58세,상해없음,보행자,여,63세,경상
2018120600100435,2018년 12월 6일 17시,목요일,경상북도 구미시 산동면,경상사고,0,0,1,0,차대차 - 측면충돌,교차로운행방법위반,건조,맑음,교차로 - 교차로안,승용,남,36세,상해없음,승용,남,36세,경상
2018120600100491,2018년 12월 6일 18시,목요일,경상북도 영주시 풍기읍,중상사고,0,1,0,0,차대차 - 추돌,안전운전불이행,건조,맑음,단일로 - 기타,승용,남,60세,중상,건설기계,남,38세,상해없음
2018120600100492,2018년 12월 6일 18시,목요일,경상북도 청도군 이서면,중상사고,0,1,0,0,차대차 - 측면충돌,안전운전불이행,건조,맑음,교차로 - 교차로부근,승용,여,30세,상해없음,승용,여,56세,중상
2018120600100493,2018년 12월 6일 18시,목요일,경상북도 포항시 남구 상도동,중상사고,0,1,0,0,차대차 - 측면충돌,안전운전불이행,건조,맑음,단일로 - 기타,승용,남,46세,상해없음,이륜,남,23세,중상
2018120600100552,2018년 12월 6일 19시,목요일,경상북도 경주시 황성동,경상사고,0,0,1,0,차대차 - 측면충돌,안전운전불이행,건조,맑음,단일로 - 기타,이륜,남,56세,경상,승용,남,64세,상해없음
2018120600100553,2018년 12월 6일 19시,목요일,경상북도 포항시 북구 창포동,경상사고,0,0,1,0,차대차 - 기타,안전운전불이행,건조,맑음,단일로 - 기타,승용,남,39세,상해없음,원동기,남,21세,경상
2018120600100554,2018년 12월 6일 19시,목요일,경상북도 영천시 채신동,경상사고,0,0,3,0,차대차 - 측면충돌,안전운전불이행,건조,맑음,단일로 - 기타,승용,여,54세,상해없음,승합,남,57세,상해없음
2018120600100602,2018년 12월 6일 21시,목요일,경상북도 경주시 사정동,경상사고,0,0,1,0,차대차 - 측면충돌,안전운전불이행,건조,맑음,교차로 - 교차로안,승용,여,49세,상해없음,승용,남,29세,상해없음
2018120600100624,2018년 12월 6일 22시,목요일,경상북도 김천시 부곡동,중상사고,0,1,0,0,차대차 - 추돌,안전운전불이행,건조,맑음,단일로 - 기타,이륜,남,51세,중상,승용,남,55세,상해없음
2018120600100625,2018년 12월 6일 22시,목요일,경상북도 김천시 응명동,경상사고,0,0,3,0,차대차 - 측면충돌,안전운전불이행,건조,맑음,교차로 - 교차로안,승용,남,63세,상해없음,승용,남,42세,경상
2018120700100022,2018년 12월 7일 01시,금요일,경상북도 포항시 북구 죽도동,경상사고,0,0,2,0,차대차 - 측면충돌,안전운전불이행,건조,맑음,단일로 - 기타,승용,남,34세,상해없음,승용,남,50세,경상
2018120700100075,2018년 12월 7일 06시,금요일,경상북도 포항시 북구 죽도동,중상사고,0,1,0,0,차대사람 - 횡단중,안전운전불이행,건조,맑음,단일로 - 기타,승용,여,30세,상해없음,보행자,여,83세,중상
2018120700100076,2018년 12월 7일 06시,금요일,경상북도 포항시 남구 대도동,부상신고사고,0,0,0,1,차대차 - 측면충돌,안전운전불이행,건조,맑음,교차로 - 교차로부근,승용,남,69세,상해없음,승용,남,19세,부상신고
2018120700100101,2018년 12월 7일 07시,금요일,경상북도 안동시 수상동,경상사고,0,0,1,0,차대차 - 추돌,안전거리미확보,건조,맑음,단일로 - 기타,승용,남,50세,상해없음,화물,남,34세,경상
2018120700100137,2018년 12월 7일 08시,금요일,경상북도 구미시 진평동,경상사고,0,0,1,0,차대차 - 측면충돌,교차로운행방법위반,건조,맑음,교차로 - 교차로안,승용,남,23세,상해없음,승용,남,26세,경상
2018120700100177,2018년 12월 7일 09시,금요일,경상북도 안동시 태화동,경상사고,0,0,1,0,차대차 - 측면충돌,안전운전불이행,건조,맑음,교차로 - 교차로안,승용,남,73세,상해없음,자전거,남,22세,경상
2018120700100178,2018년 12월 7일 09시,금요일,경상북도 포항시 남구 장흥동,경상사고,0,0,1,0,차대차 - 정면충돌,중앙선침범,건조,맑음,교차로 - 교차로부근,승용,여,47세,기타불명,승용,남,67세,경상
2018120700100251,2018년 12월 7일 11시,금요일,경상북도 상주시 서문동,중상사고,0,1,2,0,차량단독 - 기타,안전운전불이행,건조,맑음,단일로 - 기타,승합,남,46세,상해없음,,,,
2018120700100252,2018년 12월 7일 11시,금요일,경상북도 구미시 장천면,경상사고,0,0,1,0,차대차 - 기타,중앙선침범,건조,맑음,교차로 - 교차로부근,이륜,남,89세,경상,승용,남,52세,상해없음
2018120700100312,2018년 12월 7일 13시,금요일,경상북도 포항시 북구 흥해읍,경상사고,0,0,2,0,차대차 - 추돌,안전거리미확보,건조,맑음,단일로 - 기타,건설기계,남,47세,상해없음,승용,여,45세,경상
2018120700100313,2018년 12월 7일 13시,금요일,경상북도 김천시 평화동,경상사고,0,0,1,0,차대차 - 측면충돌,안전운전불이행,건조,맑음,교차로 - 교차로횡단보도내,승용,여,57세,상해없음,자전거,남,78세,경상
2018120700100314,2018년 12월 7일 13시,금요일,경상북도 상주시 화개동,중상사고,0,1,0,0,차대차 - 측면충돌,교차로운행방법위반,건조,맑음,교차로 - 교차로안,승용,남,27세,상해없음,이륜,남,80세,중상
2018120700100315,2018년 12월 7일 13시,금요일,경상북도 구미시 고아읍,경상사고,0,0,1,0,차대사람 - 기타,안전운전불이행,건조,맑음,교차로 - 교차로안,승용,남,52세,상해없음,보행자,남,8세,경상
2018120700100353,2018년 12월 7일 14시,금요일,경상북도 포항시 북구 흥해읍,경상사고,0,0,1,0,차대차 - 정면충돌,안전운전불이행,건조,맑음,단일로 - 기타,자전거,여,81세,경상,승용,여,59세,상해없음
2018120700100354,2018년 12월 7일 14시,금요일,경상북도 영천시 완산동,경상사고,0,0,1,0,차대차 - 측면충돌,안전운전불이행,건조,맑음,교차로 - 교차로안,승합,남,81세,상해없음,화물,남,40세,경상
2018120700100380,2018년 12월 7일 15시,금요일,경상북도 구미시 황상동,경상사고,0,0,1,0,차대차 - 추돌,안전운전불이행,건조,맑음,단일로 - 기타,이륜,남,70세,경상,승용,여,44세,상해없음
2018120700100423,2018년 12월 7일 16시,금요일,경상북도 경주시 황성동,경상사고,0,0,3,0,차대차 - 측면충돌,안전운전불이행,건조,맑음,교차로 - 교차로안,승용,여,28세,기타불명,승용,여,30세,경상
2018120700100424,2018년 12월 7일 16시,금요일,경상북도 경산시 진량읍,경상사고,0,0,1,0,차대차 - 기타,안전운전불이행,건조,맑음,교차로 - 교차로부근,승용,남,76세,상해없음,승용,여,37세,경상
2018120700100425,2018년 12월 7일 16시,금요일,경상북도 구미시 원평동,중상사고,0,1,0,0,차대차 - 측면충돌,안전운전불이행,건조,맑음,단일로 - 기타,승용,남,47세,중상,승용,여,49세,상해없음
2018120700100426,2018년 12월 7일 16시,금요일,경상북도 구미시 원평동,경상사고,0,0,1,0,차대차 - 추돌,안전운전불이행,건조,맑음,주차장 - 주차장,승용,여,72세,상해없음,승용,여,44세,경상
2018120700100486,2018년 12월 7일 17시,금요일,경상북도 포항시 북구 흥해읍,경상사고,0,0,1,0,차대차 - 추돌,안전운전불이행,건조,맑음,교차로 - 교차로안,승용,남,51세,상해없음,승용,여,49세,경상
2018120700100487,2018년 12월 7일 17시,금요일,경상북도 상주시 성동동,경상사고,0,0,1,0,차량단독 - 전도전복 - 전도,안전운전불이행,건조,맑음,교차로 - 교차로부근,자전거,여,70세,경상,미분류,미분류,미분류,미분류
2018120700100488,2018년 12월 7일 17시,금요일,경상북도 칠곡군 왜관읍,경상사고,0,0,3,1,차대차 - 측면충돌,안전거리미확보,건조,맑음,교차로 - 교차로안,승용,여,45세,부상신고,승용,여,45세,경상
2018120700100489,2018년 12월 7일 17시,금요일,경상북도 청도군 청도읍,중상사고,0,1,0,0,차대사람 - 기타,안전운전불이행,건조,맑음,기타 - 기타,승용,남,81세,상해없음,보행자,여,74세,중상
2018120700100534,2018년 12월 7일 18시,금요일,경상북도 예천군 예천읍,중상사고,0,1,0,0,차대사람 - 횡단중,안전운전불이행,건조,흐림,교차로 - 교차로안,승용,남,51세,상해없음,보행자,남,28세,중상
2018120700100535,2018년 12월 7일 18시,금요일,경상북도 포항시 남구 청림동,경상사고,0,0,1,0,차대차 - 추돌,안전운전불이행,건조,맑음,단일로 - 교량,승용,여,34세,상해없음,승용,남,30세,경상
2018120700100606,2018년 12월 7일 20시,금요일,경상북도 구미시 인의동,부상신고사고,0,0,0,1,차대차 - 기타,안전운전불이행,건조,맑음,단일로 - 기타,이륜,여,41세,부상신고,자전거,남,12세,상해없음
2018120700100644,2018년 12월 7일 21시,금요일,경상북도 포항시 북구 신흥동,경상사고,0,0,1,0,차대차 - 측면충돌,안전운전불이행,건조,맑음,교차로 - 교차로안,승용,남,50세,상해없음,승용,남,60세,경상
2018120700100645,2018년 12월 7일 21시,금요일,경상북도 성주군 선남면,경상사고,0,0,1,0,차대차 - 측면충돌,안전운전불이행,건조,맑음,기타 - 기타,승용,남,34세,상해없음,화물,남,49세,경상
2018120700100646,2018년 12월 7일 21시,금요일,경상북도 구미시 진평동,경상사고,0,0,1,0,차대차 - 측면충돌,직진우회전진행방해,건조,맑음,교차로 - 교차로안,이륜,남,17세,경상,화물,여,47세,상해없음
2018120700100647,2018년 12월 7일 21시,금요일,경상북도 구미시 지산동,경상사고,0,0,3,0,차대차 - 기타,안전운전불이행,건조,맑음,교차로 - 교차로부근,승용,남,51세,상해없음,승용,남,55세,상해없음
2018120700100684,2018년 12월 7일 22시,금요일,경상북도 포항시 북구 상원동,경상사고,0,0,1,0,차대차 - 측면충돌,안전운전불이행,건조,맑음,단일로 - 기타,승용,남,68세,상해없음,승용,남,47세,경상
2018120700100685,2018년 12월 7일 22시,금요일,경상북도 경산시 하양읍,경상사고,0,0,2,0,차대차 - 추돌,안전운전불이행,건조,맑음,단일로 - 기타,승용,남,52세,상해없음,승용,남,29세,경상
2018120700100707,2018년 12월 7일 23시,금요일,경상북도 포항시 남구 대도동,경상사고,0,0,1,0,차량단독 - 기타,안전운전불이행,건조,맑음,교차로 - 교차로부근,승용,남,45세,상해없음,,,,
2018120800100035,2018년 12월 8일 01시,토요일,경상북도 구미시 황상동,부상신고사고,0,0,0,1,차대차 - 추돌,안전운전불이행,건조,맑음,교차로 - 교차로부근,승용,남,26세,상해없음,이륜,남,24세,부상신고
2018120800100036,2018년 12월 8일 01시,토요일,경상북도 성주군 용암면,중상사고,0,1,0,0,차대차 - 기타,안전운전불이행,건조,맑음,단일로 - 기타,화물,남,29세,상해없음,화물,남,56세,중상