사고번호,사고일시,요일,시군구,사고내용,사망자수,중상자수,경상자수,부상신고자수,사고유형,법규위반,노면상태,기상상태,도로형태,가해운전자 차종,가해운전자 성별,가해운전자 연령,가해운전자 상해정도,피해운전자 차종,피해운전자 성별,피해운전자 연령,피해운전자 상해정도
2018120800100124,2018년 12월 8일 08시,토요일,경상북도 영주시 가흥동,중상사고,0,1,0,0,차대사람 - 기타,안전운전불이행,건조,맑음,기타 - 기타,건설기계,남,53세,상해없음,보행자,남,67세,중상
2018120800100125,2018년 12월 8일 08시,토요일,경상북도 경산시 백천동,중상사고,0,1,0,0,차대차 - 측면충돌,교차로운행방법위반,건조,맑음,교차로 - 교차로안,승용,여,46세,상해없음,승용,남,28세,중상
2018120800100126,2018년 12월 8일 08시,토요일,경상북도 포항시 남구 송내동,경상사고,0,0,1,0,차대차 - 기타,안전거리미확보,건조,맑음,단일로 - 기타,승용,남,68세,상해없음,이륜,남,25세,경상
2018120800100151,2018년 12월 8일 09시,토요일,경상북도 칠곡군 왜관읍,경상사고,0,0,1,0,차량단독 - 공작물충돌,안전운전불이행,건조,맑음,단일로 - 기타,승용,여,54세,경상,,,,
2018120800100152,2018년 12월 8일 09시,토요일,경상북도 영천시 야사동,경상사고,0,0,3,0,차대차 - 측면충돌,교차로운행방법위반,건조,맑음,교차로 - 교차로안,화물,남,49세,경상,승용,남,40세,경상
2018120800100153,2018년 12월 8일 09시,토요일,경상북도 포항시 남구 연일읍,경상사고,0,0,1,0,차대사람 - 길가장자리구역통행중,안전운전불이행,건조,맑음,단일로 - 기타,승용,남,55세,상해없음,보행자,여,32세,경상
2018120800100180,2018년 12월 8일 10시,토요일,경상북도 김천시 농소면,경상사고,0,0,1,0,차대차 - 측면충돌,신호위반,건조,맑음,교차로 - 교차로안,승용,여,59세,상해없음,승용,여,61세,경상
2018120800100181,2018년 12월 8일 10시,토요일,경상북도 포항시 남구 대송면,경상사고,0,0,2,0,차대차 - 기타,신호위반,건조,맑음,교차로 - 교차로안,승용,남,23세,상해없음,승용,남,42세,경상
2018120800100207,2018년 12월 8일 11시,토요일,경상북도 포항시 남구 지곡동,경상사고,0,0,1,0,차대차 - 기타,직진우회전진행방해,건조,맑음,교차로 - 교차로안,승용,남,42세,상해없음,승용,남,67세,경상
2018120800100235,2018년 12월 8일 12시,토요일,경상북도 경주시 성건동,중상사고,0,1,0,0,차대차 - 측면충돌,중앙선침범,건조,맑음,단일로 - 기타,화물,남,60세,상해없음,승용,남,25세,중상
2018120800100236,2018년 12월 8일 12시,토요일,경상북도 김천시 감호동,중상사고,0,1,0,0,차대차 - 측면충돌,교차로운행방법위반,기타,맑음,교차로 - 교차로안,승용,남,63세,상해없음,이륜,여,59세,중상
2018120800100237,2018년 12월 8일 12시,토요일,경상북도 상주시 남성동,경상사고,0,0,1,0,차대사람 - 길가장자리구역통행중,안전운전불이행,건조,맑음,단일로 - 기타,승용,남,68세,상해없음,보행자,여,25세,경상
2018120800100264,2018년 12월 8일 13시,토요일,경상북도 칠곡군 동명면,경상사고,0,0,1,0,차대차 - 측면충돌,안전운전불이행,건조,맑음,단일로 - 기타,승용,남,59세,상해없음,승용,여,28세,경상
2018120800100296,2018년 12월 8일 14시,토요일,경상북도 칠곡군 지천면,경상사고,0,0,1,0,차대차 - 측면충돌,안전운전불이행,건조,맑음,단일로 - 기타,승용,남,35세,상해없음,승용,남,36세,경상
2018120800100329,2018년 12월 8일 15시,토요일,경상북도 경주시 서악동,경상사고,0,0,3,0,차대차 - 측면충돌,신호위반,건조,맑음,교차로 - 교차로안,이륜,남,34세,상해없음,승용,남,43세,경상
2018120800100330,2018년 12월 8일 15시,토요일,경상북도 경주시 황성동,경상사고,0,0,2,0,차대차 - 측면충돌,안전운전불이행,건조,맑음,교차로 - 교차로안,승용,여,47세,상해없음,승용,여,58세,경상
2018120800100331,2018년 12월 8일 15시,토요일,경상북도 상주시 남성동,중상사고,0,1,0,0,차대차 - 측면충돌,안전운전불이행,건조,맑음,단일로 - 기타,승용,여,37세,상해없음,이륜,남,21세,중상
2018120800100332,2018년 12월 8일 15시,토요일,경상북도 의성군 단촌면,경상사고,0,0,1,0,차대차 - 측면충돌,중앙선침범,건조,맑음,단일로 - 기타,승용,여,51세,상해없음,화물,남,63세,경상
2018120800100370,2018년 12월 8일 16시,토요일,경상북도 영주시 휴천동,중상사고,0,1,0,0,차대사람 - 보도통행중,보행자보호의무위반,건조,맑음,단일로 - 기타,승용,여,49세,상해없음,보행자,남,41세,중상
2018120800100371,2018년 12월 8일 16시,토요일,경상북도 구미시 송정동,중상사고,0,1,0,0,차대차 - 기타,교차로운행방법위반,건조,맑음,교차로 - 교차로안,승용,여,28세,상해없음,이륜,남,50세,중상
2018120800100407,2018년 12월 8일 17시,토요일,경상북도 영천시 금호읍,중상사고,0,1,0,0,차대차 - 측면충돌,안전운전불이행,건조,맑음,단일로 - 기타,승용,남,74세,상해없음,자전거,여,50세,중상
2018120800100408,2018년 12월 8일 17시,토요일,경상북도 성주군 금수면,중상사고,0,1,0,0,차량단독 - 기타,안전운전불이행,건조,맑음,단일로 - 기타,승용,여,58세,상해없음,,,,
2018120800100409,2018년 12월 8일 17시,토요일,경상북도 구미시 신평동,경상사고,0,0,1,0,차대차 - 기타,안전운전불이행,건조,맑음,단일로 - 기타,승용,여,53세,상해없음,이륜,남,51세,경상
2018120800100410,2018년 12월 8일 17시,토요일,경상북도 포항시 남구 구룡포읍,경상사고,0,0,1,0,차량단독 - 공작물충돌,안전거리미확보,건조,흐림,단일로 - 기타,승용,남,22세,경상,,,,
2018120800100449,2018년 12월 8일 18시,토요일,경상북도 포항시 북구 흥해읍,중상사고,0,1,0,0,차대사람 - 기타,안전운전불이행,건조,맑음,교차로 - 교차로부근,승용,남,40세,상해없음,보행자,여,70세,중상
2018120800100450,2018년 12월 8일 18시,토요일,경상북도 안동시 운흥동,경상사고,0,0,1,0,차대차 - 후진중충돌,안전운전불이행,건조,맑음,교차로 - 교차로부근,승용,남,65세,상해없음,승용,남,37세,경상
2018120800100451,2018년 12월 8일 18시,토요일,경상북도 칠곡군 가산면,경상사고,0,0,1,0,차대차 - 추돌,안전운전불이행,건조,맑음,단일로 - 기타,승용,남,30세,경상,건설기계,남,59세,상해없음
2018120800100452,2018년 12월 8일 18시,토요일,경상북도 포항시 남구 오천읍,경상사고,0,0,1,0,차대차 - 측면충돌,안전운전불이행,건조,맑음,교차로 - 교차로부근,승용,여,29세,상해없음,이륜,남,38세,경상
2018120800100497,2018년 12월 8일 19시,토요일,경상북도 칠곡군 석적읍,중상사고,0,2,0,1,차대사람 - 보도통행중,보행자보호의무위반,젖음/습기,흐림,교차로 - 교차로횡단보도내,이륜,남,50세,부상신고,보행자,여,39세,중상
2018120800100498,2018년 12월 8일 19시,토요일,경상북도 구미시 옥계동,경상사고,0,0,3,0,차대차 - 측면충돌,중앙선침범,건조,맑음,교차로 - 교차로부근,승용,남,40세,상해없음,승용,남,33세,경상
2018120800100530,2018년 12월 8일 20시,토요일,경상북도 경산시 중산동,경상사고,0,0,1,0,차대차 - 측면충돌,교차로운행방법위반,건조,맑음,교차로 - 교차로안,승용,남,42세,상해없음,승용,남,40세,경상
2018120800100531,2018년 12월 8일 20시,토요일,경상북도 구미시 봉곡동,경상사고,0,0,1,0,차대차 - 측면충돌,교차로운행방법위반,건조,맑음,교차로 - 교차로안,승용,남,45세,상해없음,승용,여,50세,경상
2018120800100532,2018년 12월 8일 20시,토요일,경상북도 구미시 도량동,중상사고,0,1,0,0,차대차 - 기타,기타,건조,맑음,단일로 - 기타,승용,남,24세,상해없음,승용,여,56세,상해없음
2018120800100572,2018년 12월 8일 21시,토요일,경상북도 상주시 함창읍,경상사고,0,0,2,0,차대차 - 추돌,안전운전불이행,건조,맑음,교차로 - 교차로부근,화물,남,50세,경상,승용,남,34세,경상
2018120800100573,2018년 12월 8일 21시,토요일,경상북도 칠곡군 북삼읍,중상사고,0,3,0,0,차대차 - 추돌,안전운전불이행,건조,맑음,교차로 - 교차로안,승용,남,49세,중상,승용,남,50세,중상
2018120800100574,2018년 12월 8일 21시,토요일,경상북도 경산시 중방동,중상사고,0,1,1,0,차대차 - 측면충돌,차로위반,건조,맑음,교차로 - 교차로부근,이륜,남,53세,중상,승용,남,30세,경상
2018120800100593,2018년 12월 8일 22시,토요일,경상북도 포항시 북구 용흥동,중상사고,0,1,0,0,차대차 - 기타,신호위반,건조,맑음,교차로 - 교차로안,이륜,남,61세,중상,화물,여,42세,상해없음
2018120900100008,2018년 12월 9일 00시,일요일,경상북도 포항시 남구 해도동,경상사고,0,0,1,0,차대차 - 추돌,안전운전불이행,건조,맑음,교차로 - 교차로부근,승용,남,55세,상해없음,승용,남,27세,경상
2018120900100020,2018년 12월 9일 01시,일요일,경상북도 안동시 옥동,중상사고,0,1,1,0,차대차 - 정면충돌,안전운전불이행,건조,맑음,단일로 - 기타,승용,남,22세,상해없음,이륜,남,18세,중상
2018120900100021,2018년 12월 9일 01시,일요일,경상북도 칠곡군 석적읍,경상사고,0,0,1,0,차대차 - 추돌,안전운전불이행,건조,맑음,단일로 - 기타,승용,남,49세,상해없음,승용,남,30세,경상
2018120900100056,2018년 12월 9일 05시,일요일,경상북도 예천군 예천읍,경상사고,0,0,2,0,차량단독 - 전도전복 - 전복,안전운전불이행,건조,맑음,단일로 - 기타,승용,남,23세,경상,미분류,미분류,미분류,미분류
2018120900100077,2018년 12월 9일 08시,일요일,경상북도 영천시 화남면,중상사고,0,1,0,0,차대차 - 측면충돌,교차로운행방법위반,건조,맑음,교차로 - 교차로안,승용,남,53세,상해없음,승용,남,57세,중상
2018120900100088,2018년 12월 9일 09시,일요일,경상북도 경산시 진량읍,경상사고,0,0,2,0,차대차 - 측면충돌,중앙선침범,건조,맑음,단일로 - 기타,승용,남,41세,상해없음,화물,남,60세,경상
2018120900100106,2018년 12월 9일 10시,일요일,경상북도 경주시 동천동,중상사고,0,1,0,0,차대차 - 측면충돌,안전운전불이행,건조,맑음,교차로 - 교차로안,승용,남,60세,기타불명,승용,여,22세,중상
2018120900100133,2018년 12월 9일 12시,일요일,경상북도 칠곡군 북삼읍,경상사고,0,0,1,0,차대차 - 측면충돌,교차로운행방법위반,건조,맑음,교차로 - 교차로안,화물,남,25세,상해없음,원동기,남,35세,경상
2018120900100180,2018년 12월 9일 14시,일요일,경상북도 경주시 양남면,경상사고,0,0,1,0,차대차 - 측면충돌,안전운전불이행,건조,맑음,단일로 - 기타,승용,남,66세,상해없음,이륜,남,51세,경상
2018120900100181,2018년 12월 9일 14시,일요일,경상북도 안동시 용상동,부상신고사고,0,0,0,1,차대차 - 측면충돌,안전운전불이행,건조,맑음,단일로 - 기타,자전거,여,68세,부상신고,승용,남,74세,상해없음
2018120900100182,2018년 12월 9일 14시,일요일,경상북도 상주시 화북면,중상사고,0,1,0,0,차량단독 - 공작물충돌,안전운전불이행,건조,맑음,단일로 - 기타,승용,여,46세,중상,,,,
2018120900100208,2018년 12월 9일 15시,일요일,경상북도 경주시 안강읍,경상사고,0,0,1,0,차대사람 - 차도통행중,안전운전불이행,건조,맑음,단일로 - 기타,승용,남,67세,상해없음,보행자,남,46세,경상
2018120900100209,2018년 12월 9일 15시,일요일,경상북도 포항시 북구 장성동,중상사고,0,1,0,0,차대차 - 측면충돌,중앙선침범,건조,맑음,단일로 - 기타,승용,남,70세,상해없음,승용,남,27세,중상
2018120900100210,2018년 12월 9일 15시,일요일,경상북도 포항시 북구 죽도동,경상사고,0,0,2,0,차대차 - 측면충돌,직진우회전진행방해,건조,맑음,교차로 - 교차로안,승용,여,27세,상해없음,승용,남,44세,경상
2018120900100211,2018년 12월 9일 15시,일요일,경상북도 울진군 후포면,경상사고,0,0,1,0,차대차 - 추돌,안전운전불이행,건조,맑음,주차장 - 주차장,화물,여,57세,상해없음,승용,남,31세,경상
2018120900100231,2018년 12월 9일 16시,일요일,경상북도 포항시 북구 흥해읍,경상사고,0,0,3,0,차대차 - 측면충돌,안전운전불이행,건조,맑음,단일로 - 기타,승용,여,29세,상해없음,승용,남,66세,상해없음
2018120900100232,2018년 12월 9일 16시,일요일,경상북도 경산시 중산동,경상사고,0,0,2,0,차대차 - 기타,안전운전불이행,건조,맑음,교차로 - 교차로안,승용,남,40세,상해없음,승용,남,62세,경상
2018120900100250,2018년 12월 9일 17시,일요일,경상북도 울진군 후포면,경상사고,0,0,2,0,차대차 - 기타,기타,건조,맑음,단일로 - 기타,승용,남,70세,상해없음,승용,남,29세,경상
2018120900100288,2018년 12월 9일 18시,일요일,경상북도 경주시 황성동,경상사고,0,0,6,0,차대차 - 추돌,안전운전불이행,건조,맑음,교차로 - 교차로부근,승용,남,28세,상해없음,승용,남,64세,경상
2018120900100289,2018년 12월 9일 18시,일요일,경상북도 안동시 일직면,경상사고,0,0,3,0,차대차 - 측면충돌,신호위반,건조,맑음,교차로 - 교차로안,승용,여,49세,경상,승용,남,49세,경상
2018120900100290,2018년 12월 9일 18시,일요일,경상북도 영주시 풍기읍,경상사고,0,0,1,0,차대사람 - 횡단중,중앙선침범,건조,맑음,단일로 - 기타,화물,남,59세,상해없음,보행자,여,55세,경상
2018120900100291,2018년 12월 9일 18시,일요일,경상북도 경산시 진량읍,경상사고,0,0,1,0,차대차 - 측면충돌,안전운전불이행,건조,맑음,단일로 - 기타,승용,여,25세,상해없음,이륜,남,45세,경상
2018120900100325,2018년 12월 9일 19시,일요일,경상북도 안동시 북후면,경상사고,0,0,1,0,차대차 - 추돌,안전운전불이행,건조,맑음,단일로 - 기타,승용,남,64세,경상,화물,남,49세,기타불명
2018120900100326,2018년 12월 9일 19시,일요일,경상북도 상주시 무양동,경상사고,0,0,4,0,차대차 - 측면충돌,안전운전불이행,건조,맑음,교차로 - 교차로안,승용,남,70세,상해없음,승용,여,28세,경상
2018120900100327,2018년 12월 9일 19시,일요일,경상북도 군위군 군위읍,사망사고,1,0,0,0,차대사람 - 차도통행중,안전운전불이행,건조,맑음,단일로 - 기타,승용,여,47세,상해없음,보행자,남,66세,사망
2018120900100352,2018년 12월 9일 20시,일요일,경상북도 청도군 풍각면,경상사고,0,0,1,0,차대차 - 추돌,안전운전불이행,건조,맑음,기타 - 기타,화물,남,54세,상해없음,화물,남,54세,경상
2018120900100375,2018년 12월 9일 21시,일요일,경상북도 상주시 낙동면,중상사고,0,1,0,0,차대차 - 측면충돌,안전운전불이행,건조,맑음,단일로 - 기타,승용,남,36세,상해없음,화물,남,58세,기타불명
2018121000100009,2018년 12월 10일 00시,월요일,경상북도 포항시 북구 죽도동,경상사고,0,0,1,0,차대차 - 측면충돌,신호위반,건조,맑음,교차로 - 교차로안,승용,여,58세,상해없음,승용,남,46세,경상
2018121000100020,2018년 12월 10일 04시,월요일,경상북도 영천시 임고면,사망사고,1,0,0,0,차량단독 - 전도전복 - 전복,안전운전불이행,건조,맑음,교차로 - 교차로부근,화물,남,55세,사망,미분류,미분류,미분류,미분류
2018121000100024,2018년 12월 10일 05시,월요일,경상북도 영천시 화남면,경상사고,0,0,1,0,차대차 - 추돌,안전운전불이행,건조,맑음,단일로 - 기타,승용,남,40세,상해없음,건설기계,남,37세,경상
2018121000100036,2018년 12월 10일 06시,월요일,경상북도 경주시 외동읍,경상사고,0,0,4,0,차대차 - 정면충돌,중앙선침범,건조,맑음,단일로 - 기타,승용,남,49세,상해없음,승합,남,54세,상해없음
2018121000100057,2018년 12월 10일 07시,월요일,경상북도 경주시 감포읍,경상사고,0,0,1,0,차대사람 - 횡단중,안전운전불이행,건조,맑음,교차로 - 교차로부근,화물,남,55세,상해없음,보행자,남,52세,경상
2018121000100086,2018년 12월 10일 08시,월요일,경상북도 포항시 북구 죽도동,사망사고,1,0,0,0,차대차 - 측면충돌,안전운전불이행,건조,맑음,교차로 - 교차로안,승용,남,77세,상해없음,자전거,남,74세,사망
2018121000100088,2018년 12월 10일 08시,월요일,경상북도 안동시 용상동,경상사고,0,0,2,0,차대차 - 정면충돌,안전운전불이행,건조,맑음,단일로 - 기타,특수,남,27세,상해없음,승용,여,43세,경상
2018121000100089,2018년 12월 10일 08시,월요일,경상북도 성주군 성주읍,경상사고,0,0,1,0,차대차 - 기타,안전운전불이행,건조,맑음,교차로 - 교차로부근,승합,남,76세,상해없음,자전거,남,13세,경상
2018121000100090,2018년 12월 10일 08시,월요일,경상북도 구미시 선산읍,중상사고,0,1,0,0,차대차 - 추돌,안전운전불이행,건조,맑음,단일로 - 기타,화물,남,41세,중상,승합,남,63세,상해없음
2018121000100122,2018년 12월 10일 09시,월요일,경상북도 경주시 외동읍,경상사고,0,0,1,0,차대차 - 측면충돌,신호위반,건조,맑음,교차로 - 교차로안,승용,남,67세,상해없음,승용,여,65세,경상
2018121000100123,2018년 12월 10일 09시,월요일,경상북도 경주시 황성동,중상사고,0,1,0,0,차대차 - 측면충돌,신호위반,건조,맑음,교차로 - 교차로안,승용,여,48세,상해없음,승용,여,61세,중상
2018121000100124,2018년 12월 10일 09시,월요일,경상북도 경주시 현곡면,중상사고,0,1,0,0,차량단독 - 도로외이탈 - 추락,안전운전불이행,건조,맑음,교차로 - 교차로부근,화물,남,63세,중상,,,,
2018121000100125,2018년 12월 10일 09시,월요일,경상북도 영덕군 영덕읍,중상사고,0,2,0,1,차대차 - 추돌,안전거리미확보,건조,맑음,단일로 - 기타,승용,여,32세,부상신고,승용,여,58세,중상
2018121000100126,2018년 12월 10일 09시,월요일,경상북도 고령군 덕곡면,경상사고,0,0,1,0,차대차 - 추돌,안전운전불이행,건조,맑음,단일로 - 기타,승용,남,70세,경상,농기계,남,49세,기타불명
2018121000100127,2018년 12월 10일 09시,월요일,경상북도 구미시 선산읍,중상사고,0,1,0,0,차대사람 - 기타,안전운전불이행,건조,맑음,단일로 - 기타,화물,남,52세,상해없음,보행자,남,33세,중상
2018121000100169,2018년 12월 10일 10시,월요일,경상북도 경산시 자인면,경상사고,0,0,1,0,차대사람 - 기타,안전운전불이행,건조,맑음,단일로 - 기타,승용,남,49세,상해없음,보행자,남,41세,경상
2018121000100170,2018년 12월 10일 10시,월요일,경상북도 경산시 옥산동,중상사고,0,1,0,0,차대사람 - 길가장자리구역통행중,안전운전불이행,건조,맑음,교차로 - 교차로안,승용,여,41세,상해없음,보행자,남,78세,중상
2018121000100233,2018년 12월 10일 12시,월요일,경상북도 안동시 풍천면,경상사고,0,0,2,0,차대차 - 측면충돌,안전운전불이행,건조,맑음,교차로 - 교차로안,화물,남,62세,상해없음,농기계,남,81세,경상
2018121000100234,2018년 12월 10일 12시,월요일,경상북도 군위군 군위읍,경상사고,0,0,2,0,차대차 - 추돌,안전운전불이행,건조,맑음,단일로 - 기타,화물,여,75세,경상,화물,남,75세,경상
2018121000100297,2018년 12월 10일 14시,월요일,경상북도 경주시 산내면,경상사고,0,0,1,0,차대차 - 측면충돌,안전운전불이행,건조,맑음,단일로 - 기타,승용,남,63세,기타불명,승용,여,33세,경상
2018121000100298,2018년 12월 10일 14시,월요일,경상북도 경주시 외동읍,중상사고,0,1,0,0,차대차 - 측면충돌,안전운전불이행,건조,맑음,교차로 - 교차로부근,화물,남,61세,상해없음,건설기계,남,63세,중상
2018121000100299,2018년 12월 10일 14시,월요일,경상북도 구미시 구평동,경상사고,0,0,1,0,차대차 - 기타,신호위반,건조,맑음,교차로 - 교차로안,승용,여,49세,상해없음,승용,여,57세,경상
2018121000100300,2018년 12월 10일 14시,월요일,경상북도 포항시 남구 연일읍,경상사고,0,0,3,0,차대차 - 측면충돌,안전운전불이행,건조,맑음,교차로 - 교차로안,승용,여,61세,경상,화물,남,34세,경상
2018121000100335,2018년 12월 10일 15시,월요일,경상북도 영천시 화남면,중상사고,0,1,0,0,차대차 - 측면충돌,중앙선침범,건조,맑음,단일로 - 기타,화물,남,68세,상해없음,승용,여,66세,중상
2018121000100336,2018년 12월 10일 15시,월요일,경상북도 구미시 광평동,사망사고,1,0,0,0,차량단독 - 공작물충돌,안전운전불이행,건조,맑음,단일로 - 기타,승용,남,38세,상해없음,,,,
2018121000100368,2018년 12월 10일 16시,월요일,경상북도 의성군 단촌면,중상사고,0,1,0,0,차대차 - 기타,교차로운행방법위반,건조,맑음,교차로 - 교차로안,특수,남,50세,상해없음,승용,남,31세,중상
2018121000100407,2018년 12월 10일 17시,월요일,경상북도 김천시 덕곡동,중상사고,0,1,0,0,차대사람 - 차도통행중,안전운전불이행,건조,맑음,주차장 - 주차장,화물,여,51세,상해없음,보행자,여,73세,중상
2018121000100408,2018년 12월 10일 17시,월요일,경상북도 김천시 아포읍,중상사고,0,1,0,0,차대차 - 측면충돌,교차로운행방법위반,건조,맑음,교차로 - 교차로안,승용,여,64세,상해없음,이륜,남,90세 이상,중상
2018121000100409,2018년 12월 10일 17시,월요일,경상북도 영천시 금호읍,중상사고,0,1,0,0,차대사람 - 차도통행중,안전운전불이행,건조,맑음,단일로 - 기타,승용,여,45세,상해없음,보행자,여,81세,중상
2018121000100465,2018년 12월 10일 18시,월요일,경상북도 안동시 송현동,경상사고,0,0,3,0,차대차 - 측면충돌,안전운전불이행,건조,맑음,단일로 - 기타,승용,여,32세,경상,승용,남,62세,경상
2018121000100466,2018년 12월 10일 18시,월요일,경상북도 안동시 동문동,중상사고,0,1,0,0,차량단독 - 공작물충돌,안전운전불이행,건조,맑음,단일로 - 기타,자전거,남,79세,중상,,,,
2018121000100467,2018년 12월 10일 18시,월요일,경상북도 안동시 옥동,경상사고,0,0,2,0,차대차 - 측면충돌,교차로운행방법위반,건조,맑음,교차로 - 교차로안,승용,남,54세,경상,승용,남,31세,경상
2018121000100468,2018년 12월 10일 18시,월요일,경상북도 의성군 안계면,경상사고,0,0,2,0,차대차 - 측면충돌,안전운전불이행,건조,맑음,교차로 - 교차로부근,승용,여,55세,상해없음,승용,여,45세,경상
2018121000100469,2018년 12월 10일 18시,월요일,경상북도 칠곡군 동명면,경상사고,0,0,1,0,차대차 - 측면충돌,안전운전불이행,건조,맑음,교차로 - 교차로안,승용,남,59세,상해없음,승용,남,31세,경상
2018121000100470,2018년 12월 10일 18시,월요일,경상북도 영천시 완산동,경상사고,0,0,1,0,차대차 - 측면충돌,안전운전불이행,건조,맑음,교차로 - 교차로횡단보도내,자전거,남,28세,경상,기타불명,기타불명,미분류,기타불명
2018121000100471,2018년 12월 10일 18시,월요일,경상북도 구미시 고아읍,중상사고,0,1,0,0,차대차 - 측면충돌,신호위반,건조,맑음,교차로 - 교차로안,승용,남,38세,상해없음,농기계,남,73세,중상
2018121000100514,2018년 12월 10일 19시,월요일,경상북도 포항시 남구 송도동,사망사고,1,0,0,0,차대사람 - 횡단중,과속,건조,맑음,교차로 - 교차로횡단보도내,승용,남,35세,상해없음,보행자,여,66세,사망
2018121000100545,2018년 12월 10일 20시,월요일,경상북도 포항시 북구 용흥동,경상사고,0,0,1,0,차대사람 - 길가장자리구역통행중,안전운전불이행,건조,맑음,교차로 - 교차로안,승용,여,59세,상해없음,보행자,여,16세,경상
2018121000100546,2018년 12월 10일 20시,월요일,경상북도 영주시 문정동,중상사고,0,1,1,0,차대차 - 측면충돌,안전운전불이행,건조,맑음,단일로 - 기타,승용,남,45세,상해없음,승용,여,25세,중상
2018121000100547,2018년 12월 10일 20시,월요일,경상북도 경산시 진량읍,중상사고,0,2,0,0,차대차 - 추돌,안전운전불이행,건조,맑음,단일로 - 기타,승용,남,56세,상해없음,승용,여,49세,중상
2018121000100548,2018년 12월 10일 20시,월요일,경상북도 구미시 인의동,경상사고,0,0,2,0,차대차 - 정면충돌,안전운전불이행,건조,맑음,단일로 - 기타,승용,남,39세,상해없음,승용,남,30세,경상
2018121000100549,2018년 12월 10일 20시,월요일,경상북도 포항시 남구 오천읍,경상사고,0,0,1,0,차대차 - 후진중충돌,안전운전불이행,건조,맑음,단일로 - 기타,승합,남,40세,상해없음,승용,남,39세,경상
2018121000100566,2018년 12월 10일 21시,월요일,경상북도 구미시 공단동,중상사고,0,1,1,0,차대차 - 기타,안전운전불이행,건조,맑음,교차로 - 교차로안,승용,남,60세,상해없음,화물,남,48세,중상
2018121000100593,2018년 12월 10일 22시,월요일,경상북도 경주시 배반동,중상사고,0,1,1,0,차량단독 - 공작물충돌,안전운전불이행,건조,맑음,단일로 - 지하차도(도로)내,승용,남,25세,기타불명,,,,
2018121000100594,2018년 12월 10일 22시,월요일,경상북도 영주시 가흥동,부상신고사고,0,0,0,1,차대차 - 측면충돌,안전운전불이행,건조,맑음,단일로 - 기타,승합,남,55세,상해없음,자전거,여,63세,부상신고
2018121000100595,2018년 12월 10일 22시,월요일,경상북도 포항시 남구 오천읍,중상사고,0,1,0,0,차대사람 - 기타,안전운전불이행,건조,맑음,단일로 - 기타,승용,남,36세,상해없음,보행자,남,51세,중상
2018121000100596,2018년 12월 10일 22시,월요일,경상북도 포항시 남구 지곡동,경상사고,0,0,1,0,차대차 - 기타,직진우회전진행방해,건조,맑음,교차로 - 교차로안,승용,남,51세,상해없음,승용,남,65세,경상
2018121000100616,2018년 12월 10일 23시,월요일,경상북도 안동시 북후면,경상사고,0,0,1,0,차대차 - 측면충돌,안전운전불이행,건조,맑음,단일로 - 기타,승용,남,42세,상해없음,승용,여,39세,경상
2018121100100015,2018년 12월 11일 01시,화요일,경상북도 안동시 풍산읍,경상사고,0,0,1,0,차량단독 - 공작물충돌,안전운전불이행,건조,맑음,단일로 - 기타,화물,남,24세,경상,,,,
2018121100100022,2018년 12월 11일 02시,화요일,경상북도 안동시 임동면,사망사고,1,0,0,0,차량단독 - 도로외이탈 - 기타,안전운전불이행,건조,맑음,단일로 - 기타,승용,남,34세,사망,,,,
2018121100100023,2018년 12월 11일 02시,화요일,경상북도 성주군 성주읍,경상사고,0,0,1,0,차량단독 - 기타,안전운전불이행,건조,맑음,단일로 - 기타,승용,남,63세,경상,,,,
2018121100100031,2018년 12월 11일 03시,화요일,경상북도 문경시 점촌동,중상사고,0,1,1,0,차대차 - 측면충돌,직진우회전진행방해,건조,맑음,교차로 - 교차로안,승용,남,22세,경상,승용,남,62세,중상
2018121100100085,2018년 12월 11일 07시,화요일,경상북도 경산시 와촌면,중상사고,0,1,0,0,차량단독 - 공작물충돌,안전운전불이행,건조,맑음,교차로 - 교차로부근,이륜,남,53세,중상,,,,
2018121100100086,2018년 12월 11일 07시,화요일,경상북도 구미시 산동면,중상사고,0,1,0,0,차대사람 - 횡단중,신호위반,건조,맑음,교차로 - 교차로횡단보도내,승용,남,38세,상해없음,보행자,남,47세,중상
2018121100100116,2018년 12월 11일 08시,화요일,경상북도 김천시 개령면,경상사고,0,0,1,0,차대차 - 측면충돌,안전거리미확보,젖음/습기,눈,교차로 - 교차로안,승용,남,58세,상해없음,승용,여,52세,상해없음
2018121100100117,2018년 12월 11일 08시,화요일,경상북도 경산시 사동,경상사고,0,0,1,0,차대사람 - 기타,안전운전불이행,건조,맑음,단일로 - 기타,승용,여,47세,상해없음,보행자,여,64세,경상
2018121100100118,2018년 12월 11일 08시,화요일,경상북도 청도군 화양읍,중상사고,0,1,0,0,차대사람 - 횡단중,보행자보호의무위반,건조,맑음,교차로 - 교차로횡단보도내,승용,여,46세,상해없음,보행자,여,58세,중상
2018121100100119,2018년 12월 11일 08시,화요일,경상북도 성주군 성주읍,경상사고,0,0,1,0,차대차 - 측면충돌,안전운전불이행,건조,맑음,단일로 - 기타,승용,남,34세,상해없음,자전거,남,81세,경상
2018121100100150,2018년 12월 11일 09시,화요일,경상북도 경주시 성건동,중상사고,0,2,0,0,차대차 - 측면충돌,안전운전불이행,젖음/습기,비,교차로 - 교차로안,승용,여,62세,상해없음,승용,남,46세,중상