사고번호,사고일시,요일,시군구,사고내용,사망자수,중상자수,경상자수,부상신고자수,사고유형,법규위반,노면상태,기상상태,도로형태,가해운전자 차종,가해운전자 성별,가해운전자 연령,가해운전자 상해정도,피해운전자 차종,피해운전자 성별,피해운전자 연령,피해운전자 상해정도
2018121100100151,2018년 12월 11일 09시,화요일,경상북도 영주시 안정면,중상사고,0,1,0,0,차량단독 - 전도전복 - 전도,안전운전불이행,건조,맑음,단일로 - 기타,농기계,남,81세,중상,미분류,미분류,미분류,미분류
2018121100100152,2018년 12월 11일 09시,화요일,경상북도 성주군 가천면,중상사고,0,1,0,0,차대차 - 정면충돌,안전운전불이행,적설,흐림,단일로 - 기타,화물,남,52세,상해없음,특수,남,25세,중상
2018121100100174,2018년 12월 11일 10시,화요일,경상북도 안동시 임동면,중상사고,0,1,0,0,차대차 - 정면충돌,안전운전불이행,서리/결빙,눈,단일로 - 기타,승용,여,58세,중상,건설기계,남,63세,상해없음
2018121100100175,2018년 12월 11일 10시,화요일,경상북도 안동시 임동면,중상사고,0,1,2,0,차대차 - 정면충돌,안전운전불이행,적설,눈,단일로 - 기타,승합,남,48세,중상,화물,남,64세,경상
2018121100100176,2018년 12월 11일 10시,화요일,경상북도 영천시 봉동,경상사고,0,0,2,0,차대차 - 정면충돌,안전운전불이행,젖음/습기,눈,단일로 - 기타,화물,남,55세,상해없음,화물,남,49세,경상
2018121100100177,2018년 12월 11일 10시,화요일,경상북도 성주군 벽진면,경상사고,0,0,1,0,차대차 - 후진중충돌,안전운전불이행,젖음/습기,눈,단일로 - 기타,화물,남,45세,상해없음,화물,남,63세,경상
2018121100100178,2018년 12월 11일 10시,화요일,경상북도 구미시 송정동,경상사고,0,0,2,0,차대차 - 측면충돌,중앙선침범,건조,맑음,교차로 - 교차로부근,승용,남,62세,상해없음,승용,남,64세,경상
2018121100100204,2018년 12월 11일 11시,화요일,경상북도 봉화군 상운면,경상사고,0,0,1,0,차대차 - 기타,안전운전불이행,건조,맑음,교차로 - 교차로안,승용,남,31세,상해없음,승용,여,69세,경상
2018121100100238,2018년 12월 11일 12시,화요일,경상북도 포항시 북구 죽도동,경상사고,0,0,1,0,차대차 - 기타,안전운전불이행,젖음/습기,흐림,단일로 - 기타,승용,여,42세,기타불명,승용,여,45세,경상
2018121100100239,2018년 12월 11일 12시,화요일,경상북도 상주시 공검면,경상사고,0,0,2,0,차대차 - 측면충돌,안전운전불이행,서리/결빙,눈,단일로 - 교량,승용,남,66세,경상,승용,남,26세,경상
2018121100100240,2018년 12월 11일 12시,화요일,경상북도 예천군 보문면,경상사고,0,0,2,0,차대차 - 추돌,안전운전불이행,적설,눈,교차로 - 교차로안,승용,남,27세,경상,승용,여,30세,상해없음
2018121100100241,2018년 12월 11일 12시,화요일,경상북도 포항시 남구 연일읍,경상사고,0,0,1,0,차대차 - 기타,안전운전불이행,젖음/습기,비,단일로 - 기타,화물,여,33세,경상,화물,남,60세,상해없음
2018121100100270,2018년 12월 11일 13시,화요일,경상북도 경주시 노서동,경상사고,0,0,1,0,차대차 - 측면충돌,안전운전불이행,건조,맑음,단일로 - 기타,승용,남,60세,상해없음,이륜,남,18세,경상
2018121100100271,2018년 12월 11일 13시,화요일,경상북도 경산시 평산동,경상사고,0,0,1,0,차대차 - 기타,안전운전불이행,젖음/습기,맑음,단일로 - 기타,승용,남,22세,상해없음,승합,남,53세,상해없음
2018121100100272,2018년 12월 11일 13시,화요일,경상북도 청송군 파천면,경상사고,0,0,1,0,차대차 - 정면충돌,중앙선침범,젖음/습기,눈,단일로 - 기타,화물,남,28세,상해없음,화물,남,54세,경상
2018121100100298,2018년 12월 11일 14시,화요일,경상북도 경주시 마동,경상사고,0,0,1,0,차대차 - 측면충돌,안전거리미확보,젖음/습기,비,단일로 - 기타,승용,여,70세,상해없음,승용,여,66세,경상
2018121100100299,2018년 12월 11일 14시,화요일,경상북도 안동시 동부동,중상사고,0,1,0,0,차대차 - 측면충돌,교차로운행방법위반,적설,눈,교차로 - 교차로부근,승용,남,59세,상해없음,승용,남,61세,상해없음
2018121100100336,2018년 12월 11일 15시,화요일,경상북도 김천시 구성면,중상사고,0,2,0,0,차량단독 - 공작물충돌,안전운전불이행,건조,맑음,교차로 - 교차로안,승합,남,62세,상해없음,,,,
2018121100100337,2018년 12월 11일 15시,화요일,경상북도 영천시 야사동,경상사고,0,0,1,0,차대사람 - 횡단중,안전운전불이행,젖음/습기,눈,교차로 - 교차로안,승용,여,56세,상해없음,보행자,여,35세,경상
2018121100100369,2018년 12월 11일 16시,화요일,경상북도 문경시 산양면,중상사고,0,3,0,0,차대차 - 정면충돌,안전운전불이행,적설,눈,단일로 - 기타,승합,여,43세,상해없음,승용,여,68세,중상
2018121100100370,2018년 12월 11일 16시,화요일,경상북도 포항시 남구 연일읍,경상사고,0,0,1,0,차대차 - 측면충돌,안전운전불이행,젖음/습기,비,단일로 - 기타,승용,남,71세,상해없음,승용,여,51세,경상
2018121100100405,2018년 12월 11일 17시,화요일,경상북도 경주시 보문동,중상사고,0,1,0,0,차량단독 - 공작물충돌,안전운전불이행,젖음/습기,비,교차로 - 교차로부근,승용,여,28세,중상,,,,
2018121100100406,2018년 12월 11일 17시,화요일,경상북도 영천시 신령면,중상사고,0,1,1,0,차량단독 - 공작물충돌,안전운전불이행,젖음/습기,비,단일로 - 기타,승용,남,51세,상해없음,,,,
2018121100100407,2018년 12월 11일 17시,화요일,경상북도 경산시 정평동,중상사고,0,1,0,0,차대사람 - 횡단중,안전운전불이행,젖음/습기,비,단일로 - 기타,승용,여,49세,상해없음,보행자,여,68세,중상
2018121100100408,2018년 12월 11일 17시,화요일,경상북도 구미시 원평동,중상사고,0,1,0,0,차대차 - 정면충돌,중앙선침범,적설,눈,단일로 - 기타,승용,남,41세,상해없음,승용,여,48세,중상
2018121100100409,2018년 12월 11일 17시,화요일,경상북도 포항시 남구 해도동,중상사고,0,1,0,0,차대사람 - 보도통행중,기타,건조,맑음,단일로 - 기타,이륜,남,22세,상해없음,보행자,여,47세,중상
2018121100100468,2018년 12월 11일 18시,화요일,경상북도 경산시 진량읍,경상사고,0,0,1,0,차대사람 - 횡단중,보행자보호의무위반,적설,눈,교차로 - 교차로횡단보도내,승용,남,55세,상해없음,보행자,남,43세,경상
2018121100100469,2018년 12월 11일 18시,화요일,경상북도 경산시 중방동,경상사고,0,0,1,1,차대사람 - 횡단중,보행자보호의무위반,젖음/습기,비,교차로 - 교차로안,화물,남,34세,상해없음,보행자,남,29세,부상신고
2018121100100470,2018년 12월 11일 18시,화요일,경상북도 경산시 진량읍,경상사고,0,0,2,0,차대차 - 기타,안전운전불이행,젖음/습기,비,단일로 - 기타,승용,남,29세,상해없음,승용,남,30세,경상
2018121100100516,2018년 12월 11일 19시,화요일,경상북도 포항시 북구 양덕동,경상사고,0,0,1,0,차대사람 - 횡단중,보행자보호의무위반,젖음/습기,비,교차로 - 교차로횡단보도내,승용,남,44세,상해없음,보행자,여,66세,경상
2018121100100517,2018년 12월 11일 19시,화요일,경상북도 칠곡군 약목면,부상신고사고,0,0,0,3,차량단독 - 공작물충돌,안전운전불이행,서리/결빙,눈,단일로 - 고가도로위,승용,남,35세,부상신고,,,,
2018121100100518,2018년 12월 11일 19시,화요일,경상북도 영천시 임고면,경상사고,0,0,1,0,차량단독 - 공작물충돌,안전운전불이행,적설,눈,단일로 - 기타,승용,여,20세,경상,,,,
2018121100100519,2018년 12월 11일 19시,화요일,경상북도 경산시 사동,중상사고,0,1,0,0,차대사람 - 횡단중,교차로운행방법위반,건조,맑음,교차로 - 교차로안,승용,여,34세,상해없음,보행자,여,66세,중상
2018121100100520,2018년 12월 11일 19시,화요일,경상북도 구미시 원평동,중상사고,0,1,0,0,차대차 - 기타,안전운전불이행,서리/결빙,눈,단일로 - 기타,승용,남,65세,상해없음,이륜,남,23세,중상
2018121100100521,2018년 12월 11일 19시,화요일,경상북도 구미시 임은동,중상사고,0,1,0,0,차대차 - 측면충돌,직진우회전진행방해,젖음/습기,눈,교차로 - 교차로안,승용,남,44세,중상,승합,남,22세,상해없음
2018121100100544,2018년 12월 11일 20시,화요일,경상북도 경주시 서면,중상사고,0,1,0,0,차대차 - 측면충돌,안전운전불이행,서리/결빙,비,교차로 - 교차로안,승용,남,57세,상해없음,승용,여,32세,중상
2018121100100545,2018년 12월 11일 20시,화요일,경상북도 성주군 월항면,중상사고,0,7,2,0,차대차 - 추돌,안전운전불이행,서리/결빙,흐림,단일로 - 기타,승용,남,49세,중상,승합,남,40세,중상
2018121100100546,2018년 12월 11일 20시,화요일,경상북도 고령군 성산면,중상사고,0,1,0,0,차량단독 - 공작물충돌,안전운전불이행,서리/결빙,눈,단일로 - 교량,화물,남,63세,중상,,,,
2018121100100547,2018년 12월 11일 20시,화요일,경상북도 고령군 다산면,경상사고,0,0,1,0,차대차 - 측면충돌,안전운전불이행,서리/결빙,눈,단일로 - 기타,승용,남,29세,상해없음,승용,남,61세,경상
2018121100100548,2018년 12월 11일 20시,화요일,경상북도 구미시 인의동,경상사고,0,0,1,0,차대차 - 측면충돌,신호위반,적설,눈,교차로 - 교차로안,승용,남,28세,상해없음,승용,여,46세,경상
2018121100100549,2018년 12월 11일 20시,화요일,경상북도 포항시 남구 괴동동,중상사고,0,1,0,0,차대차 - 측면충돌,안전운전불이행,젖음/습기,비,교차로 - 교차로안,승용,남,60세,상해없음,이륜,남,33세,중상
2018121100100550,2018년 12월 11일 20시,화요일,경상북도 포항시 남구 대도동,경상사고,0,0,1,0,차대사람 - 횡단중,안전운전불이행,젖음/습기,비,교차로 - 교차로안,승용,남,47세,상해없음,보행자,남,66세,경상
2018121100100583,2018년 12월 11일 21시,화요일,경상북도 경주시 성건동,경상사고,0,0,1,0,차대차 - 측면충돌,안전운전불이행,젖음/습기,맑음,교차로 - 교차로안,승용,남,31세,상해없음,승용,남,29세,상해없음
2018121100100584,2018년 12월 11일 21시,화요일,경상북도 안동시 이천동,경상사고,0,0,1,0,차량단독 - 공작물충돌,안전운전불이행,서리/결빙,맑음,단일로 - 기타,승용,남,29세,경상,,,,
2018121100100585,2018년 12월 11일 21시,화요일,경상북도 상주시 공성면,중상사고,0,1,0,0,차량단독 - 공작물충돌,안전운전불이행,서리/결빙,흐림,단일로 - 기타,승용,여,43세,중상,,,,
2018121100100586,2018년 12월 11일 21시,화요일,경상북도 칠곡군 왜관읍,경상사고,0,0,1,0,차대사람 - 횡단중,안전운전불이행,건조,맑음,교차로 - 교차로부근,승용,남,55세,상해없음,보행자,남,24세,경상
2018121100100587,2018년 12월 11일 21시,화요일,경상북도 구미시 원평동,경상사고,0,0,2,0,차대차 - 기타,안전운전불이행,서리/결빙,흐림,단일로 - 교량,화물,남,61세,상해없음,승용,남,31세,경상
2018121100100618,2018년 12월 11일 22시,화요일,경상북도 경산시 조영동,경상사고,0,0,2,0,차대차 - 정면충돌,안전운전불이행,건조,맑음,교차로 - 교차로부근,승용,남,55세,상해없음,승용,남,25세,경상
2018121100100636,2018년 12월 11일 23시,화요일,경상북도 문경시 흥덕동,경상사고,0,0,1,0,차량단독 - 공작물충돌,안전운전불이행,적설,눈,단일로 - 기타,승용,남,50세,경상,,,,
2018121200100013,2018년 12월 12일 00시,수요일,경상북도 경산시 압량면,중상사고,0,1,0,0,차대사람 - 횡단중,안전운전불이행,건조,맑음,교차로 - 교차로안,승용,남,34세,상해없음,보행자,남,48세,중상
2018121200100025,2018년 12월 12일 01시,수요일,경상북도 경산시 남산면,중상사고,0,1,0,0,차량단독 - 공작물충돌,안전운전불이행,서리/결빙,눈,단일로 - 기타,화물,남,58세,중상,,,,
2018121200100042,2018년 12월 12일 03시,수요일,경상북도 구미시 산동면,경상사고,0,0,1,0,차량단독 - 공작물충돌,안전운전불이행,서리/결빙,눈,단일로 - 기타,승용,남,41세,경상,,,,
2018121200100045,2018년 12월 12일 04시,수요일,경상북도 경산시 와촌면,사망사고,1,0,0,0,차대차 - 추돌,안전운전불이행,서리/결빙,맑음,단일로 - 교량,화물,남,44세,상해없음,승합,여,40세,상해없음
2018121200100070,2018년 12월 12일 06시,수요일,경상북도 의성군 의성읍,중상사고,0,2,0,0,차대차 - 추돌,기타,건조,맑음,단일로 - 기타,승용,남,44세,상해없음,농기계,남,59세,중상
2018121200100071,2018년 12월 12일 06시,수요일,경상북도 경산시 진량읍,경상사고,0,0,3,0,차대차 - 측면충돌,중앙선침범,서리/결빙,흐림,단일로 - 교량,화물,남,56세,상해없음,승합,남,53세,경상
2018121200100072,2018년 12월 12일 06시,수요일,경상북도 포항시 남구 장흥동,중상사고,0,1,0,0,차량단독 - 전도전복 - 전복,안전운전불이행,젖음/습기,맑음,단일로 - 기타,사륜오토바이(ATV),남,57세,중상,미분류,미분류,미분류,미분류
2018121200100100,2018년 12월 12일 07시,수요일,경상북도 영천시 도동,경상사고,0,0,2,0,차대차 - 추돌,안전거리미확보,서리/결빙,맑음,단일로 - 교량,승용,남,29세,경상,승용,남,59세,경상
2018121200100101,2018년 12월 12일 07시,수요일,경상북도 경산시 하양읍,중상사고,0,2,1,0,차대차 - 정면충돌,중앙선침범,서리/결빙,맑음,단일로 - 고가도로위,승용,여,26세,경상,승용,남,58세,중상
2018121200100125,2018년 12월 12일 08시,수요일,경상북도 경주시 천북면,경상사고,0,0,1,0,차대차 - 측면충돌,안전운전불이행,젖음/습기,맑음,교차로 - 교차로안,화물,남,60세,상해없음,승용,여,55세,경상
2018121200100126,2018년 12월 12일 08시,수요일,경상북도 경주시 서부동,경상사고,0,0,1,0,차대차 - 측면충돌,안전운전불이행,건조,맑음,교차로 - 교차로안,승용,여,51세,상해없음,승용,남,37세,경상
2018121200100166,2018년 12월 12일 09시,수요일,경상북도 영천시 청통면,경상사고,0,0,1,0,차대차 - 추돌,안전운전불이행,서리/결빙,비,단일로 - 기타,화물,남,43세,상해없음,화물,남,37세,경상
2018121200100167,2018년 12월 12일 09시,수요일,경상북도 영천시 금호읍,중상사고,0,1,5,0,차대차 - 추돌,안전운전불이행,서리/결빙,맑음,단일로 - 기타,승용,여,29세,경상,화물,남,37세,경상
2018121200100192,2018년 12월 12일 10시,수요일,경상북도 경주시 사정동,경상사고,0,0,2,0,차대차 - 측면충돌,안전운전불이행,건조,맑음,교차로 - 교차로안,승용,남,49세,상해없음,승용,남,47세,경상
2018121200100193,2018년 12월 12일 10시,수요일,경상북도 상주시 계산동,중상사고,0,1,1,0,차대차 - 추돌,안전운전불이행,서리/결빙,맑음,교차로 - 교차로안,승용,남,43세,상해없음,화물,남,67세,상해없음
2018121200100194,2018년 12월 12일 10시,수요일,경상북도 청송군 현서면,중상사고,0,1,0,0,차량단독 - 공작물충돌,안전운전불이행,서리/결빙,눈,단일로 - 기타,승용,남,67세,상해없음,,,,
2018121200100233,2018년 12월 12일 11시,수요일,경상북도 경주시 석장동,중상사고,0,1,0,0,차대사람 - 횡단중,보행자보호의무위반,건조,맑음,교차로 - 교차로횡단보도내,화물,남,71세,상해없음,보행자,여,50세,중상
2018121200100234,2018년 12월 12일 11시,수요일,경상북도 포항시 북구 죽장면,경상사고,0,0,1,0,차대차 - 기타,안전운전불이행,서리/결빙,맑음,단일로 - 기타,승용,여,54세,상해없음,건설기계,남,52세,경상
2018121200100235,2018년 12월 12일 11시,수요일,경상북도 영천시 망정동,경상사고,0,0,3,0,차대차 - 추돌,안전거리미확보,젖음/습기,맑음,단일로 - 기타,화물,남,58세,상해없음,화물,남,69세,경상
2018121200100282,2018년 12월 12일 13시,수요일,경상북도 안동시 당북동,중상사고,0,1,0,0,차대차 - 추돌,안전운전불이행,서리/결빙,흐림,단일로 - 기타,승용,남,63세,상해없음,이륜,남,61세,중상
2018121200100283,2018년 12월 12일 13시,수요일,경상북도 경산시 하양읍,중상사고,0,1,0,0,차대차 - 기타,신호위반,건조,맑음,교차로 - 교차로안,승용,남,21세,상해없음,화물,남,60세,중상
2018121200100284,2018년 12월 12일 13시,수요일,경상북도 경산시 옥산동,경상사고,0,0,1,0,차대사람 - 기타,안전운전불이행,건조,맑음,주차장 - 주차장,승용,남,44세,상해없음,보행자,남,18세,경상
2018121200100316,2018년 12월 12일 14시,수요일,경상북도 상주시 내서면,중상사고,0,3,4,1,차대차 - 측면충돌,중앙선침범,건조,맑음,단일로 - 기타,승용,남,49세,상해없음,승용,여,52세,중상
2018121200100317,2018년 12월 12일 14시,수요일,경상북도 포항시 남구 이동,경상사고,0,0,2,0,차대차 - 기타,안전운전불이행,건조,맑음,교차로 - 교차로안,승용,여,29세,경상,승용,남,36세,경상
2018121200100355,2018년 12월 12일 15시,수요일,경상북도 경주시 탑동,경상사고,0,0,3,0,차대차 - 측면충돌,중앙선침범,건조,맑음,교차로 - 교차로부근,승용,남,20세,상해없음,승용,여,54세,경상
2018121200100356,2018년 12월 12일 15시,수요일,경상북도 상주시 이안면,경상사고,0,0,1,0,차대사람 - 길가장자리구역통행중,안전운전불이행,서리/결빙,맑음,단일로 - 기타,화물,여,55세,상해없음,보행자,남,53세,경상
2018121200100357,2018년 12월 12일 15시,수요일,경상북도 문경시 모전동,경상사고,0,0,1,0,차대차 - 측면충돌,안전운전불이행,건조,맑음,교차로 - 교차로부근,승용,남,81세,상해없음,승용,남,63세,경상
2018121200100358,2018년 12월 12일 15시,수요일,경상북도 경산시 정평동,경상사고,0,0,1,0,차대차 - 측면충돌,안전운전불이행,건조,맑음,교차로 - 교차로안,승용,남,19세,상해없음,승용,남,42세,경상
2018121200100359,2018년 12월 12일 15시,수요일,경상북도 경산시 하양읍,부상신고사고,0,0,0,2,차대차 - 기타,안전운전불이행,건조,맑음,단일로 - 기타,승용,남,38세,상해없음,이륜,남,23세,부상신고
2018121200100399,2018년 12월 12일 16시,수요일,경상북도 성주군 성주읍,경상사고,0,0,1,0,차대차 - 측면충돌,안전운전불이행,건조,맑음,단일로 - 기타,승용,남,27세,상해없음,자전거,남,81세,경상
2018121200100433,2018년 12월 12일 17시,수요일,경상북도 김천시 교동,경상사고,0,0,1,0,차대차 - 추돌,안전운전불이행,건조,맑음,교차로 - 교차로부근,승용,남,36세,상해없음,승용,남,36세,경상
2018121200100434,2018년 12월 12일 17시,수요일,경상북도 고령군 다산면,경상사고,0,0,1,0,차대차 - 측면충돌,안전운전불이행,건조,맑음,교차로 - 교차로안,화물,남,58세,상해없음,승용,남,35세,경상
2018121200100435,2018년 12월 12일 17시,수요일,경상북도 포항시 남구 오천읍,경상사고,0,0,1,0,차대차 - 측면충돌,교차로운행방법위반,건조,맑음,교차로 - 교차로안,이륜,남,23세,경상,승용,여,39세,상해없음
2018121200100478,2018년 12월 12일 18시,수요일,경상북도 경산시 백천동,중상사고,0,1,0,0,차대차 - 측면충돌,신호위반,건조,맑음,교차로 - 교차로안,승용,여,25세,상해없음,승용,남,29세,중상
2018121200100479,2018년 12월 12일 18시,수요일,경상북도 구미시 금전동,중상사고,0,1,0,1,차대차 - 정면충돌,중앙선침범,서리/결빙,흐림,단일로 - 기타,승용,남,40세,부상신고,승용,남,34세,중상
2018121200100480,2018년 12월 12일 18시,수요일,경상북도 구미시 옥계동,중상사고,0,1,0,0,차대사람 - 횡단중,보행자보호의무위반,건조,맑음,단일로 - 기타,승용,남,49세,상해없음,보행자,여,27세,중상
2018121200100593,2018년 12월 12일 21시,수요일,경상북도 구미시 송정동,경상사고,0,0,2,0,차대차 - 기타,안전운전불이행,건조,맑음,교차로 - 교차로부근,승용,남,47세,상해없음,승용,여,40세,경상
2018121200100613,2018년 12월 12일 22시,수요일,경상북도 안동시 운안동,경상사고,0,0,1,0,차대차 - 측면충돌,안전운전불이행,건조,맑음,교차로 - 교차로안,승용,남,52세,상해없음,이륜,남,61세,경상
2018121200100614,2018년 12월 12일 22시,수요일,경상북도 영주시 휴천동,경상사고,0,0,5,0,차대차 - 추돌,안전운전불이행,건조,맑음,교차로 - 교차로부근,승용,남,53세,상해없음,승용,남,29세,경상
2018121200100639,2018년 12월 12일 23시,수요일,경상북도 문경시 점촌동,중상사고,0,1,0,0,차대차 - 측면충돌,안전운전불이행,건조,맑음,교차로 - 교차로안,승용,남,42세,상해없음,이륜,남,19세,중상
2018121300100019,2018년 12월 13일 01시,목요일,경상북도 포항시 북구 죽도동,중상사고,0,1,0,0,차대차 - 기타,안전운전불이행,건조,맑음,단일로 - 기타,이륜,남,18세,중상,승용,남,46세,상해없음
2018121300100039,2018년 12월 13일 04시,목요일,경상북도 영천시 청통면,중상사고,0,1,0,0,차량단독 - 공작물충돌,안전운전불이행,건조,맑음,단일로 - 기타,화물,남,38세,중상,,,,
2018121300100083,2018년 12월 13일 07시,목요일,경상북도 영주시 문정동,경상사고,0,0,1,0,차대차 - 측면충돌,교차로운행방법위반,건조,맑음,교차로 - 교차로안,화물,남,56세,상해없음,승용,여,51세,경상
2018121300100084,2018년 12월 13일 07시,목요일,경상북도 칠곡군 북삼읍,경상사고,0,0,1,0,차대차 - 측면충돌,신호위반,건조,맑음,교차로 - 교차로안,화물,남,51세,상해없음,승용,남,47세,경상
2018121300100124,2018년 12월 13일 08시,목요일,경상북도 안동시 태화동,경상사고,0,0,1,0,차대차 - 측면충돌,과속,건조,맑음,단일로 - 기타,승용,남,32세,상해없음,승합,남,43세,상해없음
2018121300100125,2018년 12월 13일 08시,목요일,경상북도 구미시 도량동,경상사고,0,0,1,0,차대차 - 기타,안전운전불이행,건조,맑음,단일로 - 기타,승용,남,35세,상해없음,승합,남,52세,상해없음
2018121300100232,2018년 12월 13일 10시,목요일,경상북도 구미시 비산동,경상사고,0,0,1,0,차대차 - 기타,안전운전불이행,건조,맑음,교차로 - 교차로안,특수,남,25세,상해없음,승합,여,34세,경상
2018121300100326,2018년 12월 13일 13시,목요일,경상북도 경주시 노서동,경상사고,0,0,1,0,차대사람 - 길가장자리구역통행중,안전운전불이행,건조,맑음,단일로 - 기타,승용,여,55세,상해없음,보행자,남,19세,경상
2018121300100327,2018년 12월 13일 13시,목요일,경상북도 안동시 용상동,경상사고,0,0,1,0,차대차 - 측면충돌,안전운전불이행,건조,맑음,교차로 - 교차로안,승용,남,59세,상해없음,화물,남,63세,경상
2018121300100328,2018년 12월 13일 13시,목요일,경상북도 경산시 옥곡동,경상사고,0,0,1,0,차대차 - 측면충돌,안전운전불이행,건조,맑음,단일로 - 기타,승용,남,26세,기타불명,승용,남,48세,경상
2018121300100329,2018년 12월 13일 13시,목요일,경상북도 구미시 원평동,사망사고,1,0,0,0,차대사람 - 횡단중,보행자보호의무위반,건조,맑음,교차로 - 교차로안,승합,남,53세,상해없음,보행자,남,81세,사망
2018121300100353,2018년 12월 13일 14시,목요일,경상북도 울진군 후포면,중상사고,0,1,0,0,차대차 - 정면충돌,중앙선침범,건조,맑음,단일로 - 기타,승용,남,62세,상해없음,승용,여,59세,중상
2018121300100382,2018년 12월 13일 15시,목요일,경상북도 칠곡군 왜관읍,경상사고,0,0,1,0,차대사람 - 길가장자리구역통행중,안전운전불이행,건조,맑음,교차로 - 교차로부근,기타불명,기타불명,미분류,기타불명,보행자,남,11세,경상
2018121300100383,2018년 12월 13일 15시,목요일,경상북도 영덕군 창수면,중상사고,0,1,2,0,차대차 - 측면충돌,기타,건조,맑음,교차로 - 교차로안,화물,남,46세,상해없음,승용,남,64세,경상
2018121300100384,2018년 12월 13일 15시,목요일,경상북도 포항시 남구 연일읍,경상사고,0,0,1,0,차대차 - 기타,직진우회전진행방해,건조,맑음,교차로 - 교차로안,승용,여,65세,상해없음,승용,여,57세,경상
2018121300100413,2018년 12월 13일 16시,목요일,경상북도 김천시 신음동,경상사고,0,0,1,0,차대차 - 추돌,안전운전불이행,건조,맑음,교차로 - 교차로부근,화물,남,35세,상해없음,승용,남,38세,경상
2018121300100414,2018년 12월 13일 16시,목요일,경상북도 구미시 구평동,경상사고,0,0,1,0,차대사람 - 기타,안전운전불이행,건조,맑음,단일로 - 기타,승합,남,57세,상해없음,보행자,남,28세,경상
2018121300100454,2018년 12월 13일 17시,목요일,경상북도 고령군 대가야읍,경상사고,0,0,4,0,차대차 - 측면충돌,교차로운행방법위반,건조,맑음,교차로 - 교차로안,화물,남,63세,경상,승용,여,57세,경상
2018121300100506,2018년 12월 13일 18시,목요일,경상북도 고령군 성산면,중상사고,0,1,0,0,차대사람 - 차도통행중,안전운전불이행,건조,맑음,단일로 - 기타,승용,여,40세,상해없음,보행자,남,54세,중상
2018121300100621,2018년 12월 13일 22시,목요일,경상북도 포항시 북구 대신동,중상사고,0,1,0,0,차대사람 - 횡단중,과속,건조,맑음,단일로 - 기타,승용,남,48세,상해없음,보행자,여,75세,중상
2018121300100639,2018년 12월 13일 23시,목요일,경상북도 영천시 창구동,경상사고,0,0,2,0,차대차 - 측면충돌,직진우회전진행방해,건조,맑음,교차로 - 교차로안,승용,남,64세,경상,승용,남,70세,경상
2018121300100640,2018년 12월 13일 23시,목요일,경상북도 경산시 하양읍,경상사고,0,0,3,0,차대차 - 기타,신호위반,건조,맑음,교차로 - 교차로안,이륜,남,21세,경상,승용,남,37세,경상
2018121400100027,2018년 12월 14일 01시,금요일,경상북도 구미시 형곡동,중상사고,0,1,0,0,차대사람 - 기타,보행자보호의무위반,건조,맑음,교차로 - 교차로부근,승용,남,56세,상해없음,보행자,남,52세,중상
2018121400100061,2018년 12월 14일 06시,금요일,경상북도 포항시 북구 흥해읍,중상사고,0,1,0,0,차대사람 - 횡단중,신호위반,건조,맑음,교차로 - 교차로횡단보도내,승용,남,38세,상해없음,보행자,남,31세,중상
2018121400100105,2018년 12월 14일 08시,금요일,경상북도 문경시 모전동,경상사고,0,0,3,0,차대차 - 추돌,안전운전불이행,건조,맑음,교차로 - 교차로안,승용,여,62세,상해없음,승용,여,51세,경상
2018121400100106,2018년 12월 14일 08시,금요일,경상북도 고령군 대가야읍,중상사고,0,1,0,0,차대사람 - 횡단중,안전운전불이행,건조,맑음,교차로 - 교차로안,화물,남,65세,상해없음,보행자,여,82세,중상
2018121400100107,2018년 12월 14일 08시,금요일,경상북도 구미시 옥계동,경상사고,0,0,1,0,차대차 - 기타,직진우회전진행방해,건조,맑음,교차로 - 교차로안,승용,여,34세,경상,승용,남,27세,상해없음
2018121400100108,2018년 12월 14일 08시,금요일,경상북도 포항시 남구 오천읍,경상사고,0,0,1,0,차대차 - 측면충돌,교차로운행방법위반,건조,맑음,교차로 - 교차로안,화물,남,57세,상해없음,승용,남,62세,상해없음
2018121400100109,2018년 12월 14일 08시,금요일,경상북도 포항시 남구 이동,경상사고,0,0,3,0,차대차 - 추돌,안전운전불이행,건조,맑음,교차로 - 교차로부근,승용,남,29세,상해없음,승용,여,53세,경상
2018121400100143,2018년 12월 14일 09시,금요일,경상북도 경주시 성건동,경상사고,0,0,1,0,차대차 - 측면충돌,안전운전불이행,건조,맑음,교차로 - 교차로안,승용,남,53세,상해없음,이륜,여,63세,경상
2018121400100176,2018년 12월 14일 10시,금요일,경상북도 문경시 점촌동,경상사고,0,0,1,0,차대차 - 추돌,안전거리미확보,건조,맑음,교차로 - 교차로안,화물,남,49세,상해없음,승용,남,66세,경상
2018121400100177,2018년 12월 14일 10시,금요일,경상북도 구미시 도량동,경상사고,0,0,1,0,차대차 - 기타,신호위반,건조,맑음,교차로 - 교차로안,승용,남,71세,상해없음,승용,여,64세,경상