사고번호,사고일시,요일,시군구,사고내용,사망자수,중상자수,경상자수,부상신고자수,사고유형,법규위반,노면상태,기상상태,도로형태,가해운전자 차종,가해운전자 성별,가해운전자 연령,가해운전자 상해정도,피해운전자 차종,피해운전자 성별,피해운전자 연령,피해운전자 상해정도
2018121700100401,2018년 12월 17일 14시,월요일,경상북도 영천시 완산동,중상사고,0,1,0,0,차대차 - 측면충돌,직진우회전진행방해,건조,맑음,교차로 - 교차로안,이륜,남,72세,중상,승용,남,68세,상해없음
2018121700100402,2018년 12월 17일 14시,월요일,경상북도 포항시 남구 대송면,사망사고,1,0,0,0,차대차 - 기타,안전운전불이행,건조,맑음,교차로 - 교차로부근,화물,남,45세,상해없음,자전거,남,58세,사망
2018121700100435,2018년 12월 17일 15시,월요일,경상북도 경주시 황성동,경상사고,0,0,1,0,차대차 - 후진중충돌,안전운전불이행,건조,맑음,주차장 - 주차장,승용,남,57세,상해없음,승용,남,48세,경상
2018121700100436,2018년 12월 17일 15시,월요일,경상북도 포항시 북구 죽도동,중상사고,0,1,0,0,차대차 - 기타,안전운전불이행,건조,맑음,교차로 - 교차로횡단보도내,화물,남,61세,상해없음,자전거,남,80세,중상
2018121700100437,2018년 12월 17일 15시,월요일,경상북도 울진군 근남면,경상사고,0,0,2,0,차대차 - 추돌,안전운전불이행,건조,맑음,교차로 - 교차로안,화물,남,58세,상해없음,승용,여,41세,경상
2018121700100438,2018년 12월 17일 15시,월요일,경상북도 포항시 남구 이동,경상사고,0,0,1,0,차대차 - 기타,안전운전불이행,건조,맑음,교차로 - 교차로부근,승용,남,62세,경상,승용,남,76세,상해없음
2018121700100471,2018년 12월 17일 16시,월요일,경상북도 경주시 시래동,경상사고,0,0,1,0,차대차 - 측면충돌,안전운전불이행,건조,맑음,교차로 - 교차로안,승용,남,27세,상해없음,승용,여,34세,경상
2018121700100472,2018년 12월 17일 16시,월요일,경상북도 포항시 북구 덕수동,경상사고,0,0,3,0,차대차 - 추돌,안전거리미확보,건조,맑음,교차로 - 교차로안,승용,남,59세,상해없음,승용,남,63세,경상
2018121700100473,2018년 12월 17일 16시,월요일,경상북도 영주시 휴천동,경상사고,0,0,2,0,차대사람 - 횡단중,보행자보호의무위반,건조,맑음,교차로 - 교차로횡단보도내,승용,여,48세,상해없음,보행자,남,17세,경상
2018121700100519,2018년 12월 17일 17시,월요일,경상북도 안동시 수상동,경상사고,0,0,1,0,차대차 - 측면충돌,안전운전불이행,건조,맑음,교차로 - 교차로안,화물,남,39세,상해없음,승용,남,27세,경상
2018121700100520,2018년 12월 17일 17시,월요일,경상북도 영천시 성내동,경상사고,0,0,1,0,차대차 - 측면충돌,안전운전불이행,건조,맑음,교차로 - 교차로안,승용,여,69세,상해없음,승용,남,71세,경상
2018121700100521,2018년 12월 17일 17시,월요일,경상북도 구미시 황상동,경상사고,0,0,1,0,차대차 - 추돌,안전운전불이행,건조,맑음,단일로 - 기타,승용,남,48세,상해없음,승용,남,60세,경상
2018121700100580,2018년 12월 17일 18시,월요일,경상북도 의성군 사곡면,경상사고,0,0,1,0,차대차 - 측면충돌,중앙선침범,건조,맑음,단일로 - 기타,승용,남,69세,상해없음,승용,여,56세,경상
2018121700100581,2018년 12월 17일 18시,월요일,경상북도 영주시 휴천동,경상사고,0,0,1,0,차대차 - 측면충돌,교차로운행방법위반,건조,맑음,교차로 - 교차로안,화물,남,64세,상해없음,이륜,남,33세,경상
2018121700100582,2018년 12월 17일 18시,월요일,경상북도 예천군 예천읍,중상사고,0,1,0,0,차대차 - 추돌,안전운전불이행,건조,맑음,교차로 - 교차로부근,승용,남,45세,상해없음,승용,남,46세,중상
2018121700100583,2018년 12월 17일 18시,월요일,경상북도 구미시 옥계동,경상사고,0,0,1,0,차대차 - 기타,안전운전불이행,건조,맑음,단일로 - 기타,승용,남,58세,상해없음,승용,남,66세,경상
2018121700100634,2018년 12월 17일 19시,월요일,경상북도 경산시 상방동,경상사고,0,0,1,0,차대사람 - 횡단중,보행자보호의무위반,건조,맑음,교차로 - 교차로안,승용,남,30세,상해없음,보행자,여,46세,경상
2018121700100635,2018년 12월 17일 19시,월요일,경상북도 경산시 하양읍,중상사고,0,1,0,0,차대사람 - 기타,안전운전불이행,건조,맑음,단일로 - 기타,승용,남,56세,상해없음,보행자,여,32세,중상
2018121700100636,2018년 12월 17일 19시,월요일,경상북도 구미시 송정동,중상사고,0,1,0,0,차대차 - 기타,중앙선침범,건조,맑음,교차로 - 교차로부근,승용,여,61세,상해없음,이륜,남,35세,중상
2018121700100694,2018년 12월 17일 21시,월요일,경상북도 청도군 운문면,사망사고,1,0,0,0,차량단독 - 도로외이탈 - 추락,안전운전불이행,건조,맑음,단일로 - 기타,이륜,남,62세,사망,,,,
2018121700100695,2018년 12월 17일 21시,월요일,경상북도 구미시 고아읍,경상사고,0,0,2,0,차대차 - 측면충돌,중앙선침범,건조,맑음,단일로 - 기타,승용,여,39세,상해없음,승용,남,19세,경상
2018121800100036,2018년 12월 18일 02시,화요일,경상북도 경주시 외동읍,사망사고,1,0,0,0,차량단독 - 전도전복 - 전도,안전운전불이행,건조,맑음,단일로 - 지하차도(도로)내,화물,여,54세,사망,미분류,미분류,미분류,미분류
2018121800100058,2018년 12월 18일 05시,화요일,경상북도 문경시 불정동,사망사고,1,0,0,0,차대차 - 추돌,안전운전불이행,건조,맑음,단일로 - 기타,화물,남,68세,사망,화물,남,74세,상해없음
2018121800100078,2018년 12월 18일 06시,화요일,경상북도 구미시 인의동,경상사고,0,0,1,0,차대차 - 측면충돌,직진우회전진행방해,건조,맑음,교차로 - 교차로안,승용,남,57세,상해없음,승용,남,63세,상해없음
2018121800100109,2018년 12월 18일 07시,화요일,경상북도 영천시 야사동,경상사고,0,0,2,0,차대차 - 측면충돌,안전운전불이행,건조,맑음,교차로 - 교차로안,승용,남,46세,경상,승용,남,49세,경상
2018121800100159,2018년 12월 18일 08시,화요일,경상북도 안동시 용상동,경상사고,0,0,3,0,차대차 - 측면충돌,안전운전불이행,건조,맑음,교차로 - 교차로안,화물,남,66세,경상,승용,여,27세,경상
2018121800100160,2018년 12월 18일 08시,화요일,경상북도 칠곡군 동명면,중상사고,0,1,2,0,차대차 - 측면충돌,교차로운행방법위반,건조,맑음,교차로 - 교차로안,승용,남,58세,중상,화물,남,69세,경상
2018121800100161,2018년 12월 18일 08시,화요일,경상북도 칠곡군 가산면,경상사고,0,0,1,0,차대차 - 후진중충돌,안전운전불이행,건조,맑음,단일로 - 기타,화물,남,47세,상해없음,승용,남,56세,경상
2018121800100162,2018년 12월 18일 08시,화요일,경상북도 구미시 공단동,경상사고,0,0,2,0,차대차 - 기타,신호위반,건조,맑음,교차로 - 교차로안,승용,남,32세,상해없음,승용,남,59세,경상
2018121800100199,2018년 12월 18일 09시,화요일,경상북도 성주군 선남면,중상사고,0,1,0,0,차대차 - 추돌,안전운전불이행,건조,맑음,기타 - 기타,화물,남,42세,상해없음,원동기,남,87세,중상
2018121800100200,2018년 12월 18일 09시,화요일,경상북도 포항시 남구 동촌동,경상사고,0,0,1,0,차대차 - 추돌,안전운전불이행,건조,맑음,교차로 - 교차로횡단보도내,승용,남,67세,상해없음,승용,여,56세,경상
2018121800100234,2018년 12월 18일 10시,화요일,경상북도 예천군 호명면,중상사고,0,1,0,0,차대차 - 측면충돌,안전운전불이행,건조,맑음,교차로 - 교차로부근,승용,남,73세,상해없음,승용,남,32세,중상
2018121800100265,2018년 12월 18일 11시,화요일,경상북도 구미시 도량동,경상사고,0,0,1,0,차량단독 - 전도전복 - 전도,안전운전불이행,건조,맑음,단일로 - 기타,이륜,남,25세,경상,미분류,미분류,미분류,미분류
2018121800100293,2018년 12월 18일 12시,화요일,경상북도 구미시 임수동,경상사고,0,0,1,1,차대차 - 기타,차로위반,건조,맑음,단일로 - 기타,승용,남,34세,상해없음,승합,남,46세,경상
2018121800100316,2018년 12월 18일 13시,화요일,경상북도 상주시 내서면,경상사고,0,0,1,0,차대차 - 정면충돌,중앙선침범,건조,맑음,단일로 - 기타,승용,여,60세,상해없음,화물,남,65세,경상
2018121800100317,2018년 12월 18일 13시,화요일,경상북도 포항시 남구 대잠동,경상사고,0,0,1,0,차대차 - 측면충돌,안전운전불이행,건조,맑음,교차로 - 교차로안,이륜,여,57세,경상,화물,남,67세,상해없음
2018121800100347,2018년 12월 18일 14시,화요일,경상북도 포항시 남구 상도동,경상사고,0,0,1,0,차대차 - 기타,안전운전불이행,건조,맑음,단일로 - 기타,승용,여,51세,상해없음,이륜,남,30세,경상
2018121800100370,2018년 12월 18일 15시,화요일,경상북도 칠곡군 왜관읍,경상사고,0,0,1,0,차대차 - 측면충돌,직진우회전진행방해,건조,맑음,교차로 - 교차로안,승용,남,36세,상해없음,승용,여,38세,경상
2018121800100371,2018년 12월 18일 15시,화요일,경상북도 예천군 예천읍,중상사고,0,1,0,0,차대차 - 측면충돌,신호위반,건조,맑음,교차로 - 교차로안,승용,여,68세,중상,승용,남,47세,상해없음
2018121800100372,2018년 12월 18일 15시,화요일,경상북도 청송군 파천면,중상사고,0,1,0,0,차대차 - 추돌,안전거리미확보,건조,맑음,단일로 - 교량,원동기,남,83세,중상,농기계,남,62세,상해없음
2018121800100373,2018년 12월 18일 15시,화요일,경상북도 포항시 남구 이동,중상사고,0,1,0,0,차대차 - 기타,안전거리미확보,건조,맑음,단일로 - 기타,승용,남,31세,상해없음,이륜,남,40세,중상
2018121800100413,2018년 12월 18일 16시,화요일,경상북도 구미시 원평동,경상사고,0,0,2,0,차대차 - 기타,중앙선침범,건조,맑음,교차로 - 교차로부근,승용,남,74세,상해없음,화물,남,35세,경상
2018121800100459,2018년 12월 18일 17시,화요일,경상북도 영천시 망정동,경상사고,0,0,2,0,차대차 - 측면충돌,차로위반,건조,맑음,단일로 - 기타,승용,여,27세,경상,승용,남,38세,경상
2018121800100509,2018년 12월 18일 18시,화요일,경상북도 안동시 태화동,경상사고,0,0,2,0,차대차 - 측면충돌,안전거리미확보,건조,맑음,교차로 - 교차로안,승용,남,56세,경상,승용,남,56세,경상
2018121800100510,2018년 12월 18일 18시,화요일,경상북도 영천시 신령면,경상사고,0,0,4,0,차대차 - 추돌,안전운전불이행,건조,맑음,단일로 - 기타,승용,여,57세,경상,승용,여,54세,경상
2018121800100511,2018년 12월 18일 18시,화요일,경상북도 경산시 진량읍,경상사고,0,0,1,0,차대차 - 정면충돌,신호위반,건조,맑음,교차로 - 교차로안,승용,여,57세,기타불명,승용,남,57세,경상
2018121800100512,2018년 12월 18일 18시,화요일,경상북도 예천군 예천읍,중상사고,0,1,0,0,차대차 - 추돌,안전운전불이행,건조,맑음,교차로 - 교차로부근,승용,여,51세,상해없음,승용,여,31세,중상
2018121800100513,2018년 12월 18일 18시,화요일,경상북도 구미시 진평동,중상사고,0,1,0,0,차대차 - 기타,차로위반,건조,맑음,단일로 - 기타,자전거,남,80세,중상,승용,여,40세,상해없음
2018121800100561,2018년 12월 18일 19시,화요일,경상북도 경주시 내남면,중상사고,0,1,0,0,차대차 - 측면충돌,안전운전불이행,건조,맑음,교차로 - 교차로부근,화물,남,58세,중상,화물,남,46세,상해없음
2018121800100562,2018년 12월 18일 19시,화요일,경상북도 문경시 흥덕동,경상사고,0,0,1,0,차대차 - 측면충돌,안전운전불이행,건조,맑음,교차로 - 교차로안,화물,남,78세,상해없음,자전거,여,74세,경상
2018121800100563,2018년 12월 18일 19시,화요일,경상북도 경산시 진량읍,경상사고,0,0,1,0,차대사람 - 횡단중,신호위반,건조,맑음,단일로 - 기타,이륜,남,19세,상해없음,보행자,남,64세,경상
2018121800100564,2018년 12월 18일 19시,화요일,경상북도 구미시 옥계동,경상사고,0,0,1,0,차대차 - 기타,안전운전불이행,건조,맑음,교차로 - 교차로안,이륜,남,44세,경상,승용,남,32세,상해없음
2018121800100594,2018년 12월 18일 20시,화요일,경상북도 구미시 봉곡동,경상사고,0,0,1,0,차대차 - 기타,안전운전불이행,건조,맑음,단일로 - 기타,승용,여,43세,상해없음,이륜,남,19세,경상
2018121800100595,2018년 12월 18일 20시,화요일,경상북도 구미시 공단동,경상사고,0,0,1,0,차대차 - 추돌,안전거리미확보,건조,맑음,단일로 - 기타,승용,남,67세,상해없음,화물,남,39세,경상
2018121900100076,2018년 12월 19일 06시,수요일,경상북도 포항시 북구 두호동,경상사고,0,0,1,0,차대차 - 기타,안전거리미확보,건조,맑음,교차로 - 교차로안,승용,여,46세,상해없음,승용,남,60세,경상
2018121900100106,2018년 12월 19일 07시,수요일,경상북도 안동시 서후면,경상사고,0,0,1,0,차대차 - 측면충돌,안전운전불이행,서리/결빙,흐림,교차로 - 교차로안,승용,남,71세,상해없음,승용,여,44세,경상
2018121900100107,2018년 12월 19일 07시,수요일,경상북도 안동시 서후면,중상사고,0,1,0,0,차량단독 - 도로외이탈 - 기타,안전운전불이행,서리/결빙,맑음,단일로 - 기타,화물,남,67세,중상,,,,
2018121900100108,2018년 12월 19일 07시,수요일,경상북도 안동시 임동면,경상사고,0,0,1,0,차대차 - 측면충돌,안전운전불이행,서리/결빙,맑음,단일로 - 기타,승용,남,51세,상해없음,승용,여,43세,경상
2018121900100109,2018년 12월 19일 07시,수요일,경상북도 문경시 유곡동,사망사고,1,0,0,0,차대차 - 정면충돌,중앙선침범,서리/결빙,흐림,단일로 - 기타,승용,여,23세,사망,승합,남,66세,상해없음
2018121900100110,2018년 12월 19일 07시,수요일,경상북도 영덕군 영덕읍,중상사고,0,1,0,0,차대차 - 정면충돌,신호위반,건조,맑음,교차로 - 교차로안,화물,여,63세,상해없음,자전거,남,55세,중상
2018121900100111,2018년 12월 19일 07시,수요일,경상북도 포항시 남구 송내동,경상사고,0,0,1,0,차대차 - 기타,안전운전불이행,건조,맑음,단일로 - 기타,이륜,남,57세,경상,승용,남,54세,상해없음
2018121900100147,2018년 12월 19일 08시,수요일,경상북도 예천군 호명면,중상사고,0,3,0,0,차대차 - 추돌,안전운전불이행,젖음/습기,맑음,단일로 - 기타,승용,남,29세,상해없음,승용,남,33세,중상
2018121900100148,2018년 12월 19일 08시,수요일,경상북도 구미시 인의동,중상사고,0,1,0,0,차대사람 - 기타,안전운전불이행,건조,맑음,단일로 - 기타,화물,남,46세,상해없음,보행자,여,7세,중상
2018121900100149,2018년 12월 19일 08시,수요일,경상북도 구미시 송정동,경상사고,0,0,2,0,차대차 - 추돌,안전운전불이행,건조,맑음,교차로 - 교차로부근,승용,남,49세,상해없음,승용,여,47세,경상
2018121900100205,2018년 12월 19일 10시,수요일,경상북도 경주시 노동동,중상사고,0,1,0,0,차대차 - 측면충돌,안전운전불이행,건조,맑음,단일로 - 기타,화물,남,59세,상해없음,자전거,여,75세,중상
2018121900100258,2018년 12월 19일 12시,수요일,경상북도 김천시 농소면,경상사고,0,0,1,0,차대차 - 측면충돌,안전운전불이행,건조,맑음,기타 - 기타,승용,남,57세,상해없음,승용,남,32세,경상
2018121900100259,2018년 12월 19일 12시,수요일,경상북도 영주시 영주동,중상사고,0,1,0,0,차대사람 - 횡단중,보행자보호의무위반,건조,맑음,교차로 - 교차로안,화물,남,56세,상해없음,보행자,여,80세,중상
2018121900100260,2018년 12월 19일 12시,수요일,경상북도 구미시 도량동,사망사고,1,0,0,0,차대차 - 측면충돌,안전운전불이행,건조,맑음,단일로 - 기타,화물,남,54세,상해없음,자전거,남,87세,사망
2018121900100297,2018년 12월 19일 13시,수요일,경상북도 경주시 외동읍,사망사고,1,0,0,0,차대사람 - 횡단중,안전운전불이행,건조,맑음,단일로 - 기타,승용,여,62세,상해없음,보행자,여,77세,사망
2018121900100298,2018년 12월 19일 13시,수요일,경상북도 경주시 안강읍,경상사고,0,0,2,0,차대차 - 측면충돌,직진우회전진행방해,건조,맑음,교차로 - 교차로안,승용,여,48세,상해없음,승용,남,54세,경상
2018121900100299,2018년 12월 19일 13시,수요일,경상북도 칠곡군 동명면,경상사고,0,0,1,0,차대차 - 측면충돌,안전운전불이행,건조,맑음,교차로 - 교차로안,승합,남,50세,상해없음,승용,남,55세,경상
2018121900100300,2018년 12월 19일 13시,수요일,경상북도 문경시 점촌동,경상사고,0,0,1,0,차대사람 - 횡단중,보행자보호의무위반,건조,맑음,교차로 - 교차로안,승용,여,72세,상해없음,보행자,여,66세,경상
2018121900100301,2018년 12월 19일 13시,수요일,경상북도 경산시 정평동,중상사고,0,1,0,0,차대사람 - 보도통행중,안전운전불이행,건조,맑음,교차로 - 교차로안,승용,남,52세,상해없음,보행자,남,51세,중상
2018121900100302,2018년 12월 19일 13시,수요일,경상북도 구미시 고아읍,경상사고,0,0,1,0,차대차 - 기타,신호위반,건조,맑음,교차로 - 교차로안,이륜,남,88세,경상,승용,여,46세,상해없음
2018121900100328,2018년 12월 19일 14시,수요일,경상북도 김천시 양천동,중상사고,0,2,0,0,차량단독 - 공작물충돌,안전운전불이행,건조,맑음,단일로 - 기타,승합,남,51세,상해없음,,,,
2018121900100330,2018년 12월 19일 14시,수요일,경상북도 포항시 남구 연일읍,경상사고,0,0,1,0,차대차 - 측면충돌,직진우회전진행방해,건조,맑음,교차로 - 교차로안,승용,여,55세,상해없음,화물,남,45세,경상
2018121900100331,2018년 12월 19일 14시,수요일,경상북도 포항시 남구 오천읍,중상사고,0,1,0,0,차대차 - 측면충돌,직진우회전진행방해,건조,맑음,교차로 - 교차로안,승용,남,28세,기타불명,승용,여,65세,중상
2018121900100332,2018년 12월 19일 14시,수요일,경상북도 포항시 남구 대잠동,경상사고,0,0,1,0,차대차 - 측면충돌,안전운전불이행,건조,맑음,단일로 - 기타,화물,남,70세,기타불명,승용,여,62세,경상
2018121900100356,2018년 12월 19일 15시,수요일,경상북도 영덕군 달산면,경상사고,0,0,2,0,차량단독 - 도로외이탈 - 추락,안전운전불이행,건조,맑음,단일로 - 기타,승용,여,64세,경상,,,,
2018121900100392,2018년 12월 19일 16시,수요일,경상북도 안동시 남문동,중상사고,0,1,0,0,차대사람 - 횡단중,안전운전불이행,건조,맑음,단일로 - 기타,승용,여,59세,상해없음,보행자,여,65세,중상
2018121900100440,2018년 12월 19일 17시,수요일,경상북도 경주시 천북면,경상사고,0,0,1,0,차대차 - 측면충돌,안전거리미확보,건조,맑음,단일로 - 기타,화물,남,65세,상해없음,화물,남,46세,상해없음
2018121900100441,2018년 12월 19일 17시,수요일,경상북도 포항시 남구 오천읍,중상사고,0,1,0,0,차대차 - 측면충돌,중앙선침범,건조,맑음,단일로 - 기타,승용,남,66세,상해없음,이륜,남,17세,중상
2018121900100502,2018년 12월 19일 18시,수요일,경상북도 경주시 외동읍,사망사고,1,0,0,0,차대사람 - 차도통행중,안전운전불이행,건조,맑음,단일로 - 기타,승용,여,43세,상해없음,보행자,여,80세,사망
2018121900100572,2018년 12월 19일 20시,수요일,경상북도 경주시 황오동,경상사고,0,0,2,0,차대차 - 측면충돌,신호위반,건조,맑음,교차로 - 교차로안,승용,남,71세,상해없음,승용,남,53세,경상
2018121900100649,2018년 12월 19일 23시,수요일,경상북도 포항시 북구 장성동,경상사고,0,0,1,0,차대차 - 측면충돌,안전운전불이행,건조,맑음,단일로 - 기타,승용,여,39세,상해없음,승용,남,49세,경상
2018122000100011,2018년 12월 20일 00시,목요일,경상북도 경주시 성건동,경상사고,0,0,2,0,차대차 - 추돌,안전운전불이행,건조,맑음,교차로 - 교차로부근,승용,남,21세,상해없음,승용,남,30세,경상
2018122000100026,2018년 12월 20일 01시,목요일,경상북도 경산시 사정동,경상사고,0,0,3,0,차대차 - 추돌,안전운전불이행,건조,맑음,교차로 - 교차로부근,승용,남,43세,상해없음,승용,여,50세,경상
2018122000100104,2018년 12월 20일 07시,목요일,경상북도 포항시 북구 우현동,경상사고,0,0,1,0,차대차 - 기타,안전운전불이행,건조,맑음,단일로 - 기타,승용,남,70세,경상,승용,남,60세,상해없음
2018122000100128,2018년 12월 20일 08시,목요일,경상북도 경주시 탑동,경상사고,0,0,1,0,차대차 - 측면충돌,안전운전불이행,건조,맑음,교차로 - 교차로안,승용,남,23세,상해없음,자전거,여,73세,경상
2018122000100130,2018년 12월 20일 08시,목요일,경상북도 포항시 북구 용흥동,중상사고,0,1,0,0,차대사람 - 기타,안전운전불이행,건조,맑음,단일로 - 기타,화물,남,46세,상해없음,보행자,여,76세,중상
2018122000100131,2018년 12월 20일 08시,목요일,경상북도 포항시 남구 해도동,중상사고,0,1,0,0,차대차 - 측면충돌,안전운전불이행,건조,맑음,단일로 - 기타,승용,남,23세,상해없음,자전거,여,64세,중상
2018122000100165,2018년 12월 20일 09시,목요일,경상북도 울릉군 서면,중상사고,0,1,0,0,차대사람 - 길가장자리구역통행중,안전운전불이행,건조,맑음,단일로 - 기타,화물,남,51세,상해없음,보행자,여,83세,중상
2018122000100166,2018년 12월 20일 09시,목요일,경상북도 포항시 남구 대도동,경상사고,0,0,1,0,차대차 - 측면충돌,안전운전불이행,건조,맑음,교차로 - 교차로횡단보도내,이륜,남,70세,경상,승용,남,59세,상해없음
2018122000100189,2018년 12월 20일 10시,목요일,경상북도 울진군 근남면,경상사고,0,0,2,0,차대차 - 측면충돌,안전운전불이행,건조,맑음,교차로 - 교차로부근,승용,남,65세,상해없음,이륜,남,72세,경상
2018122000100216,2018년 12월 20일 11시,목요일,경상북도 울진군 후포면,중상사고,0,1,0,0,차대차 - 측면충돌,기타,건조,맑음,단일로 - 기타,승용,여,72세,상해없음,자전거,여,69세,중상
2018122000100239,2018년 12월 20일 12시,목요일,경상북도 경주시 동천동,경상사고,0,0,2,0,차대차 - 측면충돌,안전운전불이행,건조,맑음,단일로 - 기타,승용,여,24세,상해없음,승용,여,61세,경상
2018122000100240,2018년 12월 20일 12시,목요일,경상북도 안동시 길안면,경상사고,0,0,1,0,차대차 - 측면충돌,안전운전불이행,건조,맑음,단일로 - 기타,이륜,여,70세,경상,자전거,남,81세,상해없음
2018122000100261,2018년 12월 20일 13시,목요일,경상북도 봉화군 봉화읍,부상신고사고,0,0,0,1,차대차 - 정면충돌,신호위반,건조,맑음,교차로 - 교차로안,이륜,남,47세,부상신고,화물,남,52세,상해없음
2018122000100285,2018년 12월 20일 14시,목요일,경상북도 김천시 봉산면,중상사고,0,1,0,0,차대사람 - 기타,안전운전불이행,건조,맑음,기타 - 기타,기타불명,남,53세,상해없음,보행자,여,58세,중상
2018122000100286,2018년 12월 20일 14시,목요일,경상북도 영양군 영양읍,경상사고,0,0,1,0,차대차 - 추돌,안전운전불이행,건조,맑음,단일로 - 기타,승용,남,53세,상해없음,승용,여,56세,경상
2018122000100287,2018년 12월 20일 14시,목요일,경상북도 포항시 남구 해도동,경상사고,0,0,3,0,차대차 - 추돌,안전운전불이행,건조,맑음,단일로 - 기타,화물,남,64세,상해없음,승용,남,38세,경상
2018122000100383,2018년 12월 20일 17시,목요일,경상북도 포항시 북구 흥해읍,경상사고,0,0,6,2,차대차 - 추돌,안전거리미확보,건조,맑음,단일로 - 기타,승용,남,57세,경상,승용,남,34세,경상
2018122000100384,2018년 12월 20일 17시,목요일,경상북도 영주시 영주동,경상사고,0,0,1,0,차대차 - 기타,중앙선침범,건조,맑음,단일로 - 기타,자전거,남,77세,경상,승용,여,44세,상해없음
2018122000100385,2018년 12월 20일 17시,목요일,경상북도 경산시 하양읍,경상사고,0,0,1,0,차대차 - 기타,안전운전불이행,건조,맑음,교차로 - 교차로안,승용,남,40세,경상,승용,여,42세,상해없음
2018122000100386,2018년 12월 20일 17시,목요일,경상북도 울진군 근남면,경상사고,0,0,2,0,차대차 - 정면충돌,중앙선침범,건조,맑음,단일로 - 기타,승용,남,62세,상해없음,승용,남,66세,경상
2018122000100434,2018년 12월 20일 18시,목요일,경상북도 영천시 망정동,경상사고,0,0,1,0,차대사람 - 횡단중,안전운전불이행,건조,맑음,단일로 - 기타,승용,여,49세,상해없음,보행자,남,10세,경상
2018122000100435,2018년 12월 20일 18시,목요일,경상북도 경산시 하양읍,부상신고사고,0,0,0,2,차대차 - 측면충돌,안전운전불이행,건조,맑음,단일로 - 기타,승용,여,51세,상해없음,이륜,남,23세,부상신고
2018122000100436,2018년 12월 20일 18시,목요일,경상북도 경산시 정평동,경상사고,0,0,1,0,차대차 - 측면충돌,교차로운행방법위반,건조,맑음,교차로 - 교차로부근,이륜,남,37세,기타불명,승용,남,26세,경상
2018122000100437,2018년 12월 20일 18시,목요일,경상북도 구미시 선기동,중상사고,0,1,1,0,차대차 - 기타,중앙선침범,건조,맑음,단일로 - 기타,승용,여,52세,경상,화물,남,41세,중상
2018122000100438,2018년 12월 20일 18시,목요일,경상북도 포항시 남구 대잠동,경상사고,0,0,1,0,차대차 - 측면충돌,안전운전불이행,건조,맑음,교차로 - 교차로안,승용,남,53세,상해없음,승용,남,61세,경상
2018122000100481,2018년 12월 20일 19시,목요일,경상북도 포항시 북구 덕산동,경상사고,0,0,1,0,차대사람 - 기타,기타,건조,맑음,기타 - 기타,승용,여,44세,상해없음,보행자,남,30세,경상
2018122000100482,2018년 12월 20일 19시,목요일,경상북도 포항시 남구 오천읍,경상사고,0,0,2,0,차대차 - 추돌,안전운전불이행,건조,맑음,교차로 - 교차로부근,이륜,남,19세,경상,승용,여,32세,경상
2018122000100549,2018년 12월 20일 21시,목요일,경상북도 경주시 안강읍,경상사고,0,0,2,0,차대차 - 추돌,안전운전불이행,건조,맑음,교차로 - 교차로안,승용,남,47세,상해없음,승용,남,58세,경상
2018122000100550,2018년 12월 20일 21시,목요일,경상북도 포항시 북구 용흥동,중상사고,0,1,0,0,차대차 - 측면충돌,교차로운행방법위반,건조,맑음,교차로 - 교차로안,승용,남,44세,상해없음,자전거,여,70세,중상
2018122000100551,2018년 12월 20일 21시,목요일,경상북도 문경시 흥덕동,중상사고,0,1,1,0,차대차 - 추돌,안전운전불이행,건조,맑음,단일로 - 기타,승용,남,27세,경상,화물,남,42세,중상
2018122000100578,2018년 12월 20일 22시,목요일,경상북도 경산시 중산동,경상사고,0,0,1,0,차대사람 - 횡단중,안전운전불이행,건조,맑음,교차로 - 교차로안,승용,여,61세,상해없음,보행자,여,58세,경상
2018122000100603,2018년 12월 20일 23시,목요일,경상북도 경주시 현곡면,중상사고,0,1,0,0,차량단독 - 공작물충돌,안전운전불이행,건조,맑음,단일로 - 터널,승용,여,46세,중상,,,,
2018122100100009,2018년 12월 21일 00시,금요일,경상북도 경주시 외동읍,중상사고,0,1,0,0,차대차 - 추돌,안전운전불이행,건조,맑음,교차로 - 교차로부근,승용,남,23세,상해없음,승용,남,28세,중상
2018122100100027,2018년 12월 21일 01시,금요일,경상북도 영천시 완산동,경상사고,0,0,1,0,차대사람 - 보도통행중,기타,건조,맑음,단일로 - 기타,승용,남,79세,상해없음,보행자,여,66세,경상
2018122100100090,2018년 12월 21일 06시,금요일,경상북도 경산시 하양읍,경상사고,0,0,1,0,차대차 - 추돌,안전거리미확보,건조,맑음,단일로 - 기타,화물,남,59세,상해없음,건설기계,남,56세,경상
2018122100100123,2018년 12월 21일 07시,금요일,경상북도 구미시 공단동,중상사고,0,1,0,0,차대사람 - 기타,안전운전불이행,건조,맑음,단일로 - 기타,승용,여,69세,상해없음,보행자,여,86세,중상
2018122100100179,2018년 12월 21일 09시,금요일,경상북도 포항시 북구 죽도동,경상사고,0,0,1,0,차대차 - 측면충돌,안전운전불이행,건조,맑음,교차로 - 교차로안,승용,남,58세,상해없음,승용,남,43세,상해없음