사고번호,사고일시,요일,시군구,사고내용,사망자수,중상자수,경상자수,부상신고자수,사고유형,법규위반,노면상태,기상상태,도로형태,가해운전자 차종,가해운전자 성별,가해운전자 연령,가해운전자 상해정도,피해운전자 차종,피해운전자 성별,피해운전자 연령,피해운전자 상해정도
2018122100100214,2018년 12월 21일 10시,금요일,경상북도 구미시 옥성면,중상사고,0,1,0,0,차대차 - 기타,안전운전불이행,기타,맑음,단일로 - 기타,기타불명,기타불명,미분류,기타불명,사륜오토바이(ATV),여,64세,중상
2018122100100248,2018년 12월 21일 11시,금요일,경상북도 경산시 옥산동,경상사고,0,0,1,0,차대차 - 측면충돌,신호위반,건조,맑음,교차로 - 교차로안,승용,남,39세,상해없음,승용,여,63세,경상
2018122100100280,2018년 12월 21일 12시,금요일,경상북도 영주시 풍기읍,중상사고,0,1,1,0,차대차 - 측면충돌,안전운전불이행,건조,맑음,단일로 - 기타,화물,남,72세,상해없음,승용,남,29세,경상
2018122100100281,2018년 12월 21일 12시,금요일,경상북도 포항시 남구 동촌동,경상사고,0,0,4,0,차대차 - 측면충돌,안전운전불이행,건조,맑음,단일로 - 기타,특수,남,33세,상해없음,승용,남,49세,경상
2018122100100314,2018년 12월 21일 13시,금요일,경상북도 포항시 북구 흥해읍,경상사고,0,0,1,1,차대차 - 측면충돌,신호위반,건조,맑음,교차로 - 교차로안,승용,남,76세,부상신고,승용,남,63세,경상
2018122100100315,2018년 12월 21일 13시,금요일,경상북도 문경시 산북면,경상사고,0,0,1,0,차량단독 - 전도전복 - 전도,안전운전불이행,건조,맑음,단일로 - 기타,건설기계,남,61세,경상,미분류,미분류,미분류,미분류
2018122100100316,2018년 12월 21일 13시,금요일,경상북도 울진군 금강송면,경상사고,0,0,1,0,차대차 - 측면충돌,불법유턴,건조,흐림,교차로 - 교차로안,화물,남,58세,상해없음,승용,여,65세,경상
2018122100100339,2018년 12월 21일 14시,금요일,경상북도 포항시 북구 상원동,경상사고,0,0,3,0,차대차 - 기타,안전운전불이행,건조,맑음,교차로 - 교차로부근,승용,여,39세,상해없음,승용,여,33세,경상
2018122100100340,2018년 12월 21일 14시,금요일,경상북도 상주시 냉림동,경상사고,0,0,1,0,차대사람 - 길가장자리구역통행중,안전운전불이행,건조,맑음,단일로 - 기타,승합,남,56세,상해없음,보행자,남,65세,경상
2018122100100341,2018년 12월 21일 14시,금요일,경상북도 영주시 영주동,중상사고,0,1,0,0,차대사람 - 횡단중,보행자보호의무위반,건조,맑음,교차로 - 교차로부근,승용,여,69세,상해없음,보행자,남,54세,중상
2018122100100342,2018년 12월 21일 14시,금요일,경상북도 포항시 남구 호미곶면,중상사고,0,1,0,0,차대차 - 측면충돌,직진우회전진행방해,건조,맑음,교차로 - 교차로안,승용,여,56세,상해없음,이륜,남,73세,중상
2018122100100369,2018년 12월 21일 15시,금요일,경상북도 경주시 외동읍,경상사고,0,0,2,0,차대차 - 측면충돌,안전운전불이행,건조,맑음,교차로 - 교차로안,화물,남,55세,상해없음,승용,남,53세,경상
2018122100100404,2018년 12월 21일 16시,금요일,경상북도 포항시 북구 환호동,경상사고,0,0,1,0,차대차 - 기타,안전운전불이행,건조,맑음,단일로 - 기타,승용,여,50세,상해없음,자전거,남,75세,경상
2018122100100447,2018년 12월 21일 17시,금요일,경상북도 문경시 모전동,경상사고,0,0,2,0,차대차 - 후진중충돌,안전운전불이행,건조,맑음,교차로 - 교차로안,승용,남,59세,상해없음,승용,남,37세,경상
2018122100100448,2018년 12월 21일 17시,금요일,경상북도 구미시 봉곡동,중상사고,0,1,0,0,차대차 - 기타,교차로운행방법위반,건조,맑음,교차로 - 교차로안,승용,남,56세,상해없음,이륜,남,18세,중상
2018122100100449,2018년 12월 21일 17시,금요일,경상북도 포항시 남구 연일읍,사망사고,1,0,0,0,차대사람 - 횡단중,안전운전불이행,건조,맑음,단일로 - 기타,승용,남,69세,상해없음,보행자,여,77세,사망
2018122100100523,2018년 12월 21일 18시,금요일,경상북도 경주시 황오동,경상사고,0,0,1,0,차대사람 - 횡단중,보행자보호의무위반,건조,맑음,단일로 - 기타,승용,여,57세,상해없음,보행자,남,28세,경상
2018122100100524,2018년 12월 21일 18시,금요일,경상북도 포항시 북구 양덕동,중상사고,0,1,0,0,차대차 - 측면충돌,안전운전불이행,건조,맑음,교차로 - 교차로안,이륜,남,39세,중상,승용,여,56세,상해없음
2018122100100564,2018년 12월 21일 19시,금요일,경상북도 칠곡군 왜관읍,경상사고,0,0,1,0,차대사람 - 횡단중,안전운전불이행,건조,맑음,단일로 - 기타,승용,여,42세,상해없음,보행자,남,70세,경상
2018122100100565,2018년 12월 21일 19시,금요일,경상북도 포항시 남구 송도동,경상사고,0,0,1,0,차대차 - 기타,기타,건조,맑음,교차로 - 교차로부근,승용,여,48세,상해없음,승용,남,54세,경상
2018122100100602,2018년 12월 21일 20시,금요일,경상북도 경주시 황성동,경상사고,0,0,1,0,차대차 - 측면충돌,안전운전불이행,건조,맑음,교차로 - 교차로부근,승용,남,59세,상해없음,승용,남,37세,경상
2018122100100603,2018년 12월 21일 20시,금요일,경상북도 문경시 흥덕동,경상사고,0,0,1,0,차대사람 - 횡단중,보행자보호의무위반,건조,맑음,교차로 - 교차로안,승용,여,41세,상해없음,보행자,남,70세,경상
2018122100100604,2018년 12월 21일 20시,금요일,경상북도 구미시 봉곡동,경상사고,0,0,1,0,차대차 - 기타,안전운전불이행,건조,맑음,단일로 - 기타,이륜,남,19세,경상,승합,여,59세,상해없음
2018122100100624,2018년 12월 21일 21시,금요일,경상북도 김천시 부곡동,경상사고,0,0,1,0,차대차 - 측면충돌,신호위반,건조,맑음,교차로 - 교차로안,자전거,남,57세,경상,승용,여,47세,상해없음
2018122100100625,2018년 12월 21일 21시,금요일,경상북도 영주시 가흥동,중상사고,0,1,2,0,차대차 - 측면충돌,안전운전불이행,건조,맑음,단일로 - 기타,승용,남,37세,상해없음,승용,남,56세,중상
2018122100100626,2018년 12월 21일 21시,금요일,경상북도 경산시 중방동,중상사고,0,1,0,0,차대사람 - 횡단중,보행자보호의무위반,건조,맑음,교차로 - 교차로횡단보도내,승용,남,25세,상해없음,보행자,여,53세,중상
2018122100100692,2018년 12월 21일 23시,금요일,경상북도 칠곡군 왜관읍,경상사고,0,0,1,0,차대차 - 추돌,안전운전불이행,건조,흐림,단일로 - 기타,화물,남,38세,상해없음,승용,여,29세,경상
2018122200100014,2018년 12월 22일 00시,토요일,경상북도 상주시 낙동면,경상사고,0,0,1,0,차대차 - 기타,안전운전불이행,건조,맑음,단일로 - 기타,화물,남,53세,상해없음,특수,남,40세,경상
2018122200100120,2018년 12월 22일 07시,토요일,경상북도 경주시 성건동,중상사고,0,1,0,0,차대사람 - 길가장자리구역통행중,안전운전불이행,건조,맑음,단일로 - 기타,승용,남,46세,상해없음,보행자,여,58세,중상
2018122200100121,2018년 12월 22일 07시,토요일,경상북도 안동시 풍산읍,경상사고,0,0,1,0,차량단독 - 공작물충돌,안전운전불이행,건조,맑음,단일로 - 교량,승용,여,33세,경상,,,,
2018122200100122,2018년 12월 22일 07시,토요일,경상북도 영양군 일월면,중상사고,0,1,0,0,차량단독 - 전도전복 - 전복,안전운전불이행,서리/결빙,맑음,단일로 - 기타,승용,남,58세,중상,미분류,미분류,미분류,미분류
2018122200100141,2018년 12월 22일 08시,토요일,경상북도 경산시 진량읍,경상사고,0,0,1,0,차대차 - 기타,신호위반,건조,맑음,교차로 - 교차로안,승용,여,63세,상해없음,화물,남,46세,경상
2018122200100142,2018년 12월 22일 08시,토요일,경상북도 예천군 호명면,사망사고,1,0,0,0,차대사람 - 차도통행중,과속,건조,맑음,단일로 - 기타,승용,여,23세,상해없음,보행자,여,29세,사망
2018122200100177,2018년 12월 22일 09시,토요일,경상북도 포항시 북구 득량동,경상사고,0,0,2,0,차대차 - 측면충돌,교차로운행방법위반,건조,맑음,교차로 - 교차로안,승용,남,56세,상해없음,승용,여,60세,경상
2018122200100202,2018년 12월 22일 10시,토요일,경상북도 고령군 대가야읍,중상사고,0,1,0,0,차대차 - 측면충돌,교차로운행방법위반,건조,맑음,교차로 - 교차로안,승용,남,45세,상해없음,자전거,여,66세,중상
2018122200100234,2018년 12월 22일 11시,토요일,경상북도 경주시 황성동,중상사고,0,1,0,0,차대차 - 측면충돌,안전운전불이행,건조,맑음,교차로 - 교차로횡단보도내,승용,남,63세,상해없음,자전거,여,68세,중상
2018122200100235,2018년 12월 22일 11시,토요일,경상북도 영양군 일월면,경상사고,0,0,1,0,차량단독 - 공작물충돌,안전운전불이행,서리/결빙,맑음,단일로 - 기타,화물,남,63세,경상,,,,
2018122200100273,2018년 12월 22일 12시,토요일,경상북도 구미시 옥계동,경상사고,0,0,1,0,차대사람 - 기타,안전운전불이행,건조,맑음,단일로 - 기타,승용,남,47세,상해없음,보행자,여,35세,경상
2018122200100302,2018년 12월 22일 13시,토요일,경상북도 경주시 동천동,경상사고,0,0,4,0,차대차 - 측면충돌,직진우회전진행방해,건조,맑음,교차로 - 교차로안,승용,여,51세,경상,화물,남,26세,경상
2018122200100303,2018년 12월 22일 13시,토요일,경상북도 영천시 서산동,경상사고,0,0,1,0,차대차 - 측면충돌,안전운전불이행,건조,맑음,교차로 - 교차로안,승용,남,75세,기타불명,승용,남,71세,경상
2018122200100304,2018년 12월 22일 13시,토요일,경상북도 영천시 완산동,중상사고,0,1,1,0,차대차 - 측면충돌,직진우회전진행방해,건조,맑음,교차로 - 교차로안,승용,여,60세,경상,승용,여,56세,중상
2018122200100305,2018년 12월 22일 13시,토요일,경상북도 청도군 매전면,사망사고,1,1,0,0,차대차 - 정면충돌,중앙선침범,건조,맑음,교차로 - 교차로부근,화물,남,63세,중상,화물,남,59세,사망
2018122200100331,2018년 12월 22일 14시,토요일,경상북도 경주시 외동읍,부상신고사고,0,0,0,1,차대차 - 측면충돌,안전거리미확보,건조,맑음,단일로 - 기타,화물,남,30세,상해없음,승용,여,33세,부상신고
2018122200100343,2018년 12월 22일 14시,토요일,경상북도 영주시 가흥동,중상사고,0,1,2,0,차대차 - 측면충돌,안전운전불이행,건조,맑음,교차로 - 교차로부근,화물,남,76세,상해없음,승용,여,37세,중상
2018122200100381,2018년 12월 22일 15시,토요일,경상북도 경주시 진현동,경상사고,0,0,1,0,차량단독 - 도로외이탈 - 추락,안전운전불이행,건조,맑음,단일로 - 지하차도(도로)내,승용,여,34세,상해없음,,,,
2018122200100382,2018년 12월 22일 15시,토요일,경상북도 포항시 북구 용흥동,경상사고,0,0,1,0,차대차 - 기타,안전운전불이행,건조,맑음,단일로 - 기타,승용,여,43세,상해없음,이륜,남,60세,경상
2018122200100383,2018년 12월 22일 15시,토요일,경상북도 포항시 남구 오천읍,경상사고,0,0,1,1,차대차 - 측면충돌,신호위반,건조,맑음,교차로 - 교차로안,이륜,남,35세,부상신고,승용,여,39세,경상
2018122200100384,2018년 12월 22일 15시,토요일,경상북도 경산시 진량읍,중상사고,0,1,1,0,차대차 - 정면충돌,중앙선침범,건조,맑음,단일로 - 기타,승용,남,36세,상해없음,승용,남,39세,중상
2018122200100458,2018년 12월 22일 17시,토요일,경상북도 김천시 교동,중상사고,0,1,0,0,차대차 - 측면충돌,기타,건조,맑음,단일로 - 기타,승용,여,64세,중상,승용,남,43세,상해없음
2018122200100459,2018년 12월 22일 17시,토요일,경상북도 영천시 고경면,중상사고,0,2,0,0,차대차 - 측면충돌,안전운전불이행,건조,흐림,단일로 - 기타,승용,남,60세,중상,승용,남,31세,상해없음
2018122200100460,2018년 12월 22일 17시,토요일,경상북도 울진군 울진읍,중상사고,0,1,0,0,차대사람 - 길가장자리구역통행중,안전운전불이행,건조,맑음,기타 - 기타,화물,남,37세,상해없음,보행자,여,60세,중상
2018122200100498,2018년 12월 22일 18시,토요일,경상북도 상주시 무양동,중상사고,0,1,0,0,차대차 - 기타,교차로운행방법위반,건조,맑음,교차로 - 교차로안,승용,남,54세,상해없음,이륜,여,34세,중상
2018122200100499,2018년 12월 22일 18시,토요일,경상북도 영천시 고경면,경상사고,0,0,1,0,차대차 - 추돌,안전거리미확보,건조,맑음,단일로 - 기타,승용,남,66세,상해없음,승용,여,47세,경상
2018122200100500,2018년 12월 22일 18시,토요일,경상북도 영덕군 영덕읍,중상사고,0,1,0,0,차대차 - 측면충돌,안전운전불이행,건조,맑음,교차로 - 교차로안,승용,남,31세,상해없음,자전거,남,13세,중상
2018122200100532,2018년 12월 22일 19시,토요일,경상북도 포항시 북구 두호동,사망사고,1,0,0,0,차대사람 - 차도통행중,안전운전불이행,건조,맑음,단일로 - 기타,승용,여,49세,상해없음,보행자,남,50세,사망
2018122200100533,2018년 12월 22일 19시,토요일,경상북도 김천시 대덕면,경상사고,0,0,1,0,차량단독 - 공작물충돌,안전운전불이행,서리/결빙,기타,단일로 - 기타,화물,남,36세,경상,,,,
2018122200100557,2018년 12월 22일 20시,토요일,경상북도 청송군 주왕산면,경상사고,0,0,1,0,차대차 - 측면충돌,중앙선침범,젖음/습기,맑음,단일로 - 기타,승합,남,46세,상해없음,화물,남,45세,경상
2018122200100558,2018년 12월 22일 20시,토요일,경상북도 구미시 진평동,경상사고,0,0,1,0,차대차 - 기타,안전운전불이행,건조,맑음,단일로 - 기타,승용,남,58세,상해없음,이륜,남,33세,경상
2018122200100559,2018년 12월 22일 20시,토요일,경상북도 칠곡군 지천면,경상사고,0,0,1,0,차대차 - 기타,안전거리미확보,건조,맑음,단일로 - 기타,기타불명,기타불명,미분류,기타불명,승용,남,48세,경상
2018122200100577,2018년 12월 22일 21시,토요일,경상북도 포항시 남구 오천읍,중상사고,0,1,0,0,차대사람 - 횡단중,과속,건조,맑음,교차로 - 교차로횡단보도내,승용,남,50세,상해없음,보행자,남,60세,중상
2018122200100602,2018년 12월 22일 22시,토요일,경상북도 구미시 형곡동,중상사고,0,1,0,0,차대차 - 기타,교차로운행방법위반,건조,맑음,교차로 - 교차로안,승용,남,49세,상해없음,이륜,남,24세,중상
2018122200100630,2018년 12월 22일 23시,토요일,경상북도 상주시 외서면,경상사고,0,0,1,0,차대차 - 추돌,안전운전불이행,건조,맑음,단일로 - 기타,승용,남,29세,상해없음,승용,남,48세,경상
2018122200100631,2018년 12월 22일 23시,토요일,경상북도 영양군 일월면,중상사고,0,1,0,0,차량단독 - 공작물충돌,안전운전불이행,서리/결빙,맑음,단일로 - 기타,승용,남,18세,중상,,,,
2018122300100017,2018년 12월 23일 00시,일요일,경상북도 경주시 동천동,중상사고,0,1,0,0,차대사람 - 길가장자리구역통행중,안전운전불이행,건조,맑음,단일로 - 기타,승용,남,46세,상해없음,보행자,남,47세,중상
2018122300100018,2018년 12월 23일 00시,일요일,경상북도 경산시 진량읍,경상사고,0,0,1,0,차대차 - 측면충돌,안전운전불이행,건조,맑음,교차로 - 교차로안,승용,남,58세,상해없음,승용,여,47세,경상
2018122300100032,2018년 12월 23일 01시,일요일,경상북도 칠곡군 석적읍,경상사고,0,0,2,0,차대차 - 측면충돌,안전운전불이행,건조,맑음,단일로 - 기타,승용,여,64세,상해없음,승용,남,71세,경상
2018122300100033,2018년 12월 23일 01시,일요일,경상북도 구미시 진평동,중상사고,0,1,1,0,차대차 - 기타,교차로운행방법위반,건조,맑음,교차로 - 교차로안,승용,남,60세,상해없음,승용,남,34세,중상
2018122300100058,2018년 12월 23일 03시,일요일,경상북도 구미시 진평동,경상사고,0,0,2,0,차대차 - 기타,신호위반,건조,맑음,교차로 - 교차로안,승용,남,48세,상해없음,승용,남,58세,경상
2018122300100074,2018년 12월 23일 04시,일요일,경상북도 김천시 율곡동,중상사고,0,1,0,0,차대사람 - 횡단중,신호위반,건조,맑음,교차로 - 교차로안,승용,남,33세,상해없음,보행자,여,73세,중상
2018122300100095,2018년 12월 23일 06시,일요일,경상북도 포항시 북구 죽도동,경상사고,0,0,1,0,차대사람 - 횡단중,안전운전불이행,젖음/습기,비,단일로 - 기타,승용,여,60세,상해없음,보행자,여,36세,상해없음
2018122300100105,2018년 12월 23일 07시,일요일,경상북도 영주시 가흥동,경상사고,0,0,1,0,차대사람 - 횡단중,안전운전불이행,건조,맑음,교차로 - 교차로안,화물,남,40세,상해없음,보행자,남,58세,경상
2018122300100114,2018년 12월 23일 08시,일요일,경상북도 칠곡군 북삼읍,경상사고,0,0,1,0,차대차 - 측면충돌,신호위반,젖음/습기,맑음,교차로 - 교차로안,화물,남,53세,상해없음,승용,남,65세,경상
2018122300100125,2018년 12월 23일 09시,일요일,경상북도 김천시 황금동,경상사고,0,0,1,0,차대차 - 측면충돌,안전운전불이행,건조,맑음,단일로 - 기타,승용,여,54세,상해없음,승용,여,60세,경상
2018122300100141,2018년 12월 23일 10시,일요일,경상북도 영덕군 영덕읍,중상사고,0,1,0,0,차대사람 - 횡단중,안전운전불이행,건조,맑음,단일로 - 기타,승용,남,22세,상해없음,보행자,남,66세,중상
2018122300100157,2018년 12월 23일 11시,일요일,경상북도 영천시 문외동,경상사고,0,0,1,0,차대사람 - 횡단중,안전운전불이행,건조,맑음,단일로 - 기타,승용,여,58세,상해없음,보행자,남,54세,경상
2018122300100176,2018년 12월 23일 12시,일요일,경상북도 경주시 충효동,중상사고,0,1,0,0,차대차 - 측면충돌,안전운전불이행,건조,맑음,교차로 - 교차로안,승용,남,47세,상해없음,이륜,남,29세,중상
2018122300100177,2018년 12월 23일 12시,일요일,경상북도 경산시 자인면,사망사고,1,1,1,0,차대차 - 추돌,안전운전불이행,건조,맑음,단일로 - 기타,화물,남,80세,사망,화물,남,78세,중상
2018122300100198,2018년 12월 23일 13시,일요일,경상북도 예천군 예천읍,중상사고,0,1,0,0,차대사람 - 횡단중,보행자보호의무위반,건조,맑음,교차로 - 교차로횡단보도내,승용,여,58세,상해없음,보행자,여,60세,중상
2018122300100225,2018년 12월 23일 14시,일요일,경상북도 포항시 북구 용흥동,경상사고,0,0,2,0,차대차 - 기타,안전거리미확보,건조,맑음,단일로 - 기타,승용,남,28세,상해없음,승용,여,33세,경상
2018122300100226,2018년 12월 23일 14시,일요일,경상북도 상주시 냉림동,중상사고,0,1,0,0,차대차 - 측면충돌,신호위반,건조,맑음,교차로 - 교차로횡단보도내,화물,남,83세,상해없음,승용,남,46세,중상
2018122300100227,2018년 12월 23일 14시,일요일,경상북도 경산시 하양읍,경상사고,0,0,2,0,차대차 - 추돌,안전운전불이행,건조,맑음,교차로 - 교차로부근,승용,남,21세,상해없음,승용,여,41세,경상
2018122300100257,2018년 12월 23일 15시,일요일,경상북도 영천시 교촌동,경상사고,0,0,3,0,차대차 - 측면충돌,안전운전불이행,건조,맑음,교차로 - 교차로안,승용,남,76세,경상,승합,남,64세,경상
2018122300100258,2018년 12월 23일 15시,일요일,경상북도 경산시 진량읍,사망사고,1,0,0,0,차대차 - 측면충돌,중앙선침범,건조,맑음,단일로 - 기타,화물,남,52세,상해없음,이륜,남,26세,사망
2018122300100259,2018년 12월 23일 15시,일요일,경상북도 경산시 압량면,중상사고,0,1,3,0,차대차 - 측면충돌,안전운전불이행,건조,맑음,단일로 - 기타,승용,남,58세,상해없음,승용,남,61세,경상
2018122300100281,2018년 12월 23일 16시,일요일,경상북도 포항시 북구 덕수동,중상사고,0,1,0,0,차대차 - 측면충돌,차로위반,건조,맑음,단일로 - 기타,특수,남,35세,상해없음,승용,남,37세,중상
2018122300100309,2018년 12월 23일 17시,일요일,경상북도 포항시 북구 덕수동,경상사고,0,0,2,0,차대차 - 추돌,안전운전불이행,건조,맑음,단일로 - 기타,화물,남,68세,상해없음,승용,남,31세,경상
2018122300100310,2018년 12월 23일 17시,일요일,경상북도 문경시 모전동,경상사고,0,0,2,0,차대차 - 측면충돌,신호위반,건조,맑음,교차로 - 교차로안,승용,여,53세,상해없음,승용,여,55세,경상
2018122300100311,2018년 12월 23일 17시,일요일,경상북도 포항시 남구 이동,경상사고,0,0,1,0,차대차 - 측면충돌,직진우회전진행방해,건조,맑음,교차로 - 교차로안,승용,남,59세,상해없음,승용,여,40세,경상
2018122300100335,2018년 12월 23일 18시,일요일,경상북도 경주시 황성동,중상사고,0,1,0,0,차대사람 - 횡단중,안전운전불이행,건조,맑음,주차장 - 주차장,승용,남,19세,상해없음,보행자,남,68세,중상
2018122300100336,2018년 12월 23일 18시,일요일,경상북도 경산시 옥산동,중상사고,0,1,0,0,차대사람 - 횡단중,안전운전불이행,건조,맑음,단일로 - 기타,승용,여,57세,상해없음,보행자,여,60세,중상
2018122300100368,2018년 12월 23일 19시,일요일,경상북도 칠곡군 북삼읍,경상사고,0,0,1,1,차대차 - 측면충돌,안전운전불이행,건조,맑음,단일로 - 기타,승용,여,46세,부상신고,승용,남,39세,경상
2018122300100369,2018년 12월 23일 19시,일요일,경상북도 구미시 원평동,경상사고,0,0,2,0,차대차 - 기타,안전운전불이행,건조,맑음,교차로 - 교차로안,승용,남,30세,상해없음,승용,남,32세,경상
2018122300100408,2018년 12월 23일 21시,일요일,경상북도 영주시 하망동,경상사고,0,0,3,0,차대차 - 추돌,안전운전불이행,건조,맑음,단일로 - 기타,화물,남,48세,상해없음,승용,남,44세,경상
2018122400100016,2018년 12월 24일 01시,월요일,경상북도 구미시 인의동,경상사고,0,0,1,0,차대차 - 측면충돌,중앙선침범,건조,맑음,교차로 - 교차로부근,승용,남,25세,상해없음,승용,남,32세,경상
2018122400100039,2018년 12월 24일 05시,월요일,경상북도 칠곡군 석적읍,중상사고,0,1,0,0,차량단독 - 공작물충돌,안전운전불이행,건조,맑음,단일로 - 기타,이륜,남,19세,중상,,,,
2018122400100058,2018년 12월 24일 06시,월요일,경상북도 안동시 정상동,경상사고,0,0,1,0,차대차 - 정면충돌,안전운전불이행,건조,맑음,교차로 - 교차로안,승합,남,69세,상해없음,승용,여,38세,경상
2018122400100059,2018년 12월 24일 06시,월요일,경상북도 봉화군 소천면,부상신고사고,0,0,0,1,차대차 - 추돌,안전운전불이행,건조,맑음,단일로 - 기타,승용,남,34세,부상신고,화물,남,69세,상해없음
2018122400100080,2018년 12월 24일 07시,월요일,경상북도 의성군 단북면,중상사고,0,1,1,0,차대차 - 측면충돌,신호위반,건조,맑음,교차로 - 교차로안,승용,남,59세,경상,승용,여,37세,중상
2018122400100081,2018년 12월 24일 07시,월요일,경상북도 경산시 대평동,경상사고,0,0,1,0,차대차 - 기타,불법유턴,건조,맑음,단일로 - 기타,승용,남,58세,상해없음,승용,남,30세,경상
2018122400100113,2018년 12월 24일 08시,월요일,경상북도 안동시 송현동,경상사고,0,0,2,0,차대차 - 추돌,안전거리미확보,건조,맑음,단일로 - 기타,승용,여,45세,상해없음,승용,여,53세,경상
2018122400100144,2018년 12월 24일 09시,월요일,경상북도 경주시 성동동,경상사고,0,0,1,0,차대차 - 추돌,안전운전불이행,건조,맑음,단일로 - 기타,원동기,남,67세,경상,승용,남,63세,상해없음
2018122400100145,2018년 12월 24일 09시,월요일,경상북도 안동시 용상동,경상사고,0,0,1,0,차대차 - 측면충돌,안전운전불이행,건조,맑음,교차로 - 교차로안,승용,남,61세,상해없음,승합,남,43세,경상
2018122400100146,2018년 12월 24일 09시,월요일,경상북도 칠곡군 약목면,경상사고,0,0,2,0,차대차 - 추돌,안전운전불이행,건조,맑음,단일로 - 교량,승용,남,51세,상해없음,승용,남,31세,경상
2018122400100176,2018년 12월 24일 10시,월요일,경상북도 포항시 북구 흥해읍,중상사고,0,1,0,0,차대사람 - 횡단중,안전운전불이행,건조,맑음,단일로 - 기타,승용,여,55세,상해없음,보행자,여,78세,중상
2018122400100177,2018년 12월 24일 10시,월요일,경상북도 칠곡군 왜관읍,경상사고,0,0,2,0,차대차 - 측면충돌,교차로운행방법위반,건조,맑음,단일로 - 기타,승용,남,62세,상해없음,화물,남,70세,경상
2018122400100178,2018년 12월 24일 10시,월요일,경상북도 칠곡군 왜관읍,부상신고사고,0,0,0,1,차대차 - 측면충돌,교차로운행방법위반,건조,맑음,교차로 - 교차로안,승용,남,25세,상해없음,승용,남,36세,부상신고
2018122400100179,2018년 12월 24일 10시,월요일,경상북도 문경시 흥덕동,경상사고,0,0,1,0,차대차 - 측면충돌,교차로운행방법위반,건조,맑음,교차로 - 교차로안,화물,남,71세,상해없음,승용,여,44세,경상
2018122400100180,2018년 12월 24일 10시,월요일,경상북도 영덕군 영덕읍,경상사고,0,0,1,0,차량단독 - 전도전복 - 전도,안전운전불이행,건조,맑음,단일로 - 기타,이륜,여,65세,경상,미분류,미분류,미분류,미분류
2018122400100181,2018년 12월 24일 10시,월요일,경상북도 구미시 원평동,중상사고,0,1,1,0,차대사람 - 기타,안전운전불이행,건조,맑음,주차장 - 주차장,승용,여,71세,상해없음,보행자,남,77세,중상
2018122400100214,2018년 12월 24일 11시,월요일,경상북도 울진군 북면,경상사고,0,0,1,0,차대차 - 측면충돌,안전운전불이행,건조,맑음,교차로 - 교차로안,승용,여,38세,상해없음,승용,남,56세,경상
2018122400100240,2018년 12월 24일 12시,월요일,경상북도 포항시 북구 죽도동,경상사고,0,0,1,0,차대차 - 측면충돌,안전운전불이행,건조,맑음,단일로 - 기타,이륜,남,49세,경상,화물,남,61세,상해없음
2018122400100241,2018년 12월 24일 12시,월요일,경상북도 포항시 북구 용흥동,경상사고,0,0,1,0,차대차 - 추돌,안전운전불이행,건조,맑음,단일로 - 기타,승용,남,24세,상해없음,승용,남,51세,경상
2018122400100242,2018년 12월 24일 12시,월요일,경상북도 성주군 벽진면,경상사고,0,0,1,0,차대차 - 측면충돌,안전운전불이행,건조,맑음,교차로 - 교차로안,승용,남,80세,상해없음,승용,남,59세,경상
2018122400100243,2018년 12월 24일 12시,월요일,경상북도 포항시 남구 대잠동,경상사고,0,0,5,0,차대차 - 추돌,안전거리미확보,건조,맑음,단일로 - 기타,승용,여,52세,상해없음,승용,남,49세,경상
2018122400100244,2018년 12월 24일 12시,월요일,경상북도 포항시 남구 상도동,경상사고,0,0,1,0,차대차 - 측면충돌,안전운전불이행,건조,맑음,교차로 - 교차로안,자전거,남,67세,경상,승용,여,33세,상해없음
2018122400100357,2018년 12월 24일 15시,월요일,경상북도 영천시 대창면,경상사고,0,0,1,0,차량단독 - 전도전복 - 전도,안전운전불이행,젖음/습기,흐림,단일로 - 기타,원동기,남,73세,경상,미분류,미분류,미분류,미분류
2018122400100358,2018년 12월 24일 15시,월요일,경상북도 구미시 송정동,경상사고,0,0,1,0,차대차 - 기타,신호위반,건조,맑음,단일로 - 기타,승용,남,40세,상해없음,이륜,남,18세,경상
2018122400100392,2018년 12월 24일 16시,월요일,경상북도 경주시 안강읍,경상사고,0,0,1,0,차대차 - 측면충돌,안전운전불이행,건조,맑음,교차로 - 교차로안,승용,남,66세,상해없음,승용,남,61세,경상
2018122400100393,2018년 12월 24일 16시,월요일,경상북도 예천군 예천읍,경상사고,0,0,1,0,차대차 - 측면충돌,교차로운행방법위반,건조,맑음,교차로 - 교차로안,화물,남,57세,상해없음,이륜,남,69세,경상
2018122400100424,2018년 12월 24일 17시,월요일,경상북도 김천시 양천동,경상사고,0,0,1,0,차대차 - 측면충돌,안전운전불이행,건조,기타,단일로 - 기타,자전거,여,77세,경상,화물,남,35세,상해없음
2018122400100425,2018년 12월 24일 17시,월요일,경상북도 칠곡군 왜관읍,경상사고,0,0,1,0,차대차 - 측면충돌,안전운전불이행,건조,맑음,단일로 - 기타,화물,남,62세,상해없음,승용,여,31세,경상