사고번호,사고일시,요일,시군구,사고내용,사망자수,중상자수,경상자수,부상신고자수,사고유형,법규위반,노면상태,기상상태,도로형태,가해운전자 차종,가해운전자 성별,가해운전자 연령,가해운전자 상해정도,피해운전자 차종,피해운전자 성별,피해운전자 연령,피해운전자 상해정도
2018122400100482,2018년 12월 24일 18시,월요일,경상북도 경주시 황성동,경상사고,0,0,2,0,차대차 - 추돌,안전운전불이행,건조,맑음,단일로 - 지하차도(도로)내,승용,남,66세,상해없음,승용,남,19세,경상
2018122400100483,2018년 12월 24일 18시,월요일,경상북도 경주시 효현동,경상사고,0,0,1,0,차대차 - 측면충돌,안전운전불이행,건조,맑음,단일로 - 지하차도(도로)내,승용,여,51세,상해없음,승합,남,53세,경상
2018122400100484,2018년 12월 24일 18시,월요일,경상북도 포항시 북구 죽도동,경상사고,0,0,1,0,차대차 - 측면충돌,직진우회전진행방해,건조,맑음,교차로 - 교차로안,승용,남,60세,상해없음,승용,여,50세,경상
2018122400100485,2018년 12월 24일 18시,월요일,경상북도 포항시 북구 장성동,경상사고,0,0,1,0,차대차 - 측면충돌,안전운전불이행,건조,맑음,교차로 - 교차로안,화물,남,56세,상해없음,이륜,남,38세,경상
2018122400100486,2018년 12월 24일 18시,월요일,경상북도 안동시 옥동,경상사고,0,0,1,0,차대차 - 기타,중앙선침범,건조,맑음,단일로 - 기타,승용,남,26세,상해없음,승용,남,66세,경상
2018122400100487,2018년 12월 24일 18시,월요일,경상북도 김천시 양천동,경상사고,0,0,2,0,차대차 - 추돌,안전거리미확보,건조,기타,단일로 - 기타,승용,여,44세,상해없음,승용,남,54세,경상
2018122400100488,2018년 12월 24일 18시,월요일,경상북도 영천시 금호읍,경상사고,0,0,1,0,차대사람 - 횡단중,안전운전불이행,건조,맑음,교차로 - 교차로안,승용,여,64세,상해없음,보행자,남,83세,경상
2018122400100489,2018년 12월 24일 18시,월요일,경상북도 영천시 조교동,경상사고,0,0,2,0,차대차 - 측면충돌,교차로운행방법위반,건조,맑음,교차로 - 교차로안,화물,남,69세,상해없음,승용,남,52세,경상
2018122400100490,2018년 12월 24일 18시,월요일,경상북도 경산시 중방동,경상사고,0,0,1,0,차대사람 - 횡단중,보행자보호의무위반,건조,맑음,교차로 - 교차로횡단보도내,이륜,남,28세,상해없음,보행자,여,56세,경상
2018122400100491,2018년 12월 24일 18시,월요일,경상북도 성주군 월항면,사망사고,1,0,0,0,차대사람 - 횡단중,안전운전불이행,건조,맑음,단일로 - 기타,승용,남,47세,상해없음,보행자,여,66세,사망
2018122400100542,2018년 12월 24일 19시,월요일,경상북도 경주시 성건동,경상사고,0,0,2,0,차대차 - 측면충돌,안전운전불이행,건조,맑음,교차로 - 교차로부근,승용,남,59세,상해없음,승용,남,44세,경상
2018122400100543,2018년 12월 24일 19시,월요일,경상북도 김천시 삼락동,경상사고,0,0,1,0,차대차 - 측면충돌,교차로운행방법위반,건조,기타,교차로 - 교차로안,승용,여,27세,상해없음,이륜,남,26세,경상
2018122400100544,2018년 12월 24일 19시,월요일,경상북도 경산시 하양읍,경상사고,0,0,1,0,차대사람 - 보도통행중,기타,건조,맑음,단일로 - 기타,승용,남,58세,상해없음,보행자,여,21세,경상
2018122400100545,2018년 12월 24일 19시,월요일,경상북도 구미시 황상동,경상사고,0,0,2,0,차량단독 - 기타,안전운전불이행,건조,맑음,교차로 - 교차로부근,승용,남,65세,상해없음,,,,
2018122400100546,2018년 12월 24일 19시,월요일,경상북도 포항시 남구 오천읍,경상사고,0,0,1,0,차대차 - 기타,안전운전불이행,건조,맑음,단일로 - 기타,승용,남,68세,상해없음,이륜,남,37세,경상
2018122400100580,2018년 12월 24일 20시,월요일,경상북도 경주시 내남면,사망사고,1,0,0,0,차대사람 - 차도통행중,안전운전불이행,건조,맑음,단일로 - 기타,화물,남,53세,상해없음,보행자,남,83세,사망
2018122400100629,2018년 12월 24일 22시,월요일,경상북도 안동시 당북동,중상사고,0,1,0,0,차대사람 - 횡단중,안전운전불이행,건조,맑음,단일로 - 기타,승용,남,26세,상해없음,보행자,여,59세,중상
2018122400100630,2018년 12월 24일 22시,월요일,경상북도 문경시 문경읍,경상사고,0,0,1,0,차대차 - 후진중충돌,안전운전불이행,건조,맑음,주차장 - 주차장,승용,남,52세,상해없음,화물,남,39세,경상
2018122500100029,2018년 12월 25일 01시,화요일,경상북도 구미시 송정동,경상사고,0,0,1,0,차대차 - 측면충돌,교차로운행방법위반,건조,맑음,교차로 - 교차로안,승용,남,31세,상해없음,승용,남,26세,경상
2018122500100074,2018년 12월 25일 05시,화요일,경상북도 구미시 선산읍,중상사고,0,1,0,0,차대사람 - 기타,안전운전불이행,건조,맑음,단일로 - 기타,승용,남,70세,상해없음,보행자,남,66세,중상
2018122500100098,2018년 12월 25일 08시,화요일,경상북도 포항시 남구 상도동,경상사고,0,0,2,0,차대차 - 측면충돌,교차로운행방법위반,건조,맑음,교차로 - 교차로안,승용,남,37세,상해없음,승용,남,55세,경상
2018122500100099,2018년 12월 25일 08시,화요일,경상북도 봉화군 춘양면,부상신고사고,0,0,0,1,차량단독 - 공작물충돌,안전운전불이행,건조,맑음,단일로 - 기타,승용,여,25세,부상신고,,,,
2018122500100118,2018년 12월 25일 10시,화요일,경상북도 포항시 북구 신흥동,경상사고,0,0,3,0,차대차 - 추돌,안전운전불이행,건조,맑음,단일로 - 기타,화물,남,48세,상해없음,승용,여,50세,경상
2018122500100119,2018년 12월 25일 10시,화요일,경상북도 구미시 송정동,중상사고,0,1,1,0,차대차 - 기타,교차로운행방법위반,건조,맑음,교차로 - 교차로안,승용,남,34세,상해없음,승용,남,67세,경상
2018122500100163,2018년 12월 25일 13시,화요일,경상북도 구미시 송정동,경상사고,0,0,2,0,차대차 - 기타,안전운전불이행,건조,맑음,교차로 - 교차로부근,승용,여,76세,상해없음,승용,남,74세,경상
2018122500100212,2018년 12월 25일 15시,화요일,경상북도 상주시 인봉동,경상사고,0,0,1,0,차대차 - 측면충돌,교차로운행방법위반,건조,맑음,교차로 - 교차로안,승용,여,57세,상해없음,자전거,여,72세,경상
2018122500100231,2018년 12월 25일 16시,화요일,경상북도 포항시 남구 일월동,경상사고,0,0,2,0,차대차 - 측면충돌,안전운전불이행,건조,맑음,교차로 - 교차로부근,승용,여,52세,상해없음,승용,여,70세,경상
2018122500100260,2018년 12월 25일 17시,화요일,경상북도 경주시 서부동,경상사고,0,0,1,0,차대차 - 측면충돌,신호위반,건조,맑음,교차로 - 교차로안,승용,남,74세,상해없음,승용,남,84세,경상
2018122500100296,2018년 12월 25일 18시,화요일,경상북도 경주시 노서동,경상사고,0,0,4,0,차대차 - 측면충돌,안전운전불이행,건조,맑음,교차로 - 교차로안,승용,남,22세,경상,승용,남,23세,경상
2018122500100297,2018년 12월 25일 18시,화요일,경상북도 상주시 냉림동,중상사고,0,1,0,0,차대차 - 측면충돌,중앙선침범,건조,맑음,단일로 - 기타,승용,남,58세,상해없음,이륜,남,46세,중상
2018122500100298,2018년 12월 25일 18시,화요일,경상북도 경산시 옥곡동,사망사고,1,0,0,0,차대차 - 측면충돌,안전운전불이행,건조,맑음,교차로 - 교차로부근,승용,남,83세,사망,화물,남,44세,기타불명
2018122500100299,2018년 12월 25일 18시,화요일,경상북도 포항시 남구 오천읍,경상사고,0,0,1,0,차대사람 - 기타,보행자보호의무위반,건조,맑음,교차로 - 교차로안,승용,여,68세,상해없음,보행자,여,57세,경상
2018122500100328,2018년 12월 25일 19시,화요일,경상북도 영천시 고경면,경상사고,0,0,3,0,차대차 - 측면충돌,안전운전불이행,건조,맑음,단일로 - 기타,승용,남,25세,상해없음,승용,남,60세,경상
2018122500100355,2018년 12월 25일 20시,화요일,경상북도 영천시 완산동,경상사고,0,0,1,0,차대사람 - 횡단중,안전운전불이행,건조,맑음,교차로 - 교차로안,승용,남,28세,상해없음,보행자,여,70세,경상
2018122500100379,2018년 12월 25일 21시,화요일,경상북도 포항시 북구 죽도동,경상사고,0,0,2,0,차대차 - 추돌,안전운전불이행,건조,맑음,단일로 - 기타,승용,남,61세,상해없음,승용,남,58세,경상
2018122500100380,2018년 12월 25일 21시,화요일,경상북도 안동시 안기동,경상사고,0,0,2,0,차대차 - 추돌,안전거리미확보,건조,맑음,단일로 - 기타,승용,남,54세,경상,승용,남,36세,경상
2018122500100381,2018년 12월 25일 21시,화요일,경상북도 칠곡군 석적읍,중상사고,0,1,0,0,차대차 - 측면충돌,안전운전불이행,건조,맑음,단일로 - 기타,승용,여,46세,상해없음,이륜,남,53세,중상
2018122500100403,2018년 12월 25일 22시,화요일,경상북도 포항시 북구 학산동,경상사고,0,0,2,0,차대차 - 측면충돌,안전운전불이행,건조,맑음,교차로 - 교차로부근,승용,여,65세,상해없음,승용,여,39세,경상
2018122500100419,2018년 12월 25일 23시,화요일,경상북도 경주시 성건동,경상사고,0,0,1,0,차대사람 - 길가장자리구역통행중,안전운전불이행,건조,맑음,단일로 - 기타,승용,남,25세,상해없음,보행자,남,22세,경상
2018122600100013,2018년 12월 26일 00시,수요일,경상북도 포항시 남구 상도동,경상사고,0,0,1,0,차대차 - 기타,신호위반,건조,맑음,교차로 - 교차로안,승용,여,54세,상해없음,승용,남,62세,경상
2018122600100044,2018년 12월 26일 04시,수요일,경상북도 예천군 유천면,중상사고,0,1,1,0,차량단독 - 공작물충돌,안전운전불이행,건조,맑음,단일로 - 기타,승용,남,19세,상해없음,,,,
2018122600100079,2018년 12월 26일 07시,수요일,경상북도 안동시 길안면,경상사고,0,0,1,0,차량단독 - 도로외이탈 - 기타,안전운전불이행,건조,맑음,단일로 - 기타,승용,여,23세,경상,,,,
2018122600100107,2018년 12월 26일 08시,수요일,경상북도 칠곡군 왜관읍,경상사고,0,0,1,0,차대차 - 측면충돌,안전운전불이행,건조,맑음,교차로 - 교차로안,승용,남,69세,상해없음,승용,여,45세,경상
2018122600100156,2018년 12월 26일 10시,수요일,경상북도 상주시 외서면,경상사고,0,0,1,0,차량단독 - 전도전복 - 전도,안전운전불이행,건조,맑음,교차로 - 교차로부근,농기계,여,73세,경상,미분류,미분류,미분류,미분류
2018122600100157,2018년 12월 26일 10시,수요일,경상북도 칠곡군 석적읍,경상사고,0,0,1,0,차대차 - 측면충돌,안전거리미확보,건조,맑음,교차로 - 교차로부근,승용,여,29세,상해없음,이륜,남,25세,경상
2018122600100158,2018년 12월 26일 10시,수요일,경상북도 구미시 산동면,경상사고,0,0,1,0,차대차 - 기타,안전운전불이행,건조,맑음,교차로 - 교차로안,승용,여,25세,상해없음,화물,남,40세,경상
2018122600100185,2018년 12월 26일 11시,수요일,경상북도 안동시 옥동,경상사고,0,0,2,0,차대차 - 기타,안전운전불이행,건조,맑음,교차로 - 교차로안,화물,남,27세,경상,승용,여,37세,경상
2018122600100186,2018년 12월 26일 11시,수요일,경상북도 의성군 다인면,경상사고,0,0,1,0,차대차 - 측면충돌,신호위반,건조,맑음,교차로 - 교차로안,농기계,남,54세,상해없음,승용,남,40세,경상
2018122600100187,2018년 12월 26일 11시,수요일,경상북도 경산시 평산동,중상사고,0,1,0,0,차대차 - 측면충돌,교차로운행방법위반,건조,맑음,교차로 - 교차로안,승용,여,41세,상해없음,이륜,남,61세,중상
2018122600100228,2018년 12월 26일 12시,수요일,경상북도 포항시 북구 대흥동,중상사고,0,1,0,0,차대차 - 정면충돌,신호위반,건조,맑음,교차로 - 교차로안,이륜,남,67세,중상,화물,남,66세,상해없음
2018122600100229,2018년 12월 26일 12시,수요일,경상북도 칠곡군 가산면,중상사고,0,1,0,0,차대사람 - 횡단중,안전운전불이행,건조,맑음,단일로 - 기타,화물,남,60세,상해없음,보행자,남,56세,중상
2018122600100230,2018년 12월 26일 12시,수요일,경상북도 문경시 모전동,중상사고,0,1,0,0,차대사람 - 차도통행중,안전운전불이행,건조,맑음,단일로 - 기타,화물,남,55세,상해없음,보행자,여,67세,중상
2018122600100253,2018년 12월 26일 13시,수요일,경상북도 포항시 북구 우현동,경상사고,0,0,4,0,차대차 - 추돌,안전운전불이행,건조,맑음,단일로 - 기타,승용,남,81세,상해없음,승용,여,65세,상해없음
2018122600100254,2018년 12월 26일 13시,수요일,경상북도 봉화군 춘양면,경상사고,0,0,1,0,차대차 - 추돌,안전운전불이행,건조,맑음,단일로 - 기타,승합,남,61세,상해없음,승용,여,57세,경상
2018122600100298,2018년 12월 26일 14시,수요일,경상북도 안동시 임동면,중상사고,0,1,0,0,차량단독 - 공작물충돌,안전운전불이행,건조,맑음,단일로 - 기타,승용,남,78세,상해없음,,,,
2018122600100300,2018년 12월 26일 14시,수요일,경상북도 영천시 대창면,경상사고,0,0,2,0,차대차 - 측면충돌,안전운전불이행,건조,맑음,단일로 - 기타,승용,남,56세,경상,화물,남,53세,경상
2018122600100301,2018년 12월 26일 14시,수요일,경상북도 문경시 흥덕동,경상사고,0,0,1,0,차대차 - 측면충돌,안전운전불이행,건조,맑음,교차로 - 교차로안,승용,남,82세,상해없음,승용,여,48세,경상
2018122600100302,2018년 12월 26일 14시,수요일,경상북도 경산시 삼북동,중상사고,0,1,0,0,차대차 - 측면충돌,불법유턴,건조,맑음,교차로 - 교차로횡단보도내,자전거,남,69세,중상,승용,여,41세,상해없음
2018122600100329,2018년 12월 26일 15시,수요일,경상북도 경주시 용강동,중상사고,0,1,0,0,차대차 - 측면충돌,안전운전불이행,건조,맑음,주차장 - 주차장,승용,여,45세,상해없음,이륜,남,51세,중상
2018122600100330,2018년 12월 26일 15시,수요일,경상북도 경주시 양남면,사망사고,1,3,0,0,차대차 - 정면충돌,중앙선침범,건조,맑음,단일로 - 터널,화물,남,47세,상해없음,승용,남,64세,중상
2018122600100331,2018년 12월 26일 15시,수요일,경상북도 포항시 북구 기계면,중상사고,0,2,1,0,차대차 - 측면충돌,직진우회전진행방해,건조,맑음,교차로 - 교차로안,승용,여,58세,중상,승용,남,67세,경상
2018122600100332,2018년 12월 26일 15시,수요일,경상북도 안동시 풍천면,중상사고,0,1,0,0,차대차 - 정면충돌,중앙선침범,건조,맑음,단일로 - 기타,승용,남,59세,중상,건설기계,남,45세,상해없음
2018122600100362,2018년 12월 26일 16시,수요일,경상북도 안동시 당북동,경상사고,0,0,1,0,차대차 - 정면충돌,안전운전불이행,건조,맑음,단일로 - 기타,승용,여,57세,상해없음,자전거,남,20세,경상
2018122600100363,2018년 12월 26일 16시,수요일,경상북도 경산시 대동,경상사고,0,0,1,0,차대사람 - 길가장자리구역통행중,안전운전불이행,건조,맑음,단일로 - 기타,이륜,남,30세,상해없음,보행자,여,81세,경상
2018122600100364,2018년 12월 26일 16시,수요일,경상북도 구미시 선산읍,경상사고,0,0,1,0,차대차 - 기타,안전거리미확보,건조,맑음,단일로 - 기타,승용,여,60세,상해없음,승용,남,41세,경상
2018122600100399,2018년 12월 26일 17시,수요일,경상북도 김천시 모암동,경상사고,0,0,1,0,차대차 - 측면충돌,안전운전불이행,건조,맑음,단일로 - 기타,승용,남,71세,상해없음,승용,남,78세,경상
2018122600100400,2018년 12월 26일 17시,수요일,경상북도 김천시 양천동,경상사고,0,0,1,0,차대차 - 측면충돌,안전운전불이행,건조,맑음,교차로 - 교차로안,승용,남,77세,경상,화물,여,54세,상해없음
2018122600100401,2018년 12월 26일 17시,수요일,경상북도 구미시 상모동,경상사고,0,0,1,0,차대사람 - 기타,안전운전불이행,건조,맑음,교차로 - 교차로안,이륜,남,36세,경상,보행자,여,17세,상해없음
2018122600100441,2018년 12월 26일 18시,수요일,경상북도 김천시 삼락동,중상사고,0,1,1,0,차대차 - 측면충돌,신호위반,건조,맑음,교차로 - 교차로안,승용,여,55세,상해없음,승용,남,58세,중상
2018122600100442,2018년 12월 26일 18시,수요일,경상북도 포항시 남구 연일읍,경상사고,0,0,3,0,차대차 - 측면충돌,안전운전불이행,건조,맑음,교차로 - 교차로안,승용,여,57세,경상,승용,남,56세,경상
2018122600100443,2018년 12월 26일 18시,수요일,경상북도 포항시 남구 연일읍,중상사고,0,1,0,0,차대차 - 기타,안전운전불이행,건조,맑음,교차로 - 교차로부근,승용,여,46세,상해없음,원동기,남,58세,중상
2018122600100512,2018년 12월 26일 20시,수요일,경상북도 영천시 야사동,중상사고,0,1,0,0,차대사람 - 차도통행중,안전운전불이행,건조,맑음,주차장 - 주차장,승용,남,46세,상해없음,보행자,남,68세,중상
2018122600100547,2018년 12월 26일 21시,수요일,경상북도 영천시 망정동,경상사고,0,0,1,0,차대사람 - 기타,안전운전불이행,건조,맑음,교차로 - 교차로부근,이륜,남,23세,상해없음,보행자,여,49세,경상
2018122600100596,2018년 12월 26일 23시,수요일,경상북도 경주시 외동읍,경상사고,0,0,1,0,차대차 - 추돌,안전운전불이행,건조,맑음,단일로 - 지하차도(도로)내,승용,남,59세,상해없음,승용,남,27세,경상
2018122700100032,2018년 12월 27일 01시,목요일,경상북도 경주시 현곡면,중상사고,0,1,1,0,차대차 - 추돌,안전운전불이행,건조,맑음,교차로 - 교차로부근,승용,남,65세,상해없음,승용,여,59세,중상
2018122700100033,2018년 12월 27일 01시,목요일,경상북도 포항시 남구 상도동,중상사고,0,1,3,0,차대차 - 기타,신호위반,건조,맑음,교차로 - 교차로안,승용,남,65세,경상,승용,남,59세,경상
2018122700100050,2018년 12월 27일 02시,목요일,경상북도 영덕군 강구면,중상사고,0,1,0,0,차대차 - 측면충돌,안전운전불이행,건조,맑음,단일로 - 기타,승용,남,32세,중상,화물,남,59세,상해없음
2018122700100072,2018년 12월 27일 05시,목요일,경상북도 안동시 옥동,경상사고,0,0,1,0,차대차 - 측면충돌,중앙선침범,건조,맑음,단일로 - 기타,이륜,남,17세,상해없음,화물,남,61세,경상
2018122700100073,2018년 12월 27일 05시,목요일,경상북도 영천시 문외동,경상사고,0,0,1,0,차대사람 - 횡단중,안전운전불이행,건조,맑음,교차로 - 교차로안,승용,남,30세,상해없음,보행자,남,52세,경상
2018122700100088,2018년 12월 27일 06시,목요일,경상북도 포항시 북구 죽도동,중상사고,0,1,0,0,차대차 - 기타,신호위반,건조,맑음,교차로 - 교차로부근,자전거,남,58세,중상,승용,남,62세,상해없음
2018122700100186,2018년 12월 27일 10시,목요일,경상북도 포항시 북구 죽도동,경상사고,0,0,1,0,차대차 - 측면충돌,안전운전불이행,건조,맑음,교차로 - 교차로안,승용,남,26세,상해없음,승용,여,27세,경상
2018122700100187,2018년 12월 27일 10시,목요일,경상북도 안동시 도산면,사망사고,1,0,0,0,차량단독 - 도로외이탈 - 추락,기타,건조,맑음,단일로 - 기타,승용,여,48세,사망,,,,
2018122700100207,2018년 12월 27일 11시,목요일,경상북도 영천시 금호읍,중상사고,0,1,0,0,차대차 - 측면충돌,교차로운행방법위반,건조,맑음,교차로 - 교차로안,승용,남,80세,상해없음,화물,남,47세,중상
2018122700100208,2018년 12월 27일 11시,목요일,경상북도 문경시 점촌동,경상사고,0,0,2,1,차대차 - 정면충돌,안전운전불이행,건조,맑음,교차로 - 교차로안,승용,여,53세,부상신고,화물,남,68세,경상
2018122700100209,2018년 12월 27일 11시,목요일,경상북도 울진군 후포면,경상사고,0,0,1,0,차대차 - 기타,직진우회전진행방해,건조,맑음,교차로 - 교차로부근,승용,여,26세,경상,화물,남,61세,상해없음
2018122700100210,2018년 12월 27일 11시,목요일,경상북도 구미시 고아읍,경상사고,0,0,2,0,차대차 - 정면충돌,중앙선침범,건조,맑음,단일로 - 기타,승용,남,68세,상해없음,승용,남,40세,경상
2018122700100211,2018년 12월 27일 11시,목요일,경상북도 포항시 남구 동해면,중상사고,0,1,0,0,차량단독 - 기타,안전운전불이행,건조,맑음,단일로 - 기타,승용,남,33세,상해없음,,,,
2018122700100237,2018년 12월 27일 12시,목요일,경상북도 포항시 북구 창포동,경상사고,0,0,1,0,차대사람 - 기타,안전운전불이행,건조,맑음,교차로 - 교차로횡단보도내,승용,남,34세,상해없음,보행자,남,53세,경상
2018122700100238,2018년 12월 27일 12시,목요일,경상북도 포항시 북구 두호동,경상사고,0,0,1,0,차대차 - 측면충돌,신호위반,건조,맑음,교차로 - 교차로안,승용,여,58세,상해없음,승용,여,53세,경상
2018122700100239,2018년 12월 27일 12시,목요일,경상북도 영주시 휴천동,중상사고,0,1,0,0,차대사람 - 횡단중,보행자보호의무위반,건조,맑음,단일로 - 기타,승용,남,75세,상해없음,보행자,여,77세,중상
2018122700100240,2018년 12월 27일 12시,목요일,경상북도 경산시 진량읍,경상사고,0,0,2,0,차대차 - 추돌,안전거리미확보,건조,맑음,교차로 - 교차로안,화물,남,51세,상해없음,승용,여,32세,상해없음
2018122700100272,2018년 12월 27일 13시,목요일,경상북도 포항시 북구 동빈1가,경상사고,0,0,1,0,차대사람 - 횡단중,안전운전불이행,건조,맑음,교차로 - 교차로안,승용,여,54세,상해없음,보행자,여,69세,경상
2018122700100273,2018년 12월 27일 13시,목요일,경상북도 구미시 옥계동,경상사고,0,0,3,0,차대차 - 측면충돌,신호위반,건조,맑음,교차로 - 교차로안,승용,여,53세,경상,화물,남,50세,경상
2018122700100295,2018년 12월 27일 14시,목요일,경상북도 경주시 안강읍,경상사고,0,0,1,0,차대차 - 측면충돌,안전운전불이행,건조,맑음,교차로 - 교차로안,승용,여,31세,기타불명,승용,남,30세,경상
2018122700100296,2018년 12월 27일 14시,목요일,경상북도 포항시 북구 동빈2가,경상사고,0,0,1,0,차대차 - 측면충돌,직진우회전진행방해,건조,맑음,교차로 - 교차로안,승용,여,59세,상해없음,승용,여,64세,경상
2018122700100297,2018년 12월 27일 14시,목요일,경상북도 구미시 진평동,부상신고사고,0,0,0,1,차대차 - 기타,안전운전불이행,건조,맑음,단일로 - 기타,이륜,남,28세,부상신고,승용,남,28세,상해없음
2018122700100325,2018년 12월 27일 15시,목요일,경상북도 안동시 금곡동,경상사고,0,0,3,0,차대차 - 추돌,안전운전불이행,건조,맑음,단일로 - 기타,승용,남,62세,상해없음,승합,남,61세,경상
2018122700100326,2018년 12월 27일 15시,목요일,경상북도 문경시 흥덕동,중상사고,0,1,0,0,차대차 - 측면충돌,안전운전불이행,건조,맑음,교차로 - 교차로안,승용,남,59세,상해없음,이륜,남,50세,중상
2018122700100327,2018년 12월 27일 15시,목요일,경상북도 구미시 구포동,경상사고,0,0,3,0,차대차 - 기타,차로위반,건조,맑음,단일로 - 기타,승용,여,52세,상해없음,화물,남,54세,경상
2018122700100358,2018년 12월 27일 16시,목요일,경상북도 김천시 감문면,중상사고,0,1,0,0,차대사람 - 길가장자리구역통행중,안전운전불이행,건조,맑음,단일로 - 기타,승용,남,50세,상해없음,보행자,남,61세,중상
2018122700100359,2018년 12월 27일 16시,목요일,경상북도 영천시 금호읍,중상사고,0,1,0,0,차대사람 - 횡단중,보행자보호의무위반,건조,맑음,교차로 - 교차로횡단보도내,승용,남,54세,상해없음,보행자,여,72세,중상
2018122700100360,2018년 12월 27일 16시,목요일,경상북도 포항시 남구 동해면,중상사고,0,2,3,0,차대차 - 측면충돌,기타,건조,맑음,단일로 - 기타,승합,남,50세,경상,화물,남,27세,경상
2018122700100398,2018년 12월 27일 17시,목요일,경상북도 포항시 북구 대흥동,경상사고,0,0,1,0,차대차 - 추돌,안전운전불이행,건조,맑음,단일로 - 기타,승용,남,70세,상해없음,승용,남,68세,경상
2018122700100399,2018년 12월 27일 17시,목요일,경상북도 칠곡군 석적읍,경상사고,0,0,1,0,차대차 - 측면충돌,안전운전불이행,건조,맑음,교차로 - 교차로부근,화물,남,62세,상해없음,승용,남,31세,경상
2018122700100400,2018년 12월 27일 17시,목요일,경상북도 영천시 조교동,경상사고,0,0,1,0,차대차 - 측면충돌,안전운전불이행,건조,맑음,단일로 - 기타,승용,남,39세,상해없음,승용,여,46세,경상
2018122700100401,2018년 12월 27일 17시,목요일,경상북도 성주군 대가면,경상사고,0,0,1,0,차대차 - 기타,안전운전불이행,건조,맑음,교차로 - 교차로부근,승합,남,63세,상해없음,승용,남,39세,경상
2018122700100402,2018년 12월 27일 17시,목요일,경상북도 군위군 효령면,중상사고,0,1,3,0,차대차 - 정면충돌,중앙선침범,건조,맑음,단일로 - 기타,승용,남,75세,상해없음,승용,남,64세,경상
2018122700100403,2018년 12월 27일 17시,목요일,경상북도 포항시 남구 오천읍,중상사고,0,1,3,2,차대차 - 기타,신호위반,건조,맑음,교차로 - 교차로안,승용,남,61세,경상,승합,남,64세,경상
2018122700100404,2018년 12월 27일 17시,목요일,경상북도 포항시 남구 괴동동,중상사고,0,1,0,0,차대차 - 기타,안전운전불이행,건조,맑음,교차로 - 교차로안,이륜,남,63세,중상,화물,남,47세,상해없음
2018122700100448,2018년 12월 27일 18시,목요일,경상북도 포항시 북구 죽도동,경상사고,0,0,1,0,차대차 - 추돌,안전거리미확보,건조,맑음,단일로 - 기타,승용,여,45세,상해없음,승용,남,28세,경상
2018122700100449,2018년 12월 27일 18시,목요일,경상북도 포항시 북구 죽도동,경상사고,0,0,1,0,차대차 - 측면충돌,교차로운행방법위반,건조,맑음,교차로 - 교차로안,승용,여,52세,상해없음,승용,여,42세,상해없음
2018122700100450,2018년 12월 27일 18시,목요일,경상북도 포항시 북구 흥해읍,경상사고,0,0,1,0,차대차 - 측면충돌,신호위반,건조,맑음,교차로 - 교차로안,승용,여,63세,기타불명,승용,남,31세,경상
2018122700100452,2018년 12월 27일 18시,목요일,경상북도 문경시 모전동,경상사고,0,0,2,0,차대차 - 추돌,안전운전불이행,건조,맑음,단일로 - 기타,승용,여,27세,상해없음,승용,남,41세,경상
2018122700100453,2018년 12월 27일 18시,목요일,경상북도 성주군 성주읍,경상사고,0,0,1,0,차대차 - 후진중충돌,안전운전불이행,건조,맑음,주차장 - 주차장,화물,남,57세,상해없음,승용,여,64세,경상
2018122700100508,2018년 12월 27일 19시,목요일,경상북도 구미시 송정동,경상사고,0,0,2,0,차대차 - 추돌,안전거리미확보,건조,흐림,단일로 - 기타,승용,여,46세,상해없음,승용,남,37세,경상
2018122700100546,2018년 12월 27일 20시,목요일,경상북도 안동시 풍산읍,중상사고,0,1,1,0,차대차 - 측면충돌,직진우회전진행방해,건조,맑음,교차로 - 교차로안,승용,남,54세,상해없음,화물,여,65세,중상
2018122700100547,2018년 12월 27일 20시,목요일,경상북도 구미시 봉곡동,중상사고,0,1,0,0,차대차 - 추돌,안전운전불이행,건조,맑음,단일로 - 기타,승용,남,18세,상해없음,승용,남,53세,중상
2018122700100548,2018년 12월 27일 20시,목요일,경상북도 구미시 공단동,중상사고,0,1,0,1,차대차 - 기타,안전운전불이행,건조,맑음,교차로 - 교차로안,승용,남,50세,부상신고,승용,남,41세,중상
2018122700100574,2018년 12월 27일 21시,목요일,경상북도 칠곡군 왜관읍,부상신고사고,0,0,0,1,차대차 - 측면충돌,안전운전불이행,건조,맑음,교차로 - 교차로부근,승용,남,38세,부상신고,승용,여,36세,상해없음
2018122700100575,2018년 12월 27일 21시,목요일,경상북도 포항시 남구 대도동,경상사고,0,0,2,0,차대차 - 기타,안전운전불이행,건조,맑음,교차로 - 교차로안,승용,남,62세,상해없음,승용,남,32세,경상
2018122800100025,2018년 12월 28일 01시,금요일,경상북도 칠곡군 석적읍,부상신고사고,0,0,0,1,차량단독 - 공작물충돌,안전운전불이행,건조,맑음,단일로 - 기타,승용,남,29세,부상신고,,,,
2018122800100042,2018년 12월 28일 03시,금요일,경상북도 봉화군 소천면,경상사고,0,0,2,0,차대차 - 추돌,안전운전불이행,건조,맑음,단일로 - 기타,승용,남,39세,상해없음,승용,여,35세,경상