사고번호,사고일시,요일,시군구,사고내용,사망자수,중상자수,경상자수,부상신고자수,사고유형,법규위반,노면상태,기상상태,도로형태,가해운전자 차종,가해운전자 성별,가해운전자 연령,가해운전자 상해정도,피해운전자 차종,피해운전자 성별,피해운전자 연령,피해운전자 상해정도
2018122800100050,2018년 12월 28일 04시,금요일,경상북도 포항시 남구 이동,경상사고,0,0,4,0,차대차 - 추돌,안전운전불이행,건조,맑음,교차로 - 교차로부근,승용,남,38세,경상,건설기계,남,55세,상해없음
2018122800100073,2018년 12월 28일 06시,금요일,경상북도 포항시 북구 장성동,경상사고,0,0,1,0,차대차 - 기타,신호위반,건조,맑음,교차로 - 교차로안,승용,남,61세,상해없음,승용,남,51세,상해없음
2018122800100112,2018년 12월 28일 08시,금요일,경상북도 포항시 북구 죽도동,경상사고,0,0,1,0,차대차 - 기타,안전운전불이행,건조,맑음,교차로 - 교차로안,승용,남,68세,상해없음,자전거,여,53세,경상
2018122800100114,2018년 12월 28일 08시,금요일,경상북도 봉화군 상운면,경상사고,0,0,1,0,차량단독 - 도로외이탈 - 추락,안전운전불이행,서리/결빙,맑음,단일로 - 기타,화물,여,68세,경상,,,,
2018122800100174,2018년 12월 28일 10시,금요일,경상북도 포항시 남구 대도동,경상사고,0,0,1,0,차대사람 - 기타,안전운전불이행,건조,맑음,단일로 - 기타,승용,남,75세,상해없음,보행자,여,25세,경상
2018122800100197,2018년 12월 28일 11시,금요일,경상북도 김천시 신음동,경상사고,0,0,1,0,차대사람 - 횡단중,안전운전불이행,건조,맑음,교차로 - 교차로안,승용,남,32세,상해없음,보행자,남,36세,경상
2018122800100226,2018년 12월 28일 12시,금요일,경상북도 경주시 황성동,경상사고,0,0,1,0,차대차 - 측면충돌,안전운전불이행,건조,맑음,단일로 - 기타,승용,남,66세,상해없음,승용,여,53세,경상
2018122800100227,2018년 12월 28일 12시,금요일,경상북도 안동시 명륜동,경상사고,0,0,1,0,차대사람 - 횡단중,보행자보호의무위반,건조,맑음,교차로 - 교차로부근,화물,남,40세,상해없음,보행자,남,24세,경상
2018122800100262,2018년 12월 28일 13시,금요일,경상북도 경주시 안강읍,경상사고,0,0,1,0,차대차 - 측면충돌,직진우회전진행방해,건조,맑음,교차로 - 교차로안,승용,남,57세,상해없음,자전거,여,64세,경상
2018122800100263,2018년 12월 28일 13시,금요일,경상북도 경산시 임당동,경상사고,0,0,1,0,차대차 - 기타,안전운전불이행,건조,맑음,교차로 - 교차로안,승용,여,38세,상해없음,이륜,남,33세,경상
2018122800100264,2018년 12월 28일 13시,금요일,경상북도 성주군 성주읍,경상사고,0,0,1,0,차대차 - 기타,안전운전불이행,건조,맑음,교차로 - 교차로안,이륜,남,62세,경상,승용,여,37세,상해없음
2018122800100301,2018년 12월 28일 14시,금요일,경상북도 상주시 냉림동,경상사고,0,0,1,0,차대차 - 측면충돌,교차로운행방법위반,건조,맑음,교차로 - 교차로안,자전거,여,78세,경상,승용,남,34세,상해없음
2018122800100302,2018년 12월 28일 14시,금요일,경상북도 영천시 금호읍,경상사고,0,0,1,0,차대차 - 측면충돌,안전운전불이행,건조,맑음,단일로 - 기타,이륜,남,61세,경상,기타불명,기타불명,미분류,기타불명
2018122800100303,2018년 12월 28일 14시,금요일,경상북도 구미시 원평동,경상사고,0,0,1,0,차대차 - 기타,교차로운행방법위반,건조,맑음,교차로 - 교차로안,승용,여,48세,상해없음,화물,남,59세,경상
2018122800100346,2018년 12월 28일 15시,금요일,경상북도 포항시 북구 흥해읍,중상사고,0,1,0,0,차대사람 - 기타,안전운전불이행,건조,맑음,단일로 - 기타,승용,여,35세,상해없음,보행자,여,82세,중상
2018122800100392,2018년 12월 28일 16시,금요일,경상북도 포항시 남구 오천읍,중상사고,0,1,1,0,차대차 - 측면충돌,중앙선침범,건조,맑음,단일로 - 기타,승용,남,63세,상해없음,승용,남,62세,중상
2018122800100426,2018년 12월 28일 17시,금요일,경상북도 영천시 고경면,부상신고사고,0,0,0,3,차량단독 - 전도전복 - 전복,안전운전불이행,건조,맑음,단일로 - 기타,승용,남,37세,상해없음,미분류,미분류,미분류,미분류
2018122800100427,2018년 12월 28일 17시,금요일,경상북도 경산시 중방동,경상사고,0,0,1,0,차대차 - 추돌,안전거리미확보,건조,맑음,단일로 - 기타,승합,남,64세,상해없음,승용,여,50세,경상
2018122800100428,2018년 12월 28일 17시,금요일,경상북도 포항시 남구 상도동,경상사고,0,0,2,0,차대사람 - 횡단중,신호위반,건조,맑음,교차로 - 교차로횡단보도내,승용,여,40세,상해없음,보행자,여,65세,경상
2018122800100477,2018년 12월 28일 18시,금요일,경상북도 포항시 북구 대신동,중상사고,0,1,0,0,차대차 - 기타,안전운전불이행,건조,맑음,단일로 - 기타,화물,남,76세,상해없음,승용,남,48세,중상
2018122800100478,2018년 12월 28일 18시,금요일,경상북도 김천시 부곡동,경상사고,0,0,2,0,차대차 - 측면충돌,안전운전불이행,건조,맑음,단일로 - 기타,승용,여,52세,경상,승용,여,27세,경상
2018122800100479,2018년 12월 28일 18시,금요일,경상북도 예천군 호명면,경상사고,0,0,1,0,차대차 - 측면충돌,신호위반,건조,맑음,교차로 - 교차로안,화물,남,40세,상해없음,승용,남,41세,경상
2018122800100480,2018년 12월 28일 18시,금요일,경상북도 구미시 산동면,경상사고,0,0,1,0,차대차 - 기타,안전운전불이행,건조,맑음,단일로 - 기타,승용,남,44세,상해없음,승용,여,43세,경상
2018122800100522,2018년 12월 28일 19시,금요일,경상북도 안동시 풍산읍,경상사고,0,0,3,0,차대차 - 측면충돌,교차로운행방법위반,건조,맑음,교차로 - 교차로안,화물,남,56세,경상,승용,남,50세,경상
2018122800100561,2018년 12월 28일 20시,금요일,경상북도 경주시 외동읍,사망사고,1,0,0,0,차대사람 - 횡단중,안전운전불이행,건조,맑음,단일로 - 지하차도(도로)내,승용,남,47세,상해없음,보행자,여,50세,사망
2018122800100562,2018년 12월 28일 20시,금요일,경상북도 포항시 남구 해도동,경상사고,0,0,1,0,차대차 - 추돌,안전운전불이행,건조,맑음,단일로 - 기타,승용,여,60세,상해없음,승용,남,38세,경상
2018122800100625,2018년 12월 28일 22시,금요일,경상북도 포항시 북구 두호동,경상사고,0,0,2,0,차대차 - 추돌,안전거리미확보,건조,맑음,교차로 - 교차로부근,승용,남,59세,경상,승용,여,39세,상해없음
2018122800100659,2018년 12월 28일 23시,금요일,경상북도 구미시 인의동,중상사고,0,1,1,0,차대사람 - 차도통행중,안전운전불이행,건조,맑음,교차로 - 교차로안,승용,여,61세,상해없음,보행자,남,52세,경상
2018122800100660,2018년 12월 28일 23시,금요일,경상북도 구미시 공단동,중상사고,0,1,1,1,차대차 - 기타,안전운전불이행,건조,맑음,단일로 - 교량,승용,남,63세,부상신고,승용,남,26세,상해없음
2018122900100017,2018년 12월 29일 00시,토요일,경상북도 경주시 성건동,경상사고,0,0,1,0,차대차 - 측면충돌,안전운전불이행,건조,맑음,교차로 - 교차로부근,승용,남,46세,상해없음,이륜,남,25세,경상
2018122900100018,2018년 12월 29일 00시,토요일,경상북도 안동시 풍산읍,중상사고,0,1,0,0,차량단독 - 공작물충돌,안전운전불이행,건조,맑음,단일로 - 기타,승용,남,60세,중상,,,,
2018122900100019,2018년 12월 29일 00시,토요일,경상북도 경산시 와촌면,중상사고,0,1,4,0,차대차 - 추돌,안전운전불이행,건조,맑음,단일로 - 기타,승용,여,27세,중상,승용,남,62세,경상
2018122900100055,2018년 12월 29일 03시,토요일,경상북도 상주시 헌신동,경상사고,0,0,1,0,차량단독 - 공작물충돌,안전운전불이행,건조,맑음,단일로 - 기타,승용,여,58세,경상,,,,
2018122900100063,2018년 12월 29일 04시,토요일,경상북도 영천시 조교동,경상사고,0,0,1,0,차량단독 - 공작물충돌,안전운전불이행,건조,맑음,교차로 - 교차로안,승용,남,34세,경상,,,,
2018122900100083,2018년 12월 29일 07시,토요일,경상북도 포항시 북구 덕산동,중상사고,0,1,0,0,차대차 - 측면충돌,안전운전불이행,건조,맑음,단일로 - 기타,승용,남,47세,상해없음,자전거,남,53세,중상
2018122900100094,2018년 12월 29일 08시,토요일,경상북도 경주시 외동읍,경상사고,0,0,1,0,차대차 - 추돌,안전운전불이행,건조,맑음,단일로 - 기타,화물,남,39세,경상,화물,남,57세,상해없음
2018122900100107,2018년 12월 29일 09시,토요일,경상북도 영주시 영주동,중상사고,0,1,0,0,차대차 - 측면충돌,안전운전불이행,건조,맑음,교차로 - 교차로안,승용,여,33세,상해없음,자전거,여,71세,중상
2018122900100128,2018년 12월 29일 10시,토요일,경상북도 상주시 화동면,경상사고,0,0,2,0,차량단독 - 전도전복 - 전도,안전운전불이행,건조,맑음,단일로 - 기타,화물,남,36세,경상,미분류,미분류,미분류,미분류
2018122900100157,2018년 12월 29일 11시,토요일,경상북도 경산시 중방동,경상사고,0,0,2,0,차대차 - 추돌,안전운전불이행,건조,맑음,교차로 - 교차로부근,승용,남,47세,상해없음,승용,남,51세,경상
2018122900100188,2018년 12월 29일 12시,토요일,경상북도 경주시 황성동,중상사고,0,1,0,0,차대사람 - 횡단중,안전운전불이행,건조,맑음,교차로 - 교차로안,승용,남,69세,상해없음,보행자,여,74세,중상
2018122900100189,2018년 12월 29일 12시,토요일,경상북도 김천시 율곡동,경상사고,0,0,1,0,차대차 - 측면충돌,안전운전불이행,건조,맑음,단일로 - 기타,이륜,남,51세,경상,승용,여,29세,상해없음
2018122900100190,2018년 12월 29일 12시,토요일,경상북도 영주시 조암동,경상사고,0,0,1,0,차대차 - 측면충돌,안전운전불이행,건조,맑음,교차로 - 교차로안,승용,여,47세,상해없음,화물,남,42세,경상
2018122900100191,2018년 12월 29일 12시,토요일,경상북도 포항시 남구 구룡포읍,경상사고,0,0,7,0,차대차 - 기타,안전운전불이행,건조,맑음,단일로 - 기타,승용,남,56세,상해없음,승용,여,38세,경상
2018122900100218,2018년 12월 29일 13시,토요일,경상북도 영천시 금호읍,중상사고,0,1,0,0,차대사람 - 횡단중,기타,건조,맑음,단일로 - 기타,승합,남,56세,상해없음,보행자,여,81세,중상
2018122900100219,2018년 12월 29일 13시,토요일,경상북도 경산시 중방동,경상사고,0,0,1,0,차대차 - 측면충돌,안전운전불이행,건조,맑음,교차로 - 교차로안,승용,남,71세,상해없음,승용,여,57세,경상
2018122900100220,2018년 12월 29일 13시,토요일,경상북도 구미시 신평동,부상신고사고,0,0,0,1,차대차 - 기타,안전운전불이행,건조,맑음,교차로 - 교차로부근,이륜,남,19세,부상신고,승용,여,48세,상해없음
2018122900100221,2018년 12월 29일 13시,토요일,경상북도 구미시 장천면,경상사고,0,0,2,1,차대차 - 측면충돌,교차로운행방법위반,건조,맑음,교차로 - 교차로안,승용,남,56세,부상신고,승용,남,38세,경상
2018122900100249,2018년 12월 29일 14시,토요일,경상북도 경주시 율동,중상사고,0,2,8,0,차대차 - 추돌,안전운전불이행,건조,맑음,단일로 - 교량,승합,남,61세,상해없음,승용,남,43세,경상
2018122900100250,2018년 12월 29일 14시,토요일,경상북도 경주시 동천동,경상사고,0,0,1,0,차대차 - 측면충돌,안전운전불이행,건조,맑음,단일로 - 기타,승용,남,63세,경상,승용,남,53세,상해없음
2018122900100251,2018년 12월 29일 14시,토요일,경상북도 예천군 지보면,중상사고,0,2,0,0,차대차 - 측면충돌,안전운전불이행,건조,맑음,교차로 - 교차로안,승용,남,35세,중상,승용,여,57세,중상
2018122900100305,2018년 12월 29일 16시,토요일,경상북도 포항시 북구 남빈동,경상사고,0,0,1,0,차대차 - 측면충돌,신호위반,건조,맑음,교차로 - 교차로안,승용,남,58세,상해없음,이륜,남,17세,경상
2018122900100364,2018년 12월 29일 18시,토요일,경상북도 영주시 가흥동,경상사고,0,0,5,0,차대차 - 추돌,안전운전불이행,건조,맑음,교차로 - 교차로안,승용,여,44세,상해없음,승용,남,40세,경상
2018122900100424,2018년 12월 29일 20시,토요일,경상북도 경주시 건천읍,경상사고,0,0,1,1,차량단독 - 공작물충돌,안전운전불이행,건조,맑음,교차로 - 교차로부근,화물,남,56세,경상,,,,
2018122900100468,2018년 12월 29일 22시,토요일,경상북도 청송군 청송읍,중상사고,0,1,0,0,차대사람 - 길가장자리구역통행중,안전운전불이행,건조,맑음,교차로 - 교차로안,승용,남,33세,상해없음,보행자,여,50세,중상
2018123000100026,2018년 12월 30일 01시,일요일,경상북도 영천시 오수동,경상사고,0,0,2,0,차대차 - 측면충돌,중앙선침범,건조,맑음,단일로 - 기타,승용,남,25세,상해없음,승용,남,35세,경상
2018123000100027,2018년 12월 30일 01시,일요일,경상북도 경산시 옥산동,경상사고,0,0,1,0,차대차 - 기타,안전운전불이행,건조,맑음,교차로 - 교차로안,승용,남,25세,상해없음,승용,남,59세,상해없음
2018123000100079,2018년 12월 30일 06시,일요일,경상북도 경주시 황성동,중상사고,0,1,0,0,차대사람 - 길가장자리구역통행중,안전운전불이행,건조,맑음,교차로 - 교차로안,승용,남,70세,상해없음,보행자,여,65세,중상
2018123000100109,2018년 12월 30일 09시,일요일,경상북도 포항시 북구 학산동,경상사고,0,0,1,0,차대차 - 측면충돌,신호위반,건조,맑음,교차로 - 교차로안,화물,남,68세,상해없음,승용,남,40세,경상
2018123000100110,2018년 12월 30일 09시,일요일,경상북도 안동시 옥동,중상사고,0,1,0,0,차대차 - 측면충돌,안전운전불이행,건조,맑음,단일로 - 기타,승용,남,54세,상해없음,이륜,남,76세,중상
2018123000100111,2018년 12월 30일 09시,일요일,경상북도 영덕군 강구면,경상사고,0,0,2,0,차대차 - 추돌,안전운전불이행,건조,맑음,교차로 - 교차로부근,화물,남,71세,상해없음,승용,여,61세,경상
2018123000100120,2018년 12월 30일 10시,일요일,경상북도 경주시 용강동,경상사고,0,0,1,0,차대차 - 추돌,안전운전불이행,건조,맑음,교차로 - 교차로부근,승용,남,53세,상해없음,승용,남,41세,경상
2018123000100121,2018년 12월 30일 10시,일요일,경상북도 칠곡군 북삼읍,경상사고,0,0,1,0,차대사람 - 횡단중,안전운전불이행,건조,맑음,교차로 - 교차로횡단보도내,특수,남,43세,상해없음,보행자,여,67세,경상
2018123000100122,2018년 12월 30일 10시,일요일,경상북도 경산시 와촌면,중상사고,0,1,0,0,차대차 - 측면충돌,안전거리미확보,건조,맑음,단일로 - 기타,화물,남,59세,상해없음,이륜,남,64세,중상
2018123000100123,2018년 12월 30일 10시,일요일,경상북도 구미시 고아읍,경상사고,0,0,3,0,차대차 - 기타,안전거리미확보,건조,맑음,교차로 - 교차로부근,승용,남,38세,상해없음,승용,여,32세,경상
2018123000100134,2018년 12월 30일 11시,일요일,경상북도 문경시 문경읍,경상사고,0,0,4,0,차대차 - 측면충돌,차로위반,건조,맑음,단일로 - 기타,승용,남,64세,상해없음,화물,남,67세,상해없음
2018123000100153,2018년 12월 30일 12시,일요일,경상북도 경주시 성건동,경상사고,0,0,1,0,차대차 - 후진중충돌,안전운전불이행,건조,맑음,주차장 - 주차장,화물,남,65세,상해없음,이륜,남,40세,경상
2018123000100154,2018년 12월 30일 12시,일요일,경상북도 영천시 금호읍,부상신고사고,0,0,0,7,차대차 - 측면충돌,교차로운행방법위반,건조,맑음,교차로 - 교차로안,승용,여,24세,상해없음,승합,남,49세,상해없음
2018123000100155,2018년 12월 30일 12시,일요일,경상북도 구미시 형곡동,경상사고,0,0,1,0,차대차 - 기타,교차로운행방법위반,건조,맑음,교차로 - 교차로안,승용,남,56세,상해없음,승용,여,52세,경상
2018123000100156,2018년 12월 30일 12시,일요일,경상북도 포항시 남구 대도동,경상사고,0,0,1,0,차대차 - 측면충돌,신호위반,건조,맑음,교차로 - 교차로안,이륜,남,42세,경상,승용,남,63세,상해없음
2018123000100171,2018년 12월 30일 13시,일요일,경상북도 김천시 신음동,중상사고,0,1,1,0,차대차 - 측면충돌,안전운전불이행,건조,맑음,기타 - 기타,승용,남,61세,상해없음,승용,남,57세,경상
2018123000100172,2018년 12월 30일 13시,일요일,경상북도 영주시 휴천동,경상사고,0,0,2,0,차대차 - 측면충돌,안전운전불이행,건조,맑음,교차로 - 교차로안,화물,남,59세,경상,승용,남,26세,경상
2018123000100173,2018년 12월 30일 13시,일요일,경상북도 포항시 남구 일월동,경상사고,0,0,3,0,차대차 - 측면충돌,안전운전불이행,건조,맑음,교차로 - 교차로안,승용,남,70세,경상,승용,남,58세,경상
2018123000100218,2018년 12월 30일 15시,일요일,경상북도 경주시 안강읍,경상사고,0,0,1,0,차대차 - 측면충돌,안전운전불이행,건조,맑음,교차로 - 교차로안,승용,남,77세,상해없음,승용,여,49세,경상
2018123000100240,2018년 12월 30일 16시,일요일,경상북도 포항시 북구 장성동,경상사고,0,0,1,0,차대차 - 측면충돌,신호위반,건조,맑음,교차로 - 교차로안,승합,남,42세,상해없음,원동기,남,34세,경상
2018123000100241,2018년 12월 30일 16시,일요일,경상북도 구미시 봉곡동,중상사고,0,1,0,0,차대차 - 기타,교차로운행방법위반,건조,맑음,교차로 - 교차로안,이륜,남,44세,중상,승용,남,52세,상해없음
2018123000100265,2018년 12월 30일 17시,일요일,경상북도 봉화군 봉화읍,경상사고,0,0,5,0,차대차 - 추돌,안전운전불이행,건조,맑음,교차로 - 교차로부근,승용,남,62세,상해없음,승용,여,47세,경상
2018123000100266,2018년 12월 30일 17시,일요일,경상북도 구미시 형곡동,경상사고,0,0,1,0,차대차 - 기타,안전운전불이행,건조,맑음,단일로 - 기타,승용,남,59세,상해없음,승용,남,49세,경상
2018123000100267,2018년 12월 30일 17시,일요일,경상북도 포항시 남구 구룡포읍,경상사고,0,0,1,0,차대차 - 기타,안전운전불이행,건조,맑음,교차로 - 교차로안,자전거,남,56세,경상,승용,남,64세,상해없음
2018123000100292,2018년 12월 30일 18시,일요일,경상북도 안동시 북문동,중상사고,0,1,0,0,차대사람 - 횡단중,안전운전불이행,건조,맑음,단일로 - 기타,승용,여,26세,상해없음,보행자,여,86세,중상
2018123000100293,2018년 12월 30일 18시,일요일,경상북도 영천시 야사동,경상사고,0,0,1,0,차대차 - 추돌,안전거리미확보,건조,맑음,교차로 - 교차로부근,이륜,남,42세,경상,화물,남,34세,상해없음
2018123000100319,2018년 12월 30일 19시,일요일,경상북도 안동시 옥동,중상사고,0,1,0,0,차대차 - 측면충돌,안전운전불이행,건조,맑음,교차로 - 교차로부근,승용,남,66세,중상,승합,남,48세,상해없음
2018123000100342,2018년 12월 30일 20시,일요일,경상북도 구미시 송정동,경상사고,0,0,4,0,차대차 - 측면충돌,교차로운행방법위반,건조,맑음,교차로 - 교차로안,승용,남,35세,상해없음,승용,남,37세,경상
2018123000100383,2018년 12월 30일 22시,일요일,경상북도 성주군 성주읍,경상사고,0,0,1,0,차대차 - 기타,신호위반,건조,맑음,교차로 - 교차로안,승용,남,58세,상해없음,승용,여,34세,경상
2018123100100072,2018년 12월 31일 07시,월요일,경상북도 성주군 성주읍,경상사고,0,0,1,0,차량단독 - 공작물충돌,안전운전불이행,건조,맑음,교차로 - 교차로부근,이륜,남,79세,경상,,,,
2018123100100093,2018년 12월 31일 08시,월요일,경상북도 칠곡군 석적읍,경상사고,0,0,1,0,차대차 - 측면충돌,교차로운행방법위반,건조,맑음,교차로 - 교차로안,승용,여,56세,상해없음,승용,여,39세,경상
2018123100100118,2018년 12월 31일 09시,월요일,경상북도 김천시 농소면,경상사고,0,0,2,0,차대차 - 측면충돌,신호위반,건조,맑음,교차로 - 교차로안,화물,남,69세,상해없음,승용,여,30세,경상
2018123100100119,2018년 12월 31일 09시,월요일,경상북도 봉화군 봉성면,중상사고,0,1,0,0,차대차 - 측면충돌,직진우회전진행방해,건조,맑음,교차로 - 교차로안,승용,여,60세,상해없음,농기계,남,66세,중상
2018123100100120,2018년 12월 31일 09시,월요일,경상북도 영양군 석보면,경상사고,0,0,1,0,차대사람 - 길가장자리구역통행중,안전운전불이행,건조,맑음,단일로 - 기타,승용,남,70세,상해없음,보행자,여,74세,경상
2018123100100173,2018년 12월 31일 11시,월요일,경상북도 경주시 외동읍,중상사고,0,1,0,0,차량단독 - 공작물충돌,안전운전불이행,건조,맑음,단일로 - 기타,화물,남,44세,중상,,,,
2018123100100174,2018년 12월 31일 11시,월요일,경상북도 경주시 노동동,중상사고,0,1,0,0,차대사람 - 길가장자리구역통행중,안전운전불이행,건조,맑음,교차로 - 교차로안,승용,남,45세,상해없음,보행자,남,27세,중상
2018123100100175,2018년 12월 31일 11시,월요일,경상북도 청도군 화양읍,경상사고,0,0,1,0,차대차 - 측면충돌,중앙선침범,건조,맑음,교차로 - 교차로부근,화물,남,75세,상해없음,승용,남,53세,경상
2018123100100176,2018년 12월 31일 11시,월요일,경상북도 구미시 지산동,중상사고,0,1,0,0,차대차 - 기타,안전운전불이행,건조,맑음,단일로 - 기타,승용,여,61세,상해없음,승용,여,54세,중상
2018123100100212,2018년 12월 31일 12시,월요일,경상북도 경산시 중방동,경상사고,0,0,1,0,차대사람 - 기타,안전운전불이행,건조,맑음,단일로 - 기타,승용,여,41세,상해없음,보행자,여,70세,경상
2018123100100244,2018년 12월 31일 13시,월요일,경상북도 포항시 북구 상원동,경상사고,0,0,1,0,차대사람 - 기타,안전운전불이행,건조,맑음,단일로 - 기타,승용,남,31세,상해없음,보행자,남,49세,경상
2018123100100271,2018년 12월 31일 14시,월요일,경상북도 포항시 북구 대신동,경상사고,0,0,1,0,차대차 - 측면충돌,안전운전불이행,건조,맑음,교차로 - 교차로안,승용,여,39세,상해없음,이륜,남,29세,경상
2018123100100272,2018년 12월 31일 14시,월요일,경상북도 김천시 율곡동,경상사고,0,0,1,0,차대사람 - 횡단중,신호위반,건조,맑음,교차로 - 교차로안,승합,여,34세,상해없음,보행자,남,8세,경상
2018123100100273,2018년 12월 31일 14시,월요일,경상북도 칠곡군 석적읍,경상사고,0,0,1,0,차대차 - 기타,교차로운행방법위반,건조,맑음,교차로 - 교차로안,승용,남,55세,상해없음,이륜,남,40세,경상
2018123100100274,2018년 12월 31일 14시,월요일,경상북도 칠곡군 동명면,경상사고,0,0,1,0,차대차 - 추돌,안전운전불이행,건조,맑음,단일로 - 기타,승합,남,66세,상해없음,승용,여,57세,경상
2018123100100323,2018년 12월 31일 15시,월요일,경상북도 영천시 금노동,경상사고,0,0,2,0,차대차 - 추돌,안전운전불이행,건조,맑음,교차로 - 교차로부근,승용,여,59세,상해없음,승용,남,70세,경상
2018123100100324,2018년 12월 31일 15시,월요일,경상북도 영천시 완산동,경상사고,0,0,1,0,차대차 - 기타,신호위반,건조,맑음,교차로 - 교차로안,승용,여,70세,상해없음,이륜,남,37세,경상
2018123100100325,2018년 12월 31일 15시,월요일,경상북도 봉화군 봉화읍,경상사고,0,0,1,0,차량단독 - 전도전복 - 전복,안전운전불이행,건조,맑음,단일로 - 기타,승용,여,67세,경상,미분류,미분류,미분류,미분류
2018123100100326,2018년 12월 31일 15시,월요일,경상북도 군위군 소보면,사망사고,1,0,0,0,차량단독 - 전도전복 - 전도,안전운전불이행,건조,맑음,단일로 - 기타,이륜,남,81세,사망,미분류,미분류,미분류,미분류
2018123100100362,2018년 12월 31일 16시,월요일,경상북도 경주시 서면,경상사고,0,0,2,1,차대차 - 측면충돌,안전운전불이행,건조,맑음,교차로 - 교차로안,승용,여,57세,부상신고,승용,남,58세,경상
2018123100100363,2018년 12월 31일 16시,월요일,경상북도 안동시 임하면,경상사고,0,0,1,0,차량단독 - 전도전복 - 전복,안전운전불이행,건조,맑음,교차로 - 교차로부근,승용,남,32세,경상,미분류,미분류,미분류,미분류
2018123100100364,2018년 12월 31일 16시,월요일,경상북도 영주시 영주동,경상사고,0,0,2,0,차대차 - 측면충돌,안전운전불이행,건조,맑음,교차로 - 교차로안,승용,남,69세,상해없음,승용,남,60세,경상
2018123100100365,2018년 12월 31일 16시,월요일,경상북도 문경시 모전동,경상사고,0,0,2,0,차대차 - 측면충돌,교차로운행방법위반,건조,맑음,교차로 - 교차로안,화물,남,42세,경상,승용,여,53세,경상
2018123100100400,2018년 12월 31일 17시,월요일,경상북도 구미시 원평동,경상사고,0,0,1,0,차대사람 - 보도통행중,안전운전불이행,건조,맑음,단일로 - 기타,기타불명,기타불명,미분류,기타불명,보행자,여,61세,경상
2018123100100453,2018년 12월 31일 18시,월요일,경상북도 안동시 송현동,경상사고,0,0,1,0,차대차 - 측면충돌,안전운전불이행,건조,맑음,교차로 - 교차로안,승용,남,57세,상해없음,화물,남,71세,경상
2018123100100454,2018년 12월 31일 18시,월요일,경상북도 영주시 가흥동,경상사고,0,0,1,0,차대차 - 측면충돌,안전운전불이행,건조,맑음,교차로 - 교차로안,승용,여,27세,상해없음,승용,남,32세,경상
2018123100100455,2018년 12월 31일 18시,월요일,경상북도 구미시 시미동,경상사고,0,0,1,0,차대차 - 기타,안전운전불이행,건조,맑음,교차로 - 교차로안,승용,남,46세,상해없음,이륜,남,26세,경상
2018123100100510,2018년 12월 31일 19시,월요일,경상북도 경주시 성동동,중상사고,0,1,0,0,차대차 - 측면충돌,안전운전불이행,건조,맑음,교차로 - 교차로안,승용,남,48세,상해없음,자전거,남,70세,중상
2018123100100511,2018년 12월 31일 19시,월요일,경상북도 포항시 북구 장성동,경상사고,0,0,6,0,차대차 - 추돌,안전운전불이행,건조,맑음,교차로 - 교차로안,승용,남,51세,상해없음,승용,여,59세,경상
2018123100100512,2018년 12월 31일 19시,월요일,경상북도 성주군 성주읍,경상사고,0,0,1,0,차대차 - 기타,안전운전불이행,건조,맑음,단일로 - 기타,승용,남,21세,상해없음,자전거,남,27세,경상
2018123100100513,2018년 12월 31일 19시,월요일,경상북도 군위군 부계면,중상사고,0,2,0,0,차대차 - 기타,안전운전불이행,건조,맑음,단일로 - 기타,특수,남,61세,상해없음,승용,남,57세,중상
2018123100100545,2018년 12월 31일 20시,월요일,경상북도 포항시 북구 대신동,경상사고,0,0,1,0,차대차 - 측면충돌,안전운전불이행,건조,맑음,단일로 - 기타,승용,남,30세,상해없음,승용,남,44세,상해없음
2018123100100576,2018년 12월 31일 21시,월요일,경상북도 칠곡군 왜관읍,경상사고,0,0,1,0,차대차 - 측면충돌,안전운전불이행,건조,흐림,단일로 - 기타,승용,여,26세,경상,화물,남,61세,상해없음
2018123100100577,2018년 12월 31일 21시,월요일,경상북도 포항시 남구 지곡동,중상사고,0,1,0,0,차대차 - 측면충돌,직진우회전진행방해,건조,맑음,교차로 - 교차로안,승용,여,61세,상해없음,이륜,남,46세,중상
2018123100100578,2018년 12월 31일 21시,월요일,경상북도 군위군 부계면,경상사고,0,0,3,0,차대차 - 추돌,안전운전불이행,건조,맑음,단일로 - 기타,화물,남,61세,상해없음,승용,여,49세,경상
2018123100100603,2018년 12월 31일 22시,월요일,경상북도 포항시 북구 죽도동,경상사고,0,0,1,0,차대차 - 추돌,안전운전불이행,건조,맑음,교차로 - 교차로부근,승용,남,56세,상해없음,승용,여,30세,경상
2018123100100630,2018년 12월 31일 23시,월요일,경상북도 경주시 성건동,경상사고,0,0,1,0,차대사람 - 길가장자리구역통행중,안전운전불이행,건조,맑음,단일로 - 기타,승용,여,38세,상해없음,보행자,남,21세,경상
2018123100100631,2018년 12월 31일 23시,월요일,경상북도 칠곡군 왜관읍,경상사고,0,0,1,0,차대차 - 측면충돌,안전운전불이행,건조,맑음,교차로 - 교차로부근,승용,남,46세,상해없음,승용,남,53세,경상